type	league	clubIndex	club	playerIndex	player	position	age	overall	nationality	speed	resistance	quality	morale	style	formation	value	wage	uid	provenance
T	eu_austria	0	Austria Wien	-1		-1	2010	0	Austria	0	0	0	55	55	2	0	0	eu_austria:0	REGISTRY
P	eu_austria	0	Austria Wien	0	Roland Linz	3	24	74	Unknown	72	84	63	55	0	0	5184000	280000	eu:rolandlinz	FIFA11_RATING_EST_AGE_ECONOMY
P	eu_austria	0	Austria Wien	1	Milenko Ačimovič	2	27	73	Unknown	74	53	72	55	0	0	4761000	260000	eu:milenkoacimovic	FIFA11_RATING_EST_AGE_ECONOMY
P	eu_austria	0	Austria Wien	2	Aleksandar Dragović	1	31	71	Unknown	83	42	67	55	0	0	3969000	220000	eu:aleksandardragovic	FIFA11_RATING_EST_AGE_ECONOMY
P	eu_austria	0	Austria Wien	3	Zlatko Junuzović	2	22	71	Unknown	75	70	67	55	0	0	3969000	220000	eu:zlatkojunuzovic	FIFA11_RATING_EST_AGE_ECONOMY
P	eu_austria	0	Austria Wien	4	Peter Hlinka	2	29	68	Unknown	72	74	63	55	0	0	2916000	160000	eu:peterhlinka	FIFA11_RATING_EST_AGE_ECONOMY
P	eu_austria	0	Austria Wien	5	Julian Baumgartlinger	2	23	66	Unknown	65	59	64	55	0	0	2304000	120000	eu:julianbaumgartlinger	FIFA11_RATING_EST_AGE_ECONOMY
P	eu_austria	0	Austria Wien	6	Georg Margreitter	1	24	65	Unknown	61	72	59	55	0	0	2025000	110000	eu:georgmargreitter	FIFA11_RATING_EST_AGE_ECONOMY
P	eu_austria	0	Austria Wien	7	Petr Voříšek	2	30	65	Unknown	79	50	61	55	0	0	2025000	110000	eu:petrvorisek	FIFA11_RATING_EST_AGE_ECONOMY
P	eu_austria	0	Austria Wien	8	Fernando Troyansky	1	22	60	Unknown	84	50	57	55	0	0	900000	50000	eu:fernandotroyansky	FIFA11_RATING_EST_AGE_ECONOMY
P	eu_austria	0	Austria Wien	9	Szabolcs Sáfár	2	24	62	Unknown	62	56	63	55	0	0	1296000	70000	eu:szabolcssafar	ESTIMATED
P	eu_austria	0	Austria Wien	10	Heinz Lindner	2	29	66	Unknown	60	68	60	55	0	0	2304000	120000	eu:heinzlindner	ESTIMATED
P	eu_austria	0	Austria Wien	11	Manuel Ortlechner	2	22	65	Unknown	64	66	69	55	0	0	2025000	110000	eu:manuelortlechner	ESTIMATED
P	eu_austria	0	Austria Wien	12	Markus Suttner	2	20	66	Unknown	62	71	70	55	0	0	2304000	120000	eu:markussuttner	ESTIMATED
P	eu_austria	0	Austria Wien	13	Florian Klein	2	24	63	Unknown	59	67	66	55	0	0	1521000	80000	eu:florianklein	ESTIMATED
P	eu_austria	0	Austria Wien	14	Tomáš Jun	2	23	68	Unknown	73	69	63	55	0	0	2916000	160000	eu:tomasjun	ESTIMATED
P	eu_austria	0	Austria Wien	15	Nacer Barazite	3	25	67	Unknown	60	67	62	55	0	0	2601000	140000	eu:nacerbarazite	ESTIMATED
T	eu_austria	1	Rapid Wien	-1		-1	2010	0	Austria	0	0	0	55	55	2	0	0	eu_austria:1	REGISTRY
P	eu_austria	1	Rapid Wien	0	Steffen Hofmann	2	20	76	Unknown	72	78	61	55	0	0	6084000	330000	eu:steffenhofmann	FIFA11_RATING_EST_AGE_ECONOMY
P	eu_austria	1	Rapid Wien	1	Hamdi Salihi	3	23	74	Unknown	78	71	77	55	0	0	5184000	280000	eu:hamdisalihi	FIFA11_RATING_EST_AGE_ECONOMY
P	eu_austria	1	Rapid Wien	2	Jan Vennegoor of Hesselink	1	31	70	Unknown	68	72	76	55	0	0	3600000	200000	eu:janvennegoorofhesselink	ESTIMATED
P	eu_austria	1	Rapid Wien	3	Markus Heikkinen	2	32	71	Unknown	65	60	71	55	0	0	3969000	220000	eu:markusheikkinen	FIFA11_RATING_EST_AGE_ECONOMY
P	eu_austria	1	Rapid Wien	4	Veli Kavlak	2	30	71	Unknown	73	52	71	55	0	0	3969000	220000	eu:velikavlak	FIFA11_RATING_EST_AGE_ECONOMY
P	eu_austria	1	Rapid Wien	5	Ragnvald Soma	1	29	70	Unknown	63	75	58	55	0	0	3600000	200000	eu:ragnvaldsoma	FIFA11_RATING_EST_AGE_ECONOMY
P	eu_austria	1	Rapid Wien	6	Christoph Saurer	2	22	67	Unknown	73	63	65	55	0	0	2601000	140000	eu:christophsaurer	FIFA11_RATING_EST_AGE_ECONOMY
P	eu_austria	1	Rapid Wien	7	Christopher Drazan	2	22	67	Unknown	76	59	66	55	0	0	2601000	140000	eu:christopherdrazan	FIFA11_RATING_EST_AGE_ECONOMY
P	eu_austria	1	Rapid Wien	8	Mario Sonnleitner	1	22	67	Unknown	59	78	58	55	0	0	2601000	140000	eu:mariosonnleitner	FIFA11_RATING_EST_AGE_ECONOMY
P	eu_austria	1	Rapid Wien	9	Yaşin Pehlivan	2	24	67	Unknown	79	60	63	55	0	0	2601000	140000	eu:yasinpehlivan	FIFA11_RATING_EST_AGE_ECONOMY
P	eu_austria	1	Rapid Wien	10	Christopher Trimmel	3	28	65	Unknown	77	64	63	55	0	0	2025000	110000	eu:christophertrimmel	FIFA11_RATING_EST_AGE_ECONOMY
P	eu_austria	1	Rapid Wien	11	Atdhe Nuhiu	3	23	64	Unknown	76	53	61	55	0	0	1764000	90000	eu:atdhenuhiu	FIFA11_RATING_EST_AGE_ECONOMY
P	eu_austria	1	Rapid Wien	12	Markus Katzer	1	33	64	Unknown	70	36	61	55	0	0	1764000	90000	eu:markuskatzer	FIFA11_RATING_EST_AGE_ECONOMY
P	eu_austria	1	Rapid Wien	13	Thomas Hinum	2	31	64	Unknown	74	42	60	55	0	0	1764000	90000	eu:thomashinum	FIFA11_RATING_EST_AGE_ECONOMY
P	eu_austria	1	Rapid Wien	14	Jürgen Patocka	1	32	63	Unknown	70	58	61	55	0	0	1521000	80000	eu:jurgenpatocka	FIFA11_RATING_EST_AGE_ECONOMY
P	eu_austria	1	Rapid Wien	15	Tanju Kayhan	1	20	63	Unknown	70	60	61	55	0	0	1521000	80000	eu:tanjukayhan	FIFA11_RATING_EST_AGE_ECONOMY
P	eu_austria	1	Rapid Wien	16	Andreas Dober	1	31	62	Unknown	64	52	62	55	0	0	1296000	70000	eu:andreasdober	FIFA11_RATING_EST_AGE_ECONOMY
P	eu_austria	1	Rapid Wien	17	René Gartler	3	20	62	Unknown	74	52	58	55	0	0	1296000	70000	eu:renegartler	FIFA11_RATING_EST_AGE_ECONOMY
P	eu_austria	1	Rapid Wien	18	Hannes Eder	1	22	61	Unknown	80	44	64	55	0	0	1089000	60000	eu:hanneseder	FIFA11_RATING_EST_AGE_ECONOMY
P	eu_austria	1	Rapid Wien	19	Stefan Kulovits	2	20	60	Unknown	74	52	58	55	0	0	900000	50000	eu:stefankulovits	FIFA11_RATING_EST_AGE_ECONOMY
T	eu_austria	2	Red Bull Salzburg	-1		-1	2010	0	Austria	0	0	0	55	55	2	0	0	eu_austria:2	REGISTRY
P	eu_austria	2	Red Bull Salzburg	0	Christoph Leitgeb	2	28	73	Unknown	83	68	71	55	0	0	4761000	260000	eu:christophleitgeb	FIFA11_RATING_EST_AGE_ECONOMY
P	eu_austria	2	Red Bull Salzburg	1	Ibrahim Sekagya	1	22	73	Unknown	74	77	66	55	0	0	4761000	260000	eu:ibrahimsekagya	FIFA11_RATING_EST_AGE_ECONOMY
P	eu_austria	2	Red Bull Salzburg	2	Rabiu Afolabi	1	32	73	Unknown	70	60	71	55	0	0	4761000	260000	eu:rabiuafolabi	FIFA11_RATING_EST_AGE_ECONOMY
P	eu_austria	2	Red Bull Salzburg	3	David Mendes da Silva	2	24	72	Unknown	73	64	71	55	0	0	4356000	240000	eu:davidmendesdasilva	FIFA11_RATING_EST_AGE_ECONOMY
P	eu_austria	2	Red Bull Salzburg	4	Jakob Jantscher	2	30	72	Unknown	78	62	68	55	0	0	4356000	240000	eu:jakobjantscher	FIFA11_RATING_EST_AGE_ECONOMY
P	eu_austria	2	Red Bull Salzburg	5	Dušan Švento	2	31	71	Unknown	72	78	56	55	0	0	3969000	220000	eu:dusansvento	FIFA11_RATING_EST_AGE_ECONOMY
P	eu_austria	2	Red Bull Salzburg	6	Gonzalo Zárate	2	23	70	Unknown	67	52	64	55	0	0	3600000	200000	eu:gonzalozarate	FIFA11_RATING_EST_AGE_ECONOMY
P	eu_austria	2	Red Bull Salzburg	7	Johan Vonlanthen	2	22	69	Unknown	66	60	67	55	0	0	3249000	180000	eu:johanvonlanthen	FIFA11_RATING_EST_AGE_ECONOMY
P	eu_austria	2	Red Bull Salzburg	8	Nikola Pokrivač	2	26	68	Unknown	77	62	62	55	0	0	2916000	160000	eu:nikolapokrivac	FIFA11_RATING_EST_AGE_ECONOMY
P	eu_austria	2	Red Bull Salzburg	9	Simon Cziommer	2	31	68	Unknown	65	76	62	55	0	0	2916000	160000	eu:simoncziommer	FIFA11_RATING_EST_AGE_ECONOMY
P	eu_austria	2	Red Bull Salzburg	10	Franz Schiemer	2	20	67	Unknown	55	70	63	55	0	0	2601000	140000	eu:franzschiemer	FIFA11_RATING_EST_AGE_ECONOMY
P	eu_austria	2	Red Bull Salzburg	11	Roman Wallner	3	33	67	Unknown	65	76	46	55	0	0	2601000	140000	eu:romanwallner	FIFA11_RATING_EST_AGE_ECONOMY
P	eu_austria	2	Red Bull Salzburg	12	Andreas Ulmer	1	25	65	Unknown	75	56	61	55	0	0	2025000	110000	eu:andreasulmer	FIFA11_RATING_EST_AGE_ECONOMY
P	eu_austria	2	Red Bull Salzburg	13	Christian Schwegler	1	26	65	Unknown	60	72	52	55	0	0	2025000	110000	eu:christianschwegler	FIFA11_RATING_EST_AGE_ECONOMY
P	eu_austria	2	Red Bull Salzburg	14	Louis Clément Ngwat-Mahop	2	21	71	Unknown	62	73	74	55	0	0	3969000	220000	eu:louisclementngwatmahop	ESTIMATED
P	eu_austria	2	Red Bull Salzburg	15	Milan Dudić	1	25	65	Unknown	82	50	61	55	0	0	2025000	110000	eu:milandudic	FIFA11_RATING_EST_AGE_ECONOMY
P	eu_austria	2	Red Bull Salzburg	16	Thomas Augustinussen	2	29	65	Unknown	68	82	47	55	0	0	2025000	110000	eu:thomasaugustinussen	FIFA11_RATING_EST_AGE_ECONOMY
P	eu_austria	2	Red Bull Salzburg	17	Robin Nelisse	3	25	64	Unknown	80	41	63	55	0	0	1764000	90000	eu:robinnelisse	FIFA11_RATING_EST_AGE_ECONOMY
P	eu_austria	2	Red Bull Salzburg	18	Stefan Hierländer	3	33	60	Unknown	65	69	54	55	0	0	900000	50000	eu:stefanhierlander	FIFA11_RATING_EST_AGE_ECONOMY
T	eu_austria	3	Sturm Graz	-1		-1	2010	0	Austria	0	0	0	55	55	2	0	0	eu_austria:3	REGISTRY
P	eu_austria	3	Sturm Graz	0	Andreas Hölzl	2	26	69	Unknown	61	69	64	55	0	0	3249000	180000	eu:andreasholzl	FIFA11_RATING_EST_AGE_ECONOMY
P	eu_austria	3	Sturm Graz	1	Imre Szabics	3	31	69	Unknown	67	65	68	55	0	0	3249000	180000	eu:imreszabics	FIFA11_RATING_EST_AGE_ECONOMY
P	eu_austria	3	Sturm Graz	2	Samir Muratović	2	30	67	Unknown	72	72	61	55	0	0	2601000	140000	eu:samirmuratovic	FIFA11_RATING_EST_AGE_ECONOMY
P	eu_austria	3	Sturm Graz	3	Mario Kienzl	2	24	66	Unknown	72	61	64	55	0	0	2304000	120000	eu:mariokienzl	FIFA11_RATING_EST_AGE_ECONOMY
P	eu_austria	3	Sturm Graz	4	Joachim Standfest	1	33	65	Unknown	71	66	62	55	0	0	2025000	110000	eu:joachimstandfest	FIFA11_RATING_EST_AGE_ECONOMY
P	eu_austria	3	Sturm Graz	5	Manuel Weber	2	29	65	Unknown	73	66	65	55	0	0	2025000	110000	eu:manuelweber	FIFA11_RATING_EST_AGE_ECONOMY
P	eu_austria	3	Sturm Graz	6	Klaus Salmutter	2	24	64	Unknown	65	58	60	55	0	0	1764000	90000	eu:klaussalmutter	FIFA11_RATING_EST_AGE_ECONOMY
P	eu_austria	3	Sturm Graz	7	Mario Haas	3	26	64	Unknown	69	58	63	55	0	0	1764000	90000	eu:mariohaas	FIFA11_RATING_EST_AGE_ECONOMY
P	eu_austria	3	Sturm Graz	8	Timo Perthel	1	29	63	Unknown	79	54	61	55	0	0	1521000	80000	eu:timoperthel	FIFA11_RATING_EST_AGE_ECONOMY
P	eu_austria	3	Sturm Graz	9	Thomas Burgstaller	1	33	62	Unknown	62	64	55	55	0	0	1296000	70000	eu:thomasburgstaller	FIFA11_RATING_EST_AGE_ECONOMY
P	eu_austria	3	Sturm Graz	10	Christian Gratzei	2	33	64	Unknown	68	66	69	55	0	0	1764000	90000	eu:christiangratzei	ESTIMATED
P	eu_austria	3	Sturm Graz	11	Gordon Schildenfeld	2	25	67	Unknown	69	72	67	55	0	0	2601000	140000	eu:gordonschildenfeld	ESTIMATED
P	eu_austria	3	Sturm Graz	12	Ferdinand Feldhofer	2	33	70	Unknown	74	63	67	55	0	0	3600000	200000	eu:ferdinandfeldhofer	ESTIMATED
P	eu_austria	3	Sturm Graz	13	Mario Klem	2	31	66	Unknown	67	70	60	55	0	0	2304000	120000	eu:marioklem	ESTIMATED
P	eu_austria	3	Sturm Graz	14	Haris Bukva	2	27	62	Unknown	63	69	61	55	0	0	1296000	70000	eu:harisbukva	ESTIMATED
P	eu_austria	3	Sturm Graz	15	Roman Kienast	3	26	68	Unknown	76	67	73	55	0	0	2916000	160000	eu:romankienast	ESTIMATED
P	eu_austria	3	Sturm Graz	16	Patrick Wolf	3	21	68	Unknown	71	63	69	55	0	0	2916000	160000	eu:patrickwolf	ESTIMATED
T	eu_azerbaijan	0	Neftçi PFK	-1		-1	2010	0	Azerbaijan	0	0	0	55	55	2	0	0	eu_azerbaijan:0	REGISTRY
P	eu_azerbaijan	0	Neftçi PFK	0	Rauf Mehdiyev	0	26	59	Unknown	66	53	54	55	0	0	729000	50000	eu:raufmehdiyev	ESTIMATED
P	eu_azerbaijan	0	Neftçi PFK	1	Paulius Grybauskas	0	28	64	Unknown	61	65	67	55	0	0	1764000	90000	eu:pauliusgrybauskas	ESTIMATED
P	eu_azerbaijan	0	Neftçi PFK	2	Emil Balayev	1	29	63	Unknown	62	66	63	55	0	0	1521000	80000	eu:emilbalayev	ESTIMATED
P	eu_azerbaijan	0	Neftçi PFK	3	Ruslan Abishov	1	28	60	Unknown	65	60	66	55	0	0	900000	50000	eu:ruslanabishov	ESTIMATED
P	eu_azerbaijan	0	Neftçi PFK	4	Igor Mitreski	1	20	58	Unknown	59	54	63	55	0	0	576000	50000	eu:igormitreski	ESTIMATED
P	eu_azerbaijan	0	Neftçi PFK	5	Mahir Shukurov	1	24	58	Unknown	65	62	64	55	0	0	576000	50000	eu:mahirshukurov	ESTIMATED
P	eu_azerbaijan	0	Neftçi PFK	6	Rail Melikov	1	25	60	Unknown	58	63	56	55	0	0	900000	50000	eu:railmelikov	ESTIMATED
P	eu_azerbaijan	0	Neftçi PFK	7	Slavčo Georgievski	1	24	63	Unknown	65	63	67	55	0	0	1521000	80000	eu:slavcogeorgievski	ESTIMATED
P	eu_azerbaijan	0	Neftçi PFK	8	Flavinho	2	20	59	Unknown	54	58	59	55	0	0	729000	50000	eu:flavinho	ESTIMATED
P	eu_azerbaijan	0	Neftçi PFK	9	Rashad Abdullayev	2	29	62	Unknown	65	65	59	55	0	0	1296000	70000	eu:rashadabdullayev	ESTIMATED
P	eu_azerbaijan	0	Neftçi PFK	10	Rodriguinho	2	31	58	Unknown	58	61	64	55	0	0	576000	50000	eu:rodriguinho	ESTIMATED
P	eu_azerbaijan	0	Neftçi PFK	11	Elmar Bakhshiyev	2	27	62	Unknown	68	67	61	55	0	0	1296000	70000	eu:elmarbakhshiyev	ESTIMATED
P	eu_azerbaijan	0	Neftçi PFK	12	Amit Guluzade	2	28	66	Unknown	73	63	60	55	0	0	2304000	120000	eu:amitguluzade	ESTIMATED
P	eu_azerbaijan	0	Neftçi PFK	13	Yacine Hima	2	30	66	Unknown	66	70	60	55	0	0	2304000	120000	eu:yacinehima	ESTIMATED
P	eu_azerbaijan	0	Neftçi PFK	14	Vladimir Burduli	2	23	66	Unknown	65	67	63	55	0	0	2304000	120000	eu:vladimirburduli	ESTIMATED
P	eu_azerbaijan	0	Neftçi PFK	15	Bahodir Nasimov	3	29	59	Unknown	66	60	60	55	0	0	729000	50000	eu:bahodirnasimov	ESTIMATED
P	eu_azerbaijan	0	Neftçi PFK	16	Émile Mpenza	3	23	59	Unknown	50	55	61	55	0	0	729000	50000	eu:emilempenza	ESTIMATED
P	eu_azerbaijan	0	Neftçi PFK	17	Farid Guliyev	3	23	61	Unknown	63	61	58	55	0	0	1089000	60000	eu:faridguliyev	ESTIMATED
P	eu_azerbaijan	0	Neftçi PFK	18	Ruslan Gurbanov	3	28	65	Unknown	69	62	62	55	0	0	2025000	110000	eu:ruslangurbanov	ESTIMATED
T	eu_azerbaijan	1	Qarabağ FK	-1		-1	2010	0	Azerbaijan	0	0	0	55	55	2	0	0	eu_azerbaijan:1	REGISTRY
P	eu_azerbaijan	1	Qarabağ FK	0	Farhad Valiyev	0	25	61	Unknown	64	58	58	55	0	0	1089000	60000	eu:farhadvaliyev	ESTIMATED
P	eu_azerbaijan	1	Qarabağ FK	1	Bojan Pavlović	0	26	60	Unknown	65	60	59	55	0	0	900000	50000	eu:bojanpavlovic	ESTIMATED
P	eu_azerbaijan	1	Qarabağ FK	2	Sahil Kerimov	1	30	59	Unknown	67	58	56	55	0	0	729000	50000	eu:sahilkerimov	ESTIMATED
P	eu_azerbaijan	1	Qarabağ FK	3	Rashad Sadygov	1	23	66	Unknown	67	67	61	55	0	0	2304000	120000	eu:rashadsadygov	ESTIMATED
P	eu_azerbaijan	1	Qarabağ FK	4	Admir Teli	1	32	65	Unknown	56	68	65	55	0	0	2025000	110000	eu:admirteli	ESTIMATED
P	eu_azerbaijan	1	Qarabağ FK	5	Zaur Hashimov	1	21	63	Unknown	71	61	57	55	0	0	1521000	80000	eu:zaurhashimov	ESTIMATED
P	eu_azerbaijan	1	Qarabağ FK	6	Aftandil Hajiyev	1	31	62	Unknown	56	68	59	55	0	0	1296000	70000	eu:aftandilhajiyev	ESTIMATED
P	eu_azerbaijan	1	Qarabağ FK	7	Ilgar Gurbanov	1	33	60	Unknown	51	55	56	55	0	0	900000	50000	eu:ilgargurbanov	ESTIMATED
P	eu_azerbaijan	1	Qarabağ FK	8	Maksim Medvedev	2	26	58	Unknown	63	51	53	55	0	0	576000	50000	eu:maksimmedvedev	ESTIMATED
P	eu_azerbaijan	1	Qarabağ FK	9	Samir Abasov	2	22	66	Unknown	61	66	71	55	0	0	2304000	120000	eu:samirabasov	ESTIMATED
P	eu_azerbaijan	1	Qarabağ FK	10	Namig Yusifov	2	28	66	Unknown	70	64	72	55	0	0	2304000	120000	eu:namigyusifov	ESTIMATED
P	eu_azerbaijan	1	Qarabağ FK	11	Elvin Mammadov	2	29	62	Unknown	63	69	66	55	0	0	1296000	70000	eu:elvinmammadov	ESTIMATED
P	eu_azerbaijan	1	Qarabağ FK	12	Devran Ayhan	2	28	58	Unknown	58	62	63	55	0	0	576000	50000	eu:devranayhan	ESTIMATED
P	eu_azerbaijan	1	Qarabağ FK	13	Emin Imamaliyev	2	25	58	Unknown	62	62	54	55	0	0	576000	50000	eu:eminimamaliyev	ESTIMATED
P	eu_azerbaijan	1	Qarabağ FK	14	Nderim Nexhipi	2	31	62	Unknown	63	66	57	55	0	0	1296000	70000	eu:nderimnexhipi	ESTIMATED
P	eu_azerbaijan	1	Qarabağ FK	15	Vugar Nadirov	3	26	65	Unknown	70	69	67	55	0	0	2025000	110000	eu:vugarnadirov	ESTIMATED
P	eu_azerbaijan	1	Qarabağ FK	16	Afran Ismayilov	3	32	62	Unknown	58	55	60	55	0	0	1296000	70000	eu:afranismayilov	ESTIMATED
P	eu_azerbaijan	1	Qarabağ FK	17	Andrejs Rubins	3	25	63	Unknown	54	64	65	55	0	0	1521000	80000	eu:andrejsrubins	ESTIMATED
P	eu_azerbaijan	1	Qarabağ FK	18	Giorgi Adamia	3	24	60	Unknown	55	53	56	55	0	0	900000	50000	eu:giorgiadamia	ESTIMATED
P	eu_azerbaijan	1	Qarabağ FK	19	Rauf Aliyev	3	31	60	Unknown	66	60	54	55	0	0	900000	50000	eu:raufaliyev	ESTIMATED
P	eu_azerbaijan	1	Qarabağ FK	20	Tural Isgandarov	3	33	58	Unknown	57	63	55	55	0	0	576000	50000	eu:turalisgandarov	ESTIMATED
T	eu_belarus	0	BATE Borisov	-1		-1	2010	0	Belarus	0	0	0	55	55	2	0	0	eu_belarus:0	REGISTRY
P	eu_belarus	0	BATE Borisov	0	Sergey Veremko	0	32	62	Unknown	59	65	68	55	0	0	1296000	70000	eu:sergeyveremko	ESTIMATED
P	eu_belarus	0	BATE Borisov	1	Aleksandr Gutor	0	32	66	Unknown	63	61	69	55	0	0	2304000	120000	eu:aleksandrgutor	ESTIMATED
P	eu_belarus	0	BATE Borisov	2	Roman Stepanov	1	24	62	Unknown	61	65	58	55	0	0	1296000	70000	eu:romanstepanov	ESTIMATED
P	eu_belarus	0	BATE Borisov	3	Aleksandr Yurevich	1	20	62	Unknown	61	57	56	55	0	0	1296000	70000	eu:aleksandryurevich	ESTIMATED
P	eu_belarus	0	BATE Borisov	4	Sergey Sosnovskiy	1	21	66	Unknown	67	64	72	55	0	0	2304000	120000	eu:sergeysosnovskiy	ESTIMATED
P	eu_belarus	0	BATE Borisov	5	Maksim Bordachev	1	22	69	Unknown	69	71	73	55	0	0	3249000	180000	eu:maksimbordachev	ESTIMATED
P	eu_belarus	0	BATE Borisov	6	Aleksandr Pavlov	1	29	70	Unknown	74	64	69	55	0	0	3600000	200000	eu:aleksandrpavlov	ESTIMATED
P	eu_belarus	0	BATE Borisov	7	Dmitri Likhtarovich	1	31	65	Unknown	69	69	60	55	0	0	2025000	110000	eu:dmitrilikhtarovich	ESTIMATED
P	eu_belarus	0	BATE Borisov	8	Renan Bressan	2	32	65	Unknown	61	61	61	55	0	0	2025000	110000	eu:renanbressan	ESTIMATED
P	eu_belarus	0	BATE Borisov	9	Pavel Nekhaychik	2	24	62	Unknown	63	66	60	55	0	0	1296000	70000	eu:pavelnekhaychik	ESTIMATED
P	eu_belarus	0	BATE Borisov	10	Igor Stasevich	2	32	63	Unknown	62	64	69	55	0	0	1521000	80000	eu:igorstasevich	ESTIMATED
P	eu_belarus	0	BATE Borisov	11	Aleksandr Volodko	2	22	67	Unknown	60	63	62	55	0	0	2601000	140000	eu:aleksandrvolodko	ESTIMATED
P	eu_belarus	0	BATE Borisov	12	Aleksandr Karnitskiy	2	32	68	Unknown	74	75	65	55	0	0	2916000	160000	eu:aleksandrkarnitskiy	ESTIMATED
P	eu_belarus	0	BATE Borisov	13	Vitali Rodionov	2	32	70	Unknown	66	77	67	55	0	0	3600000	200000	eu:vitalirodionov	ESTIMATED
P	eu_belarus	0	BATE Borisov	14	Maksim Skavysh	2	25	63	Unknown	58	56	63	55	0	0	1521000	80000	eu:maksimskavysh	ESTIMATED
P	eu_belarus	0	BATE Borisov	15	Artem Kontsevoy	3	32	70	Unknown	61	73	69	55	0	0	3600000	200000	eu:artemkontsevoy	ESTIMATED
P	eu_belarus	0	BATE Borisov	16	Aleksandr Alumona	3	32	66	Unknown	72	69	60	55	0	0	2304000	120000	eu:aleksandralumona	ESTIMATED
T	eu_belarus	1	Dinamo Minsk	-1		-1	2010	0	Belarus	0	0	0	55	55	2	0	0	eu_belarus:1	REGISTRY
P	eu_belarus	1	Dinamo Minsk	0	Aleksandar Čanović	0	32	63	Unknown	54	59	62	55	0	0	1521000	80000	eu:aleksandarcanovic	ESTIMATED
P	eu_belarus	1	Dinamo Minsk	1	Aleksandr Sulima	0	28	65	Unknown	72	59	71	55	0	0	2025000	110000	eu:aleksandrsulima	ESTIMATED
P	eu_belarus	1	Dinamo Minsk	2	Andrey Gorbunov	1	23	65	Unknown	66	58	70	55	0	0	2025000	110000	eu:andreygorbunov	ESTIMATED
P	eu_belarus	1	Dinamo Minsk	3	Vitaliy Marakhovskiy	1	22	63	Unknown	57	67	62	55	0	0	1521000	80000	eu:vitaliymarakhovskiy	ESTIMATED
P	eu_belarus	1	Dinamo Minsk	4	Aleksey Gavrilovich	1	33	58	Unknown	59	54	56	55	0	0	576000	50000	eu:alekseygavrilovich	ESTIMATED
P	eu_belarus	1	Dinamo Minsk	5	Dmitriy Molosh	1	20	65	Unknown	56	59	63	55	0	0	2025000	110000	eu:dmitriymolosh	ESTIMATED
P	eu_belarus	1	Dinamo Minsk	6	Oleg Veretilo	1	31	58	Unknown	51	51	54	55	0	0	576000	50000	eu:olegveretilo	ESTIMATED
P	eu_belarus	1	Dinamo Minsk	7	Mikhail Afanasyev	1	32	58	Unknown	66	55	55	55	0	0	576000	50000	eu:mikhailafanasyev	ESTIMATED
P	eu_belarus	1	Dinamo Minsk	8	Oleg Strakhanovich	2	33	66	Unknown	59	61	70	55	0	0	2304000	120000	eu:olegstrakhanovich	ESTIMATED
P	eu_belarus	1	Dinamo Minsk	9	Vyacheslav Hleb	2	30	64	Unknown	71	70	66	55	0	0	1764000	90000	eu:vyacheslavhleb	ESTIMATED
P	eu_belarus	1	Dinamo Minsk	10	Andrey Chukhley	2	27	62	Unknown	58	69	65	55	0	0	1296000	70000	eu:andreychukhley	ESTIMATED
P	eu_belarus	1	Dinamo Minsk	11	Sergey Kislyak	2	27	65	Unknown	69	70	70	55	0	0	2025000	110000	eu:sergeykislyak	ESTIMATED
P	eu_belarus	1	Dinamo Minsk	12	Anton Matveenko	2	33	66	Unknown	64	62	71	55	0	0	2304000	120000	eu:antonmatveenko	ESTIMATED
P	eu_belarus	1	Dinamo Minsk	13	Leonid Kovel	2	23	61	Unknown	69	56	59	55	0	0	1089000	60000	eu:leonidkovel	ESTIMATED
P	eu_belarus	1	Dinamo Minsk	14	Aleksandr Sazankov	2	24	60	Unknown	69	58	63	55	0	0	900000	50000	eu:aleksandrsazankov	ESTIMATED
P	eu_belarus	1	Dinamo Minsk	15	Rafael Ledesma	3	27	66	Unknown	64	59	69	55	0	0	2304000	120000	eu:rafaelledesma	ESTIMATED
P	eu_belarus	1	Dinamo Minsk	16	Robert Zebelyan	3	28	61	Unknown	60	63	66	55	0	0	1089000	60000	eu:robertzebelyan	ESTIMATED
T	eu_belgium	0	Club Brugge KV	-1		-1	2010	0	Belgium	0	0	0	55	55	2	0	0	eu_belgium:0	REGISTRY
P	eu_belgium	0	Club Brugge KV	0	Ivan Perišić	2	28	82	Unknown	87	64	81	55	0	0	9216000	510000	eu:ivanperisic	FIFA11_RATING_EST_AGE_ECONOMY
P	eu_belgium	0	Club Brugge KV	1	Carl Hoefkens	1	26	73	Unknown	79	60	72	55	0	0	4761000	260000	eu:carlhoefkens	FIFA11_RATING_EST_AGE_ECONOMY
P	eu_belgium	0	Club Brugge KV	2	Marcos Camozzato	1	25	72	Unknown	72	70	61	55	0	0	4356000	240000	eu:marcoscamozzato	FIFA11_RATING_EST_AGE_ECONOMY
P	eu_belgium	0	Club Brugge KV	3	Nabil Dirar	3	28	72	Unknown	74	72	66	55	0	0	4356000	240000	eu:nabildirar	FIFA11_RATING_EST_AGE_ECONOMY
P	eu_belgium	0	Club Brugge KV	4	Wilfried Dalmat	3	29	72	Unknown	80	66	71	55	0	0	4356000	240000	eu:wilfrieddalmat	FIFA11_RATING_EST_AGE_ECONOMY
P	eu_belgium	0	Club Brugge KV	5	Dorge Kouemaha	1	24	72	Unknown	72	72	77	55	0	0	4356000	240000	eu:dorgekouemaha	ESTIMATED
P	eu_belgium	0	Club Brugge KV	6	Vadis Odjidja-Ofoe	2	20	71	Unknown	79	64	70	55	0	0	3969000	220000	eu:vadisodjidjaofoe	FIFA11_RATING_EST_AGE_ECONOMY
P	eu_belgium	0	Club Brugge KV	7	Ryan Donk	1	31	70	Unknown	51	80	57	55	0	0	3600000	200000	eu:ryandonk	FIFA11_RATING_EST_AGE_ECONOMY
P	eu_belgium	0	Club Brugge KV	8	Jeroen Simaeys	2	31	69	Unknown	71	71	68	55	0	0	3249000	180000	eu:jeroensimaeys	FIFA11_RATING_EST_AGE_ECONOMY
P	eu_belgium	0	Club Brugge KV	9	Jonathan Blondel	2	30	69	Unknown	85	66	60	55	0	0	3249000	180000	eu:jonathanblondel	FIFA11_RATING_EST_AGE_ECONOMY
P	eu_belgium	0	Club Brugge KV	10	Joseph Akpala	3	30	69	Unknown	68	66	67	55	0	0	3249000	180000	eu:josephakpala	FIFA11_RATING_EST_AGE_ECONOMY
P	eu_belgium	0	Club Brugge KV	11	Júnior Díaz	1	24	67	Unknown	68	72	64	55	0	0	2601000	140000	eu:juniordiaz	FIFA11_RATING_EST_AGE_ECONOMY
P	eu_belgium	0	Club Brugge KV	12	Karel Geraerts	2	25	67	Unknown	69	64	46	55	0	0	2601000	140000	eu:karelgeraerts	FIFA11_RATING_EST_AGE_ECONOMY
P	eu_belgium	0	Club Brugge KV	13	Peter van der Heyden	1	30	67	Unknown	67	76	61	55	0	0	2601000	140000	eu:petervanderheyden	FIFA11_RATING_EST_AGE_ECONOMY
P	eu_belgium	0	Club Brugge KV	14	Jorn Vermeulen	1	33	64	Unknown	72	67	54	55	0	0	1764000	90000	eu:jornvermeulen	FIFA11_RATING_EST_AGE_ECONOMY
T	eu_belgium	1	KAA Gent	-1		-1	2010	0	Belgium	0	0	0	55	55	2	0	0	eu_belgium:1	REGISTRY
P	eu_belgium	1	KAA Gent	0	Tim Smolders	2	25	74	Unknown	84	42	74	55	0	0	5184000	280000	eu:timsmolders	FIFA11_RATING_EST_AGE_ECONOMY
P	eu_belgium	1	KAA Gent	1	Marko Šuler	1	31	72	Unknown	68	56	73	55	0	0	4356000	240000	eu:markosuler	FIFA11_RATING_EST_AGE_ECONOMY
P	eu_belgium	1	KAA Gent	2	Bernd Thijs	2	31	71	Unknown	77	58	70	55	0	0	3969000	220000	eu:berndthijs	FIFA11_RATING_EST_AGE_ECONOMY
P	eu_belgium	1	KAA Gent	3	Stef Wils	1	24	71	Unknown	64	84	59	55	0	0	3969000	220000	eu:stefwils	FIFA11_RATING_EST_AGE_ECONOMY
P	eu_belgium	1	KAA Gent	4	Christophe Grondin	2	29	69	Unknown	62	68	64	55	0	0	3249000	180000	eu:christophegrondin	FIFA11_RATING_EST_AGE_ECONOMY
P	eu_belgium	1	KAA Gent	5	Christophe Lepoint	2	31	69	Unknown	77	62	62	55	0	0	3249000	180000	eu:christophelepoint	FIFA11_RATING_EST_AGE_ECONOMY
P	eu_belgium	1	KAA Gent	6	Elimane Coulibaly	3	28	69	Unknown	75	64	71	55	0	0	3249000	180000	eu:elimanecoulibaly	FIFA11_RATING_EST_AGE_ECONOMY
P	eu_belgium	1	KAA Gent	7	Erlend Hanstveit	1	24	69	Unknown	73	68	67	55	0	0	3249000	180000	eu:erlendhanstveit	FIFA11_RATING_EST_AGE_ECONOMY
P	eu_belgium	1	KAA Gent	8	Yassine El Ghanassy	3	24	69	Unknown	71	50	68	55	0	0	3249000	180000	eu:yassineelghanassy	FIFA11_RATING_EST_AGE_ECONOMY
P	eu_belgium	1	KAA Gent	9	Zlatan Ljubijankič	3	30	69	Unknown	80	48	67	55	0	0	3249000	180000	eu:zlatanljubijankic	FIFA11_RATING_EST_AGE_ECONOMY
P	eu_belgium	1	KAA Gent	10	Randall Azofeifa	2	21	68	Unknown	79	58	65	55	0	0	2916000	160000	eu:randallazofeifa	FIFA11_RATING_EST_AGE_ECONOMY
P	eu_belgium	1	KAA Gent	11	Stijn De Smet	3	24	68	Unknown	55	69	57	55	0	0	2916000	160000	eu:stijndesmet	FIFA11_RATING_EST_AGE_ECONOMY
P	eu_belgium	1	KAA Gent	12	Adriano Duarte	1	20	67	Unknown	61	66	67	55	0	0	2601000	140000	eu:adrianoduarte	FIFA11_RATING_EST_AGE_ECONOMY
P	eu_belgium	1	KAA Gent	13	Kenny Thompson	1	27	65	Unknown	63	70	59	55	0	0	2025000	110000	eu:kennythompson	FIFA11_RATING_EST_AGE_ECONOMY
P	eu_belgium	1	KAA Gent	14	Bojan Jorgačević	2	29	69	Unknown	72	74	66	55	0	0	3249000	180000	eu:bojanjorgacevic	ESTIMATED
P	eu_belgium	1	KAA Gent	15	Yaya Soumahoro	3	24	70	Unknown	75	67	69	55	0	0	3600000	200000	eu:yayasoumahoro	ESTIMATED
T	eu_belgium	2	KRC Genk	-1		-1	2010	0	Belgium	0	0	0	55	55	2	0	0	eu_belgium:2	REGISTRY
P	eu_belgium	2	KRC Genk	0	João Carlos	1	30	73	Unknown	74	60	73	55	0	0	4761000	260000	eu:joaocarlos	FIFA11_RATING_EST_AGE_ECONOMY
P	eu_belgium	2	KRC Genk	1	Elyaniv Barda	3	22	72	Unknown	81	52	71	55	0	0	4356000	240000	eu:elyanivbarda	FIFA11_RATING_EST_AGE_ECONOMY
P	eu_belgium	2	KRC Genk	2	Thomas Buffel	2	31	72	Unknown	58	65	71	55	0	0	4356000	240000	eu:thomasbuffel	FIFA11_RATING_EST_AGE_ECONOMY
P	eu_belgium	2	KRC Genk	3	Dániel Tőzsér	2	26	70	Unknown	69	61	68	55	0	0	3600000	200000	eu:danieltozser	FIFA11_RATING_EST_AGE_ECONOMY
P	eu_belgium	2	KRC Genk	4	Kevin De Bruyne	2	27	70	Unknown	77	74	70	55	0	0	3600000	200000	eu:kevindebruyne	FIFA11_RATING_EST_AGE_ECONOMY
P	eu_belgium	2	KRC Genk	5	Daniel Pudil	2	26	69	Unknown	74	62	69	55	0	0	3249000	180000	eu:danielpudil	FIFA11_RATING_EST_AGE_ECONOMY
P	eu_belgium	2	KRC Genk	6	Fabien Camus	2	25	69	Unknown	73	41	65	55	0	0	3249000	180000	eu:fabiencamus	FIFA11_RATING_EST_AGE_ECONOMY
P	eu_belgium	2	KRC Genk	7	Jelle Vossen	3	26	67	Unknown	77	52	64	55	0	0	2601000	140000	eu:jellevossen	FIFA11_RATING_EST_AGE_ECONOMY
P	eu_belgium	2	KRC Genk	8	Anele Ngcongca	1	22	66	Unknown	76	59	64	55	0	0	2304000	120000	eu:anelengcongca	FIFA11_RATING_EST_AGE_ECONOMY
P	eu_belgium	2	KRC Genk	9	Marvin Ogunjimi	3	33	66	Unknown	58	71	56	55	0	0	2304000	120000	eu:marvinogunjimi	FIFA11_RATING_EST_AGE_ECONOMY
P	eu_belgium	2	KRC Genk	10	David Hubert	2	32	65	Unknown	75	62	63	55	0	0	2025000	110000	eu:davidhubert	FIFA11_RATING_EST_AGE_ECONOMY
P	eu_belgium	2	KRC Genk	11	Torben Joneleit	1	23	64	Unknown	64	58	59	55	0	0	1764000	90000	eu:torbenjoneleit	FIFA11_RATING_EST_AGE_ECONOMY
P	eu_belgium	2	KRC Genk	12	Dimitri Daeseleire	1	30	63	Unknown	59	80	54	55	0	0	1521000	80000	eu:dimitridaeseleire	FIFA11_RATING_EST_AGE_ECONOMY
P	eu_belgium	2	KRC Genk	13	Timothy Durwael	1	33	58	Unknown	69	66	38	55	0	0	576000	50000	eu:timothydurwael	FIFA11_RATING_EST_AGE_ECONOMY
P	eu_belgium	2	KRC Genk	14	Thibaut Courtois	2	27	70	Unknown	73	74	72	55	0	0	3600000	200000	eu:thibautcourtois	ESTIMATED
P	eu_belgium	2	KRC Genk	15	Eric Matoukou	3	27	63	Unknown	66	64	68	55	0	0	1521000	80000	eu:ericmatoukou	ESTIMATED
T	eu_belgium	3	KSC Lokeren	-1		-1	2010	0	Belgium	0	0	0	55	55	2	0	0	eu_belgium:3	REGISTRY
P	eu_belgium	3	KSC Lokeren	0	Mijat Marić	1	27	74	Unknown	76	77	64	55	0	0	5184000	280000	eu:mijatmaric	FIFA11_RATING_EST_AGE_ECONOMY
P	eu_belgium	3	KSC Lokeren	1	Ivan Leko	2	24	69	Unknown	77	61	69	55	0	0	3249000	180000	eu:ivanleko	FIFA11_RATING_EST_AGE_ECONOMY
P	eu_belgium	3	KSC Lokeren	2	Sepp De Roover	1	31	68	Unknown	63	67	55	55	0	0	2916000	160000	eu:seppderoover	FIFA11_RATING_EST_AGE_ECONOMY
P	eu_belgium	3	KSC Lokeren	3	Benjamin De Ceulaer	3	23	67	Unknown	61	63	55	55	0	0	2601000	140000	eu:benjamindeceulaer	FIFA11_RATING_EST_AGE_ECONOMY
P	eu_belgium	3	KSC Lokeren	4	Killian Overmeire	2	30	66	Unknown	75	61	62	55	0	0	2304000	120000	eu:killianovermeire	FIFA11_RATING_EST_AGE_ECONOMY
P	eu_belgium	3	KSC Lokeren	5	Koen Persoons	2	23	66	Unknown	70	58	65	55	0	0	2304000	120000	eu:koenpersoons	FIFA11_RATING_EST_AGE_ECONOMY
P	eu_belgium	3	KSC Lokeren	6	Sulejman Smajić	2	31	66	Unknown	84	56	60	55	0	0	2304000	120000	eu:sulejmansmajic	FIFA11_RATING_EST_AGE_ECONOMY
P	eu_belgium	3	KSC Lokeren	7	Geir Ludvig Fevang	2	26	65	Unknown	74	62	63	55	0	0	2025000	110000	eu:geirludvigfevang	FIFA11_RATING_EST_AGE_ECONOMY
P	eu_belgium	3	KSC Lokeren	8	Ibrahima Gueye	1	25	65	Unknown	73	52	65	55	0	0	2025000	110000	eu:ibrahimagueye	FIFA11_RATING_EST_AGE_ECONOMY
P	eu_belgium	3	KSC Lokeren	9	Hassan El Mouataz	1	32	64	Unknown	79	58	59	55	0	0	1764000	90000	eu:hassanelmouataz	FIFA11_RATING_EST_AGE_ECONOMY
P	eu_belgium	3	KSC Lokeren	10	Jérémy Perbet	3	33	64	Unknown	66	64	64	55	0	0	1764000	90000	eu:jeremyperbet	FIFA11_RATING_EST_AGE_ECONOMY
P	eu_belgium	3	KSC Lokeren	11	Sanharib Malki	2	29	65	Unknown	61	71	59	55	0	0	2025000	110000	eu:sanharibmalki	ESTIMATED
P	eu_belgium	3	KSC Lokeren	12	Benjamin Mokulu	3	30	63	Unknown	59	72	52	55	0	0	1521000	80000	eu:benjaminmokulu	FIFA11_RATING_EST_AGE_ECONOMY
P	eu_belgium	3	KSC Lokeren	13	Katuku Tshimanga	1	24	63	Unknown	66	59	53	55	0	0	1521000	80000	eu:katukutshimanga	FIFA11_RATING_EST_AGE_ECONOMY
P	eu_belgium	3	KSC Lokeren	14	Nill De Pauw	3	20	63	Unknown	67	62	60	55	0	0	1521000	80000	eu:nilldepauw	FIFA11_RATING_EST_AGE_ECONOMY
P	eu_belgium	3	KSC Lokeren	15	Tiko	2	33	63	Unknown	62	72	56	55	0	0	1521000	80000	eu:tiko	FIFA11_RATING_EST_AGE_ECONOMY
P	eu_belgium	3	KSC Lokeren	16	Marcel Mbayo	3	23	68	Unknown	73	72	70	55	0	0	2916000	160000	eu:marcelmbayo	ESTIMATED
P	eu_belgium	3	KSC Lokeren	17	Donovan Deekman	3	21	61	Unknown	82	60	57	55	0	0	1089000	60000	eu:donovandeekman	FIFA11_RATING_EST_AGE_ECONOMY
P	eu_belgium	3	KSC Lokeren	18	Vegard Braaten	3	23	60	Unknown	70	46	59	55	0	0	900000	50000	eu:vegardbraaten	FIFA11_RATING_EST_AGE_ECONOMY
P	eu_belgium	3	KSC Lokeren	19	Laurens De Bock	1	24	57	Unknown	75	58	56	55	0	0	441000	50000	eu:laurensdebock	FIFA11_RATING_EST_AGE_ECONOMY
T	eu_belgium	4	RSC Anderlecht	-1		-1	2010	0	Belgium	0	0	0	55	55	2	0	0	eu_belgium:4	REGISTRY
P	eu_belgium	4	RSC Anderlecht	0	Mbark Boussoufa	3	29	79	Unknown	72	83	65	55	0	0	7569000	420000	eu:mbarkboussoufa	FIFA11_RATING_EST_AGE_ECONOMY
P	eu_belgium	4	RSC Anderlecht	1	Lucas Biglia	2	32	76	Unknown	81	68	74	55	0	0	6084000	330000	eu:lucasbiglia	FIFA11_RATING_EST_AGE_ECONOMY
P	eu_belgium	4	RSC Anderlecht	2	Jan Polák	2	28	75	Unknown	71	58	78	55	0	0	5625000	310000	eu:janpolak	FIFA11_RATING_EST_AGE_ECONOMY
P	eu_belgium	4	RSC Anderlecht	3	Roland Juhász	1	33	74	Unknown	76	66	70	55	0	0	5184000	280000	eu:rolandjuhasz	FIFA11_RATING_EST_AGE_ECONOMY
P	eu_belgium	4	RSC Anderlecht	4	Jonathan Legear	3	28	73	Unknown	77	74	59	55	0	0	4761000	260000	eu:jonathanlegear	FIFA11_RATING_EST_AGE_ECONOMY
P	eu_belgium	4	RSC Anderlecht	5	Matías Suárez	3	25	73	Unknown	79	58	74	55	0	0	4761000	260000	eu:matiassuarez	FIFA11_RATING_EST_AGE_ECONOMY
P	eu_belgium	4	RSC Anderlecht	6	Olivier Deschacht	1	25	72	Unknown	83	60	72	55	0	0	4356000	240000	eu:olivierdeschacht	FIFA11_RATING_EST_AGE_ECONOMY
P	eu_belgium	4	RSC Anderlecht	7	Ondřej Mazuch	1	23	72	Unknown	64	82	60	55	0	0	4356000	240000	eu:ondrejmazuch	FIFA11_RATING_EST_AGE_ECONOMY
P	eu_belgium	4	RSC Anderlecht	8	Cheikhou Kouyaté	2	31	71	Unknown	76	73	67	55	0	0	3969000	220000	eu:cheikhoukouyate	FIFA11_RATING_EST_AGE_ECONOMY
P	eu_belgium	4	RSC Anderlecht	9	Tom De Sutter	3	22	71	Unknown	68	69	70	55	0	0	3969000	220000	eu:tomdesutter	FIFA11_RATING_EST_AGE_ECONOMY
P	eu_belgium	4	RSC Anderlecht	10	Guillaume Gillet	2	22	70	Unknown	81	58	71	55	0	0	3600000	200000	eu:guillaumegillet	FIFA11_RATING_EST_AGE_ECONOMY
P	eu_belgium	4	RSC Anderlecht	11	Sacha Kljestan	2	32	70	Unknown	77	52	68	55	0	0	3600000	200000	eu:sachakljestan	FIFA11_RATING_EST_AGE_ECONOMY
P	eu_belgium	4	RSC Anderlecht	12	Kanu	2	32	69	Unknown	70	66	66	55	0	0	3249000	180000	eu:kanu	FIFA11_RATING_EST_AGE_ECONOMY
P	eu_belgium	4	RSC Anderlecht	13	Marcin Wasilewski	1	31	68	Unknown	71	70	66	55	0	0	2916000	160000	eu:marcinwasilewski	FIFA11_RATING_EST_AGE_ECONOMY
P	eu_belgium	4	RSC Anderlecht	14	Victor Bernárdez	1	29	68	Unknown	73	60	64	55	0	0	2916000	160000	eu:victorbernardez	FIFA11_RATING_EST_AGE_ECONOMY
P	eu_belgium	4	RSC Anderlecht	15	Nemanja Rnić	1	28	64	Unknown	66	62	63	55	0	0	1764000	90000	eu:nemanjarnic	FIFA11_RATING_EST_AGE_ECONOMY
P	eu_belgium	4	RSC Anderlecht	16	Jan Lecjaks	1	26	61	Unknown	82	60	58	55	0	0	1089000	60000	eu:janlecjaks	FIFA11_RATING_EST_AGE_ECONOMY
T	eu_belgium	5	Standard Liège	-1		-1	2010	0	Belgium	0	0	0	55	55	2	0	0	eu_belgium:5	REGISTRY
P	eu_belgium	5	Standard Liège	0	Axel Witsel	2	31	80	Unknown	80	65	77	55	0	0	8100000	450000	eu:axelwitsel	FIFA11_RATING_EST_AGE_ECONOMY
P	eu_belgium	5	Standard Liège	1	Steven Defour	2	28	78	Unknown	70	84	71	55	0	0	7056000	390000	eu:stevendefour	FIFA11_RATING_EST_AGE_ECONOMY
P	eu_belgium	5	Standard Liège	2	Mohamed Tchité	3	28	75	Unknown	75	52	76	55	0	0	5625000	310000	eu:mohamedtchite	FIFA11_RATING_EST_AGE_ECONOMY
P	eu_belgium	5	Standard Liège	3	Franck Berrier	2	24	72	Unknown	91	61	67	55	0	0	4356000	240000	eu:franckberrier	FIFA11_RATING_EST_AGE_ECONOMY
P	eu_belgium	5	Standard Liège	4	Sébastien Pocognoli	1	33	72	Unknown	69	80	67	55	0	0	4356000	240000	eu:sebastienpocognoli	FIFA11_RATING_EST_AGE_ECONOMY
P	eu_belgium	5	Standard Liège	5	Tom De Mul	3	20	71	Unknown	55	68	57	55	0	0	3969000	220000	eu:tomdemul	FIFA11_RATING_EST_AGE_ECONOMY
P	eu_belgium	5	Standard Liège	6	Eliaquim Mangala	1	20	70	Unknown	71	70	59	55	0	0	3600000	200000	eu:eliaquimmangala	FIFA11_RATING_EST_AGE_ECONOMY
P	eu_belgium	5	Standard Liège	7	Mbaye Leye	3	24	70	Unknown	64	64	64	55	0	0	3600000	200000	eu:mbayeleye	FIFA11_RATING_EST_AGE_ECONOMY
P	eu_belgium	5	Standard Liège	8	Mehdi Carcela-Gonzalez	2	30	70	Unknown	80	67	62	55	0	0	3600000	200000	eu:mehdicarcelagonzalez	FIFA11_RATING_EST_AGE_ECONOMY
P	eu_belgium	5	Standard Liège	9	Victor Ramos	1	32	70	Unknown	72	56	69	55	0	0	3600000	200000	eu:victorramos	FIFA11_RATING_EST_AGE_ECONOMY
P	eu_belgium	5	Standard Liège	10	Luigi Pieroni	3	31	69	Unknown	74	74	65	55	0	0	3249000	180000	eu:luigipieroni	FIFA11_RATING_EST_AGE_ECONOMY
P	eu_belgium	5	Standard Liège	11	Aloys Nong	2	24	70	Unknown	67	70	72	55	0	0	3600000	200000	eu:aloysnong	ESTIMATED
P	eu_belgium	5	Standard Liège	12	Laurent Ciman	1	27	68	Unknown	70	58	70	55	0	0	2916000	160000	eu:laurentciman	FIFA11_RATING_EST_AGE_ECONOMY
P	eu_belgium	5	Standard Liège	13	Cyriac	3	33	67	Unknown	73	40	65	55	0	0	2601000	140000	eu:cyriac	FIFA11_RATING_EST_AGE_ECONOMY
P	eu_belgium	5	Standard Liège	14	Felipe	1	28	67	Unknown	71	59	67	55	0	0	2601000	140000	eu:felipe	FIFA11_RATING_EST_AGE_ECONOMY
P	eu_belgium	5	Standard Liège	15	Grégory Dufer	2	26	67	Unknown	65	72	57	55	0	0	2601000	140000	eu:gregorydufer	FIFA11_RATING_EST_AGE_ECONOMY
P	eu_belgium	5	Standard Liège	16	Koen Daerden	2	27	65	Unknown	75	46	63	55	0	0	2025000	110000	eu:koendaerden	FIFA11_RATING_EST_AGE_ECONOMY
P	eu_belgium	5	Standard Liège	17	Réginal Goreux	2	23	65	Unknown	67	72	50	55	0	0	2025000	110000	eu:reginalgoreux	FIFA11_RATING_EST_AGE_ECONOMY
P	eu_belgium	5	Standard Liège	18	Arnor Angeli	2	21	55	Unknown	63	58	46	55	0	0	250000	50000	eu:arnorangeli	FIFA11_RATING_EST_AGE_ECONOMY
T	eu_bulgaria	0	CSKA Sofia	-1		-1	2010	0	Bulgaria	0	0	0	55	55	2	0	0	eu_bulgaria:0	REGISTRY
P	eu_bulgaria	0	CSKA Sofia	0	Ivan Karadzhov	0	20	61	Unknown	61	68	60	55	0	0	1089000	60000	eu:ivankaradzhov	ESTIMATED
P	eu_bulgaria	0	CSKA Sofia	1	Raïs M'Bolhi	0	32	66	Unknown	70	71	70	55	0	0	2304000	120000	eu:raismbolhi	ESTIMATED
P	eu_bulgaria	0	CSKA Sofia	2	Blagoy Makendzhiev	1	21	60	Unknown	57	58	55	55	0	0	900000	50000	eu:blagoymakendzhiev	ESTIMATED
P	eu_bulgaria	0	CSKA Sofia	3	Apostol Popov	1	25	67	Unknown	64	72	68	55	0	0	2601000	140000	eu:apostolpopov	ESTIMATED
P	eu_bulgaria	0	CSKA Sofia	4	Kostadin Stoyanov	1	22	67	Unknown	76	62	72	55	0	0	2601000	140000	eu:kostadinstoyanov	ESTIMATED
P	eu_bulgaria	0	CSKA Sofia	5	Ivan Bandalovski	1	25	62	Unknown	56	65	60	55	0	0	1296000	70000	eu:ivanbandalovski	ESTIMATED
P	eu_bulgaria	0	CSKA Sofia	6	Pavel Vidanov	1	27	67	Unknown	70	72	61	55	0	0	2601000	140000	eu:pavelvidanov	ESTIMATED
P	eu_bulgaria	0	CSKA Sofia	7	Yordan Minev	1	24	68	Unknown	60	71	71	55	0	0	2916000	160000	eu:yordanminev	ESTIMATED
P	eu_bulgaria	0	CSKA Sofia	8	Marquinhos	2	26	63	Unknown	58	62	63	55	0	0	1521000	80000	eu:marquinhos	ESTIMATED
P	eu_bulgaria	0	CSKA Sofia	9	Todor Yanchev	2	28	65	Unknown	64	70	71	55	0	0	2025000	110000	eu:todoryanchev	ESTIMATED
P	eu_bulgaria	0	CSKA Sofia	10	Boris Galchev	2	33	60	Unknown	65	58	54	55	0	0	900000	50000	eu:borisgalchev	ESTIMATED
P	eu_bulgaria	0	CSKA Sofia	11	Kosta Yanev	2	31	68	Unknown	73	62	67	55	0	0	2916000	160000	eu:kostayanev	ESTIMATED
P	eu_bulgaria	0	CSKA Sofia	12	William Tiero	2	31	60	Unknown	59	55	57	55	0	0	900000	50000	eu:williamtiero	ESTIMATED
P	eu_bulgaria	0	CSKA Sofia	13	Spas Delev	2	20	64	Unknown	63	59	70	55	0	0	1764000	90000	eu:spasdelev	ESTIMATED
P	eu_bulgaria	0	CSKA Sofia	14	Aleksandar Tonev	2	32	63	Unknown	58	69	61	55	0	0	1521000	80000	eu:aleksandartonev	ESTIMATED
P	eu_bulgaria	0	CSKA Sofia	15	Cillian Sheridan	3	25	62	Unknown	58	69	58	55	0	0	1296000	70000	eu:cilliansheridan	ESTIMATED
P	eu_bulgaria	0	CSKA Sofia	16	Emil Gargorov	3	22	67	Unknown	75	70	66	55	0	0	2601000	140000	eu:emilgargorov	ESTIMATED
P	eu_bulgaria	0	CSKA Sofia	17	Dimitar Iliev	3	31	65	Unknown	65	58	71	55	0	0	2025000	110000	eu:dimitariliev	ESTIMATED
P	eu_bulgaria	0	CSKA Sofia	18	Stanislav Kostov	3	31	66	Unknown	65	70	71	55	0	0	2304000	120000	eu:stanislavkostov	ESTIMATED
P	eu_bulgaria	0	CSKA Sofia	19	Michel Platini	3	31	61	Unknown	68	66	62	55	0	0	1089000	60000	eu:michelplatini	ESTIMATED
T	eu_bulgaria	1	Levski Sofia	-1		-1	2010	0	Bulgaria	0	0	0	55	55	2	0	0	eu_bulgaria:1	REGISTRY
P	eu_bulgaria	1	Levski Sofia	0	Bozhidar Mitrev	0	33	65	Unknown	57	68	68	55	0	0	2025000	110000	eu:bozhidarmitrev	ESTIMATED
P	eu_bulgaria	1	Levski Sofia	1	Georgi Petkov	0	25	61	Unknown	70	68	67	55	0	0	1089000	60000	eu:georgipetkov	ESTIMATED
P	eu_bulgaria	1	Levski Sofia	2	Plamen Iliev	1	26	63	Unknown	61	57	67	55	0	0	1521000	80000	eu:plameniliev	ESTIMATED
P	eu_bulgaria	1	Levski Sofia	3	Kiril Akalski	1	25	60	Unknown	64	54	57	55	0	0	900000	50000	eu:kirilakalski	ESTIMATED
P	eu_bulgaria	1	Levski Sofia	4	Yordan Miliev	1	31	67	Unknown	69	69	65	55	0	0	2601000	140000	eu:yordanmiliev	ESTIMATED
P	eu_bulgaria	1	Levski Sofia	5	Ivo Ivanov	1	22	65	Unknown	68	64	67	55	0	0	2025000	110000	eu:ivoivanov	ESTIMATED
P	eu_bulgaria	1	Levski Sofia	6	Chakib Benzoukane	1	29	66	Unknown	65	73	60	55	0	0	2304000	120000	eu:chakibbenzoukane	ESTIMATED
P	eu_bulgaria	1	Levski Sofia	7	Stefan Stanchev	1	30	60	Unknown	59	60	55	55	0	0	900000	50000	eu:stefanstanchev	ESTIMATED
P	eu_bulgaria	1	Levski Sofia	8	Elin Topuzakov	2	25	67	Unknown	58	74	73	55	0	0	2601000	140000	eu:elintopuzakov	ESTIMATED
P	eu_bulgaria	1	Levski Sofia	9	Veselin Minev	2	25	64	Unknown	64	69	66	55	0	0	1764000	90000	eu:veselinminev	ESTIMATED
P	eu_bulgaria	1	Levski Sofia	10	Dustley Mulder	2	22	61	Unknown	64	55	66	55	0	0	1089000	60000	eu:dustleymulder	ESTIMATED
P	eu_bulgaria	1	Levski Sofia	11	Serginho Greene	2	32	68	Unknown	67	65	71	55	0	0	2916000	160000	eu:serginhogreene	ESTIMATED
P	eu_bulgaria	1	Levski Sofia	12	Michael Tawiah	2	21	63	Unknown	59	70	61	55	0	0	1521000	80000	eu:michaeltawiah	ESTIMATED
P	eu_bulgaria	1	Levski Sofia	13	Vladimir Gadzhev	2	27	60	Unknown	57	61	66	55	0	0	900000	50000	eu:vladimirgadzhev	ESTIMATED
P	eu_bulgaria	1	Levski Sofia	14	Darko Tasevski	2	28	62	Unknown	60	64	62	55	0	0	1296000	70000	eu:darkotasevski	ESTIMATED
P	eu_bulgaria	1	Levski Sofia	15	Hristo Yovov	3	28	67	Unknown	72	74	62	55	0	0	2601000	140000	eu:hristoyovov	ESTIMATED
P	eu_bulgaria	1	Levski Sofia	16	Daniel Mladenov	3	30	61	Unknown	61	57	58	55	0	0	1089000	60000	eu:danielmladenov	ESTIMATED
P	eu_bulgaria	1	Levski Sofia	17	Garra Dembélé	3	23	61	Unknown	54	57	64	55	0	0	1089000	60000	eu:garradembele	ESTIMATED
P	eu_bulgaria	1	Levski Sofia	18	Jeanvion Yulu-Matondo	3	29	66	Unknown	59	69	61	55	0	0	2304000	120000	eu:jeanvionyulumatondo	ESTIMATED
P	eu_bulgaria	1	Levski Sofia	19	Ismail Isa	3	31	60	Unknown	54	65	64	55	0	0	900000	50000	eu:ismailisa	ESTIMATED
T	eu_bulgaria	2	Ludogorets Razgrad	-1		-1	2011	0	Bulgaria	0	0	0	55	55	2	0	0	eu_bulgaria:2	REGISTRY
P	eu_bulgaria	2	Ludogorets Razgrad	0	Miroslav Grigorov	0	31	61	Unknown	58	54	64	55	0	0	1089000	60000	eu:miroslavgrigorov	ESTIMATED
P	eu_bulgaria	2	Ludogorets Razgrad	1	Uroš Golubović	0	23	66	Unknown	69	66	61	55	0	0	2304000	120000	eu:urosgolubovic	ESTIMATED
P	eu_bulgaria	2	Ludogorets Razgrad	2	Emil Mihaylov	1	23	67	Unknown	59	65	71	55	0	0	2601000	140000	eu:emilmihaylov	ESTIMATED
P	eu_bulgaria	2	Ludogorets Razgrad	3	Radoslav Anev	1	22	61	Unknown	56	56	56	55	0	0	1089000	60000	eu:radoslavanev	ESTIMATED
P	eu_bulgaria	2	Ludogorets Razgrad	4	Daniel Gramatikov	1	33	65	Unknown	60	66	68	55	0	0	2025000	110000	eu:danielgramatikov	ESTIMATED
P	eu_bulgaria	2	Ludogorets Razgrad	5	Grigor Georgiev	1	33	64	Unknown	65	58	61	55	0	0	1764000	90000	eu:grigorgeorgiev	ESTIMATED
P	eu_bulgaria	2	Ludogorets Razgrad	6	Diyan Dimov	1	29	68	Unknown	69	61	62	55	0	0	2916000	160000	eu:diyandimov	ESTIMATED
P	eu_bulgaria	2	Ludogorets Razgrad	7	Shener Remzi	1	23	62	Unknown	70	60	60	55	0	0	1296000	70000	eu:shenerremzi	ESTIMATED
P	eu_bulgaria	2	Ludogorets Razgrad	8	Dimo Atanasov	2	31	67	Unknown	63	67	67	55	0	0	2601000	140000	eu:dimoatanasov	ESTIMATED
P	eu_bulgaria	2	Ludogorets Razgrad	9	Nikolay Dyulgerov	2	32	64	Unknown	68	66	59	55	0	0	1764000	90000	eu:nikolaydyulgerov	ESTIMATED
P	eu_bulgaria	2	Ludogorets Razgrad	10	Todor Kolev	2	30	63	Unknown	68	61	69	55	0	0	1521000	80000	eu:todorkolev	ESTIMATED
P	eu_bulgaria	2	Ludogorets Razgrad	11	Hristo Nikolov	2	26	62	Unknown	64	64	61	55	0	0	1296000	70000	eu:hristonikolov	ESTIMATED
P	eu_bulgaria	2	Ludogorets Razgrad	12	Suvad Grabus	2	27	67	Unknown	61	72	62	55	0	0	2601000	140000	eu:suvadgrabus	ESTIMATED
P	eu_bulgaria	2	Ludogorets Razgrad	13	Ivan Stoyanov	2	28	64	Unknown	61	57	64	55	0	0	1764000	90000	eu:ivanstoyanov	ESTIMATED
P	eu_bulgaria	2	Ludogorets Razgrad	14	Miroslav Ivanov	2	26	60	Unknown	58	60	58	55	0	0	900000	50000	eu:miroslavivanov	ESTIMATED
T	eu_bulgaria	3	Litex Lovech	-1		-1	2010	0	Bulgaria	0	0	0	55	55	2	0	0	eu_bulgaria:3	REGISTRY
P	eu_bulgaria	3	Litex Lovech	0	Vinícius	0	23	66	Unknown	69	72	69	55	0	0	2304000	120000	eu:vinicius	ESTIMATED
P	eu_bulgaria	3	Litex Lovech	1	Ilko Pirgov	0	30	66	Unknown	66	67	71	55	0	0	2304000	120000	eu:ilkopirgov	ESTIMATED
P	eu_bulgaria	3	Litex Lovech	2	Petar Zanev	1	23	70	Unknown	67	63	64	55	0	0	3600000	200000	eu:petarzanev	ESTIMATED
P	eu_bulgaria	3	Litex Lovech	3	Nikolay Bodurov	1	31	64	Unknown	72	59	70	55	0	0	1764000	90000	eu:nikolaybodurov	ESTIMATED
P	eu_bulgaria	3	Litex Lovech	4	Plamen Nikolov	1	22	66	Unknown	72	70	66	55	0	0	2304000	120000	eu:plamennikolov	ESTIMATED
P	eu_bulgaria	3	Litex Lovech	5	Džemal Berberović	1	30	65	Unknown	72	66	62	55	0	0	2025000	110000	eu:dzemalberberovic	ESTIMATED
P	eu_bulgaria	3	Litex Lovech	6	Mihail Venkov	1	32	64	Unknown	68	69	60	55	0	0	1764000	90000	eu:mihailvenkov	ESTIMATED
P	eu_bulgaria	3	Litex Lovech	7	Alexandre Barthe	1	33	67	Unknown	65	60	71	55	0	0	2601000	140000	eu:alexandrebarthe	ESTIMATED
P	eu_bulgaria	3	Litex Lovech	8	Hristo Yanev	2	22	69	Unknown	67	76	66	55	0	0	3249000	180000	eu:hristoyanev	ESTIMATED
P	eu_bulgaria	3	Litex Lovech	9	Nebojša Jelenković	2	27	62	Unknown	58	56	59	55	0	0	1296000	70000	eu:nebojsajelenkovic	ESTIMATED
P	eu_bulgaria	3	Litex Lovech	10	Georgi Milanov	2	28	69	Unknown	68	71	75	55	0	0	3249000	180000	eu:georgimilanov	ESTIMATED
P	eu_bulgaria	3	Litex Lovech	11	Momchil Tsvetanov	2	29	68	Unknown	60	66	62	55	0	0	2916000	160000	eu:momchiltsvetanov	ESTIMATED
P	eu_bulgaria	3	Litex Lovech	12	Tom	2	32	62	Unknown	59	58	58	55	0	0	1296000	70000	eu:tom	ESTIMATED
P	eu_bulgaria	3	Litex Lovech	13	Sandrinho	2	32	62	Unknown	63	65	67	55	0	0	1296000	70000	eu:sandrinho	ESTIMATED
P	eu_bulgaria	3	Litex Lovech	14	Wellington Brito da Silva	2	28	62	Unknown	62	61	62	55	0	0	1296000	70000	eu:wellingtonbritodasilva	ESTIMATED
P	eu_bulgaria	3	Litex Lovech	15	Doka Madureira	3	22	64	Unknown	60	60	62	55	0	0	1764000	90000	eu:dokamadureira	ESTIMATED
P	eu_bulgaria	3	Litex Lovech	16	Wilfried Niflore	3	24	62	Unknown	64	62	63	55	0	0	1296000	70000	eu:wilfriedniflore	ESTIMATED
P	eu_bulgaria	3	Litex Lovech	17	Svetoslav Todorov	3	28	70	Unknown	68	67	66	55	0	0	3600000	200000	eu:svetoslavtodorov	ESTIMATED
P	eu_bulgaria	3	Litex Lovech	18	Ivelin Popov	3	23	63	Unknown	59	60	67	55	0	0	1521000	80000	eu:ivelinpopov	ESTIMATED
T	eu_croatia	0	Dinamo Zagreb	-1		-1	2010	0	Croatia	0	0	0	55	55	2	0	0	eu_croatia:0	REGISTRY
P	eu_croatia	0	Dinamo Zagreb	0	Tomislav Butina	0	27	66	Unknown	59	63	66	55	0	0	2304000	120000	eu:tomislavbutina	ESTIMATED
P	eu_croatia	0	Dinamo Zagreb	1	Filip Lončarić	0	21	66	Unknown	57	60	67	55	0	0	2304000	120000	eu:filiploncaric	ESTIMATED
P	eu_croatia	0	Dinamo Zagreb	2	Luis Ibáñez	1	29	64	Unknown	66	60	58	55	0	0	1764000	90000	eu:luisibanez	ESTIMATED
P	eu_croatia	0	Dinamo Zagreb	3	Leonard Mesarić	1	29	66	Unknown	75	70	60	55	0	0	2304000	120000	eu:leonardmesaric	ESTIMATED
P	eu_croatia	0	Dinamo Zagreb	4	Igor Bišćan	1	21	72	Unknown	72	76	67	55	0	0	4356000	240000	eu:igorbiscan	ESTIMATED
P	eu_croatia	0	Dinamo Zagreb	5	Dario Šimić	1	29	64	Unknown	70	62	63	55	0	0	1764000	90000	eu:dariosimic	ESTIMATED
P	eu_croatia	0	Dinamo Zagreb	6	Tomislav Barbarić	1	21	70	Unknown	72	64	70	55	0	0	3600000	200000	eu:tomislavbarbaric	ESTIMATED
P	eu_croatia	0	Dinamo Zagreb	7	Etto	1	21	72	Unknown	73	74	75	55	0	0	4356000	240000	eu:etto	ESTIMATED
P	eu_croatia	0	Dinamo Zagreb	8	Adrián Calello	2	26	67	Unknown	72	62	64	55	0	0	2601000	140000	eu:adriancalello	ESTIMATED
P	eu_croatia	0	Dinamo Zagreb	9	Mathias Chago	2	27	69	Unknown	65	69	67	55	0	0	3249000	180000	eu:mathiaschago	ESTIMATED
P	eu_croatia	0	Dinamo Zagreb	10	Milan Badelj	2	26	65	Unknown	65	61	68	55	0	0	2025000	110000	eu:milanbadelj	ESTIMATED
P	eu_croatia	0	Dinamo Zagreb	11	Sammir	2	29	66	Unknown	67	64	68	55	0	0	2304000	120000	eu:sammir	ESTIMATED
P	eu_croatia	0	Dinamo Zagreb	12	Pedro Morales	2	29	71	Unknown	67	74	71	55	0	0	3969000	220000	eu:pedromorales	ESTIMATED
P	eu_croatia	0	Dinamo Zagreb	13	Arijan Ademi	2	31	69	Unknown	63	75	63	55	0	0	3249000	180000	eu:arijanademi	ESTIMATED
P	eu_croatia	0	Dinamo Zagreb	14	Mateo Kovačić	2	26	64	Unknown	68	70	69	55	0	0	1764000	90000	eu:mateokovacic	ESTIMATED
P	eu_croatia	0	Dinamo Zagreb	15	Ante Rukavina	3	21	68	Unknown	76	72	73	55	0	0	2916000	160000	eu:anterukavina	ESTIMATED
P	eu_croatia	0	Dinamo Zagreb	16	Fatos Bećiraj	3	25	72	Unknown	80	76	74	55	0	0	4356000	240000	eu:fatosbeciraj	ESTIMATED
P	eu_croatia	0	Dinamo Zagreb	17	Jakub Sylvestr	3	20	70	Unknown	74	64	76	55	0	0	3600000	200000	eu:jakubsylvestr	ESTIMATED
P	eu_croatia	0	Dinamo Zagreb	18	Andrej Kramarić	3	23	70	Unknown	66	74	68	55	0	0	3600000	200000	eu:andrejkramaric	ESTIMATED
P	eu_croatia	0	Dinamo Zagreb	19	Dodô	3	25	72	Unknown	78	66	74	55	0	0	4356000	240000	eu:dodo	ESTIMATED
P	eu_croatia	0	Dinamo Zagreb	20	Ivan Tomečak	3	25	66	Unknown	75	69	66	55	0	0	2304000	120000	eu:ivantomecak	ESTIMATED
P	eu_croatia	0	Dinamo Zagreb	21	Šime Vrsaljko	3	30	69	Unknown	65	66	68	55	0	0	3249000	180000	eu:simevrsaljko	ESTIMATED
T	eu_croatia	1	HNK Rijeka	-1		-1	2010	0	Croatia	0	0	0	55	55	2	0	0	eu_croatia:1	REGISTRY
P	eu_croatia	1	HNK Rijeka	0	Robert Lisjak	0	27	66	Unknown	67	68	62	55	0	0	2304000	120000	eu:robertlisjak	ESTIMATED
P	eu_croatia	1	HNK Rijeka	1	Tomislav Pelin	0	29	66	Unknown	70	69	69	55	0	0	2304000	120000	eu:tomislavpelin	ESTIMATED
P	eu_croatia	1	HNK Rijeka	2	Dino Raspor	1	28	62	Unknown	63	57	58	55	0	0	1296000	70000	eu:dinoraspor	ESTIMATED
P	eu_croatia	1	HNK Rijeka	3	Fausto Budicin	1	26	60	Unknown	57	60	56	55	0	0	900000	50000	eu:faustobudicin	ESTIMATED
P	eu_croatia	1	HNK Rijeka	4	Igor Čagalj	1	30	60	Unknown	63	59	64	55	0	0	900000	50000	eu:igorcagalj	ESTIMATED
P	eu_croatia	1	HNK Rijeka	5	Kristijan Čaval	1	30	68	Unknown	71	73	72	55	0	0	2916000	160000	eu:kristijancaval	ESTIMATED
P	eu_croatia	1	HNK Rijeka	6	Andro Švrljuga	1	31	67	Unknown	64	73	71	55	0	0	2601000	140000	eu:androsvrljuga	ESTIMATED
P	eu_croatia	1	HNK Rijeka	7	Vlade Lazarevski	1	30	64	Unknown	61	67	63	55	0	0	1764000	90000	eu:vladelazarevski	ESTIMATED
P	eu_croatia	1	HNK Rijeka	8	Neven Vukman	2	24	62	Unknown	67	68	67	55	0	0	1296000	70000	eu:nevenvukman	ESTIMATED
P	eu_croatia	1	HNK Rijeka	9	Milan Đurišić	2	29	60	Unknown	61	58	66	55	0	0	900000	50000	eu:milanurisic	ESTIMATED
P	eu_croatia	1	HNK Rijeka	10	Hrvoje Štrok	2	32	66	Unknown	58	68	70	55	0	0	2304000	120000	eu:hrvojestrok	ESTIMATED
P	eu_croatia	1	HNK Rijeka	11	Antonini Čulina	2	22	65	Unknown	63	64	59	55	0	0	2025000	110000	eu:antoniniculina	ESTIMATED
P	eu_croatia	1	HNK Rijeka	12	Alen Pamić	2	32	62	Unknown	70	55	64	55	0	0	1296000	70000	eu:alenpamic	ESTIMATED
P	eu_croatia	1	HNK Rijeka	13	Sergio Zijler	2	29	60	Unknown	54	58	60	55	0	0	900000	50000	eu:sergiozijler	ESTIMATED
P	eu_croatia	1	HNK Rijeka	14	Radomir Đalović	2	30	66	Unknown	58	73	63	55	0	0	2304000	120000	eu:radomiralovic	ESTIMATED
P	eu_croatia	1	HNK Rijeka	15	Ivan Rodić	3	33	64	Unknown	55	59	69	55	0	0	1764000	90000	eu:ivanrodic	ESTIMATED
P	eu_croatia	1	HNK Rijeka	16	Duje Baković	3	24	61	Unknown	61	58	67	55	0	0	1089000	60000	eu:dujebakovic	ESTIMATED
P	eu_croatia	1	HNK Rijeka	17	Vedran Turkalj	3	29	64	Unknown	59	65	69	55	0	0	1764000	90000	eu:vedranturkalj	ESTIMATED
T	eu_croatia	2	Hajduk Split	-1		-1	2010	0	Croatia	0	0	0	55	55	2	0	0	eu_croatia:2	REGISTRY
P	eu_croatia	2	Hajduk Split	0	Danijel Subašić	0	24	65	Unknown	60	69	60	55	0	0	2025000	110000	eu:danijelsubasic	ESTIMATED
P	eu_croatia	2	Hajduk Split	1	Lovre Kalinić	0	24	66	Unknown	60	63	64	55	0	0	2304000	120000	eu:lovrekalinic	ESTIMATED
P	eu_croatia	2	Hajduk Split	2	Jurica Buljat	1	26	62	Unknown	68	57	64	55	0	0	1296000	70000	eu:juricabuljat	ESTIMATED
P	eu_croatia	2	Hajduk Split	3	Hrvoje Vejić	1	32	67	Unknown	59	69	64	55	0	0	2601000	140000	eu:hrvojevejic	ESTIMATED
P	eu_croatia	2	Hajduk Split	4	Mario Maloča	1	26	70	Unknown	66	76	73	55	0	0	3600000	200000	eu:mariomaloca	ESTIMATED
P	eu_croatia	2	Hajduk Split	5	Srđan Andrić	1	27	62	Unknown	61	56	56	55	0	0	1296000	70000	eu:sranandric	ESTIMATED
P	eu_croatia	2	Hajduk Split	6	Marin Ljubičić	1	22	62	Unknown	58	59	57	55	0	0	1296000	70000	eu:marinljubicic	ESTIMATED
P	eu_croatia	2	Hajduk Split	7	Krešo Ljubičić	1	23	62	Unknown	58	67	59	55	0	0	1296000	70000	eu:kresoljubicic	ESTIMATED
P	eu_croatia	2	Hajduk Split	8	Dinko Trebotić	2	31	67	Unknown	75	70	73	55	0	0	2601000	140000	eu:dinkotrebotic	ESTIMATED
P	eu_croatia	2	Hajduk Split	9	Franko Andrijašević	2	33	69	Unknown	61	66	68	55	0	0	3249000	180000	eu:frankoandrijasevic	ESTIMATED
P	eu_croatia	2	Hajduk Split	10	Marin Tomasov	2	32	62	Unknown	58	56	66	55	0	0	1296000	70000	eu:marintomasov	ESTIMATED
P	eu_croatia	2	Hajduk Split	11	Anas Sharbini	2	30	65	Unknown	73	67	63	55	0	0	2025000	110000	eu:anassharbini	ESTIMATED
P	eu_croatia	2	Hajduk Split	12	Ahmad Sharbini	2	29	70	Unknown	68	70	66	55	0	0	3600000	200000	eu:ahmadsharbini	ESTIMATED
P	eu_croatia	2	Hajduk Split	13	Mirko Oremuš	2	28	64	Unknown	60	60	62	55	0	0	1764000	90000	eu:mirkooremus	ESTIMATED
P	eu_croatia	2	Hajduk Split	14	Senijad Ibričić	2	33	67	Unknown	60	68	65	55	0	0	2601000	140000	eu:senijadibricic	ESTIMATED
P	eu_croatia	2	Hajduk Split	15	Ante Vukušić	3	21	69	Unknown	62	66	74	55	0	0	3249000	180000	eu:antevukusic	ESTIMATED
P	eu_croatia	2	Hajduk Split	16	Duje Čop	3	30	69	Unknown	69	73	63	55	0	0	3249000	180000	eu:dujecop	ESTIMATED
P	eu_croatia	2	Hajduk Split	17	Mario Brkljača	3	33	64	Unknown	61	61	65	55	0	0	1764000	90000	eu:mariobrkljaca	ESTIMATED
P	eu_croatia	2	Hajduk Split	18	Ivan Jakov Džoni	3	21	64	Unknown	70	58	68	55	0	0	1764000	90000	eu:ivanjakovdzoni	ESTIMATED
T	eu_cyprus	0	AEK Larnaca	-1		-1	2010	0	Cyprus	0	0	0	55	55	2	0	0	eu_cyprus:0	REGISTRY
P	eu_cyprus	0	AEK Larnaca	0	Marco Fortin	0	22	60	Unknown	60	63	66	55	0	0	900000	50000	eu:marcofortin	ESTIMATED
P	eu_cyprus	0	AEK Larnaca	1	Alexandre Negri	0	28	65	Unknown	66	59	69	55	0	0	2025000	110000	eu:alexandrenegri	ESTIMATED
P	eu_cyprus	0	AEK Larnaca	2	Kevin Hofland	1	33	66	Unknown	64	60	71	55	0	0	2304000	120000	eu:kevinhofland	ESTIMATED
P	eu_cyprus	0	AEK Larnaca	3	Jason Demetriou	1	23	62	Unknown	60	63	63	55	0	0	1296000	70000	eu:jasondemetriou	ESTIMATED
P	eu_cyprus	0	AEK Larnaca	4	Marios Nicolaou	1	33	60	Unknown	69	57	59	55	0	0	900000	50000	eu:mariosnicolaou	ESTIMATED
P	eu_cyprus	0	AEK Larnaca	5	Nestoras Mitidis	1	30	60	Unknown	69	58	55	55	0	0	900000	50000	eu:nestorasmitidis	ESTIMATED
P	eu_cyprus	0	AEK Larnaca	6	Murat Akın	1	33	64	Unknown	61	58	62	55	0	0	1764000	90000	eu:muratakn	ESTIMATED
P	eu_cyprus	0	AEK Larnaca	7	Gonzalo García	1	27	64	Unknown	61	66	65	55	0	0	1764000	90000	eu:gonzalogarcia	ESTIMATED
P	eu_cyprus	0	AEK Larnaca	8	Gregoor van Dijk	2	24	60	Unknown	56	54	61	55	0	0	900000	50000	eu:gregoorvandijk	ESTIMATED
P	eu_cyprus	0	AEK Larnaca	9	Miljan Mrdaković	2	33	68	Unknown	69	69	70	55	0	0	2916000	160000	eu:miljanmrdakovic	ESTIMATED
P	eu_cyprus	0	AEK Larnaca	10	Nordin Wooter	2	33	66	Unknown	66	73	61	55	0	0	2304000	120000	eu:nordinwooter	ESTIMATED
P	eu_cyprus	0	AEK Larnaca	11	Edwin Linssen	2	27	61	Unknown	68	63	60	55	0	0	1089000	60000	eu:edwinlinssen	ESTIMATED
P	eu_cyprus	0	AEK Larnaca	12	Gorka Pintado	2	23	67	Unknown	72	70	69	55	0	0	2601000	140000	eu:gorkapintado	ESTIMATED
P	eu_cyprus	0	AEK Larnaca	13	Ander Murillo	2	26	65	Unknown	67	59	66	55	0	0	2025000	110000	eu:andermurillo	ESTIMATED
P	eu_cyprus	0	AEK Larnaca	14	David Català	2	21	62	Unknown	68	65	66	55	0	0	1296000	70000	eu:davidcatala	ESTIMATED
P	eu_cyprus	0	AEK Larnaca	15	Héctor Martínez	3	32	64	Unknown	55	58	70	55	0	0	1764000	90000	eu:hectormartinez	ESTIMATED
T	eu_cyprus	1	APOEL	-1		-1	2010	0	Cyprus	0	0	0	55	55	2	0	0	eu_cyprus:1	REGISTRY
P	eu_cyprus	1	APOEL	0	Dionysis Chiotis	0	21	70	Unknown	67	64	76	55	0	0	3600000	200000	eu:dionysischiotis	ESTIMATED
P	eu_cyprus	1	APOEL	1	Anastasios Kissas	0	27	69	Unknown	60	71	64	55	0	0	3249000	180000	eu:anastasioskissas	ESTIMATED
P	eu_cyprus	1	APOEL	2	Paulo Jorge	1	29	63	Unknown	61	66	58	55	0	0	1521000	80000	eu:paulojorge	ESTIMATED
P	eu_cyprus	1	APOEL	3	Marcelo Oliveira	1	32	70	Unknown	77	65	74	55	0	0	3600000	200000	eu:marcelooliveira	ESTIMATED
P	eu_cyprus	1	APOEL	4	Nuno Morais	1	25	65	Unknown	61	70	61	55	0	0	2025000	110000	eu:nunomorais	ESTIMATED
P	eu_cyprus	1	APOEL	5	Marios Ilia	1	28	64	Unknown	73	68	59	55	0	0	1764000	90000	eu:mariosilia	ESTIMATED
P	eu_cyprus	1	APOEL	6	Savvas Poursaitidis	1	31	63	Unknown	63	56	62	55	0	0	1521000	80000	eu:savvaspoursaitidis	ESTIMATED
P	eu_cyprus	1	APOEL	7	Athos Solomou	1	29	64	Unknown	68	66	70	55	0	0	1764000	90000	eu:athossolomou	ESTIMATED
P	eu_cyprus	1	APOEL	8	Constantinos Charalambides	2	28	62	Unknown	58	56	66	55	0	0	1296000	70000	eu:constantinoscharalambides	ESTIMATED
P	eu_cyprus	1	APOEL	9	Nektarios Alexandrou	2	20	62	Unknown	57	57	65	55	0	0	1296000	70000	eu:nektariosalexandrou	ESTIMATED
P	eu_cyprus	1	APOEL	10	Hélio Pinto	2	29	62	Unknown	68	61	63	55	0	0	1296000	70000	eu:heliopinto	ESTIMATED
P	eu_cyprus	1	APOEL	11	Gustavo Manduca	2	26	62	Unknown	71	64	64	55	0	0	1296000	70000	eu:gustavomanduca	ESTIMATED
P	eu_cyprus	1	APOEL	12	Ivan Tričkovski	2	31	70	Unknown	62	72	72	55	0	0	3600000	200000	eu:ivantrickovski	ESTIMATED
P	eu_cyprus	1	APOEL	13	Aílton Almeida	2	27	65	Unknown	70	63	61	55	0	0	2025000	110000	eu:ailtonalmeida	ESTIMATED
P	eu_cyprus	1	APOEL	14	Esteban Solari	2	30	63	Unknown	56	66	62	55	0	0	1521000	80000	eu:estebansolari	ESTIMATED
P	eu_cyprus	1	APOEL	15	Marcin Żewłakow	3	30	63	Unknown	61	68	64	55	0	0	1521000	80000	eu:marcinzewakow	ESTIMATED
P	eu_cyprus	1	APOEL	16	Nenad Mirosavljević	3	21	68	Unknown	75	70	68	55	0	0	2916000	160000	eu:nenadmirosavljevic	ESTIMATED
P	eu_cyprus	1	APOEL	17	Marios Elia	3	21	69	Unknown	64	68	66	55	0	0	3249000	180000	eu:marioselia	ESTIMATED
T	eu_cyprus	2	Apollon Limassol	-1		-1	2010	0	Cyprus	0	0	0	55	55	2	0	0	eu_cyprus:2	REGISTRY
P	eu_cyprus	2	Apollon Limassol	0	Aleš Chvalovský	0	30	66	Unknown	72	65	72	55	0	0	2304000	120000	eu:aleschvalovsky	ESTIMATED
P	eu_cyprus	2	Apollon Limassol	1	Sofronis Avgousti	0	33	62	Unknown	69	63	58	55	0	0	1296000	70000	eu:sofronisavgousti	ESTIMATED
P	eu_cyprus	2	Apollon Limassol	2	Bruno Vale	1	29	61	Unknown	69	57	64	55	0	0	1089000	60000	eu:brunovale	ESTIMATED
P	eu_cyprus	2	Apollon Limassol	3	Bruno Luz	1	30	64	Unknown	58	70	59	55	0	0	1764000	90000	eu:brunoluz	ESTIMATED
P	eu_cyprus	2	Apollon Limassol	4	Nasief Morris	1	30	67	Unknown	62	61	69	55	0	0	2601000	140000	eu:nasiefmorris	ESTIMATED
P	eu_cyprus	2	Apollon Limassol	5	Giorgos Merkis	1	29	61	Unknown	53	59	56	55	0	0	1089000	60000	eu:giorgosmerkis	ESTIMATED
P	eu_cyprus	2	Apollon Limassol	6	Marios Stylianou	1	33	65	Unknown	56	63	67	55	0	0	2025000	110000	eu:mariosstylianou	ESTIMATED
P	eu_cyprus	2	Apollon Limassol	7	Gastón Sangoy	1	32	63	Unknown	69	59	64	55	0	0	1521000	80000	eu:gastonsangoy	ESTIMATED
P	eu_cyprus	2	Apollon Limassol	8	Mustapha Bangura	2	25	68	Unknown	69	74	70	55	0	0	2916000	160000	eu:mustaphabangura	ESTIMATED
P	eu_cyprus	2	Apollon Limassol	9	Haris Handžić	2	32	64	Unknown	71	67	66	55	0	0	1764000	90000	eu:harishandzic	ESTIMATED
P	eu_cyprus	2	Apollon Limassol	10	Camel Meriem	2	27	66	Unknown	74	66	65	55	0	0	2304000	120000	eu:camelmeriem	ESTIMATED
P	eu_cyprus	2	Apollon Limassol	11	Nuno Lopes	2	21	61	Unknown	69	59	62	55	0	0	1089000	60000	eu:nunolopes	ESTIMATED
P	eu_cyprus	2	Apollon Limassol	12	Costas Maris	2	29	64	Unknown	72	62	64	55	0	0	1764000	90000	eu:costasmaris	ESTIMATED
P	eu_cyprus	2	Apollon Limassol	13	Jatto Ceesay	2	24	64	Unknown	58	66	62	55	0	0	1764000	90000	eu:jattoceesay	ESTIMATED
P	eu_cyprus	2	Apollon Limassol	14	Richard Kingson	2	22	64	Unknown	68	67	70	55	0	0	1764000	90000	eu:richardkingson	ESTIMATED
T	eu_cyprus	3	Omonia Nicosia	-1		-1	2010	0	Cyprus	0	0	0	55	55	2	0	0	eu_cyprus:3	REGISTRY
P	eu_cyprus	3	Omonia Nicosia	0	Stefanos Kotsolis	0	20	67	Unknown	75	71	65	55	0	0	2601000	140000	eu:stefanoskotsolis	ESTIMATED
P	eu_cyprus	3	Omonia Nicosia	1	Antonis Georgallidis	0	28	64	Unknown	70	59	69	55	0	0	1764000	90000	eu:antonisgeorgallidis	ESTIMATED
P	eu_cyprus	3	Omonia Nicosia	2	Georgios Loizou	1	30	64	Unknown	65	60	59	55	0	0	1764000	90000	eu:georgiosloizou	ESTIMATED
P	eu_cyprus	3	Omonia Nicosia	3	Dragoslav Jevrić	1	28	62	Unknown	57	61	62	55	0	0	1296000	70000	eu:dragoslavjevric	ESTIMATED
P	eu_cyprus	3	Omonia Nicosia	4	Iago Bouzón	1	25	68	Unknown	72	67	66	55	0	0	2916000	160000	eu:iagobouzon	ESTIMATED
P	eu_cyprus	3	Omonia Nicosia	5	Christos Karypidis	1	30	65	Unknown	61	67	70	55	0	0	2025000	110000	eu:christoskarypidis	ESTIMATED
P	eu_cyprus	3	Omonia Nicosia	6	Rasheed Alabi	1	31	62	Unknown	60	55	57	55	0	0	1296000	70000	eu:rasheedalabi	ESTIMATED
P	eu_cyprus	3	Omonia Nicosia	7	Timo Wenzel	1	22	66	Unknown	59	65	66	55	0	0	2304000	120000	eu:timowenzel	ESTIMATED
P	eu_cyprus	3	Omonia Nicosia	8	Elias Charalambous	2	26	70	Unknown	76	64	67	55	0	0	3600000	200000	eu:eliascharalambous	ESTIMATED
P	eu_cyprus	3	Omonia Nicosia	9	Víctor Espasandín	2	23	63	Unknown	58	69	65	55	0	0	1521000	80000	eu:victorespasandin	ESTIMATED
P	eu_cyprus	3	Omonia Nicosia	10	Yuval Shpungin	2	30	66	Unknown	60	67	71	55	0	0	2304000	120000	eu:yuvalshpungin	ESTIMATED
P	eu_cyprus	3	Omonia Nicosia	11	Davidson Morais	2	28	62	Unknown	60	57	60	55	0	0	1296000	70000	eu:davidsonmorais	ESTIMATED
P	eu_cyprus	3	Omonia Nicosia	12	Noel Kaseke	2	22	64	Unknown	73	68	59	55	0	0	1764000	90000	eu:noelkaseke	ESTIMATED
P	eu_cyprus	3	Omonia Nicosia	13	Dimitrios Grammozis	2	29	66	Unknown	64	67	66	55	0	0	2304000	120000	eu:dimitriosgrammozis	ESTIMATED
P	eu_cyprus	3	Omonia Nicosia	14	Konstantinos Makridis	2	28	70	Unknown	77	64	66	55	0	0	3600000	200000	eu:konstantinosmakridis	ESTIMATED
P	eu_cyprus	3	Omonia Nicosia	15	Bruno Aguiar	3	33	69	Unknown	72	71	71	55	0	0	3249000	180000	eu:brunoaguiar	ESTIMATED
P	eu_cyprus	3	Omonia Nicosia	16	José Manuel Rueda	3	32	67	Unknown	72	70	67	55	0	0	2601000	140000	eu:josemanuelrueda	ESTIMATED
P	eu_cyprus	3	Omonia Nicosia	17	Andreas Avraam	3	21	68	Unknown	77	61	65	55	0	0	2916000	160000	eu:andreasavraam	ESTIMATED
P	eu_cyprus	3	Omonia Nicosia	18	Stathis Aloneftis	3	27	66	Unknown	72	63	62	55	0	0	2304000	120000	eu:stathisaloneftis	ESTIMATED
P	eu_cyprus	3	Omonia Nicosia	19	Giorgos Efrem	3	30	69	Unknown	68	67	66	55	0	0	3249000	180000	eu:giorgosefrem	ESTIMATED
P	eu_cyprus	3	Omonia Nicosia	20	Dimitris Christofi	3	23	66	Unknown	66	62	60	55	0	0	2304000	120000	eu:dimitrischristofi	ESTIMATED
P	eu_cyprus	3	Omonia Nicosia	21	Lomana LuaLua	3	20	62	Unknown	55	61	63	55	0	0	1296000	70000	eu:lomanalualua	ESTIMATED
P	eu_cyprus	3	Omonia Nicosia	22	Hernán Rengifo	3	28	62	Unknown	55	59	62	55	0	0	1296000	70000	eu:hernanrengifo	ESTIMATED
P	eu_cyprus	3	Omonia Nicosia	23	Michalis Konstantinou	3	23	67	Unknown	69	73	66	55	0	0	2601000	140000	eu:michaliskonstantinou	ESTIMATED
T	eu_cyprus	4	Anorthosis Famagusta	-1		-1	2010	0	Cyprus	0	0	0	55	55	2	0	0	eu_cyprus:4	REGISTRY
P	eu_cyprus	4	Anorthosis Famagusta	0	Matuš Kozáčik	0	27	70	Unknown	72	63	75	55	0	0	3600000	200000	eu:matuskozacik	ESTIMATED
P	eu_cyprus	4	Anorthosis Famagusta	1	Wojciech Kowalewski	0	31	63	Unknown	55	58	62	55	0	0	1521000	80000	eu:wojciechkowalewski	ESTIMATED
P	eu_cyprus	4	Anorthosis Famagusta	2	Gavriil Konstantinou	1	31	67	Unknown	71	66	63	55	0	0	2601000	140000	eu:gavriilkonstantinou	ESTIMATED
P	eu_cyprus	4	Anorthosis Famagusta	3	Nikolas Asprogenous	1	22	64	Unknown	57	59	69	55	0	0	1764000	90000	eu:nikolasasprogenous	ESTIMATED
P	eu_cyprus	4	Anorthosis Famagusta	4	Marcos Argüello	1	32	63	Unknown	59	69	57	55	0	0	1521000	80000	eu:marcosarguello	ESTIMATED
P	eu_cyprus	4	Anorthosis Famagusta	5	Civard Sprockel	1	25	64	Unknown	64	71	67	55	0	0	1764000	90000	eu:civardsprockel	ESTIMATED
P	eu_cyprus	4	Anorthosis Famagusta	6	Pablo Frontini	1	22	65	Unknown	56	72	65	55	0	0	2025000	110000	eu:pablofrontini	ESTIMATED
P	eu_cyprus	4	Anorthosis Famagusta	7	Georgios Georgiou	1	20	66	Unknown	61	64	72	55	0	0	2304000	120000	eu:georgiosgeorgiou	ESTIMATED
P	eu_cyprus	4	Anorthosis Famagusta	8	Jürgen Colin	2	30	69	Unknown	71	63	66	55	0	0	3249000	180000	eu:jurgencolin	ESTIMATED
P	eu_cyprus	4	Anorthosis Famagusta	9	Nikolaos Katsavakis	2	33	67	Unknown	69	60	68	55	0	0	2601000	140000	eu:nikolaoskatsavakis	ESTIMATED
P	eu_cyprus	4	Anorthosis Famagusta	10	Valentinos Sielis	2	20	63	Unknown	70	63	65	55	0	0	1521000	80000	eu:valentinossielis	ESTIMATED
P	eu_cyprus	4	Anorthosis Famagusta	11	Vincent Laban	2	25	62	Unknown	63	63	65	55	0	0	1296000	70000	eu:vincentlaban	ESTIMATED
P	eu_cyprus	4	Anorthosis Famagusta	12	Ricardo Laborde	2	32	67	Unknown	72	73	61	55	0	0	2601000	140000	eu:ricardolaborde	ESTIMATED
P	eu_cyprus	4	Anorthosis Famagusta	13	Hawar Mulla Mohammed	2	33	63	Unknown	68	59	64	55	0	0	1521000	80000	eu:hawarmullamohammed	ESTIMATED
P	eu_cyprus	4	Anorthosis Famagusta	14	Cafu	2	31	63	Unknown	57	65	59	55	0	0	1521000	80000	eu:cafu	ESTIMATED
P	eu_cyprus	4	Anorthosis Famagusta	15	Semedo	3	28	62	Unknown	60	58	63	55	0	0	1296000	70000	eu:semedo	ESTIMATED
P	eu_cyprus	4	Anorthosis Famagusta	16	Andreas Makris	3	29	62	Unknown	68	69	59	55	0	0	1296000	70000	eu:andreasmakris	ESTIMATED
T	eu_czech	0	Slavia Praha	-1		-1	2010	0	Czech	0	0	0	55	55	2	0	0	eu_czech:0	REGISTRY
P	eu_czech	0	Slavia Praha	0	Stanislav Vlček	3	27	73	Unknown	63	64	74	55	0	0	4761000	260000	eu:stanislavvlcek	FIFA11_RATING_EST_AGE_ECONOMY
P	eu_czech	0	Slavia Praha	1	Jaroslav Černý	2	28	70	Unknown	62	68	60	55	0	0	3600000	200000	eu:jaroslavcerny	FIFA11_RATING_EST_AGE_ECONOMY
P	eu_czech	0	Slavia Praha	2	Lukáš Jarolím	2	27	69	Unknown	62	81	52	55	0	0	3249000	180000	eu:lukasjarolim	FIFA11_RATING_EST_AGE_ECONOMY
P	eu_czech	0	Slavia Praha	3	Adam Hloušek	2	33	67	Unknown	77	62	62	55	0	0	2601000	140000	eu:adamhlousek	FIFA11_RATING_EST_AGE_ECONOMY
P	eu_czech	0	Slavia Praha	4	David Hubáček	1	28	67	Unknown	73	50	66	55	0	0	2601000	140000	eu:davidhubacek	FIFA11_RATING_EST_AGE_ECONOMY
P	eu_czech	0	Slavia Praha	5	Karol Kisel	2	23	66	Unknown	78	68	65	55	0	0	2304000	120000	eu:karolkisel	FIFA11_RATING_EST_AGE_ECONOMY
P	eu_czech	0	Slavia Praha	6	Tijani Belaïd	2	23	66	Unknown	66	70	44	55	0	0	2304000	120000	eu:tijanibelaid	FIFA11_RATING_EST_AGE_ECONOMY
P	eu_czech	0	Slavia Praha	7	Benjamin Vomáčka	1	23	65	Unknown	78	38	61	55	0	0	2025000	110000	eu:benjaminvomacka	FIFA11_RATING_EST_AGE_ECONOMY
P	eu_czech	0	Slavia Praha	8	Hocine Ragued	2	23	65	Unknown	67	72	50	55	0	0	2025000	110000	eu:hocineragued	FIFA11_RATING_EST_AGE_ECONOMY
P	eu_czech	0	Slavia Praha	9	Josef Kaufman	1	27	63	Unknown	71	64	61	55	0	0	1521000	80000	eu:josefkaufman	FIFA11_RATING_EST_AGE_ECONOMY
P	eu_czech	0	Slavia Praha	10	Petr Janda	2	23	63	Unknown	70	62	59	55	0	0	1521000	80000	eu:petrjanda	FIFA11_RATING_EST_AGE_ECONOMY
P	eu_czech	0	Slavia Praha	11	Milan Černý	2	22	62	Unknown	60	70	47	55	0	0	1296000	70000	eu:milancerny	FIFA11_RATING_EST_AGE_ECONOMY
P	eu_czech	0	Slavia Praha	12	Petr Trapp	2	31	62	Unknown	68	45	61	55	0	0	1296000	70000	eu:petrtrapp	FIFA11_RATING_EST_AGE_ECONOMY
P	eu_czech	0	Slavia Praha	13	Jiří Koubský	1	31	60	Unknown	67	42	59	55	0	0	900000	50000	eu:jirikoubsky	FIFA11_RATING_EST_AGE_ECONOMY
P	eu_czech	0	Slavia Praha	14	Martin Vaniak	2	26	65	Unknown	72	58	69	55	0	0	2025000	110000	eu:martinvaniak	ESTIMATED
P	eu_czech	0	Slavia Praha	15	Ondřej Čelůstka	3	22	65	Unknown	66	68	60	55	0	0	2025000	110000	eu:ondrejcelustka	ESTIMATED
T	eu_czech	1	Slovan Liberec	-1		-1	2010	0	Czech	0	0	0	55	55	2	0	0	eu_czech:1	REGISTRY
P	eu_czech	1	Slovan Liberec	0	Jiří Štajner	3	32	74	Unknown	75	68	65	55	0	0	5184000	280000	eu:jiristajner	FIFA11_RATING_EST_AGE_ECONOMY
P	eu_czech	1	Slovan Liberec	1	Andrej Kerić	3	26	72	Unknown	73	39	74	55	0	0	4356000	240000	eu:andrejkeric	FIFA11_RATING_EST_AGE_ECONOMY
P	eu_czech	1	Slovan Liberec	2	Jan Nezmar	3	21	72	Unknown	68	72	71	55	0	0	4356000	240000	eu:jannezmar	FIFA11_RATING_EST_AGE_ECONOMY
P	eu_czech	1	Slovan Liberec	3	Miroslav Holeňák	1	27	72	Unknown	75	44	74	55	0	0	4356000	240000	eu:miroslavholenak	FIFA11_RATING_EST_AGE_ECONOMY
P	eu_czech	1	Slovan Liberec	4	Petr Papoušek	2	32	72	Unknown	89	43	67	55	0	0	4356000	240000	eu:petrpapousek	FIFA11_RATING_EST_AGE_ECONOMY
P	eu_czech	1	Slovan Liberec	5	Lovre Vulin	1	21	62	Unknown	71	48	60	55	0	0	1296000	70000	eu:lovrevulin	FIFA11_RATING_EST_AGE_ECONOMY
P	eu_czech	1	Slovan Liberec	6	Miloš Bosančić	2	20	61	Unknown	70	52	56	55	0	0	1089000	60000	eu:milosbosancic	FIFA11_RATING_EST_AGE_ECONOMY
P	eu_czech	1	Slovan Liberec	7	Marcel Gecov	2	33	59	Unknown	53	68	46	55	0	0	729000	50000	eu:marcelgecov	FIFA11_RATING_EST_AGE_ECONOMY
P	eu_czech	1	Slovan Liberec	8	Lukáš Vácha	2	30	58	Unknown	67	40	56	55	0	0	576000	50000	eu:lukasvacha	FIFA11_RATING_EST_AGE_ECONOMY
P	eu_czech	1	Slovan Liberec	9	Theodor Gebre Selassie	1	22	58	Unknown	66	66	48	55	0	0	576000	50000	eu:theodorgebreselassie	FIFA11_RATING_EST_AGE_ECONOMY
P	eu_czech	1	Slovan Liberec	10	Jiří Liška	2	23	57	Unknown	73	48	55	55	0	0	441000	50000	eu:jiriliska	FIFA11_RATING_EST_AGE_ECONOMY
P	eu_czech	1	Slovan Liberec	11	Ján Vlasko	2	30	55	Unknown	55	58	45	55	0	0	250000	50000	eu:janvlasko	FIFA11_RATING_EST_AGE_ECONOMY
P	eu_czech	1	Slovan Liberec	12	Radek Dejmek	1	20	54	Unknown	74	66	43	55	0	0	250000	50000	eu:radekdejmek	FIFA11_RATING_EST_AGE_ECONOMY
P	eu_czech	1	Slovan Liberec	13	Renato Kelić	1	26	54	Unknown	65	54	38	55	0	0	250000	50000	eu:renatokelic	FIFA11_RATING_EST_AGE_ECONOMY
P	eu_czech	1	Slovan Liberec	14	David Bičík	2	31	62	Unknown	59	67	62	55	0	0	1296000	70000	eu:davidbicik	ESTIMATED
P	eu_czech	1	Slovan Liberec	15	Bořek Dočkal	3	22	68	Unknown	76	65	62	55	0	0	2916000	160000	eu:borekdockal	ESTIMATED
T	eu_czech	2	Sparta Praha	-1		-1	2010	0	Czech	0	0	0	55	55	2	0	0	eu_czech:2	REGISTRY
P	eu_czech	2	Sparta Praha	0	Tomáš Řepka	1	20	78	Unknown	65	81	61	55	0	0	7056000	390000	eu:tomasrepka	FIFA11_RATING_EST_AGE_ECONOMY
P	eu_czech	2	Sparta Praha	1	Bony Wilfried	3	25	74	Unknown	83	75	71	55	0	0	5184000	280000	eu:bonywilfried	FIFA11_RATING_EST_AGE_ECONOMY
P	eu_czech	2	Sparta Praha	2	Erich Brabec	1	28	71	Unknown	69	72	65	55	0	0	3969000	220000	eu:erichbrabec	FIFA11_RATING_EST_AGE_ECONOMY
P	eu_czech	2	Sparta Praha	3	Libor Sionko	2	27	71	Unknown	79	82	61	55	0	0	3969000	220000	eu:liborsionko	FIFA11_RATING_EST_AGE_ECONOMY
P	eu_czech	2	Sparta Praha	4	Igor Žofčák	2	30	70	Unknown	59	60	73	55	0	0	3600000	200000	eu:igorzofcak	FIFA11_RATING_EST_AGE_ECONOMY
P	eu_czech	2	Sparta Praha	5	Štěpán Vachoušek	2	24	70	Unknown	73	60	64	55	0	0	3600000	200000	eu:stepanvachousek	FIFA11_RATING_EST_AGE_ECONOMY
P	eu_czech	2	Sparta Praha	6	Marek Matějovský	2	22	69	Unknown	73	67	69	55	0	0	3249000	180000	eu:marekmatejovsky	FIFA11_RATING_EST_AGE_ECONOMY
P	eu_czech	2	Sparta Praha	7	Léonard Kweuke	3	23	68	Unknown	76	64	66	55	0	0	2916000	160000	eu:leonardkweuke	FIFA11_RATING_EST_AGE_ECONOMY
P	eu_czech	2	Sparta Praha	8	Jiří Kladrubský	2	31	66	Unknown	62	72	55	55	0	0	2304000	120000	eu:jirikladrubsky	FIFA11_RATING_EST_AGE_ECONOMY
P	eu_czech	2	Sparta Praha	9	Juraj Kucka	2	30	66	Unknown	75	56	65	55	0	0	2304000	120000	eu:jurajkucka	FIFA11_RATING_EST_AGE_ECONOMY
P	eu_czech	2	Sparta Praha	10	Luboš Hušek	2	21	66	Unknown	73	65	67	55	0	0	2304000	120000	eu:luboshusek	FIFA11_RATING_EST_AGE_ECONOMY
P	eu_czech	2	Sparta Praha	11	Martin Zeman	2	26	66	Unknown	68	64	51	55	0	0	2304000	120000	eu:martinzeman	FIFA11_RATING_EST_AGE_ECONOMY
P	eu_czech	2	Sparta Praha	12	Manuel Pamić	1	33	65	Unknown	71	50	65	55	0	0	2025000	110000	eu:manuelpamic	FIFA11_RATING_EST_AGE_ECONOMY
P	eu_czech	2	Sparta Praha	13	Ondřej Kušnír	1	23	65	Unknown	74	44	62	55	0	0	2025000	110000	eu:ondrejkusnir	FIFA11_RATING_EST_AGE_ECONOMY
P	eu_czech	2	Sparta Praha	14	Kamil Vacek	2	25	64	Unknown	76	54	60	55	0	0	1764000	90000	eu:kamilvacek	FIFA11_RATING_EST_AGE_ECONOMY
P	eu_czech	2	Sparta Praha	15	Niklas Hoheneder	1	25	63	Unknown	64	54	57	55	0	0	1521000	80000	eu:niklashoheneder	FIFA11_RATING_EST_AGE_ECONOMY
P	eu_czech	2	Sparta Praha	16	Václav Kadlec	3	22	62	Unknown	67	64	55	55	0	0	1296000	70000	eu:vaclavkadlec	FIFA11_RATING_EST_AGE_ECONOMY
P	eu_czech	2	Sparta Praha	17	Jiří Jeslínek	3	27	60	Unknown	69	50	57	55	0	0	900000	50000	eu:jirijeslinek	FIFA11_RATING_EST_AGE_ECONOMY
P	eu_czech	2	Sparta Praha	18	Miloš Lačný	3	25	60	Unknown	70	51	60	55	0	0	900000	50000	eu:miloslacny	FIFA11_RATING_EST_AGE_ECONOMY
P	eu_czech	2	Sparta Praha	19	Jan Krob	1	23	57	Unknown	77	46	56	55	0	0	441000	50000	eu:jankrob	FIFA11_RATING_EST_AGE_ECONOMY
P	eu_czech	2	Sparta Praha	20	Martin Jirouš	3	28	56	Unknown	58	54	53	55	0	0	324000	50000	eu:martinjirous	FIFA11_RATING_EST_AGE_ECONOMY
P	eu_czech	2	Sparta Praha	21	Lukáš Hejda	1	31	53	Unknown	61	49	48	55	0	0	250000	50000	eu:lukashejda	FIFA11_RATING_EST_AGE_ECONOMY
T	eu_czech	3	Viktoria Plzeň	-1		-1	2010	0	Czech	0	0	0	55	55	2	0	0	eu_czech:3	REGISTRY
P	eu_czech	3	Viktoria Plzeň	0	Pavel Horváth	2	23	71	Unknown	73	70	61	55	0	0	3969000	220000	eu:pavelhorvath	FIFA11_RATING_EST_AGE_ECONOMY
P	eu_czech	3	Viktoria Plzeň	1	Daniel Kolář	2	29	69	Unknown	69	70	69	55	0	0	3249000	180000	eu:danielkolar	FIFA11_RATING_EST_AGE_ECONOMY
P	eu_czech	3	Viktoria Plzeň	2	David Limberský	1	27	69	Unknown	68	66	50	55	0	0	3249000	180000	eu:davidlimbersky	FIFA11_RATING_EST_AGE_ECONOMY
P	eu_czech	3	Viktoria Plzeň	3	Tomáš Rada	1	24	69	Unknown	70	66	57	55	0	0	3249000	180000	eu:tomasrada	FIFA11_RATING_EST_AGE_ECONOMY
P	eu_czech	3	Viktoria Plzeň	4	David Bystroň	1	20	68	Unknown	77	50	70	55	0	0	2916000	160000	eu:davidbystron	FIFA11_RATING_EST_AGE_ECONOMY
P	eu_czech	3	Viktoria Plzeň	5	František Rajtoral	2	25	68	Unknown	71	64	67	55	0	0	2916000	160000	eu:frantisekrajtoral	FIFA11_RATING_EST_AGE_ECONOMY
P	eu_czech	3	Viktoria Plzeň	6	Jan Rezek	3	21	68	Unknown	68	70	54	55	0	0	2916000	160000	eu:janrezek	FIFA11_RATING_EST_AGE_ECONOMY
P	eu_czech	3	Viktoria Plzeň	7	David Střihavka	3	21	67	Unknown	66	62	65	55	0	0	2601000	140000	eu:davidstrihavka	FIFA11_RATING_EST_AGE_ECONOMY
P	eu_czech	3	Viktoria Plzeň	8	Milan Petržela	2	23	67	Unknown	70	64	66	55	0	0	2601000	140000	eu:milanpetrzela	FIFA11_RATING_EST_AGE_ECONOMY
P	eu_czech	3	Viktoria Plzeň	9	Petr Jiráček	2	29	64	Unknown	70	62	64	55	0	0	1764000	90000	eu:petrjiracek	FIFA11_RATING_EST_AGE_ECONOMY
P	eu_czech	3	Viktoria Plzeň	10	Jakub Navrátil	1	32	63	Unknown	68	68	48	55	0	0	1521000	80000	eu:jakubnavratil	FIFA11_RATING_EST_AGE_ECONOMY
P	eu_czech	3	Viktoria Plzeň	11	Marek Bakoš	3	28	63	Unknown	58	62	58	55	0	0	1521000	80000	eu:marekbakos	FIFA11_RATING_EST_AGE_ECONOMY
P	eu_czech	3	Viktoria Plzeň	12	František Ševinský	1	27	62	Unknown	66	64	48	55	0	0	1296000	70000	eu:frantiseksevinsky	FIFA11_RATING_EST_AGE_ECONOMY
P	eu_czech	3	Viktoria Plzeň	13	Antonín Presl	3	30	56	Unknown	64	46	56	55	0	0	324000	50000	eu:antoninpresl	FIFA11_RATING_EST_AGE_ECONOMY
P	eu_czech	3	Viktoria Plzeň	14	Roman Pavlík	2	32	62	Unknown	63	64	56	55	0	0	1296000	70000	eu:romanpavlik	ESTIMATED
P	eu_czech	3	Viktoria Plzeň	15	Michal Ďuriš	3	28	68	Unknown	77	71	64	55	0	0	2916000	160000	eu:michalduris	ESTIMATED
T	eu_czech	4	FK Jablonec	-1		-1	2010	0	Czech	0	0	0	55	55	2	0	0	eu_czech:4	REGISTRY
P	eu_czech	4	FK Jablonec	0	David Lafata	0	20	68	Unknown	69	62	70	55	0	0	2916000	160000	eu:davidlafata	ESTIMATED
P	eu_czech	4	FK Jablonec	1	Pavel Drsek	0	24	63	Unknown	69	69	64	55	0	0	1521000	80000	eu:paveldrsek	ESTIMATED
P	eu_czech	4	FK Jablonec	2	Matej Krajčík	1	23	62	Unknown	53	63	64	55	0	0	1296000	70000	eu:matejkrajcik	ESTIMATED
P	eu_czech	4	FK Jablonec	3	Karel Piták	1	31	66	Unknown	62	63	68	55	0	0	2304000	120000	eu:karelpitak	ESTIMATED
P	eu_czech	4	FK Jablonec	4	Luboš Loučka	1	27	66	Unknown	71	72	60	55	0	0	2304000	120000	eu:lubosloucka	ESTIMATED
P	eu_czech	4	FK Jablonec	5	Tomáš Pekhart	1	28	69	Unknown	68	67	70	55	0	0	3249000	180000	eu:tomaspekhart	ESTIMATED
P	eu_czech	4	FK Jablonec	6	Tomáš Jablonský	1	21	67	Unknown	67	68	73	55	0	0	2601000	140000	eu:tomasjablonsky	ESTIMATED
P	eu_czech	4	FK Jablonec	7	Michal Špit	1	23	63	Unknown	69	62	69	55	0	0	1521000	80000	eu:michalspit	ESTIMATED
P	eu_czech	4	FK Jablonec	8	Petr Pavlík	2	22	65	Unknown	66	66	59	55	0	0	2025000	110000	eu:petrpavlik	ESTIMATED
P	eu_czech	4	FK Jablonec	9	Jan Kovařík	2	29	64	Unknown	65	71	64	55	0	0	1764000	90000	eu:jankovarik	ESTIMATED
P	eu_czech	4	FK Jablonec	10	Marek Jarolím	2	26	68	Unknown	71	66	68	55	0	0	2916000	160000	eu:marekjarolim	ESTIMATED
P	eu_czech	4	FK Jablonec	11	Tomáš Čížek	2	32	62	Unknown	70	60	65	55	0	0	1296000	70000	eu:tomascizek	ESTIMATED
P	eu_czech	4	FK Jablonec	12	Jan Vošahlík	2	23	70	Unknown	72	70	66	55	0	0	3600000	200000	eu:janvosahlik	ESTIMATED
P	eu_czech	4	FK Jablonec	13	Vít Beneš	2	33	64	Unknown	72	65	65	55	0	0	1764000	90000	eu:vitbenes	ESTIMATED
P	eu_czech	4	FK Jablonec	14	Ondřej Vaněk	2	25	67	Unknown	60	74	71	55	0	0	2601000	140000	eu:ondrejvanek	ESTIMATED
P	eu_czech	4	FK Jablonec	15	Jiří Valenta	3	22	67	Unknown	66	67	63	55	0	0	2601000	140000	eu:jirivalenta	ESTIMATED
T	eu_denmark	0	AaB Aalborg	-1		-1	2010	0	Denmark	0	0	0	55	55	2	0	0	eu_denmark:0	REGISTRY
P	eu_denmark	0	AaB Aalborg	0	Kjetil Wæhler	1	32	73	Unknown	68	78	63	55	0	0	4761000	260000	eu:kjetilwhler	FIFA11_RATING_EST_AGE_ECONOMY
P	eu_denmark	0	AaB Aalborg	1	Kasper Bøgelund	1	33	69	Unknown	77	56	66	55	0	0	3249000	180000	eu:kasperbgelund	FIFA11_RATING_EST_AGE_ECONOMY
P	eu_denmark	0	AaB Aalborg	2	Jeppe Curth	3	29	68	Unknown	76	55	68	55	0	0	2916000	160000	eu:jeppecurth	FIFA11_RATING_EST_AGE_ECONOMY
P	eu_denmark	0	AaB Aalborg	3	Rasmus Würtz	2	27	67	Unknown	65	36	66	55	0	0	2601000	140000	eu:rasmuswurtz	FIFA11_RATING_EST_AGE_ECONOMY
P	eu_denmark	0	AaB Aalborg	4	Patrick Kristensen	2	31	65	Unknown	72	62	55	55	0	0	2025000	110000	eu:patrickkristensen	FIFA11_RATING_EST_AGE_ECONOMY
P	eu_denmark	0	AaB Aalborg	5	Lasse Nielsen	1	28	64	Unknown	59	68	59	55	0	0	1764000	90000	eu:lassenielsen	FIFA11_RATING_EST_AGE_ECONOMY
P	eu_denmark	0	AaB Aalborg	6	Marcus Tracy	3	33	64	Unknown	71	61	62	55	0	0	1764000	90000	eu:marcustracy	FIFA11_RATING_EST_AGE_ECONOMY
P	eu_denmark	0	AaB Aalborg	7	Dennis Marshall	1	24	63	Unknown	68	71	54	55	0	0	1521000	80000	eu:dennismarshall	FIFA11_RATING_EST_AGE_ECONOMY
P	eu_denmark	0	AaB Aalborg	8	Jones Kusi-Asare	3	31	60	Unknown	75	54	58	55	0	0	900000	50000	eu:joneskusiasare	FIFA11_RATING_EST_AGE_ECONOMY
P	eu_denmark	0	AaB Aalborg	9	Daniel Christensen	2	30	57	Unknown	58	53	57	55	0	0	441000	50000	eu:danielchristensen	FIFA11_RATING_EST_AGE_ECONOMY
P	eu_denmark	0	AaB Aalborg	10	Karim Zaza	2	21	66	Unknown	61	73	67	55	0	0	2304000	120000	eu:karimzaza	ESTIMATED
P	eu_denmark	0	AaB Aalborg	11	Mathias Wichmann	2	27	66	Unknown	72	61	61	55	0	0	2304000	120000	eu:mathiaswichmann	ESTIMATED
P	eu_denmark	0	AaB Aalborg	12	Louay Chanko	2	30	61	Unknown	61	62	66	55	0	0	1089000	60000	eu:louaychanko	ESTIMATED
P	eu_denmark	0	AaB Aalborg	13	Ronnie Schwartz	2	20	66	Unknown	71	70	61	55	0	0	2304000	120000	eu:ronnieschwartz	ESTIMATED
T	eu_denmark	1	Esbjerg fB	-1		-1	2010	0	Denmark	0	0	0	55	55	2	0	0	eu_denmark:1	REGISTRY
P	eu_denmark	1	Esbjerg fB	0	Tim Janssen	3	32	70	Unknown	73	76	60	55	0	0	3600000	200000	eu:timjanssen	FIFA11_RATING_EST_AGE_ECONOMY
P	eu_denmark	1	Esbjerg fB	1	Jesper Lange	3	33	68	Unknown	67	60	67	55	0	0	2916000	160000	eu:jesperlange	FIFA11_RATING_EST_AGE_ECONOMY
P	eu_denmark	1	Esbjerg fB	2	Søren Rieks	2	23	68	Unknown	74	38	66	55	0	0	2916000	160000	eu:srenrieks	FIFA11_RATING_EST_AGE_ECONOMY
P	eu_denmark	1	Esbjerg fB	3	Nicolai Høgh	1	33	66	Unknown	63	64	52	55	0	0	2304000	120000	eu:nicolaihgh	FIFA11_RATING_EST_AGE_ECONOMY
P	eu_denmark	1	Esbjerg fB	4	Jesper Jørgensen	2	21	65	Unknown	87	46	60	55	0	0	2025000	110000	eu:jesperjrgensen	FIFA11_RATING_EST_AGE_ECONOMY
P	eu_denmark	1	Esbjerg fB	5	Kevin Conboy	1	24	65	Unknown	55	65	50	55	0	0	2025000	110000	eu:kevinconboy	FIFA11_RATING_EST_AGE_ECONOMY
P	eu_denmark	1	Esbjerg fB	6	Peter Nymann	2	25	65	Unknown	62	66	63	55	0	0	2025000	110000	eu:peternymann	FIFA11_RATING_EST_AGE_ECONOMY
P	eu_denmark	1	Esbjerg fB	7	Arnór Smárason	3	20	64	Unknown	60	73	49	55	0	0	1764000	90000	eu:arnorsmarason	FIFA11_RATING_EST_AGE_ECONOMY
P	eu_denmark	1	Esbjerg fB	8	Fredrik Risp	1	20	64	Unknown	67	52	64	55	0	0	1764000	90000	eu:fredrikrisp	FIFA11_RATING_EST_AGE_ECONOMY
P	eu_denmark	1	Esbjerg fB	9	Martin Fribrock	2	33	62	Unknown	70	54	61	55	0	0	1296000	70000	eu:martinfribrock	FIFA11_RATING_EST_AGE_ECONOMY
P	eu_denmark	1	Esbjerg fB	10	Mikkel Vendelbo	2	21	62	Unknown	69	53	57	55	0	0	1296000	70000	eu:mikkelvendelbo	FIFA11_RATING_EST_AGE_ECONOMY
P	eu_denmark	1	Esbjerg fB	11	Thomas Gaardsøe	1	27	62	Unknown	74	62	57	55	0	0	1296000	70000	eu:thomasgaardse	FIFA11_RATING_EST_AGE_ECONOMY
P	eu_denmark	1	Esbjerg fB	12	Emmanuel Ukpai	3	28	60	Unknown	79	43	59	55	0	0	900000	50000	eu:emmanuelukpai	FIFA11_RATING_EST_AGE_ECONOMY
P	eu_denmark	1	Esbjerg fB	13	Jeppe Mehl	2	24	60	Unknown	63	60	55	55	0	0	900000	50000	eu:jeppemehl	FIFA11_RATING_EST_AGE_ECONOMY
P	eu_denmark	1	Esbjerg fB	14	Sebastian Andersen	2	31	57	Unknown	64	53	59	55	0	0	441000	50000	eu:sebastianandersen	FIFA11_RATING_EST_AGE_ECONOMY
P	eu_denmark	1	Esbjerg fB	15	Kevin Bechmann Timm	3	26	53	Unknown	63	64	47	55	0	0	250000	50000	eu:kevinbechmanntimm	FIFA11_RATING_EST_AGE_ECONOMY
P	eu_denmark	1	Esbjerg fB	16	Kian Hansen	1	24	53	Unknown	79	52	43	55	0	0	250000	50000	eu:kianhansen	FIFA11_RATING_EST_AGE_ECONOMY
T	eu_denmark	2	FC Copenhagen	-1		-1	2010	0	Denmark	0	0	0	55	55	2	0	0	eu_denmark:2	REGISTRY
P	eu_denmark	2	FC Copenhagen	0	William Kvist	2	26	82	Unknown	85	73	81	55	0	0	9216000	510000	eu:williamkvist	FIFA11_RATING_EST_AGE_ECONOMY
P	eu_denmark	2	FC Copenhagen	1	Jesper Grønkjær	2	26	81	Unknown	76	72	81	55	0	0	8649000	480000	eu:jespergrnkjr	FIFA11_RATING_EST_AGE_ECONOMY
P	eu_denmark	2	FC Copenhagen	2	Dame N'Doye	3	33	80	Unknown	83	61	81	55	0	0	8100000	450000	eu:damendoye	FIFA11_RATING_EST_AGE_ECONOMY
P	eu_denmark	2	FC Copenhagen	3	Oscar Wendt	1	26	74	Unknown	58	73	61	55	0	0	5184000	280000	eu:oscarwendt	FIFA11_RATING_EST_AGE_ECONOMY
P	eu_denmark	2	FC Copenhagen	4	Sölvi Ottesen	1	30	74	Unknown	74	86	59	55	0	0	5184000	280000	eu:solviottesen	FIFA11_RATING_EST_AGE_ECONOMY
P	eu_denmark	2	FC Copenhagen	5	Martin Vingaard	2	32	73	Unknown	71	68	70	55	0	0	4761000	260000	eu:martinvingaard	FIFA11_RATING_EST_AGE_ECONOMY
P	eu_denmark	2	FC Copenhagen	6	Mathias Jørgensen	1	25	73	Unknown	85	65	67	55	0	0	4761000	260000	eu:mathiasjrgensen	FIFA11_RATING_EST_AGE_ECONOMY
P	eu_denmark	2	FC Copenhagen	7	Zdeněk Pospěch	1	29	73	Unknown	74	69	65	55	0	0	4761000	260000	eu:zdenekpospech	FIFA11_RATING_EST_AGE_ECONOMY
P	eu_denmark	2	FC Copenhagen	8	César Santin	3	30	72	Unknown	79	68	68	55	0	0	4356000	240000	eu:cesarsantin	FIFA11_RATING_EST_AGE_ECONOMY
P	eu_denmark	2	FC Copenhagen	9	Mikael Antonsson	1	24	72	Unknown	68	80	64	55	0	0	4356000	240000	eu:mikaelantonsson	FIFA11_RATING_EST_AGE_ECONOMY
P	eu_denmark	2	FC Copenhagen	10	Claudemir	2	30	71	Unknown	73	68	69	55	0	0	3969000	220000	eu:claudemir	FIFA11_RATING_EST_AGE_ECONOMY
P	eu_denmark	2	FC Copenhagen	11	Cristian Bolaños	2	33	71	Unknown	78	46	70	55	0	0	3969000	220000	eu:cristianbolanos	FIFA11_RATING_EST_AGE_ECONOMY
P	eu_denmark	2	FC Copenhagen	12	Martin Bergvold	2	31	71	Unknown	53	68	58	55	0	0	3969000	220000	eu:martinbergvold	FIFA11_RATING_EST_AGE_ECONOMY
P	eu_denmark	2	FC Copenhagen	13	Morten Nordstrand	3	30	71	Unknown	72	77	69	55	0	0	3969000	220000	eu:mortennordstrand	FIFA11_RATING_EST_AGE_ECONOMY
P	eu_denmark	2	FC Copenhagen	14	Hjalte Nørregaard	2	21	66	Unknown	70	63	61	55	0	0	2304000	120000	eu:hjaltenrregaard	ESTIMATED
P	eu_denmark	2	FC Copenhagen	15	Peter Larsson	1	26	70	Unknown	75	63	63	55	0	0	3600000	200000	eu:peterlarsson	FIFA11_RATING_EST_AGE_ECONOMY
P	eu_denmark	2	FC Copenhagen	16	Thomas Kristensen	2	23	67	Unknown	54	76	59	55	0	0	2601000	140000	eu:thomaskristensen	FIFA11_RATING_EST_AGE_ECONOMY
P	eu_denmark	2	FC Copenhagen	17	Thomas Delaney	2	29	63	Unknown	65	68	46	55	0	0	1521000	80000	eu:thomasdelaney	FIFA11_RATING_EST_AGE_ECONOMY
P	eu_denmark	2	FC Copenhagen	18	Søren Frederiksen	3	30	57	Unknown	51	56	55	55	0	0	441000	50000	eu:srenfrederiksen	FIFA11_RATING_EST_AGE_ECONOMY
T	eu_denmark	3	FC Nordsjælland	-1		-1	2010	0	Denmark	0	0	0	55	55	2	0	0	eu_denmark:3	REGISTRY
P	eu_denmark	3	FC Nordsjælland	0	Anders Due	2	33	69	Unknown	69	68	63	55	0	0	3249000	180000	eu:andersdue	FIFA11_RATING_EST_AGE_ECONOMY
P	eu_denmark	3	FC Nordsjælland	1	Nicolai Stokholm	2	21	68	Unknown	65	66	60	55	0	0	2916000	160000	eu:nicolaistokholm	FIFA11_RATING_EST_AGE_ECONOMY
P	eu_denmark	3	FC Nordsjælland	2	Andreas Laudrup	3	23	66	Unknown	59	48	60	55	0	0	2304000	120000	eu:andreaslaudrup	FIFA11_RATING_EST_AGE_ECONOMY
P	eu_denmark	3	FC Nordsjælland	3	Michael Parkhurst	1	23	66	Unknown	65	46	64	55	0	0	2304000	120000	eu:michaelparkhurst	FIFA11_RATING_EST_AGE_ECONOMY
P	eu_denmark	3	FC Nordsjælland	4	Rawez Lawan	3	21	66	Unknown	71	56	65	55	0	0	2304000	120000	eu:rawezlawan	FIFA11_RATING_EST_AGE_ECONOMY
P	eu_denmark	3	FC Nordsjælland	5	Bajram Fetai	3	29	65	Unknown	81	59	59	55	0	0	2025000	110000	eu:bajramfetai	FIFA11_RATING_EST_AGE_ECONOMY
P	eu_denmark	3	FC Nordsjælland	6	Patrice Bernier	2	33	63	Unknown	69	69	50	55	0	0	1521000	80000	eu:patricebernier	FIFA11_RATING_EST_AGE_ECONOMY
P	eu_denmark	3	FC Nordsjælland	7	Andreas Bjelland	1	21	61	Unknown	65	44	57	55	0	0	1089000	60000	eu:andreasbjelland	FIFA11_RATING_EST_AGE_ECONOMY
P	eu_denmark	3	FC Nordsjælland	8	Henrik Kildentoft	1	27	61	Unknown	63	62	57	55	0	0	1089000	60000	eu:henrikkildentoft	FIFA11_RATING_EST_AGE_ECONOMY
P	eu_denmark	3	FC Nordsjælland	9	Pierre Bengtsson	1	32	61	Unknown	59	56	51	55	0	0	1089000	60000	eu:pierrebengtsson	FIFA11_RATING_EST_AGE_ECONOMY
P	eu_denmark	3	FC Nordsjælland	10	Søren Christensen	2	27	61	Unknown	82	62	57	55	0	0	1089000	60000	eu:srenchristensen	FIFA11_RATING_EST_AGE_ECONOMY
P	eu_denmark	3	FC Nordsjælland	11	Matti Lund Nielsen	2	33	60	Unknown	66	62	41	55	0	0	900000	50000	eu:mattilundnielsen	FIFA11_RATING_EST_AGE_ECONOMY
P	eu_denmark	3	FC Nordsjælland	12	Tobias Mikkelsen	3	26	59	Unknown	61	58	55	55	0	0	729000	50000	eu:tobiasmikkelsen	FIFA11_RATING_EST_AGE_ECONOMY
P	eu_denmark	3	FC Nordsjælland	13	Andreas Granskov	2	24	68	Unknown	62	61	62	55	0	0	2916000	160000	eu:andreasgranskov	ESTIMATED
P	eu_denmark	3	FC Nordsjælland	14	Mads Thomsen	3	20	57	Unknown	65	46	54	55	0	0	441000	50000	eu:madsthomsen	FIFA11_RATING_EST_AGE_ECONOMY
T	eu_denmark	4	Odense BK	-1		-1	2010	0	Denmark	0	0	0	55	55	2	0	0	eu_denmark:4	REGISTRY
P	eu_denmark	4	Odense BK	0	Peter Utaka	3	27	73	Unknown	69	69	68	55	0	0	4761000	260000	eu:peterutaka	FIFA11_RATING_EST_AGE_ECONOMY
P	eu_denmark	4	Odense BK	1	Eric Djemba-Djemba	2	24	72	Unknown	76	54	74	55	0	0	4356000	240000	eu:ericdjembadjemba	FIFA11_RATING_EST_AGE_ECONOMY
P	eu_denmark	4	Odense BK	2	Atle Roar Håland	1	30	71	Unknown	59	72	57	55	0	0	3969000	220000	eu:atleroarhaland	FIFA11_RATING_EST_AGE_ECONOMY
P	eu_denmark	4	Odense BK	3	Chris Sørensen	1	20	70	Unknown	88	73	60	55	0	0	3600000	200000	eu:chrissrensen	FIFA11_RATING_EST_AGE_ECONOMY
P	eu_denmark	4	Odense BK	4	Espen Ruud	1	22	70	Unknown	65	54	70	55	0	0	3600000	200000	eu:espenruud	FIFA11_RATING_EST_AGE_ECONOMY
P	eu_denmark	4	Odense BK	5	Johan Absalonsen	3	26	70	Unknown	61	70	56	55	0	0	3600000	200000	eu:johanabsalonsen	FIFA11_RATING_EST_AGE_ECONOMY
P	eu_denmark	4	Odense BK	6	Anders Møller Christensen	1	23	62	Unknown	55	58	67	55	0	0	1296000	70000	eu:andersmllerchristensen	ESTIMATED
P	eu_denmark	4	Odense BK	7	Cacá	2	24	69	Unknown	82	54	66	55	0	0	3249000	180000	eu:caca	FIFA11_RATING_EST_AGE_ECONOMY
P	eu_denmark	4	Odense BK	8	Andreas Johansson	2	32	68	Unknown	68	62	68	55	0	0	2916000	160000	eu:andreasjohansson	FIFA11_RATING_EST_AGE_ECONOMY
P	eu_denmark	4	Odense BK	9	Hans Henrik Andreasen	2	33	68	Unknown	79	66	69	55	0	0	2916000	160000	eu:hanshenrikandreasen	FIFA11_RATING_EST_AGE_ECONOMY
P	eu_denmark	4	Odense BK	10	Rurik Gíslason	2	21	68	Unknown	67	70	58	55	0	0	2916000	160000	eu:rurikgislason	FIFA11_RATING_EST_AGE_ECONOMY
P	eu_denmark	4	Odense BK	11	Njogu Demba-Nyrén	3	26	67	Unknown	74	58	66	55	0	0	2601000	140000	eu:njogudembanyren	FIFA11_RATING_EST_AGE_ECONOMY
P	eu_denmark	4	Odense BK	12	Jonas Troest	2	23	65	Unknown	64	68	44	55	0	0	2025000	110000	eu:jonastroest	FIFA11_RATING_EST_AGE_ECONOMY
P	eu_denmark	4	Odense BK	13	Thomas Helveg	1	26	64	Unknown	73	69	61	55	0	0	1764000	90000	eu:thomashelveg	FIFA11_RATING_EST_AGE_ECONOMY
P	eu_denmark	4	Odense BK	14	Henrik Toft	3	28	63	Unknown	74	55	56	55	0	0	1521000	80000	eu:henriktoft	FIFA11_RATING_EST_AGE_ECONOMY
P	eu_denmark	4	Odense BK	15	Timmi Johansen	1	33	60	Unknown	59	58	59	55	0	0	900000	50000	eu:timmijohansen	FIFA11_RATING_EST_AGE_ECONOMY
T	eu_denmark	5	Brøndby IF	-1		-1	2010	0	Denmark	0	0	0	55	55	2	0	0	eu_denmark:5	REGISTRY
P	eu_denmark	5	Brøndby IF	0	Michael Krohn-Dehli	2	21	73	Unknown	80	62	70	55	0	0	4761000	260000	eu:michaelkrohndehli	FIFA11_RATING_EST_AGE_ECONOMY
P	eu_denmark	5	Brøndby IF	1	Max von Schlebrügge	1	23	71	Unknown	67	76	66	55	0	0	3969000	220000	eu:maxvonschlebrugge	FIFA11_RATING_EST_AGE_ECONOMY
P	eu_denmark	5	Brøndby IF	2	Martin Bernburg	3	27	70	Unknown	67	68	66	55	0	0	3600000	200000	eu:martinbernburg	FIFA11_RATING_EST_AGE_ECONOMY
P	eu_denmark	5	Brøndby IF	3	Alexander Farnerud	2	28	68	Unknown	68	84	58	55	0	0	2916000	160000	eu:alexanderfarnerud	FIFA11_RATING_EST_AGE_ECONOMY
P	eu_denmark	5	Brøndby IF	4	Mikael Nilsson	1	20	68	Unknown	75	70	63	55	0	0	2916000	160000	eu:mikaelnilsson	FIFA11_RATING_EST_AGE_ECONOMY
P	eu_denmark	5	Brøndby IF	5	Mike Jensen	2	29	68	Unknown	69	62	66	55	0	0	2916000	160000	eu:mikejensen	FIFA11_RATING_EST_AGE_ECONOMY
P	eu_denmark	5	Brøndby IF	6	Ousman Jallow	3	33	67	Unknown	66	74	52	55	0	0	2601000	140000	eu:ousmanjallow	FIFA11_RATING_EST_AGE_ECONOMY
P	eu_denmark	5	Brøndby IF	7	Remco van der Schaaf	2	29	67	Unknown	60	60	63	55	0	0	2601000	140000	eu:remcovanderschaaf	FIFA11_RATING_EST_AGE_ECONOMY
P	eu_denmark	5	Brøndby IF	8	Stefán Gíslason	2	27	67	Unknown	65	58	68	55	0	0	2601000	140000	eu:stefangislason	FIFA11_RATING_EST_AGE_ECONOMY
P	eu_denmark	5	Brøndby IF	9	Jan Kristiansen	2	25	66	Unknown	64	64	58	55	0	0	2304000	120000	eu:jankristiansen	FIFA11_RATING_EST_AGE_ECONOMY
P	eu_denmark	5	Brøndby IF	10	Mikkel Bischoff	1	28	66	Unknown	74	63	54	55	0	0	2304000	120000	eu:mikkelbischoff	FIFA11_RATING_EST_AGE_ECONOMY
P	eu_denmark	5	Brøndby IF	11	Peter Madsen	3	31	65	Unknown	67	66	64	55	0	0	2025000	110000	eu:petermadsen	FIFA11_RATING_EST_AGE_ECONOMY
P	eu_denmark	5	Brøndby IF	12	Thomas Rasmussen	1	25	65	Unknown	76	59	64	55	0	0	2025000	110000	eu:thomasrasmussen	FIFA11_RATING_EST_AGE_ECONOMY
P	eu_denmark	5	Brøndby IF	13	Anders Randrup	1	32	64	Unknown	70	56	66	55	0	0	1764000	90000	eu:andersrandrup	FIFA11_RATING_EST_AGE_ECONOMY
P	eu_denmark	5	Brøndby IF	14	Jan Frederiksen	1	31	63	Unknown	68	68	49	55	0	0	1521000	80000	eu:janfrederiksen	FIFA11_RATING_EST_AGE_ECONOMY
P	eu_denmark	5	Brøndby IF	15	Paul Jatta	2	22	58	Unknown	69	53	56	55	0	0	576000	50000	eu:pauljatta	FIFA11_RATING_EST_AGE_ECONOMY
P	eu_denmark	5	Brøndby IF	16	Nicolaj Agger	3	30	57	Unknown	42	66	52	55	0	0	441000	50000	eu:nicolajagger	FIFA11_RATING_EST_AGE_ECONOMY
T	eu_finland	0	HJK Helsinki	-1		-1	2010	0	Finland	0	0	0	55	55	2	0	0	eu_finland:0	REGISTRY
P	eu_finland	0	HJK Helsinki	0	Ville Wallén	0	21	64	Unknown	57	67	64	55	0	0	1764000	90000	eu:villewallen	ESTIMATED
P	eu_finland	0	HJK Helsinki	1	Tuomas Kansikas	0	23	66	Unknown	69	71	66	55	0	0	2304000	120000	eu:tuomaskansikas	ESTIMATED
P	eu_finland	0	HJK Helsinki	2	Sebastian Sorsa	1	33	63	Unknown	67	68	57	55	0	0	1521000	80000	eu:sebastiansorsa	ESTIMATED
P	eu_finland	0	HJK Helsinki	3	Mathias Lindström	1	27	59	Unknown	58	64	56	55	0	0	729000	50000	eu:mathiaslindstrom	ESTIMATED
P	eu_finland	0	HJK Helsinki	4	Cheyne Fowler	1	21	62	Unknown	68	63	60	55	0	0	1296000	70000	eu:cheynefowler	ESTIMATED
P	eu_finland	0	HJK Helsinki	5	Medo	1	21	63	Unknown	59	63	61	55	0	0	1521000	80000	eu:medo	ESTIMATED
P	eu_finland	0	HJK Helsinki	6	Dawda Bah	1	23	62	Unknown	53	57	59	55	0	0	1296000	70000	eu:dawdabah	ESTIMATED
P	eu_finland	0	HJK Helsinki	7	Aki Riihilahti	1	26	59	Unknown	58	53	60	55	0	0	729000	50000	eu:akiriihilahti	ESTIMATED
P	eu_finland	0	HJK Helsinki	8	Juho Mäkelä	2	25	58	Unknown	61	60	58	55	0	0	576000	50000	eu:juhomakela	ESTIMATED
P	eu_finland	0	HJK Helsinki	9	Akseli Pelvas	2	32	65	Unknown	68	70	65	55	0	0	2025000	110000	eu:akselipelvas	ESTIMATED
P	eu_finland	0	HJK Helsinki	10	Jarno Parikka	2	23	58	Unknown	56	55	62	55	0	0	576000	50000	eu:jarnoparikka	ESTIMATED
P	eu_finland	0	HJK Helsinki	11	Teemu Pukki	2	26	61	Unknown	64	61	59	55	0	0	1089000	60000	eu:teemupukki	ESTIMATED
P	eu_finland	0	HJK Helsinki	12	Berat Sadik	2	33	65	Unknown	57	62	67	55	0	0	2025000	110000	eu:beratsadik	ESTIMATED
P	eu_finland	0	HJK Helsinki	13	Mikko Sumusalo	2	29	58	Unknown	64	65	57	55	0	0	576000	50000	eu:mikkosumusalo	ESTIMATED
P	eu_finland	0	HJK Helsinki	14	Valtteri Moren	2	21	64	Unknown	72	69	58	55	0	0	1764000	90000	eu:valtterimoren	ESTIMATED
P	eu_finland	0	HJK Helsinki	15	Erfan Zeneli	3	31	65	Unknown	74	67	69	55	0	0	2025000	110000	eu:erfanzeneli	ESTIMATED
P	eu_finland	0	HJK Helsinki	16	Alexander Ring	3	26	59	Unknown	58	66	56	55	0	0	729000	50000	eu:alexanderring	ESTIMATED
T	eu_greece	0	AEK Athens	-1		-1	2010	0	Greece	0	0	0	55	55	2	0	0	eu_greece:0	REGISTRY
P	eu_greece	0	AEK Athens	0	Sebastián Saja	0	32	62	Unknown	69	68	56	55	0	0	1296000	70000	eu:sebastiansaja	ESTIMATED
P	eu_greece	0	AEK Athens	1	Rafik Djebbour	0	33	68	Unknown	76	66	62	55	0	0	2916000	160000	eu:rafikdjebbour	ESTIMATED
P	eu_greece	0	AEK Athens	2	Ismael Blanco	3	23	76	Unknown	80	66	75	55	0	0	6084000	330000	eu:ismaelblanco	FIFA11_RATING_EST_AGE_ECONOMY
P	eu_greece	0	AEK Athens	3	Nikos Liberopoulos	3	22	76	Unknown	80	64	74	55	0	0	6084000	330000	eu:nikosliberopoulos	FIFA11_RATING_EST_AGE_ECONOMY
P	eu_greece	0	AEK Athens	4	Papa Bouba Diop	2	31	75	Unknown	78	76	74	55	0	0	5625000	310000	eu:papaboubadiop	FIFA11_RATING_EST_AGE_ECONOMY
P	eu_greece	0	AEK Athens	5	Traianos Dellas	1	32	73	Unknown	74	76	71	55	0	0	4761000	260000	eu:traianosdellas	FIFA11_RATING_EST_AGE_ECONOMY
P	eu_greece	0	AEK Athens	6	Pantelis Kafes	2	28	72	Unknown	71	72	70	55	0	0	4356000	240000	eu:panteliskafes	FIFA11_RATING_EST_AGE_ECONOMY
P	eu_greece	0	AEK Athens	7	Roger Guerreiro	1	26	64	Unknown	71	60	58	55	0	0	1764000	90000	eu:rogerguerreiro	ESTIMATED
P	eu_greece	0	AEK Athens	8	Christos Patsatzoglou	1	20	69	Unknown	68	70	64	55	0	0	3249000	180000	eu:christospatsatzoglou	FIFA11_RATING_EST_AGE_ECONOMY
P	eu_greece	0	AEK Athens	9	Grigoris Makos	2	26	68	Unknown	61	74	45	55	0	0	2916000	160000	eu:grigorismakos	FIFA11_RATING_EST_AGE_ECONOMY
P	eu_greece	0	AEK Athens	10	Nacho Scocco	2	32	63	Unknown	59	66	69	55	0	0	1521000	80000	eu:nachoscocco	ESTIMATED
P	eu_greece	0	AEK Athens	11	Leonardo	2	21	63	Unknown	54	66	63	55	0	0	1521000	80000	eu:leonardo	ESTIMATED
P	eu_greece	0	AEK Athens	12	Cristian Nasuti	2	26	67	Unknown	76	61	63	55	0	0	2601000	140000	eu:cristiannasuti	ESTIMATED
P	eu_greece	0	AEK Athens	13	Giorgos Manolas	2	26	64	Unknown	57	60	69	55	0	0	1764000	90000	eu:giorgosmanolas	ESTIMATED
P	eu_greece	0	AEK Athens	14	Nikos Georgeas	2	32	63	Unknown	55	66	68	55	0	0	1521000	80000	eu:nikosgeorgeas	ESTIMATED
P	eu_greece	0	AEK Athens	15	Carlos Araujo	3	20	63	Unknown	65	60	67	55	0	0	1521000	80000	eu:carlosaraujo	ESTIMATED
T	eu_greece	1	Aris Thessaloniki	-1		-1	2010	0	Greece	0	0	0	55	55	2	0	0	eu_greece:1	REGISTRY
P	eu_greece	1	Aris Thessaloniki	0	Michalis Sifakis	0	26	60	Unknown	67	58	56	55	0	0	900000	50000	eu:michalissifakis	ESTIMATED
P	eu_greece	1	Aris Thessaloniki	1	Markos Vellidis	0	31	65	Unknown	63	72	59	55	0	0	2025000	110000	eu:markosvellidis	ESTIMATED
P	eu_greece	1	Aris Thessaloniki	2	Michal Peškovič	1	31	64	Unknown	65	68	69	55	0	0	1764000	90000	eu:michalpeskovic	ESTIMATED
P	eu_greece	1	Aris Thessaloniki	3	Ronaldo Guiaro	1	31	66	Unknown	58	64	62	55	0	0	2304000	120000	eu:ronaldoguiaro	ESTIMATED
P	eu_greece	1	Aris Thessaloniki	4	Kristi Vangjeli	1	21	68	Unknown	73	73	67	55	0	0	2916000	160000	eu:kristivangjeli	ESTIMATED
P	eu_greece	1	Aris Thessaloniki	5	Neto	1	26	65	Unknown	70	62	60	55	0	0	2025000	110000	eu:neto	ESTIMATED
P	eu_greece	1	Aris Thessaloniki	6	Nikolaos Lazaridis	1	25	63	Unknown	55	56	63	55	0	0	1521000	80000	eu:nikolaoslazaridis	ESTIMATED
P	eu_greece	1	Aris Thessaloniki	7	Juan Carlos Toja	1	23	65	Unknown	60	72	68	55	0	0	2025000	110000	eu:juancarlostoja	ESTIMATED
P	eu_greece	1	Aris Thessaloniki	8	Ricardo Faty	2	25	63	Unknown	64	65	63	55	0	0	1521000	80000	eu:ricardofaty	ESTIMATED
P	eu_greece	1	Aris Thessaloniki	9	Mehdi Nafti	2	20	66	Unknown	71	72	67	55	0	0	2304000	120000	eu:mehdinafti	ESTIMATED
P	eu_greece	1	Aris Thessaloniki	10	Javito	2	20	66	Unknown	64	70	65	55	0	0	2304000	120000	eu:javito	ESTIMATED
P	eu_greece	1	Aris Thessaloniki	11	Toni Calvo	2	22	63	Unknown	63	70	66	55	0	0	1521000	80000	eu:tonicalvo	ESTIMATED
P	eu_greece	1	Aris Thessaloniki	12	Danijel Cesarec	2	23	61	Unknown	60	63	55	55	0	0	1089000	60000	eu:danijelcesarec	ESTIMATED
P	eu_greece	1	Aris Thessaloniki	13	Nery Castillo	2	29	61	Unknown	57	59	65	55	0	0	1089000	60000	eu:nerycastillo	ESTIMATED
P	eu_greece	1	Aris Thessaloniki	14	Carlos Ruiz	2	29	61	Unknown	69	65	58	55	0	0	1089000	60000	eu:carlosruiz	ESTIMATED
P	eu_greece	1	Aris Thessaloniki	15	Sakata Daisuke	3	20	66	Unknown	70	66	67	55	0	0	2304000	120000	eu:sakatadaisuke	ESTIMATED
P	eu_greece	1	Aris Thessaloniki	16	Kostas Mendrinos	3	32	60	Unknown	65	56	60	55	0	0	900000	50000	eu:kostasmendrinos	ESTIMATED
T	eu_greece	2	Asteras Tripolis	-1		-1	2010	0	Greece	0	0	0	55	55	2	0	0	eu_greece:2	REGISTRY
P	eu_greece	2	Asteras Tripolis	0	Matías Degra	0	27	64	Unknown	62	58	70	55	0	0	1764000	90000	eu:matiasdegra	ESTIMATED
P	eu_greece	2	Asteras Tripolis	1	Nikos Anastasopoulos	0	24	65	Unknown	72	69	69	55	0	0	2025000	110000	eu:nikosanastasopoulos	ESTIMATED
P	eu_greece	2	Asteras Tripolis	2	Rubén Pulido	1	23	62	Unknown	65	57	58	55	0	0	1296000	70000	eu:rubenpulido	ESTIMATED
P	eu_greece	2	Asteras Tripolis	3	Sebastián Bartolini	1	33	60	Unknown	60	62	63	55	0	0	900000	50000	eu:sebastianbartolini	ESTIMATED
P	eu_greece	2	Asteras Tripolis	4	Bruno Urribarri	1	24	68	Unknown	59	65	64	55	0	0	2916000	160000	eu:brunourribarri	ESTIMATED
P	eu_greece	2	Asteras Tripolis	5	Ximo Navarro	1	31	68	Unknown	60	72	72	55	0	0	2916000	160000	eu:ximonavarro	ESTIMATED
P	eu_greece	2	Asteras Tripolis	6	Christos Pipinis	1	30	68	Unknown	69	62	71	55	0	0	2916000	160000	eu:christospipinis	ESTIMATED
P	eu_greece	2	Asteras Tripolis	7	Horacio Cardozo	1	29	65	Unknown	72	69	62	55	0	0	2025000	110000	eu:horaciocardozo	ESTIMATED
P	eu_greece	2	Asteras Tripolis	8	Fernando Usero	2	31	65	Unknown	64	65	64	55	0	0	2025000	110000	eu:fernandousero	ESTIMATED
P	eu_greece	2	Asteras Tripolis	9	Sebastián Carrera	2	28	68	Unknown	69	64	67	55	0	0	2916000	160000	eu:sebastiancarrera	ESTIMATED
P	eu_greece	2	Asteras Tripolis	10	Rogerio Martins	2	21	68	Unknown	77	67	66	55	0	0	2916000	160000	eu:rogeriomartins	ESTIMATED
P	eu_greece	2	Asteras Tripolis	11	Frédéric Nimani	2	31	64	Unknown	66	64	63	55	0	0	1764000	90000	eu:fredericnimani	ESTIMATED
P	eu_greece	2	Asteras Tripolis	12	Daniel Césarec	2	27	62	Unknown	65	64	60	55	0	0	1296000	70000	eu:danielcesarec	ESTIMATED
P	eu_greece	2	Asteras Tripolis	13	Emmanuel Perrone	2	28	66	Unknown	64	69	66	55	0	0	2304000	120000	eu:emmanuelperrone	ESTIMATED
P	eu_greece	2	Asteras Tripolis	14	Lucio Filomeno	2	26	65	Unknown	68	69	60	55	0	0	2025000	110000	eu:luciofilomeno	ESTIMATED
P	eu_greece	2	Asteras Tripolis	15	Rayo	3	33	66	Unknown	62	73	64	55	0	0	2304000	120000	eu:rayo	ESTIMATED
T	eu_greece	3	Olympiacos	-1		-1	2010	0	Greece	0	0	0	55	55	2	0	0	eu_greece:3	REGISTRY
P	eu_greece	3	Olympiacos	0	Olof Mellberg	1	28	79	Unknown	77	73	79	55	0	0	7569000	420000	eu:olofmellberg	FIFA11_RATING_EST_AGE_ECONOMY
P	eu_greece	3	Olympiacos	1	Albert Riera	0	25	65	Unknown	66	61	65	55	0	0	2025000	110000	eu:albertriera	ESTIMATED
P	eu_greece	3	Olympiacos	2	Vassilis Torosidis	1	20	79	Unknown	70	86	64	55	0	0	7569000	420000	eu:vassilistorosidis	FIFA11_RATING_EST_AGE_ECONOMY
P	eu_greece	3	Olympiacos	3	Ariel Ibagaza	2	21	78	Unknown	65	83	71	55	0	0	7056000	390000	eu:arielibagaza	FIFA11_RATING_EST_AGE_ECONOMY
P	eu_greece	3	Olympiacos	4	Dudu Cearense	2	20	78	Unknown	74	77	70	55	0	0	7056000	390000	eu:duducearense	FIFA11_RATING_EST_AGE_ECONOMY
P	eu_greece	3	Olympiacos	5	Marko Pantelić	3	27	77	Unknown	92	51	74	55	0	0	6561000	360000	eu:markopantelic	FIFA11_RATING_EST_AGE_ECONOMY
P	eu_greece	3	Olympiacos	6	Moisés Hurtado	2	30	77	Unknown	61	67	75	55	0	0	6561000	360000	eu:moiseshurtado	FIFA11_RATING_EST_AGE_ECONOMY
P	eu_greece	3	Olympiacos	7	Kostas Mitroglou	1	27	68	Unknown	76	65	72	55	0	0	2916000	160000	eu:kostasmitroglou	ESTIMATED
P	eu_greece	3	Olympiacos	8	Raúl Bravo	1	27	75	Unknown	74	73	72	55	0	0	5625000	310000	eu:raulbravo	FIFA11_RATING_EST_AGE_ECONOMY
P	eu_greece	3	Olympiacos	9	David Fuster	2	33	74	Unknown	84	48	71	55	0	0	5184000	280000	eu:davidfuster	FIFA11_RATING_EST_AGE_ECONOMY
P	eu_greece	3	Olympiacos	10	Dennis Rommedahl	3	20	74	Unknown	76	46	75	55	0	0	5184000	280000	eu:dennisrommedahl	FIFA11_RATING_EST_AGE_ECONOMY
P	eu_greece	3	Olympiacos	11	François Modesto	2	22	70	Unknown	61	68	75	55	0	0	3600000	200000	eu:francoismodesto	ESTIMATED
P	eu_greece	3	Olympiacos	12	Kevin Mirallas	3	21	72	Unknown	62	74	52	55	0	0	4356000	240000	eu:kevinmirallas	FIFA11_RATING_EST_AGE_ECONOMY
P	eu_greece	3	Olympiacos	13	Krisztián Németh	3	31	71	Unknown	68	73	65	55	0	0	3969000	220000	eu:krisztiannemeth	FIFA11_RATING_EST_AGE_ECONOMY
P	eu_greece	3	Olympiacos	14	Georgios Galitsios	1	31	70	Unknown	66	54	73	55	0	0	3600000	200000	eu:georgiosgalitsios	FIFA11_RATING_EST_AGE_ECONOMY
P	eu_greece	3	Olympiacos	15	José Holebas	1	20	67	Unknown	80	60	63	55	0	0	2601000	140000	eu:joseholebas	FIFA11_RATING_EST_AGE_ECONOMY
T	eu_greece	4	PAOK	-1		-1	2010	0	Greece	0	0	0	55	55	2	0	0	eu_greece:4	REGISTRY
P	eu_greece	4	PAOK	0	Dimitris Salpigidis	3	23	79	Unknown	85	78	73	55	0	0	7569000	420000	eu:dimitrissalpigidis	FIFA11_RATING_EST_AGE_ECONOMY
P	eu_greece	4	PAOK	1	Vieirinha	3	27	79	Unknown	83	70	76	55	0	0	7569000	420000	eu:vieirinha	FIFA11_RATING_EST_AGE_ECONOMY
P	eu_greece	4	PAOK	2	Zlatan Muslimović	3	20	77	Unknown	76	76	63	55	0	0	6561000	360000	eu:zlatanmuslimovic	FIFA11_RATING_EST_AGE_ECONOMY
P	eu_greece	4	PAOK	3	Bruno Cirillo	1	32	75	Unknown	80	76	71	55	0	0	5625000	310000	eu:brunocirillo	FIFA11_RATING_EST_AGE_ECONOMY
P	eu_greece	4	PAOK	4	Lino	1	21	74	Unknown	69	79	59	55	0	0	5184000	280000	eu:lino	FIFA11_RATING_EST_AGE_ECONOMY
P	eu_greece	4	PAOK	5	Pablo García	2	23	74	Unknown	61	76	53	55	0	0	5184000	280000	eu:pablogarcia	FIFA11_RATING_EST_AGE_ECONOMY
P	eu_greece	4	PAOK	6	Nabil El Zhar	3	33	73	Unknown	74	68	67	55	0	0	4761000	260000	eu:nabilelzhar	FIFA11_RATING_EST_AGE_ECONOMY
P	eu_greece	4	PAOK	7	Mirko Savini	1	27	72	Unknown	60	83	63	55	0	0	4356000	240000	eu:mirkosavini	FIFA11_RATING_EST_AGE_ECONOMY
P	eu_greece	4	PAOK	8	Vitolo	2	22	72	Unknown	74	44	71	55	0	0	4356000	240000	eu:vitolo	FIFA11_RATING_EST_AGE_ECONOMY
P	eu_greece	4	PAOK	9	Cristiano	3	29	70	Unknown	69	64	66	55	0	0	3600000	200000	eu:cristiano	FIFA11_RATING_EST_AGE_ECONOMY
P	eu_greece	4	PAOK	10	Francisco Zuela	1	26	68	Unknown	84	48	67	55	0	0	2916000	160000	eu:franciscozuela	FIFA11_RATING_EST_AGE_ECONOMY
P	eu_greece	4	PAOK	11	Dario Krešić	2	22	67	Unknown	72	64	65	55	0	0	2601000	140000	eu:dariokresic	ESTIMATED
P	eu_greece	4	PAOK	12	Pablo Contreras	2	29	62	Unknown	57	64	68	55	0	0	1296000	70000	eu:pablocontreras	ESTIMATED
P	eu_greece	4	PAOK	13	Stelios Malezas	2	25	70	Unknown	64	70	65	55	0	0	3600000	200000	eu:steliosmalezas	ESTIMATED
P	eu_greece	4	PAOK	14	Kostas Chalkias	2	26	62	Unknown	62	62	59	55	0	0	1296000	70000	eu:kostaschalkias	ESTIMATED
P	eu_greece	4	PAOK	15	Stefanos Athanasiadis	3	22	66	Unknown	57	69	61	55	0	0	2304000	120000	eu:stefanosathanasiadis	ESTIMATED
T	eu_greece	5	Panathinaikos	-1		-1	2010	0	Greece	0	0	0	55	55	2	0	0	eu_greece:5	REGISTRY
P	eu_greece	5	Panathinaikos	0	Djibril Cissé	3	29	80	Unknown	83	74	79	55	0	0	8100000	450000	eu:djibrilcisse	FIFA11_RATING_EST_AGE_ECONOMY
P	eu_greece	5	Panathinaikos	1	Sidney Govou	3	27	80	Unknown	72	68	79	55	0	0	8100000	450000	eu:sidneygovou	FIFA11_RATING_EST_AGE_ECONOMY
P	eu_greece	5	Panathinaikos	2	Gilberto Silva	2	23	78	Unknown	62	80	58	55	0	0	7056000	390000	eu:gilbertosilva	FIFA11_RATING_EST_AGE_ECONOMY
P	eu_greece	5	Panathinaikos	3	Giorgos Karagounis	1	22	65	Unknown	60	69	61	55	0	0	2025000	110000	eu:giorgoskaragounis	ESTIMATED
P	eu_greece	5	Panathinaikos	4	Kostas Katsouranis	1	26	68	Unknown	77	73	65	55	0	0	2916000	160000	eu:kostaskatsouranis	ESTIMATED
P	eu_greece	5	Panathinaikos	5	Sebastián Leto	3	24	78	Unknown	67	80	59	55	0	0	7056000	390000	eu:sebastianleto	FIFA11_RATING_EST_AGE_ECONOMY
P	eu_greece	5	Panathinaikos	6	Sotiris Ninis	2	26	77	Unknown	79	66	75	55	0	0	6561000	360000	eu:sotirisninis	FIFA11_RATING_EST_AGE_ECONOMY
P	eu_greece	5	Panathinaikos	7	Jean-Alain Boumsong	1	25	76	Unknown	78	78	70	55	0	0	6084000	330000	eu:jeanalainboumsong	FIFA11_RATING_EST_AGE_ECONOMY
P	eu_greece	5	Panathinaikos	8	Luis García	3	30	74	Unknown	79	64	72	55	0	0	5184000	280000	eu:luisgarcia	FIFA11_RATING_EST_AGE_ECONOMY
P	eu_greece	5	Panathinaikos	9	Giourkas Seitaridis	1	27	73	Unknown	83	65	72	55	0	0	4761000	260000	eu:giourkasseitaridis	FIFA11_RATING_EST_AGE_ECONOMY
P	eu_greece	5	Panathinaikos	10	Loukas Vyntra	1	25	73	Unknown	74	74	66	55	0	0	4761000	260000	eu:loukasvyntra	FIFA11_RATING_EST_AGE_ECONOMY
P	eu_greece	5	Panathinaikos	11	Cédric Kanté	1	27	71	Unknown	64	76	54	55	0	0	3969000	220000	eu:cedrickante	FIFA11_RATING_EST_AGE_ECONOMY
P	eu_greece	5	Panathinaikos	12	Nikos Spyropoulos	2	31	66	Unknown	69	66	70	55	0	0	2304000	120000	eu:nikosspyropoulos	ESTIMATED
P	eu_greece	5	Panathinaikos	13	Damien Plessis	2	25	69	Unknown	82	50	65	55	0	0	3249000	180000	eu:damienplessis	FIFA11_RATING_EST_AGE_ECONOMY
P	eu_greece	5	Panathinaikos	14	Alexandros Tzorvas	2	27	67	Unknown	72	74	71	55	0	0	2601000	140000	eu:alexandrostzorvas	ESTIMATED
P	eu_greece	5	Panathinaikos	15	Orestis Karnezis	3	25	67	Unknown	63	74	64	55	0	0	2601000	140000	eu:orestiskarnezis	ESTIMATED
P	eu_greece	5	Panathinaikos	16	Lazaros Christodoulopoulos	3	30	71	Unknown	76	70	71	55	0	0	3969000	220000	eu:lazaroschristodoulopoulos	ESTIMATED
T	eu_hungary	0	Debreceni VSC	-1		-1	2010	0	Hungary	0	0	0	55	55	2	0	0	eu_hungary:0	REGISTRY
P	eu_hungary	0	Debreceni VSC	0	Vukašin Poleksić	0	27	63	Unknown	57	62	57	55	0	0	1521000	80000	eu:vukasinpoleksic	ESTIMATED
P	eu_hungary	0	Debreceni VSC	1	Nenad Novaković	0	28	63	Unknown	62	62	69	55	0	0	1521000	80000	eu:nenadnovakovic	ESTIMATED
P	eu_hungary	0	Debreceni VSC	2	Mindaugas Malinauskas	1	31	66	Unknown	67	63	62	55	0	0	2304000	120000	eu:mindaugasmalinauskas	ESTIMATED
P	eu_hungary	0	Debreceni VSC	3	László Bodnár	1	28	66	Unknown	64	72	71	55	0	0	2304000	120000	eu:laszlobodnar	ESTIMATED
P	eu_hungary	0	Debreceni VSC	4	Norbert Mészáros	1	27	59	Unknown	56	58	61	55	0	0	729000	50000	eu:norbertmeszaros	ESTIMATED
P	eu_hungary	0	Debreceni VSC	5	Mirsad Mijadinoski	1	27	64	Unknown	71	64	70	55	0	0	1764000	90000	eu:mirsadmijadinoski	ESTIMATED
P	eu_hungary	0	Debreceni VSC	6	Ádám Komlósi	1	33	59	Unknown	55	57	55	55	0	0	729000	50000	eu:adamkomlosi	ESTIMATED
P	eu_hungary	0	Debreceni VSC	7	Zoltán Kiss	1	25	59	Unknown	67	57	55	55	0	0	729000	50000	eu:zoltankiss	ESTIMATED
P	eu_hungary	0	Debreceni VSC	8	Péter Szakály	2	31	61	Unknown	64	68	61	55	0	0	1089000	60000	eu:peterszakaly	ESTIMATED
P	eu_hungary	0	Debreceni VSC	9	József Varga	2	20	63	Unknown	56	59	60	55	0	0	1521000	80000	eu:jozsefvarga	ESTIMATED
P	eu_hungary	0	Debreceni VSC	10	Zoltán Szélesi	2	30	58	Unknown	66	54	62	55	0	0	576000	50000	eu:zoltanszelesi	ESTIMATED
P	eu_hungary	0	Debreceni VSC	11	Adamo Coulibaly	2	33	64	Unknown	57	62	65	55	0	0	1764000	90000	eu:adamocoulibaly	ESTIMATED
P	eu_hungary	0	Debreceni VSC	12	Tibor Dombi	2	20	58	Unknown	66	51	62	55	0	0	576000	50000	eu:tibordombi	ESTIMATED
P	eu_hungary	0	Debreceni VSC	13	László Rezes	2	25	65	Unknown	72	69	61	55	0	0	2025000	110000	eu:laszlorezes	ESTIMATED
P	eu_hungary	0	Debreceni VSC	14	Yannick Mbengono	2	32	66	Unknown	71	65	61	55	0	0	2304000	120000	eu:yannickmbengono	ESTIMATED
P	eu_hungary	0	Debreceni VSC	15	Péter Czvitkovics	3	32	66	Unknown	65	72	68	55	0	0	2304000	120000	eu:peterczvitkovics	ESTIMATED
P	eu_hungary	0	Debreceni VSC	16	Péter Kabát	3	22	58	Unknown	59	51	56	55	0	0	576000	50000	eu:peterkabat	ESTIMATED
P	eu_hungary	0	Debreceni VSC	17	Balázs Farkas	3	31	66	Unknown	60	62	66	55	0	0	2304000	120000	eu:balazsfarkas	ESTIMATED
P	eu_hungary	0	Debreceni VSC	18	Eugène Salami	3	20	63	Unknown	65	60	57	55	0	0	1521000	80000	eu:eugenesalami	ESTIMATED
T	eu_hungary	1	Videoton FC	-1		-1	2010	0	Hungary	0	0	0	55	55	2	0	0	eu_hungary:1	REGISTRY
P	eu_hungary	1	Videoton FC	0	Mladen Božović	0	22	66	Unknown	58	60	63	55	0	0	2304000	120000	eu:mladenbozovic	ESTIMATED
P	eu_hungary	1	Videoton FC	1	Zsolt Sebők	0	22	64	Unknown	73	68	62	55	0	0	1764000	90000	eu:zsoltsebok	ESTIMATED
P	eu_hungary	1	Videoton FC	2	Tomáš Tujvel	1	32	62	Unknown	68	67	67	55	0	0	1296000	70000	eu:tomastujvel	ESTIMATED
P	eu_hungary	1	Videoton FC	3	Gábor Horváth	1	23	64	Unknown	73	57	59	55	0	0	1764000	90000	eu:gaborhorvath	ESTIMATED
P	eu_hungary	1	Videoton FC	4	Zoltán Lipták	1	33	66	Unknown	61	72	60	55	0	0	2304000	120000	eu:zoltanliptak	ESTIMATED
P	eu_hungary	1	Videoton FC	5	Tamás Vaskó	1	24	62	Unknown	58	68	56	55	0	0	1296000	70000	eu:tamasvasko	ESTIMATED
P	eu_hungary	1	Videoton FC	6	Marko Andić	1	32	65	Unknown	73	65	69	55	0	0	2025000	110000	eu:markoandic	ESTIMATED
P	eu_hungary	1	Videoton FC	7	Ádám Présinger	1	28	61	Unknown	70	55	66	55	0	0	1089000	60000	eu:adampresinger	ESTIMATED
P	eu_hungary	1	Videoton FC	8	András Gosztonyi	2	27	59	Unknown	50	65	57	55	0	0	729000	50000	eu:andrasgosztonyi	ESTIMATED
P	eu_hungary	1	Videoton FC	9	Ákos Elek	2	31	61	Unknown	52	65	64	55	0	0	1089000	60000	eu:akoselek	ESTIMATED
P	eu_hungary	1	Videoton FC	10	György Sándor	2	21	58	Unknown	66	65	56	55	0	0	576000	50000	eu:gyorgysandor	ESTIMATED
P	eu_hungary	1	Videoton FC	11	Attila Polonkai	2	33	65	Unknown	58	69	67	55	0	0	2025000	110000	eu:attilapolonkai	ESTIMATED
P	eu_hungary	1	Videoton FC	12	Dénes Szakály	2	21	64	Unknown	59	62	61	55	0	0	1764000	90000	eu:denesszakaly	ESTIMATED
P	eu_hungary	1	Videoton FC	13	Dušan Vasiljević	2	31	66	Unknown	67	65	61	55	0	0	2304000	120000	eu:dusanvasiljevic	ESTIMATED
P	eu_hungary	1	Videoton FC	14	Andre Alves	2	30	60	Unknown	64	58	65	55	0	0	900000	50000	eu:andrealves	ESTIMATED
P	eu_hungary	1	Videoton FC	15	Nemanja Nikolić	3	33	66	Unknown	66	68	63	55	0	0	2304000	120000	eu:nemanjanikolic	ESTIMATED
P	eu_hungary	1	Videoton FC	16	László Lencse	3	31	66	Unknown	57	59	72	55	0	0	2304000	120000	eu:laszlolencse	ESTIMATED
P	eu_hungary	1	Videoton FC	17	Goran Vujović	3	25	63	Unknown	62	65	65	55	0	0	1521000	80000	eu:goranvujovic	ESTIMATED
P	eu_hungary	1	Videoton FC	18	Martin Kayongo-Mutumba	3	30	65	Unknown	72	63	65	55	0	0	2025000	110000	eu:martinkayongomutumba	ESTIMATED
T	eu_hungary	2	Ferencváros	-1		-1	2010	0	Hungary	0	0	0	55	55	2	0	0	eu_hungary:2	REGISTRY
P	eu_hungary	2	Ferencváros	0	Marko Ranilović	0	33	64	Unknown	66	66	63	55	0	0	1764000	90000	eu:markoranilovic	ESTIMATED
P	eu_hungary	2	Ferencváros	1	Justin Haber	0	30	68	Unknown	77	74	67	55	0	0	2916000	160000	eu:justinhaber	ESTIMATED
P	eu_hungary	2	Ferencváros	2	Levente Jova	1	27	65	Unknown	58	60	64	55	0	0	2025000	110000	eu:leventejova	ESTIMATED
P	eu_hungary	2	Ferencváros	3	Csaba Csizmadia	1	22	69	Unknown	73	72	68	55	0	0	3249000	180000	eu:csabacsizmadia	ESTIMATED
P	eu_hungary	2	Ferencváros	4	Zoltán Balog	1	33	70	Unknown	79	64	71	55	0	0	3600000	200000	eu:zoltanbalog	ESTIMATED
P	eu_hungary	2	Ferencváros	5	Attila Dragóner	1	29	66	Unknown	66	66	65	55	0	0	2304000	120000	eu:attiladragoner	ESTIMATED
P	eu_hungary	2	Ferencváros	6	Dávid Kulcsár	1	27	66	Unknown	66	62	72	55	0	0	2304000	120000	eu:davidkulcsar	ESTIMATED
P	eu_hungary	2	Ferencváros	7	István Rodenbücher	1	22	70	Unknown	67	68	67	55	0	0	3600000	200000	eu:istvanrodenbucher	ESTIMATED
P	eu_hungary	2	Ferencváros	8	Junior	2	25	62	Unknown	62	56	59	55	0	0	1296000	70000	eu:junior	ESTIMATED
P	eu_hungary	2	Ferencváros	9	Andrezinho	2	20	66	Unknown	67	68	68	55	0	0	2304000	120000	eu:andrezinho	ESTIMATED
P	eu_hungary	2	Ferencváros	10	Béla Maróti	2	24	63	Unknown	56	56	66	55	0	0	1521000	80000	eu:belamaroti	ESTIMATED
P	eu_hungary	2	Ferencváros	11	György Józsi	2	20	67	Unknown	76	73	72	55	0	0	2601000	140000	eu:gyorgyjozsi	ESTIMATED
P	eu_hungary	2	Ferencváros	12	Dénes Rósa	2	30	70	Unknown	72	75	70	55	0	0	3600000	200000	eu:denesrosa	ESTIMATED
P	eu_hungary	2	Ferencváros	13	József Tóth	2	32	65	Unknown	59	60	62	55	0	0	2025000	110000	eu:jozseftoth	ESTIMATED
P	eu_hungary	2	Ferencváros	14	André Schembri	2	30	69	Unknown	73	73	70	55	0	0	3249000	180000	eu:andreschembri	ESTIMATED
P	eu_hungary	2	Ferencváros	15	Marek Heinz	3	28	70	Unknown	62	71	66	55	0	0	3600000	200000	eu:marekheinz	ESTIMATED
P	eu_hungary	2	Ferencváros	16	Liban Abdi	3	30	63	Unknown	54	68	59	55	0	0	1521000	80000	eu:libanabdi	ESTIMATED
P	eu_hungary	2	Ferencváros	17	Emil Miljkovic	3	25	66	Unknown	73	71	72	55	0	0	2304000	120000	eu:emilmiljkovic	ESTIMATED
P	eu_hungary	2	Ferencváros	18	Srdjan Stanic	3	21	63	Unknown	58	56	67	55	0	0	1521000	80000	eu:srdjanstanic	ESTIMATED
T	eu_ireland	0	Shamrock Rovers	-1		-1	2010	0	Ireland	0	0	0	55	55	2	0	0	eu_ireland:0	REGISTRY
P	eu_ireland	0	Shamrock Rovers	0	Gary Twigg	3	27	64	Unknown	72	74	58	55	0	0	1764000	90000	eu:garytwigg	FIFA11_RATING_EST_AGE_ECONOMY
P	eu_ireland	0	Shamrock Rovers	1	Dan Murray	1	22	63	Unknown	70	62	63	55	0	0	1521000	80000	eu:danmurray	FIFA11_RATING_EST_AGE_ECONOMY
P	eu_ireland	0	Shamrock Rovers	2	Danny Murphy	1	31	62	Unknown	73	52	64	55	0	0	1296000	70000	eu:dannymurphy	FIFA11_RATING_EST_AGE_ECONOMY
P	eu_ireland	0	Shamrock Rovers	3	Patrick Kavanagh	3	29	61	Unknown	66	45	59	55	0	0	1089000	60000	eu:patrickkavanagh	FIFA11_RATING_EST_AGE_ECONOMY
P	eu_ireland	0	Shamrock Rovers	4	William Dennehy	2	33	61	Unknown	64	56	55	55	0	0	1089000	60000	eu:williamdennehy	FIFA11_RATING_EST_AGE_ECONOMY
P	eu_ireland	0	Shamrock Rovers	5	Aidan Price	1	23	60	Unknown	61	60	58	55	0	0	900000	50000	eu:aidanprice	FIFA11_RATING_EST_AGE_ECONOMY
P	eu_ireland	0	Shamrock Rovers	6	Craig Sives	1	21	60	Unknown	58	57	53	55	0	0	900000	50000	eu:craigsives	FIFA11_RATING_EST_AGE_ECONOMY
P	eu_ireland	0	Shamrock Rovers	7	Chris Turner	2	31	59	Unknown	56	52	58	55	0	0	729000	50000	eu:christurner	FIFA11_RATING_EST_AGE_ECONOMY
P	eu_ireland	0	Shamrock Rovers	8	Stephen Rice	2	29	59	Unknown	66	66	43	55	0	0	729000	50000	eu:stephenrice	FIFA11_RATING_EST_AGE_ECONOMY
P	eu_ireland	0	Shamrock Rovers	9	Thomas Stewart	3	22	59	Unknown	69	57	43	55	0	0	729000	50000	eu:thomasstewart	FIFA11_RATING_EST_AGE_ECONOMY
P	eu_ireland	0	Shamrock Rovers	10	Graham Barrett	3	28	58	Unknown	70	48	56	55	0	0	576000	50000	eu:grahambarrett	FIFA11_RATING_EST_AGE_ECONOMY
P	eu_ireland	0	Shamrock Rovers	11	Pat Flynn	1	31	58	Unknown	66	59	45	55	0	0	576000	50000	eu:patflynn	FIFA11_RATING_EST_AGE_ECONOMY
P	eu_ireland	0	Shamrock Rovers	12	Patrick Sullivan	1	21	58	Unknown	65	51	55	55	0	0	576000	50000	eu:patricksullivan	FIFA11_RATING_EST_AGE_ECONOMY
P	eu_ireland	0	Shamrock Rovers	13	Robert Bayly	2	27	58	Unknown	70	52	58	55	0	0	576000	50000	eu:robertbayly	FIFA11_RATING_EST_AGE_ECONOMY
P	eu_ireland	0	Shamrock Rovers	14	Sean O'Connor	3	32	58	Unknown	56	63	55	55	0	0	576000	50000	eu:seanoconnor	FIFA11_RATING_EST_AGE_ECONOMY
P	eu_ireland	0	Shamrock Rovers	15	Aidan Downes	3	24	57	Unknown	64	52	53	55	0	0	441000	50000	eu:aidandownes	FIFA11_RATING_EST_AGE_ECONOMY
P	eu_ireland	0	Shamrock Rovers	16	Dessie Baker	3	24	57	Unknown	60	51	57	55	0	0	441000	50000	eu:dessiebaker	FIFA11_RATING_EST_AGE_ECONOMY
P	eu_ireland	0	Shamrock Rovers	17	Stephen Bradley	2	29	57	Unknown	64	49	55	55	0	0	441000	50000	eu:stephenbradley	FIFA11_RATING_EST_AGE_ECONOMY
P	eu_ireland	0	Shamrock Rovers	18	Enda Stevens	1	30	53	Unknown	69	39	45	55	0	0	250000	50000	eu:endastevens	FIFA11_RATING_EST_AGE_ECONOMY
T	eu_israel	0	Hapoel Tel Aviv	-1		-1	2010	0	Israel	0	0	0	55	55	2	0	0	eu_israel:0	REGISTRY
P	eu_israel	0	Hapoel Tel Aviv	0	Vincent Enyeama	0	30	64	Unknown	63	59	58	55	0	0	1764000	90000	eu:vincentenyeama	ESTIMATED
P	eu_israel	0	Hapoel Tel Aviv	1	Itamar Nitzan	0	29	62	Unknown	71	61	60	55	0	0	1296000	70000	eu:itamarnitzan	ESTIMATED
P	eu_israel	0	Hapoel Tel Aviv	2	Bevan Fransman	1	23	70	Unknown	68	70	75	55	0	0	3600000	200000	eu:bevanfransman	ESTIMATED
P	eu_israel	0	Hapoel Tel Aviv	3	Dedi Ben-Dayan	1	33	63	Unknown	68	69	60	55	0	0	1521000	80000	eu:dedibendayan	ESTIMATED
P	eu_israel	0	Hapoel Tel Aviv	4	Dani Bondar	1	33	64	Unknown	62	67	61	55	0	0	1764000	90000	eu:danibondar	ESTIMATED
P	eu_israel	0	Hapoel Tel Aviv	5	Gal Shish	1	22	67	Unknown	66	65	71	55	0	0	2601000	140000	eu:galshish	ESTIMATED
P	eu_israel	0	Hapoel Tel Aviv	6	Eran Zahavi	1	24	67	Unknown	62	72	66	55	0	0	2601000	140000	eu:eranzahavi	ESTIMATED
P	eu_israel	0	Hapoel Tel Aviv	7	Gil Vermouth	1	28	64	Unknown	63	70	66	55	0	0	1764000	90000	eu:gilvermouth	ESTIMATED
P	eu_israel	0	Hapoel Tel Aviv	8	Avihai Yadin	2	21	63	Unknown	60	70	65	55	0	0	1521000	80000	eu:avihaiyadin	ESTIMATED
P	eu_israel	0	Hapoel Tel Aviv	9	Walid Badir	2	21	70	Unknown	61	66	64	55	0	0	3600000	200000	eu:walidbadir	ESTIMATED
P	eu_israel	0	Hapoel Tel Aviv	10	Yossi Shivhon	2	21	63	Unknown	63	63	62	55	0	0	1521000	80000	eu:yossishivhon	ESTIMATED
P	eu_israel	0	Hapoel Tel Aviv	11	Elroey Cohen	2	25	69	Unknown	71	76	68	55	0	0	3249000	180000	eu:elroeycohen	ESTIMATED
P	eu_israel	0	Hapoel Tel Aviv	12	Roei Gordana	2	20	70	Unknown	66	69	65	55	0	0	3600000	200000	eu:roeigordana	ESTIMATED
P	eu_israel	0	Hapoel Tel Aviv	13	Ben Sahar	2	26	67	Unknown	72	74	65	55	0	0	2601000	140000	eu:bensahar	ESTIMATED
P	eu_israel	0	Hapoel Tel Aviv	14	Toto Tamuz	2	21	64	Unknown	68	66	61	55	0	0	1764000	90000	eu:tototamuz	ESTIMATED
P	eu_israel	0	Hapoel Tel Aviv	15	Salim Toama	3	20	63	Unknown	68	69	63	55	0	0	1521000	80000	eu:salimtoama	ESTIMATED
P	eu_israel	0	Hapoel Tel Aviv	16	Itay Shechter	3	23	62	Unknown	69	62	64	55	0	0	1296000	70000	eu:itayshechter	ESTIMATED
T	eu_israel	1	Maccabi Haifa	-1		-1	2010	0	Israel	0	0	0	55	55	2	0	0	eu_israel:1	REGISTRY
P	eu_israel	1	Maccabi Haifa	0	Nir Davidovich	0	30	64	Unknown	55	58	63	55	0	0	1764000	90000	eu:nirdavidovich	ESTIMATED
P	eu_israel	1	Maccabi Haifa	1	Amir Edri	0	28	68	Unknown	74	73	67	55	0	0	2916000	160000	eu:amiredri	ESTIMATED
P	eu_israel	1	Maccabi Haifa	2	Eyal Meshumar	1	23	62	Unknown	59	67	62	55	0	0	1296000	70000	eu:eyalmeshumar	ESTIMATED
P	eu_israel	1	Maccabi Haifa	3	Arik Benado	1	31	68	Unknown	75	75	64	55	0	0	2916000	160000	eu:arikbenado	ESTIMATED
P	eu_israel	1	Maccabi Haifa	4	Shay Maimon	1	29	68	Unknown	62	68	73	55	0	0	2916000	160000	eu:shaymaimon	ESTIMATED
P	eu_israel	1	Maccabi Haifa	5	Tsepo Masilela	1	22	69	Unknown	61	67	63	55	0	0	3249000	180000	eu:tsepomasilela	ESTIMATED
P	eu_israel	1	Maccabi Haifa	6	Taleb Tawatha	1	26	63	Unknown	65	62	57	55	0	0	1521000	80000	eu:talebtawatha	ESTIMATED
P	eu_israel	1	Maccabi Haifa	7	Andriy Pylyavskyi	1	25	66	Unknown	58	68	65	55	0	0	2304000	120000	eu:andriypylyavskyi	ESTIMATED
P	eu_israel	1	Maccabi Haifa	8	Ali Ottman	2	29	65	Unknown	72	67	59	55	0	0	2025000	110000	eu:aliottman	ESTIMATED
P	eu_israel	1	Maccabi Haifa	9	Ignacio Canuto	2	30	69	Unknown	78	76	70	55	0	0	3249000	180000	eu:ignaciocanuto	ESTIMATED
P	eu_israel	1	Maccabi Haifa	10	Idan Vered	2	25	69	Unknown	60	68	64	55	0	0	3249000	180000	eu:idanvered	ESTIMATED
P	eu_israel	1	Maccabi Haifa	11	Lior Refaelov	2	24	65	Unknown	60	60	66	55	0	0	2025000	110000	eu:liorrefaelov	ESTIMATED
P	eu_israel	1	Maccabi Haifa	12	Yaniv Katan	2	27	69	Unknown	74	72	72	55	0	0	3249000	180000	eu:yanivkatan	ESTIMATED
P	eu_israel	1	Maccabi Haifa	13	Eyal Golasa	2	20	68	Unknown	69	71	62	55	0	0	2916000	160000	eu:eyalgolasa	ESTIMATED
P	eu_israel	1	Maccabi Haifa	14	Adrien Silva	2	26	63	Unknown	67	63	67	55	0	0	1521000	80000	eu:adriensilva	ESTIMATED
P	eu_israel	1	Maccabi Haifa	15	Tomer Hemed	3	21	64	Unknown	70	64	68	55	0	0	1764000	90000	eu:tomerhemed	ESTIMATED
P	eu_israel	1	Maccabi Haifa	16	Vladimer Dvalishvili	3	22	66	Unknown	62	59	71	55	0	0	2304000	120000	eu:vladimerdvalishvili	ESTIMATED
P	eu_israel	1	Maccabi Haifa	17	Mohammad Ghadir	3	28	68	Unknown	74	74	66	55	0	0	2916000	160000	eu:mohammadghadir	ESTIMATED
T	eu_israel	2	Maccabi Tel Aviv	-1		-1	2010	0	Israel	0	0	0	55	55	2	0	0	eu_israel:2	REGISTRY
P	eu_israel	2	Maccabi Tel Aviv	0	Liran Strauber	0	20	65	Unknown	68	72	63	55	0	0	2025000	110000	eu:liranstrauber	ESTIMATED
P	eu_israel	2	Maccabi Tel Aviv	1	Guy Solomon	0	22	67	Unknown	62	63	64	55	0	0	2601000	140000	eu:guysolomon	ESTIMATED
P	eu_israel	2	Maccabi Tel Aviv	2	Yoav Ziv	1	28	66	Unknown	66	68	66	55	0	0	2304000	120000	eu:yoavziv	ESTIMATED
P	eu_israel	2	Maccabi Tel Aviv	3	Nivaldo	1	21	61	Unknown	57	63	63	55	0	0	1089000	60000	eu:nivaldo	ESTIMATED
P	eu_israel	2	Maccabi Tel Aviv	4	Savo Pavićević	1	27	67	Unknown	62	66	71	55	0	0	2601000	140000	eu:savopavicevic	ESTIMATED
P	eu_israel	2	Maccabi Tel Aviv	5	Avi Strool	1	28	64	Unknown	57	71	62	55	0	0	1764000	90000	eu:avistrool	ESTIMATED
P	eu_israel	2	Maccabi Tel Aviv	6	Rony Gafni	1	24	67	Unknown	60	68	73	55	0	0	2601000	140000	eu:ronygafni	ESTIMATED
P	eu_israel	2	Maccabi Tel Aviv	7	Gal Alberman	1	23	65	Unknown	59	62	70	55	0	0	2025000	110000	eu:galalberman	ESTIMATED
P	eu_israel	2	Maccabi Tel Aviv	8	Haris Medunjanin	2	30	64	Unknown	58	67	70	55	0	0	1764000	90000	eu:harismedunjanin	ESTIMATED
P	eu_israel	2	Maccabi Tel Aviv	9	Maor Buzaglo	2	27	64	Unknown	65	68	65	55	0	0	1764000	90000	eu:maorbuzaglo	ESTIMATED
P	eu_israel	2	Maccabi Tel Aviv	10	Dor Micha	2	28	60	Unknown	56	62	54	55	0	0	900000	50000	eu:dormicha	ESTIMATED
P	eu_israel	2	Maccabi Tel Aviv	11	Sheran Yeini	2	30	67	Unknown	76	72	61	55	0	0	2601000	140000	eu:sheranyeini	ESTIMATED
P	eu_israel	2	Maccabi Tel Aviv	12	Eliran Atar	2	25	62	Unknown	63	65	56	55	0	0	1296000	70000	eu:eliranatar	ESTIMATED
P	eu_israel	2	Maccabi Tel Aviv	13	Barak Yitzhaki	2	23	65	Unknown	68	59	65	55	0	0	2025000	110000	eu:barakyitzhaki	ESTIMATED
P	eu_israel	2	Maccabi Tel Aviv	14	Roberto Colautti	2	30	64	Unknown	72	59	60	55	0	0	1764000	90000	eu:robertocolautti	ESTIMATED
P	eu_israel	2	Maccabi Tel Aviv	15	Rangelov	3	22	64	Unknown	62	63	69	55	0	0	1764000	90000	eu:rangelov	ESTIMATED
P	eu_israel	2	Maccabi Tel Aviv	16	Moshe Logasi	3	29	62	Unknown	67	63	62	55	0	0	1296000	70000	eu:moshelogasi	ESTIMATED
P	eu_israel	2	Maccabi Tel Aviv	17	Tamir Kahlon	3	32	68	Unknown	59	62	67	55	0	0	2916000	160000	eu:tamirkahlon	ESTIMATED
T	eu_moldova	0	Sheriff Tiraspol	-1		-1	2010	0	Moldova	0	0	0	55	55	2	0	0	eu_moldova:0	REGISTRY
P	eu_moldova	0	Sheriff Tiraspol	0	Vladislav Stoyanov	0	28	63	Unknown	58	58	63	55	0	0	1521000	80000	eu:vladislavstoyanov	ESTIMATED
P	eu_moldova	0	Sheriff Tiraspol	1	Dmitri Stajila	0	31	58	Unknown	63	52	55	55	0	0	576000	50000	eu:dmitristajila	ESTIMATED
P	eu_moldova	0	Sheriff Tiraspol	2	Benjamin Balima	1	26	65	Unknown	62	66	65	55	0	0	2025000	110000	eu:benjaminbalima	ESTIMATED
P	eu_moldova	0	Sheriff Tiraspol	3	Artiom Hacaturov	1	33	66	Unknown	66	70	72	55	0	0	2304000	120000	eu:artiomhacaturov	ESTIMATED
P	eu_moldova	0	Sheriff Tiraspol	4	Miral Samardžić	1	32	60	Unknown	61	61	58	55	0	0	900000	50000	eu:miralsamardzic	ESTIMATED
P	eu_moldova	0	Sheriff Tiraspol	5	Alexandru Suvorov	1	30	66	Unknown	61	67	68	55	0	0	2304000	120000	eu:alexandrusuvorov	ESTIMATED
P	eu_moldova	0	Sheriff Tiraspol	6	Vladimir Volkov	1	33	63	Unknown	58	62	57	55	0	0	1521000	80000	eu:vladimirvolkov	ESTIMATED
P	eu_moldova	0	Sheriff Tiraspol	7	Jymmy França	1	22	58	Unknown	53	57	54	55	0	0	576000	50000	eu:jymmyfranca	ESTIMATED
P	eu_moldova	0	Sheriff Tiraspol	8	Marko Đalović	2	31	62	Unknown	70	68	59	55	0	0	1296000	70000	eu:markoalovic	ESTIMATED
P	eu_moldova	0	Sheriff Tiraspol	9	Fred Benson	2	30	64	Unknown	55	71	69	55	0	0	1764000	90000	eu:fredbenson	ESTIMATED
P	eu_moldova	0	Sheriff Tiraspol	10	Florent Rouamba	2	33	58	Unknown	63	61	57	55	0	0	576000	50000	eu:florentrouamba	ESTIMATED
P	eu_moldova	0	Sheriff Tiraspol	11	Nadson	2	25	58	Unknown	58	62	61	55	0	0	576000	50000	eu:nadson	ESTIMATED
P	eu_moldova	0	Sheriff Tiraspol	12	Wilfried Balima	2	22	58	Unknown	55	63	64	55	0	0	576000	50000	eu:wilfriedbalima	ESTIMATED
P	eu_moldova	0	Sheriff Tiraspol	13	Stanislav Ivanov	2	31	58	Unknown	59	63	63	55	0	0	576000	50000	eu:stanislavivanov	ESTIMATED
P	eu_moldova	0	Sheriff Tiraspol	14	Aleksandr Erokhin	2	32	62	Unknown	53	69	66	55	0	0	1296000	70000	eu:aleksandrerokhin	ESTIMATED
P	eu_moldova	0	Sheriff Tiraspol	15	Mahamadou Traoré	3	25	64	Unknown	67	60	62	55	0	0	1764000	90000	eu:mahamadoutraore	ESTIMATED
P	eu_moldova	0	Sheriff Tiraspol	16	Constantin Mandricenco	3	31	63	Unknown	72	69	64	55	0	0	1521000	80000	eu:constantinmandricenco	ESTIMATED
P	eu_moldova	0	Sheriff Tiraspol	17	Serghei Gheorghiev	3	26	60	Unknown	65	64	58	55	0	0	900000	50000	eu:sergheigheorghiev	ESTIMATED
T	eu_netherlands	0	AZ Alkmaar	-1		-1	2010	0	Netherlands	0	0	0	55	55	2	0	0	eu_netherlands:0	REGISTRY
P	eu_netherlands	0	AZ Alkmaar	0	Héctor Moreno	1	33	75	Unknown	68	82	62	55	0	0	5625000	310000	eu:hectormoreno	FIFA11_RATING_EST_AGE_ECONOMY
P	eu_netherlands	0	AZ Alkmaar	1	Stijn Schaars	2	32	75	Unknown	67	59	79	55	0	0	5625000	310000	eu:stijnschaars	FIFA11_RATING_EST_AGE_ECONOMY
P	eu_netherlands	0	AZ Alkmaar	2	Kolbeinn Sigþórsson	1	20	71	Unknown	75	71	77	55	0	0	3969000	220000	eu:kolbeinnsigorsson	ESTIMATED
P	eu_netherlands	0	AZ Alkmaar	3	Niklas Moisander	1	22	74	Unknown	74	88	54	55	0	0	5184000	280000	eu:niklasmoisander	FIFA11_RATING_EST_AGE_ECONOMY
P	eu_netherlands	0	AZ Alkmaar	4	Pontus Wernbloom	2	29	74	Unknown	68	72	76	55	0	0	5184000	280000	eu:pontuswernbloom	FIFA11_RATING_EST_AGE_ECONOMY
P	eu_netherlands	0	AZ Alkmaar	5	Ragnar Klavan	1	24	74	Unknown	73	81	66	55	0	0	5184000	280000	eu:ragnarklavan	FIFA11_RATING_EST_AGE_ECONOMY
P	eu_netherlands	0	AZ Alkmaar	6	Rasmus Elm	2	30	72	Unknown	71	69	70	55	0	0	4356000	240000	eu:rasmuselm	FIFA11_RATING_EST_AGE_ECONOMY
P	eu_netherlands	0	AZ Alkmaar	7	Dirk Marcellis	1	29	71	Unknown	69	52	73	55	0	0	3969000	220000	eu:dirkmarcellis	FIFA11_RATING_EST_AGE_ECONOMY
P	eu_netherlands	0	AZ Alkmaar	8	Erik Falkenburg	2	23	70	Unknown	73	75	58	55	0	0	3600000	200000	eu:erikfalkenburg	FIFA11_RATING_EST_AGE_ECONOMY
P	eu_netherlands	0	AZ Alkmaar	9	Kew Jaliens	1	23	70	Unknown	62	67	65	55	0	0	3600000	200000	eu:kewjaliens	FIFA11_RATING_EST_AGE_ECONOMY
P	eu_netherlands	0	AZ Alkmaar	10	Maarten Martens	2	32	70	Unknown	71	63	68	55	0	0	3600000	200000	eu:maartenmartens	FIFA11_RATING_EST_AGE_ECONOMY
P	eu_netherlands	0	AZ Alkmaar	11	Brett Holman	3	20	68	Unknown	80	54	66	55	0	0	2916000	160000	eu:brettholman	FIFA11_RATING_EST_AGE_ECONOMY
P	eu_netherlands	0	AZ Alkmaar	12	Jóhann Berg Guðmundsson	2	25	72	Unknown	78	65	75	55	0	0	4356000	240000	eu:johannberggumundsson	ESTIMATED
P	eu_netherlands	0	AZ Alkmaar	13	Simon Poulsen	1	23	68	Unknown	70	60	70	55	0	0	2916000	160000	eu:simonpoulsen	FIFA11_RATING_EST_AGE_ECONOMY
P	eu_netherlands	0	AZ Alkmaar	14	Gill Swerts	1	25	67	Unknown	65	64	61	55	0	0	2601000	140000	eu:gillswerts	FIFA11_RATING_EST_AGE_ECONOMY
P	eu_netherlands	0	AZ Alkmaar	15	Graziano Pellè	2	27	67	Unknown	79	50	67	55	0	0	2601000	140000	eu:grazianopelle	FIFA11_RATING_EST_AGE_ECONOMY
P	eu_netherlands	0	AZ Alkmaar	16	Jonathas	3	23	67	Unknown	78	58	66	55	0	0	2601000	140000	eu:jonathas	FIFA11_RATING_EST_AGE_ECONOMY
P	eu_netherlands	0	AZ Alkmaar	17	Nick van der Velden	3	21	67	Unknown	65	64	67	55	0	0	2601000	140000	eu:nickvandervelden	FIFA11_RATING_EST_AGE_ECONOMY
P	eu_netherlands	0	AZ Alkmaar	18	Nick Viergever	2	33	67	Unknown	67	65	59	55	0	0	2601000	140000	eu:nickviergever	FIFA11_RATING_EST_AGE_ECONOMY
P	eu_netherlands	0	AZ Alkmaar	19	Celso Ortiz	2	23	66	Unknown	67	68	57	55	0	0	2304000	120000	eu:celsoortiz	FIFA11_RATING_EST_AGE_ECONOMY
T	eu_netherlands	1	Ajax	-1		-1	2010	0	Netherlands	0	0	0	55	55	2	0	0	eu_netherlands:1	REGISTRY
P	eu_netherlands	1	Ajax	0	Maarten Stekelenburg	0	20	69	Unknown	73	73	65	55	0	0	3249000	180000	eu:maartenstekelenburg	ESTIMATED
P	eu_netherlands	1	Ajax	1	Kenneth Vermeer	0	22	72	Unknown	69	69	73	55	0	0	4356000	240000	eu:kennethvermeer	ESTIMATED
P	eu_netherlands	1	Ajax	2	Luis Suárez	3	24	86	Unknown	75	57	83	55	0	0	11664000	640000	eu:luissuarez	FIFA11_RATING_EST_AGE_ECONOMY
P	eu_netherlands	1	Ajax	3	Jan Vertonghen	1	29	82	Unknown	76	80	78	55	0	0	9216000	510000	eu:janvertonghen	FIFA11_RATING_EST_AGE_ECONOMY
P	eu_netherlands	1	Ajax	4	Gregory van der Wiel	1	22	80	Unknown	84	83	70	55	0	0	8100000	450000	eu:gregoryvanderwiel	FIFA11_RATING_EST_AGE_ECONOMY
P	eu_netherlands	1	Ajax	5	Siem de Jong	2	32	80	Unknown	75	65	82	55	0	0	8100000	450000	eu:siemdejong	FIFA11_RATING_EST_AGE_ECONOMY
P	eu_netherlands	1	Ajax	6	Christian Eriksen	2	28	79	Unknown	80	78	75	55	0	0	7569000	420000	eu:christianeriksen	FIFA11_RATING_EST_AGE_ECONOMY
P	eu_netherlands	1	Ajax	7	Mounir El Hamdaoui	3	32	79	Unknown	68	82	68	55	0	0	7569000	420000	eu:mounirelhamdaoui	FIFA11_RATING_EST_AGE_ECONOMY
P	eu_netherlands	1	Ajax	8	Toby Alderweireld	1	26	79	Unknown	80	52	80	55	0	0	7569000	420000	eu:tobyalderweireld	FIFA11_RATING_EST_AGE_ECONOMY
P	eu_netherlands	1	Ajax	9	Demy de Zeeuw	2	28	77	Unknown	82	70	76	55	0	0	6561000	360000	eu:demydezeeuw	FIFA11_RATING_EST_AGE_ECONOMY
P	eu_netherlands	1	Ajax	10	Urby Emanuelson	3	25	76	Unknown	75	66	75	55	0	0	6084000	330000	eu:urbyemanuelson	FIFA11_RATING_EST_AGE_ECONOMY
P	eu_netherlands	1	Ajax	11	Eyong Enoh	2	22	66	Unknown	71	66	70	55	0	0	2304000	120000	eu:eyongenoh	ESTIMATED
P	eu_netherlands	1	Ajax	12	Miralem Sulejmani	3	31	74	Unknown	79	58	68	55	0	0	5184000	280000	eu:miralemsulejmani	FIFA11_RATING_EST_AGE_ECONOMY
P	eu_netherlands	1	Ajax	13	André Ooijer	1	31	73	Unknown	59	68	60	55	0	0	4761000	260000	eu:andreooijer	FIFA11_RATING_EST_AGE_ECONOMY
P	eu_netherlands	1	Ajax	14	Nicolás Lodeiro	2	33	72	Unknown	83	68	71	55	0	0	4356000	240000	eu:nicolaslodeiro	FIFA11_RATING_EST_AGE_ECONOMY
P	eu_netherlands	1	Ajax	15	Oleguer	1	25	72	Unknown	61	78	56	55	0	0	4356000	240000	eu:oleguer	FIFA11_RATING_EST_AGE_ECONOMY
P	eu_netherlands	1	Ajax	16	Teemu Tainio	2	29	72	Unknown	67	68	59	55	0	0	4356000	240000	eu:teemutainio	FIFA11_RATING_EST_AGE_ECONOMY
P	eu_netherlands	1	Ajax	17	Rasmus Lindgren	2	29	71	Unknown	76	67	71	55	0	0	3969000	220000	eu:rasmuslindgren	FIFA11_RATING_EST_AGE_ECONOMY
P	eu_netherlands	1	Ajax	18	Vurnon Anita	1	31	71	Unknown	65	48	71	55	0	0	3969000	220000	eu:vurnonanita	FIFA11_RATING_EST_AGE_ECONOMY
P	eu_netherlands	1	Ajax	19	Daley Blind	1	23	69	Unknown	73	56	67	55	0	0	3249000	180000	eu:daleyblind	FIFA11_RATING_EST_AGE_ECONOMY
T	eu_netherlands	2	FC Twente	-1		-1	2010	0	Netherlands	0	0	0	55	55	2	0	0	eu_netherlands:2	REGISTRY
P	eu_netherlands	2	FC Twente	0	Bryan Ruiz	3	25	81	Unknown	78	85	71	55	0	0	8649000	480000	eu:bryanruiz	FIFA11_RATING_EST_AGE_ECONOMY
P	eu_netherlands	2	FC Twente	1	Theo Janssen	2	25	81	Unknown	85	80	74	55	0	0	8649000	480000	eu:theojanssen	FIFA11_RATING_EST_AGE_ECONOMY
P	eu_netherlands	2	FC Twente	2	Marc Janko	3	20	74	Unknown	75	80	73	55	0	0	5184000	280000	eu:marcjanko	FIFA11_RATING_EST_AGE_ECONOMY
P	eu_netherlands	2	FC Twente	3	Peter Wisgerhof	1	27	74	Unknown	75	66	72	55	0	0	5184000	280000	eu:peterwisgerhof	FIFA11_RATING_EST_AGE_ECONOMY
P	eu_netherlands	2	FC Twente	4	Roberto Rosales	1	26	74	Unknown	75	82	64	55	0	0	5184000	280000	eu:robertorosales	FIFA11_RATING_EST_AGE_ECONOMY
P	eu_netherlands	2	FC Twente	5	Wout Brama	2	24	74	Unknown	75	68	76	55	0	0	5184000	280000	eu:woutbrama	FIFA11_RATING_EST_AGE_ECONOMY
P	eu_netherlands	2	FC Twente	6	Emir Bajrami	3	22	73	Unknown	70	74	63	55	0	0	4761000	260000	eu:emirbajrami	FIFA11_RATING_EST_AGE_ECONOMY
P	eu_netherlands	2	FC Twente	7	Denny Landzaat	2	21	71	Unknown	66	82	60	55	0	0	3969000	220000	eu:dennylandzaat	FIFA11_RATING_EST_AGE_ECONOMY
P	eu_netherlands	2	FC Twente	8	Luuk de Jong	3	29	71	Unknown	67	48	74	55	0	0	3969000	220000	eu:luukdejong	FIFA11_RATING_EST_AGE_ECONOMY
P	eu_netherlands	2	FC Twente	9	Bernard Parker	3	25	70	Unknown	77	64	68	55	0	0	3600000	200000	eu:bernardparker	FIFA11_RATING_EST_AGE_ECONOMY
P	eu_netherlands	2	FC Twente	10	Dwight Tiendalli	1	30	70	Unknown	73	68	69	55	0	0	3600000	200000	eu:dwighttiendalli	FIFA11_RATING_EST_AGE_ECONOMY
P	eu_netherlands	2	FC Twente	11	Rasmus Bengtsson	1	26	69	Unknown	74	68	58	55	0	0	3249000	180000	eu:rasmusbengtsson	FIFA11_RATING_EST_AGE_ECONOMY
P	eu_netherlands	2	FC Twente	12	Bart Buysse	1	27	67	Unknown	68	64	60	55	0	0	2601000	140000	eu:bartbuysse	FIFA11_RATING_EST_AGE_ECONOMY
P	eu_netherlands	2	FC Twente	13	Dario Vujicevic	2	24	67	Unknown	71	69	54	55	0	0	2601000	140000	eu:dariovujicevic	FIFA11_RATING_EST_AGE_ECONOMY
P	eu_netherlands	2	FC Twente	14	Nicky Kuiper	1	26	66	Unknown	75	58	66	55	0	0	2304000	120000	eu:nickykuiper	FIFA11_RATING_EST_AGE_ECONOMY
T	eu_netherlands	3	FC Utrecht	-1		-1	2010	0	Netherlands	0	0	0	55	55	2	0	0	eu_netherlands:3	REGISTRY
P	eu_netherlands	3	FC Utrecht	0	Dries Mertens	3	31	81	Unknown	73	74	76	55	0	0	8649000	480000	eu:driesmertens	FIFA11_RATING_EST_AGE_ECONOMY
P	eu_netherlands	3	FC Utrecht	1	Ricky van Wolfswinkel	3	26	73	Unknown	68	48	74	55	0	0	4761000	260000	eu:rickyvanwolfswinkel	FIFA11_RATING_EST_AGE_ECONOMY
P	eu_netherlands	3	FC Utrecht	2	Michael Silberbauer	2	29	72	Unknown	75	60	71	55	0	0	4356000	240000	eu:michaelsilberbauer	FIFA11_RATING_EST_AGE_ECONOMY
P	eu_netherlands	3	FC Utrecht	3	Nana Asare	1	24	68	Unknown	74	64	72	55	0	0	2916000	160000	eu:nanaasare	ESTIMATED
P	eu_netherlands	3	FC Utrecht	4	Jacob Mulenga	3	20	71	Unknown	65	69	59	55	0	0	3969000	220000	eu:jacobmulenga	FIFA11_RATING_EST_AGE_ECONOMY
P	eu_netherlands	3	FC Utrecht	5	Jan Wuytens	1	21	71	Unknown	69	75	57	55	0	0	3969000	220000	eu:janwuytens	FIFA11_RATING_EST_AGE_ECONOMY
P	eu_netherlands	3	FC Utrecht	6	Alje Schut	1	29	70	Unknown	74	61	67	55	0	0	3600000	200000	eu:aljeschut	FIFA11_RATING_EST_AGE_ECONOMY
P	eu_netherlands	3	FC Utrecht	7	Jacob Lensky	2	21	70	Unknown	69	60	67	55	0	0	3600000	200000	eu:jacoblensky	FIFA11_RATING_EST_AGE_ECONOMY
P	eu_netherlands	3	FC Utrecht	8	Mihai Neşu	1	32	70	Unknown	75	60	68	55	0	0	3600000	200000	eu:mihainesu	FIFA11_RATING_EST_AGE_ECONOMY
P	eu_netherlands	3	FC Utrecht	9	Tim Cornelisse	1	32	70	Unknown	69	66	70	55	0	0	3600000	200000	eu:timcornelisse	FIFA11_RATING_EST_AGE_ECONOMY
P	eu_netherlands	3	FC Utrecht	10	Sander Keller	1	29	69	Unknown	72	66	69	55	0	0	3249000	180000	eu:sanderkeller	FIFA11_RATING_EST_AGE_ECONOMY
P	eu_netherlands	3	FC Utrecht	11	Barry Maguire	2	30	67	Unknown	72	58	65	55	0	0	2601000	140000	eu:barrymaguire	FIFA11_RATING_EST_AGE_ECONOMY
P	eu_netherlands	3	FC Utrecht	12	Frank Demouge	3	20	67	Unknown	64	70	51	55	0	0	2601000	140000	eu:frankdemouge	FIFA11_RATING_EST_AGE_ECONOMY
P	eu_netherlands	3	FC Utrecht	13	Gianluca Nijholt	2	33	67	Unknown	77	68	53	55	0	0	2601000	140000	eu:gianlucanijholt	FIFA11_RATING_EST_AGE_ECONOMY
P	eu_netherlands	3	FC Utrecht	14	Tommy Oar	2	22	66	Unknown	63	63	57	55	0	0	2304000	120000	eu:tommyoar	FIFA11_RATING_EST_AGE_ECONOMY
P	eu_netherlands	3	FC Utrecht	15	Mark van der Maarel	1	25	65	Unknown	56	84	56	55	0	0	2025000	110000	eu:markvandermaarel	FIFA11_RATING_EST_AGE_ECONOMY
P	eu_netherlands	3	FC Utrecht	16	Erixon Danso	3	30	63	Unknown	63	49	65	55	0	0	1521000	80000	eu:erixondanso	FIFA11_RATING_EST_AGE_ECONOMY
P	eu_netherlands	3	FC Utrecht	17	Michael Zullo	3	23	63	Unknown	76	64	60	55	0	0	1521000	80000	eu:michaelzullo	FIFA11_RATING_EST_AGE_ECONOMY
P	eu_netherlands	3	FC Utrecht	18	Ismo Vorstermans	1	27	60	Unknown	53	70	47	55	0	0	900000	50000	eu:ismovorstermans	FIFA11_RATING_EST_AGE_ECONOMY
P	eu_netherlands	3	FC Utrecht	19	Adam Sarota	2	26	58	Unknown	71	59	50	55	0	0	576000	50000	eu:adamsarota	FIFA11_RATING_EST_AGE_ECONOMY
T	eu_netherlands	4	Feyenoord	-1		-1	2010	0	Netherlands	0	0	0	55	55	2	0	0	eu_netherlands:4	REGISTRY
P	eu_netherlands	4	Feyenoord	0	Georginio Wijnaldum	2	20	82	Unknown	83	73	84	55	0	0	9216000	510000	eu:georginiowijnaldum	FIFA11_RATING_EST_AGE_ECONOMY
P	eu_netherlands	4	Feyenoord	1	Ron Vlaar	1	27	80	Unknown	78	71	81	55	0	0	8100000	450000	eu:ronvlaar	FIFA11_RATING_EST_AGE_ECONOMY
P	eu_netherlands	4	Feyenoord	2	André Bahia	1	25	73	Unknown	74	44	73	55	0	0	4761000	260000	eu:andrebahia	FIFA11_RATING_EST_AGE_ECONOMY
P	eu_netherlands	4	Feyenoord	3	Jon Dahl Tomasson	3	29	73	Unknown	72	74	64	55	0	0	4761000	260000	eu:jondahltomasson	FIFA11_RATING_EST_AGE_ECONOMY
P	eu_netherlands	4	Feyenoord	4	Leroy Fer	2	20	73	Unknown	76	84	65	55	0	0	4761000	260000	eu:leroyfer	FIFA11_RATING_EST_AGE_ECONOMY
P	eu_netherlands	4	Feyenoord	5	Karim El Ahmadi	2	22	72	Unknown	82	72	66	55	0	0	4356000	240000	eu:karimelahmadi	FIFA11_RATING_EST_AGE_ECONOMY
P	eu_netherlands	4	Feyenoord	6	Fedor Smolov	3	20	70	Unknown	46	86	51	55	0	0	3600000	200000	eu:fedorsmolov	FIFA11_RATING_EST_AGE_ECONOMY
P	eu_netherlands	4	Feyenoord	7	Luigi Bruins	2	33	70	Unknown	69	83	64	55	0	0	3600000	200000	eu:luigibruins	FIFA11_RATING_EST_AGE_ECONOMY
P	eu_netherlands	4	Feyenoord	8	Sekou Cissé	3	20	70	Unknown	71	66	67	55	0	0	3600000	200000	eu:sekoucisse	FIFA11_RATING_EST_AGE_ECONOMY
P	eu_netherlands	4	Feyenoord	9	Diego Biseswar	3	24	69	Unknown	71	64	69	55	0	0	3249000	180000	eu:diegobiseswar	FIFA11_RATING_EST_AGE_ECONOMY
P	eu_netherlands	4	Feyenoord	10	Ruben Schaken	3	27	69	Unknown	75	57	68	55	0	0	3249000	180000	eu:rubenschaken	FIFA11_RATING_EST_AGE_ECONOMY
P	eu_netherlands	4	Feyenoord	11	Stefan de Vrij	1	25	69	Unknown	77	66	60	55	0	0	3249000	180000	eu:stefandevrij	FIFA11_RATING_EST_AGE_ECONOMY
P	eu_netherlands	4	Feyenoord	12	Michael Lumb	1	22	68	Unknown	70	68	68	55	0	0	2916000	160000	eu:michaellumb	FIFA11_RATING_EST_AGE_ECONOMY
P	eu_netherlands	4	Feyenoord	13	Tim de Cler	1	26	68	Unknown	64	70	57	55	0	0	2916000	160000	eu:timdecler	FIFA11_RATING_EST_AGE_ECONOMY
P	eu_netherlands	4	Feyenoord	14	Dani Fernández	1	25	67	Unknown	83	42	66	55	0	0	2601000	140000	eu:danifernandez	FIFA11_RATING_EST_AGE_ECONOMY
P	eu_netherlands	4	Feyenoord	15	Kelvin Leerdam	2	26	66	Unknown	67	62	66	55	0	0	2304000	120000	eu:kelvinleerdam	FIFA11_RATING_EST_AGE_ECONOMY
P	eu_netherlands	4	Feyenoord	16	Adil Auassar	2	30	65	Unknown	68	66	61	55	0	0	2025000	110000	eu:adilauassar	FIFA11_RATING_EST_AGE_ECONOMY
P	eu_netherlands	4	Feyenoord	17	Manteiga	2	20	65	Unknown	75	66	65	55	0	0	2025000	110000	eu:manteiga	FIFA11_RATING_EST_AGE_ECONOMY
T	eu_netherlands	5	NEC Nijmegen	-1		-1	2010	0	Netherlands	0	0	0	55	55	2	0	0	eu_netherlands:5	REGISTRY
P	eu_netherlands	5	NEC Nijmegen	0	Lasse Schöne	2	26	72	Unknown	82	62	72	55	0	0	4356000	240000	eu:lasseschone	FIFA11_RATING_EST_AGE_ECONOMY
P	eu_netherlands	5	NEC Nijmegen	1	Thomas Chatelle	3	21	71	Unknown	56	76	62	55	0	0	3969000	220000	eu:thomaschatelle	FIFA11_RATING_EST_AGE_ECONOMY
P	eu_netherlands	5	NEC Nijmegen	2	Leroy George	3	22	70	Unknown	73	72	66	55	0	0	3600000	200000	eu:leroygeorge	FIFA11_RATING_EST_AGE_ECONOMY
P	eu_netherlands	5	NEC Nijmegen	3	Ramon Zomer	1	24	69	Unknown	74	53	70	55	0	0	3249000	180000	eu:ramonzomer	FIFA11_RATING_EST_AGE_ECONOMY
P	eu_netherlands	5	NEC Nijmegen	4	Bas Sibum	2	30	68	Unknown	63	74	57	55	0	0	2916000	160000	eu:bassibum	FIFA11_RATING_EST_AGE_ECONOMY
P	eu_netherlands	5	NEC Nijmegen	5	John Goossens	2	27	68	Unknown	66	62	68	55	0	0	2916000	160000	eu:johngoossens	FIFA11_RATING_EST_AGE_ECONOMY
P	eu_netherlands	5	NEC Nijmegen	6	Lorenzo Davids	2	20	67	Unknown	76	68	62	55	0	0	2601000	140000	eu:lorenzodavids	FIFA11_RATING_EST_AGE_ECONOMY
P	eu_netherlands	5	NEC Nijmegen	7	Rens van Eijden	1	22	66	Unknown	67	66	58	55	0	0	2304000	120000	eu:rensvaneijden	FIFA11_RATING_EST_AGE_ECONOMY
P	eu_netherlands	5	NEC Nijmegen	8	Erton Fejzullahu	3	29	65	Unknown	68	70	63	55	0	0	2025000	110000	eu:ertonfejzullahu	FIFA11_RATING_EST_AGE_ECONOMY
P	eu_netherlands	5	NEC Nijmegen	9	Niels Wellenberg	1	26	65	Unknown	73	70	54	55	0	0	2025000	110000	eu:nielswellenberg	FIFA11_RATING_EST_AGE_ECONOMY
P	eu_netherlands	5	NEC Nijmegen	10	Mark Otten	1	29	64	Unknown	70	70	57	55	0	0	1764000	90000	eu:markotten	FIFA11_RATING_EST_AGE_ECONOMY
P	eu_netherlands	5	NEC Nijmegen	11	Rick ten Voorde	3	25	63	Unknown	65	67	47	55	0	0	1521000	80000	eu:ricktenvoorde	FIFA11_RATING_EST_AGE_ECONOMY
P	eu_netherlands	5	NEC Nijmegen	12	Adnan Secerovic	2	33	56	Unknown	72	74	45	55	0	0	324000	50000	eu:adnansecerovic	FIFA11_RATING_EST_AGE_ECONOMY
P	eu_netherlands	5	NEC Nijmegen	13	Jasper Cillessen	2	28	65	Unknown	67	64	62	55	0	0	2025000	110000	eu:jaspercillessen	ESTIMATED
P	eu_netherlands	5	NEC Nijmegen	14	Björn Vleminckx	2	32	67	Unknown	73	70	67	55	0	0	2601000	140000	eu:bjornvleminckx	ESTIMATED
T	eu_netherlands	6	PSV Eindhoven	-1		-1	2010	0	Netherlands	0	0	0	55	55	2	0	0	eu_netherlands:6	REGISTRY
P	eu_netherlands	6	PSV Eindhoven	0	Balázs Dzsudzsák	3	32	86	Unknown	91	80	82	55	0	0	11664000	640000	eu:balazsdzsudzsak	FIFA11_RATING_EST_AGE_ECONOMY
P	eu_netherlands	6	PSV Eindhoven	1	Jeremain Lens	3	25	82	Unknown	82	56	79	55	0	0	9216000	510000	eu:jeremainlens	FIFA11_RATING_EST_AGE_ECONOMY
P	eu_netherlands	6	PSV Eindhoven	2	Ibrahim Afellay	2	25	78	Unknown	74	78	64	55	0	0	7056000	390000	eu:ibrahimafellay	FIFA11_RATING_EST_AGE_ECONOMY
P	eu_netherlands	6	PSV Eindhoven	3	Ola Toivonen	2	25	77	Unknown	70	74	62	55	0	0	6561000	360000	eu:olatoivonen	FIFA11_RATING_EST_AGE_ECONOMY
P	eu_netherlands	6	PSV Eindhoven	4	Francisco Rodríguez	1	24	76	Unknown	91	48	70	55	0	0	6084000	330000	eu:franciscorodriguez	FIFA11_RATING_EST_AGE_ECONOMY
P	eu_netherlands	6	PSV Eindhoven	5	Orlando Engelaar	2	20	75	Unknown	70	78	65	55	0	0	5625000	310000	eu:orlandoengelaar	FIFA11_RATING_EST_AGE_ECONOMY
P	eu_netherlands	6	PSV Eindhoven	6	Danny Koevermans	3	20	74	Unknown	70	91	65	55	0	0	5184000	280000	eu:dannykoevermans	FIFA11_RATING_EST_AGE_ECONOMY
P	eu_netherlands	6	PSV Eindhoven	7	Otman Bakkal	2	24	74	Unknown	74	76	58	55	0	0	5184000	280000	eu:otmanbakkal	FIFA11_RATING_EST_AGE_ECONOMY
P	eu_netherlands	6	PSV Eindhoven	8	Atiba Hutchinson	2	26	73	Unknown	72	50	73	55	0	0	4761000	260000	eu:atibahutchinson	FIFA11_RATING_EST_AGE_ECONOMY
P	eu_netherlands	6	PSV Eindhoven	9	Stanislav Manolev	1	27	73	Unknown	83	52	72	55	0	0	4761000	260000	eu:stanislavmanolev	FIFA11_RATING_EST_AGE_ECONOMY
P	eu_netherlands	6	PSV Eindhoven	10	Wilfred Bouma	1	22	73	Unknown	73	74	47	55	0	0	4761000	260000	eu:wilfredbouma	FIFA11_RATING_EST_AGE_ECONOMY
P	eu_netherlands	6	PSV Eindhoven	11	Nordin Amrabat	3	33	72	Unknown	67	69	66	55	0	0	4356000	240000	eu:nordinamrabat	FIFA11_RATING_EST_AGE_ECONOMY
P	eu_netherlands	6	PSV Eindhoven	12	Erik Pieters	1	20	71	Unknown	73	70	67	55	0	0	3969000	220000	eu:erikpieters	FIFA11_RATING_EST_AGE_ECONOMY
P	eu_netherlands	6	PSV Eindhoven	13	Jagoš Vuković	1	28	69	Unknown	63	78	55	55	0	0	3249000	180000	eu:jagosvukovic	FIFA11_RATING_EST_AGE_ECONOMY
P	eu_netherlands	6	PSV Eindhoven	14	Stefan Nijland	3	31	69	Unknown	76	65	66	55	0	0	3249000	180000	eu:stefannijland	FIFA11_RATING_EST_AGE_ECONOMY
P	eu_netherlands	6	PSV Eindhoven	15	Jan Kromkamp	1	30	68	Unknown	72	45	70	55	0	0	2916000	160000	eu:jankromkamp	FIFA11_RATING_EST_AGE_ECONOMY
P	eu_netherlands	6	PSV Eindhoven	16	Funso Ojo	2	28	65	Unknown	68	70	60	55	0	0	2025000	110000	eu:funsoojo	FIFA11_RATING_EST_AGE_ECONOMY
P	eu_netherlands	6	PSV Eindhoven	17	Stijn Wuytens	2	23	65	Unknown	73	56	63	55	0	0	2025000	110000	eu:stijnwuytens	FIFA11_RATING_EST_AGE_ECONOMY
P	eu_netherlands	6	PSV Eindhoven	18	Andreas Isaksson	3	31	70	Unknown	75	75	76	55	0	0	3600000	200000	eu:andreasisaksson	ESTIMATED
T	eu_netherlands	7	SC Heerenveen	-1		-1	2010	0	Netherlands	0	0	0	55	55	2	0	0	eu_netherlands:7	REGISTRY
P	eu_netherlands	7	SC Heerenveen	0	Roy Beerens	3	26	75	Unknown	74	68	77	55	0	0	5625000	310000	eu:roybeerens	FIFA11_RATING_EST_AGE_ECONOMY
P	eu_netherlands	7	SC Heerenveen	1	Michel Breuer	1	26	74	Unknown	75	49	77	55	0	0	5184000	280000	eu:michelbreuer	FIFA11_RATING_EST_AGE_ECONOMY
P	eu_netherlands	7	SC Heerenveen	2	Oussama Assaidi	3	28	74	Unknown	83	59	71	55	0	0	5184000	280000	eu:oussamaassaidi	FIFA11_RATING_EST_AGE_ECONOMY
P	eu_netherlands	7	SC Heerenveen	3	Viktor Elm	2	23	74	Unknown	74	58	73	55	0	0	5184000	280000	eu:viktorelm	FIFA11_RATING_EST_AGE_ECONOMY
P	eu_netherlands	7	SC Heerenveen	4	Filip Đuričić	2	23	73	Unknown	78	70	68	55	0	0	4761000	260000	eu:filipuricic	FIFA11_RATING_EST_AGE_ECONOMY
P	eu_netherlands	7	SC Heerenveen	5	Christian Grindheim	2	26	72	Unknown	80	59	71	55	0	0	4356000	240000	eu:christiangrindheim	FIFA11_RATING_EST_AGE_ECONOMY
P	eu_netherlands	7	SC Heerenveen	6	Arnold Kruiswijk	1	23	71	Unknown	62	76	60	55	0	0	3969000	220000	eu:arnoldkruiswijk	FIFA11_RATING_EST_AGE_ECONOMY
P	eu_netherlands	7	SC Heerenveen	7	Bas Dost	3	26	71	Unknown	77	62	68	55	0	0	3969000	220000	eu:basdost	FIFA11_RATING_EST_AGE_ECONOMY
P	eu_netherlands	7	SC Heerenveen	8	Michal Papadopulos	3	31	70	Unknown	77	55	69	55	0	0	3600000	200000	eu:michalpapadopulos	FIFA11_RATING_EST_AGE_ECONOMY
P	eu_netherlands	7	SC Heerenveen	9	Mika Väyrynen	2	21	70	Unknown	74	64	63	55	0	0	3600000	200000	eu:mikavayrynen	FIFA11_RATING_EST_AGE_ECONOMY
P	eu_netherlands	7	SC Heerenveen	10	Geert Arend Roorda	2	20	69	Unknown	77	62	68	55	0	0	3249000	180000	eu:geertarendroorda	FIFA11_RATING_EST_AGE_ECONOMY
P	eu_netherlands	7	SC Heerenveen	11	Philip Haglund	2	21	69	Unknown	78	68	67	55	0	0	3249000	180000	eu:philiphaglund	FIFA11_RATING_EST_AGE_ECONOMY
P	eu_netherlands	7	SC Heerenveen	12	Youssef El-Akchaoui	1	28	69	Unknown	68	68	61	55	0	0	3249000	180000	eu:youssefelakchaoui	FIFA11_RATING_EST_AGE_ECONOMY
P	eu_netherlands	7	SC Heerenveen	13	Daryl Janmaat	1	24	68	Unknown	67	75	67	55	0	0	2916000	160000	eu:daryljanmaat	FIFA11_RATING_EST_AGE_ECONOMY
P	eu_netherlands	7	SC Heerenveen	14	Michal Švec	2	25	68	Unknown	63	51	67	55	0	0	2916000	160000	eu:michalsvec	FIFA11_RATING_EST_AGE_ECONOMY
P	eu_netherlands	7	SC Heerenveen	15	Tarik Elyounoussi	3	33	68	Unknown	67	59	59	55	0	0	2916000	160000	eu:tarikelyounoussi	FIFA11_RATING_EST_AGE_ECONOMY
P	eu_netherlands	7	SC Heerenveen	16	Calvin Jong-A-Pin	1	29	67	Unknown	79	59	65	55	0	0	2601000	140000	eu:calvinjongapin	FIFA11_RATING_EST_AGE_ECONOMY
P	eu_netherlands	7	SC Heerenveen	17	Milan Kopic	1	29	67	Unknown	73	52	64	55	0	0	2601000	140000	eu:milankopic	FIFA11_RATING_EST_AGE_ECONOMY
P	eu_netherlands	7	SC Heerenveen	18	Igor Đurić	1	29	66	Unknown	69	70	57	55	0	0	2304000	120000	eu:igoruric	FIFA11_RATING_EST_AGE_ECONOMY
P	eu_netherlands	7	SC Heerenveen	19	Samir Fazli	3	30	66	Unknown	78	58	62	55	0	0	2304000	120000	eu:samirfazli	FIFA11_RATING_EST_AGE_ECONOMY
T	eu_norway	0	Molde FK	-1		-1	2010	0	Norway	0	0	0	55	55	2	0	0	eu_norway:0	REGISTRY
P	eu_norway	0	Molde FK	0	Pape Paté Diouf	3	26	79	Unknown	67	76	76	55	0	0	7569000	420000	eu:papepatediouf	FIFA11_RATING_EST_AGE_ECONOMY
P	eu_norway	0	Molde FK	1	Magne Hoseth	2	30	72	Unknown	79	64	72	55	0	0	4356000	240000	eu:magnehoseth	FIFA11_RATING_EST_AGE_ECONOMY
P	eu_norway	0	Molde FK	2	Baye Djiby Fall	3	30	71	Unknown	77	83	64	55	0	0	3969000	220000	eu:bayedjibyfall	FIFA11_RATING_EST_AGE_ECONOMY
P	eu_norway	0	Molde FK	3	Emil Johansson	1	28	68	Unknown	75	62	66	55	0	0	2916000	160000	eu:emiljohansson	FIFA11_RATING_EST_AGE_ECONOMY
P	eu_norway	0	Molde FK	4	Makhtar Thioune	2	33	68	Unknown	71	66	62	55	0	0	2916000	160000	eu:makhtarthioune	FIFA11_RATING_EST_AGE_ECONOMY
P	eu_norway	0	Molde FK	5	Björn Runström	3	33	67	Unknown	69	69	62	55	0	0	2601000	140000	eu:bjornrunstrom	FIFA11_RATING_EST_AGE_ECONOMY
P	eu_norway	0	Molde FK	6	Daniel Berg Hestad	2	24	67	Unknown	73	77	67	55	0	0	2601000	140000	eu:danielberghestad	FIFA11_RATING_EST_AGE_ECONOMY
P	eu_norway	0	Molde FK	7	Mattias Moström	3	25	65	Unknown	79	49	61	55	0	0	2025000	110000	eu:mattiasmostrom	FIFA11_RATING_EST_AGE_ECONOMY
P	eu_norway	0	Molde FK	8	Thomas Holm	2	28	65	Unknown	79	66	65	55	0	0	2025000	110000	eu:thomasholm	FIFA11_RATING_EST_AGE_ECONOMY
P	eu_norway	0	Molde FK	9	Magne Simonsen	1	25	64	Unknown	66	70	62	55	0	0	1764000	90000	eu:magnesimonsen	FIFA11_RATING_EST_AGE_ECONOMY
P	eu_norway	0	Molde FK	10	Vegard Forren	1	22	64	Unknown	68	39	62	55	0	0	1764000	90000	eu:vegardforren	FIFA11_RATING_EST_AGE_ECONOMY
P	eu_norway	0	Molde FK	11	Aksel Berget Skjølsvik	3	31	59	Unknown	67	58	57	55	0	0	729000	50000	eu:akselbergetskjlsvik	FIFA11_RATING_EST_AGE_ECONOMY
P	eu_norway	0	Molde FK	12	Christian Steen	1	25	59	Unknown	62	55	48	55	0	0	729000	50000	eu:christiansteen	FIFA11_RATING_EST_AGE_ECONOMY
P	eu_norway	0	Molde FK	13	Kristoffer Vatshaug	1	22	59	Unknown	65	34	58	55	0	0	729000	50000	eu:kristoffervatshaug	FIFA11_RATING_EST_AGE_ECONOMY
P	eu_norway	0	Molde FK	14	Marcus Andreasson	1	29	58	Unknown	84	32	55	55	0	0	576000	50000	eu:marcusandreasson	FIFA11_RATING_EST_AGE_ECONOMY
P	eu_norway	0	Molde FK	15	Øyvind Gjerde	1	21	58	Unknown	62	65	46	55	0	0	576000	50000	eu:yvindgjerde	FIFA11_RATING_EST_AGE_ECONOMY
P	eu_norway	0	Molde FK	16	Kristian Strandhagen	2	20	54	Unknown	67	30	46	55	0	0	250000	50000	eu:kristianstrandhagen	FIFA11_RATING_EST_AGE_ECONOMY
T	eu_norway	1	Rosenborg BK	-1		-1	2010	0	Norway	0	0	0	55	55	2	0	0	eu_norway:1	REGISTRY
P	eu_norway	1	Rosenborg BK	0	Per Ciljan Skjelbred	2	30	80	Unknown	73	81	78	55	0	0	8100000	450000	eu:perciljanskjelbred	FIFA11_RATING_EST_AGE_ECONOMY
P	eu_norway	1	Rosenborg BK	1	Anthony Annan	2	23	78	Unknown	73	80	61	55	0	0	7056000	390000	eu:anthonyannan	FIFA11_RATING_EST_AGE_ECONOMY
P	eu_norway	1	Rosenborg BK	2	Mikael Lustig	1	27	74	Unknown	83	68	74	55	0	0	5184000	280000	eu:mikaellustig	FIFA11_RATING_EST_AGE_ECONOMY
P	eu_norway	1	Rosenborg BK	3	Rade Prica	3	24	74	Unknown	76	72	69	55	0	0	5184000	280000	eu:radeprica	FIFA11_RATING_EST_AGE_ECONOMY
P	eu_norway	1	Rosenborg BK	4	Steffen Iversen	3	21	74	Unknown	74	76	68	55	0	0	5184000	280000	eu:steffeniversen	FIFA11_RATING_EST_AGE_ECONOMY
P	eu_norway	1	Rosenborg BK	5	Vadim Demidov	1	23	74	Unknown	83	66	72	55	0	0	5184000	280000	eu:vadimdemidov	FIFA11_RATING_EST_AGE_ECONOMY
P	eu_norway	1	Rosenborg BK	6	Markus Henriksen	2	21	73	Unknown	76	67	71	55	0	0	4761000	260000	eu:markushenriksen	FIFA11_RATING_EST_AGE_ECONOMY
P	eu_norway	1	Rosenborg BK	7	Mikael Dorsin	1	29	73	Unknown	66	73	71	55	0	0	4761000	260000	eu:mikaeldorsin	FIFA11_RATING_EST_AGE_ECONOMY
P	eu_norway	1	Rosenborg BK	8	Mattias Bjärsmyr	1	29	71	Unknown	69	72	63	55	0	0	3969000	220000	eu:mattiasbjarsmyr	FIFA11_RATING_EST_AGE_ECONOMY
P	eu_norway	1	Rosenborg BK	9	Bakary Sare	2	26	69	Unknown	80	54	68	55	0	0	3249000	180000	eu:bakarysare	FIFA11_RATING_EST_AGE_ECONOMY
P	eu_norway	1	Rosenborg BK	10	Trond Olsen	3	25	69	Unknown	68	73	51	55	0	0	3249000	180000	eu:trondolsen	FIFA11_RATING_EST_AGE_ECONOMY
P	eu_norway	1	Rosenborg BK	11	Fredrik Winsnes	2	27	68	Unknown	69	65	65	55	0	0	2916000	160000	eu:fredrikwinsnes	FIFA11_RATING_EST_AGE_ECONOMY
P	eu_norway	1	Rosenborg BK	12	Morten Moldskred	3	33	68	Unknown	63	76	65	55	0	0	2916000	160000	eu:mortenmoldskred	FIFA11_RATING_EST_AGE_ECONOMY
P	eu_norway	1	Rosenborg BK	13	Simen Wangberg	2	31	63	Unknown	66	59	64	55	0	0	1521000	80000	eu:simenwangberg	ESTIMATED
P	eu_norway	1	Rosenborg BK	14	Alejandro Lago	1	22	66	Unknown	63	62	66	55	0	0	2304000	120000	eu:alejandrolago	FIFA11_RATING_EST_AGE_ECONOMY
P	eu_norway	1	Rosenborg BK	15	Mushaga Bakenga	3	30	65	Unknown	80	49	62	55	0	0	2025000	110000	eu:mushagabakenga	FIFA11_RATING_EST_AGE_ECONOMY
P	eu_norway	1	Rosenborg BK	16	Roar Strand	2	24	65	Unknown	61	56	51	55	0	0	2025000	110000	eu:roarstrand	FIFA11_RATING_EST_AGE_ECONOMY
P	eu_norway	1	Rosenborg BK	17	Gjermund Åsen	2	33	62	Unknown	58	70	55	55	0	0	1296000	70000	eu:gjermundasen	FIFA11_RATING_EST_AGE_ECONOMY
P	eu_norway	1	Rosenborg BK	18	Michael Jamtfall	3	25	67	Unknown	58	62	61	55	0	0	2601000	140000	eu:michaeljamtfall	ESTIMATED
T	eu_norway	2	Tromsø IL	-1		-1	2010	0	Norway	0	0	0	55	55	2	0	0	eu_norway:2	REGISTRY
P	eu_norway	2	Tromsø IL	0	Kara Mbodji	2	21	81	Unknown	75	62	81	55	0	0	8649000	480000	eu:karambodji	FIFA11_RATING_EST_AGE_ECONOMY
P	eu_norway	2	Tromsø IL	1	Sigurd Rushfeldt	3	25	74	Unknown	67	76	73	55	0	0	5184000	280000	eu:sigurdrushfeldt	FIFA11_RATING_EST_AGE_ECONOMY
P	eu_norway	2	Tromsø IL	2	Tom Høgli	1	20	74	Unknown	78	58	75	55	0	0	5184000	280000	eu:tomhgli	FIFA11_RATING_EST_AGE_ECONOMY
P	eu_norway	2	Tromsø IL	3	Ruben Yttergård Jenssen	2	32	72	Unknown	62	70	65	55	0	0	4356000	240000	eu:rubenyttergardjenssen	FIFA11_RATING_EST_AGE_ECONOMY
P	eu_norway	2	Tromsø IL	4	Miika Koppinen	1	33	68	Unknown	65	63	56	55	0	0	2916000	160000	eu:miikakoppinen	FIFA11_RATING_EST_AGE_ECONOMY
P	eu_norway	2	Tromsø IL	5	Kayke	3	32	67	Unknown	73	48	66	55	0	0	2601000	140000	eu:kayke	FIFA11_RATING_EST_AGE_ECONOMY
P	eu_norway	2	Tromsø IL	6	Fredrik Björck	1	27	66	Unknown	74	66	60	55	0	0	2304000	120000	eu:fredrikbjorck	FIFA11_RATING_EST_AGE_ECONOMY
P	eu_norway	2	Tromsø IL	7	Remi Johansen	2	27	66	Unknown	66	65	59	55	0	0	2304000	120000	eu:remijohansen	FIFA11_RATING_EST_AGE_ECONOMY
P	eu_norway	2	Tromsø IL	8	George Mourad	3	33	64	Unknown	77	56	61	55	0	0	1764000	90000	eu:georgemourad	FIFA11_RATING_EST_AGE_ECONOMY
P	eu_norway	2	Tromsø IL	9	Kevin Larsen	3	28	63	Unknown	69	55	58	55	0	0	1521000	80000	eu:kevinlarsen	FIFA11_RATING_EST_AGE_ECONOMY
P	eu_norway	2	Tromsø IL	10	Mohammed Ahamed	3	24	63	Unknown	75	68	57	55	0	0	1521000	80000	eu:mohammedahamed	FIFA11_RATING_EST_AGE_ECONOMY
P	eu_norway	2	Tromsø IL	11	Hans Åge Yndestad	1	21	62	Unknown	68	74	53	55	0	0	1296000	70000	eu:hansageyndestad	FIFA11_RATING_EST_AGE_ECONOMY
P	eu_norway	2	Tromsø IL	12	Helge Haugen	2	29	61	Unknown	79	58	57	55	0	0	1089000	60000	eu:helgehaugen	FIFA11_RATING_EST_AGE_ECONOMY
P	eu_norway	2	Tromsø IL	13	Stevan Bates	1	33	61	Unknown	58	67	60	55	0	0	1089000	60000	eu:stevanbates	FIFA11_RATING_EST_AGE_ECONOMY
P	eu_norway	2	Tromsø IL	14	Tommy Knarvik	2	25	61	Unknown	49	72	52	55	0	0	1089000	60000	eu:tommyknarvik	FIFA11_RATING_EST_AGE_ECONOMY
P	eu_norway	2	Tromsø IL	15	Mads Reginiussen	2	22	58	Unknown	56	60	54	55	0	0	576000	50000	eu:madsreginiussen	FIFA11_RATING_EST_AGE_ECONOMY
P	eu_norway	2	Tromsø IL	16	Saliou Ciss	1	32	57	Unknown	58	58	45	55	0	0	441000	50000	eu:saliouciss	FIFA11_RATING_EST_AGE_ECONOMY
P	eu_norway	2	Tromsø IL	17	Thomas Drage	2	29	57	Unknown	62	53	57	55	0	0	441000	50000	eu:thomasdrage	FIFA11_RATING_EST_AGE_ECONOMY
P	eu_norway	2	Tromsø IL	18	Hans Julius Norbye	1	33	53	Unknown	51	54	43	55	0	0	250000	50000	eu:hansjuliusnorbye	FIFA11_RATING_EST_AGE_ECONOMY
T	eu_norway	3	Vålerenga	-1		-1	2010	0	Norway	0	0	0	55	55	2	0	0	eu_norway:3	REGISTRY
P	eu_norway	3	Vålerenga	0	Mohammed Fellah	2	31	75	Unknown	78	66	74	55	0	0	5625000	310000	eu:mohammedfellah	FIFA11_RATING_EST_AGE_ECONOMY
P	eu_norway	3	Vålerenga	1	André Muri	1	24	74	Unknown	75	60	72	55	0	0	5184000	280000	eu:andremuri	FIFA11_RATING_EST_AGE_ECONOMY
P	eu_norway	3	Vålerenga	2	Kristofer Hæstad	2	21	73	Unknown	75	61	73	55	0	0	4761000	260000	eu:kristoferhstad	FIFA11_RATING_EST_AGE_ECONOMY
P	eu_norway	3	Vålerenga	3	Luton Shelton	3	31	73	Unknown	75	68	69	55	0	0	4761000	260000	eu:lutonshelton	FIFA11_RATING_EST_AGE_ECONOMY
P	eu_norway	3	Vålerenga	4	Bojan Zajić	2	32	72	Unknown	69	58	72	55	0	0	4356000	240000	eu:bojanzajic	FIFA11_RATING_EST_AGE_ECONOMY
P	eu_norway	3	Vålerenga	5	Harmeet Singh	2	32	72	Unknown	70	74	59	55	0	0	4356000	240000	eu:harmeetsingh	FIFA11_RATING_EST_AGE_ECONOMY
P	eu_norway	3	Vålerenga	6	Bengt Sæternes	3	28	70	Unknown	75	65	62	55	0	0	3600000	200000	eu:bengtsternes	FIFA11_RATING_EST_AGE_ECONOMY
P	eu_norway	3	Vålerenga	7	Andreas Nordvik	1	24	67	Unknown	72	48	66	55	0	0	2601000	140000	eu:andreasnordvik	FIFA11_RATING_EST_AGE_ECONOMY
P	eu_norway	3	Vålerenga	8	Morten Berre	3	23	65	Unknown	55	64	63	55	0	0	2025000	110000	eu:mortenberre	FIFA11_RATING_EST_AGE_ECONOMY
P	eu_norway	3	Vålerenga	9	Stefan Strandberg	1	22	65	Unknown	55	71	51	55	0	0	2025000	110000	eu:stefanstrandberg	FIFA11_RATING_EST_AGE_ECONOMY
P	eu_norway	3	Vålerenga	10	Freddy dos Santos	1	20	63	Unknown	68	64	51	55	0	0	1521000	80000	eu:freddydossantos	FIFA11_RATING_EST_AGE_ECONOMY
P	eu_norway	3	Vålerenga	11	Dawda Leigh	3	22	61	Unknown	68	53	59	55	0	0	1089000	60000	eu:dawdaleigh	FIFA11_RATING_EST_AGE_ECONOMY
P	eu_norway	3	Vålerenga	12	Amin Nouri	1	20	60	Unknown	69	62	58	55	0	0	900000	50000	eu:aminnouri	FIFA11_RATING_EST_AGE_ECONOMY
P	eu_norway	3	Vålerenga	13	Kristian Brix	2	23	60	Unknown	67	44	54	55	0	0	900000	50000	eu:kristianbrix	FIFA11_RATING_EST_AGE_ECONOMY
P	eu_norway	3	Vålerenga	14	Birger Madsen	1	29	59	Unknown	64	58	50	55	0	0	729000	50000	eu:birgermadsen	FIFA11_RATING_EST_AGE_ECONOMY
P	eu_norway	3	Vålerenga	15	Mostafa Abdellaoue	3	23	59	Unknown	57	59	48	55	0	0	729000	50000	eu:mostafaabdellaoue	FIFA11_RATING_EST_AGE_ECONOMY
P	eu_norway	3	Vålerenga	16	Lars Iver Strand	2	29	58	Unknown	69	65	51	55	0	0	576000	50000	eu:larsiverstrand	FIFA11_RATING_EST_AGE_ECONOMY
P	eu_norway	3	Vålerenga	17	Adnan Haidar	2	23	57	Unknown	57	59	53	55	0	0	441000	50000	eu:adnanhaidar	FIFA11_RATING_EST_AGE_ECONOMY
T	eu_poland	0	Lech Poznań	-1		-1	2010	0	Poland	0	0	0	55	55	2	0	0	eu_poland:0	REGISTRY
P	eu_poland	0	Lech Poznań	0	Krzysztof Kotorowski	0	22	64	Unknown	66	67	64	55	0	0	1764000	90000	eu:krzysztofkotorowski	ESTIMATED
P	eu_poland	0	Lech Poznań	1	Jasmin Burić	0	29	69	Unknown	64	66	64	55	0	0	3249000	180000	eu:jasminburic	ESTIMATED
P	eu_poland	0	Lech Poznań	2	Bartosz Bosacki	1	33	66	Unknown	72	64	59	55	0	0	2304000	120000	eu:bartoszbosacki	FIFA11_RATING_EST_AGE_ECONOMY
P	eu_poland	0	Lech Poznań	3	Manuel Arboleda	1	26	62	Unknown	64	60	61	55	0	0	1296000	70000	eu:manuelarboleda	ESTIMATED
P	eu_poland	0	Lech Poznań	4	Grzegorz Wojtkowiak	1	21	65	Unknown	62	73	65	55	0	0	2025000	110000	eu:grzegorzwojtkowiak	FIFA11_RATING_EST_AGE_ECONOMY
P	eu_poland	0	Lech Poznań	5	Seweryn Gancarczyk	1	26	62	Unknown	62	67	55	55	0	0	1296000	70000	eu:seweryngancarczyk	FIFA11_RATING_EST_AGE_ECONOMY
P	eu_poland	0	Lech Poznań	6	Luis Henriquez	1	21	68	Unknown	76	63	70	55	0	0	2916000	160000	eu:luishenriquez	ESTIMATED
P	eu_poland	0	Lech Poznań	7	Marcin Kikut	1	29	56	Unknown	63	51	52	55	0	0	324000	50000	eu:marcinkikut	FIFA11_RATING_EST_AGE_ECONOMY
P	eu_poland	0	Lech Poznań	8	Dimitrije Injac	2	30	68	Unknown	74	64	64	55	0	0	2916000	160000	eu:dimitrijeinjac	ESTIMATED
P	eu_poland	0	Lech Poznań	9	Tomasz Bandrowski	2	33	64	Unknown	57	72	40	55	0	0	1764000	90000	eu:tomaszbandrowski	FIFA11_RATING_EST_AGE_ECONOMY
P	eu_poland	0	Lech Poznań	10	Semir Štilić	2	27	66	Unknown	62	65	65	55	0	0	2304000	120000	eu:semirstilic	ESTIMATED
P	eu_poland	0	Lech Poznań	11	Sergei Krivets	2	29	70	Unknown	74	66	75	55	0	0	3600000	200000	eu:sergeikrivets	ESTIMATED
P	eu_poland	0	Lech Poznań	12	Sławomir Peszko	2	21	64	Unknown	57	58	58	55	0	0	1764000	90000	eu:sawomirpeszko	ESTIMATED
P	eu_poland	0	Lech Poznań	13	Artjoms Rudņevs	2	32	69	Unknown	65	74	63	55	0	0	3249000	180000	eu:artjomsrudnevs	ESTIMATED
P	eu_poland	0	Lech Poznań	14	Joel Tshibamba	2	24	66	Unknown	68	60	68	55	0	0	2304000	120000	eu:joeltshibamba	ESTIMATED
P	eu_poland	0	Lech Poznań	15	Artur Wichniarek	3	21	68	Unknown	69	73	58	55	0	0	2916000	160000	eu:arturwichniarek	FIFA11_RATING_EST_AGE_ECONOMY
P	eu_poland	0	Lech Poznań	16	Jakub Wilk	3	32	62	Unknown	61	59	62	55	0	0	1296000	70000	eu:jakubwilk	ESTIMATED
P	eu_poland	0	Lech Poznań	17	Mateusz Możdżeń	3	25	70	Unknown	78	63	69	55	0	0	3600000	200000	eu:mateuszmozdzen	ESTIMATED
T	eu_poland	1	Legia Warsaw	-1		-1	2010	0	Poland	0	0	0	55	55	2	0	0	eu_poland:1	REGISTRY
P	eu_poland	1	Legia Warsaw	0	Marijan Antolović	0	21	62	Unknown	57	61	59	55	0	0	1296000	70000	eu:marijanantolovic	ESTIMATED
P	eu_poland	1	Legia Warsaw	1	Wojciech Skaba	0	23	63	Unknown	60	65	64	55	0	0	1521000	80000	eu:wojciechskaba	ESTIMATED
P	eu_poland	1	Legia Warsaw	2	Dickson Choto	1	20	69	Unknown	68	76	65	55	0	0	3249000	180000	eu:dicksonchoto	ESTIMATED
P	eu_poland	1	Legia Warsaw	3	Iñaki Astiz	1	20	68	Unknown	69	71	74	55	0	0	2916000	160000	eu:inakiastiz	ESTIMATED
P	eu_poland	1	Legia Warsaw	4	Jakub Rzeźniczak	1	23	69	Unknown	68	62	75	55	0	0	3249000	180000	eu:jakubrzezniczak	ESTIMATED
P	eu_poland	1	Legia Warsaw	5	Marcin Komorowski	1	33	69	Unknown	61	65	69	55	0	0	3249000	180000	eu:marcinkomorowski	ESTIMATED
P	eu_poland	1	Legia Warsaw	6	Tomasz Kiełbowicz	1	30	70	Unknown	65	64	73	55	0	0	3600000	200000	eu:tomaszkiebowicz	ESTIMATED
P	eu_poland	1	Legia Warsaw	7	Jakub Wawrzyniak	1	24	70	Unknown	78	70	70	55	0	0	3600000	200000	eu:jakubwawrzyniak	ESTIMATED
P	eu_poland	1	Legia Warsaw	8	Ivica Vrdoljak	2	21	69	Unknown	78	70	74	55	0	0	3249000	180000	eu:ivicavrdoljak	ESTIMATED
P	eu_poland	1	Legia Warsaw	9	Ariel Borysiuk	2	26	68	Unknown	69	62	69	55	0	0	2916000	160000	eu:arielborysiuk	ESTIMATED
P	eu_poland	1	Legia Warsaw	10	Maciej Iwański	2	20	66	Unknown	58	59	62	55	0	0	2304000	120000	eu:maciejiwanski	ESTIMATED
P	eu_poland	1	Legia Warsaw	11	Miroslav Radović	2	31	68	Unknown	65	62	66	55	0	0	2916000	160000	eu:miroslavradovic	ESTIMATED
P	eu_poland	1	Legia Warsaw	12	Sebastian Szałachowski	2	23	63	Unknown	60	56	61	55	0	0	1521000	80000	eu:sebastianszaachowski	ESTIMATED
P	eu_poland	1	Legia Warsaw	13	Michał Kucharczyk	2	25	64	Unknown	71	66	63	55	0	0	1764000	90000	eu:michakucharczyk	ESTIMATED
P	eu_poland	1	Legia Warsaw	14	Takesure Chinyama	2	24	66	Unknown	62	68	70	55	0	0	2304000	120000	eu:takesurechinyama	ESTIMATED
P	eu_poland	1	Legia Warsaw	15	Bruno Mezenga	3	24	62	Unknown	71	65	67	55	0	0	1296000	70000	eu:brunomezenga	ESTIMATED
T	eu_poland	2	Wisła Kraków	-1		-1	2010	0	Poland	0	0	0	55	55	2	0	0	eu_poland:2	REGISTRY
P	eu_poland	2	Wisła Kraków	0	Mariusz Pawełek	0	22	65	Unknown	74	58	65	55	0	0	2025000	110000	eu:mariuszpaweek	ESTIMATED
P	eu_poland	2	Wisła Kraków	1	Sergei Pareiko	0	20	68	Unknown	70	62	68	55	0	0	2916000	160000	eu:sergeipareiko	ESTIMATED
P	eu_poland	2	Wisła Kraków	2	Gordan Bunoza	1	27	66	Unknown	58	71	61	55	0	0	2304000	120000	eu:gordanbunoza	ESTIMATED
P	eu_poland	2	Wisła Kraków	3	Osman Chávez	1	28	70	Unknown	74	77	71	55	0	0	3600000	200000	eu:osmanchavez	ESTIMATED
P	eu_poland	2	Wisła Kraków	4	Dragan Paljić	2	31	65	Unknown	62	63	57	55	0	0	2025000	110000	eu:draganpaljic	FIFA11_RATING_EST_AGE_ECONOMY
P	eu_poland	2	Wisła Kraków	5	Cezary Wilk	1	23	65	Unknown	58	67	64	55	0	0	2025000	110000	eu:cezarywilk	ESTIMATED
P	eu_poland	2	Wisła Kraków	6	Radosław Sobolewski	2	32	71	Unknown	75	68	69	55	0	0	3969000	220000	eu:radosawsobolewski	FIFA11_RATING_EST_AGE_ECONOMY
P	eu_poland	2	Wisła Kraków	7	Łukasz Garguła	2	24	72	Unknown	73	68	68	55	0	0	4356000	240000	eu:ukaszgargua	FIFA11_RATING_EST_AGE_ECONOMY
P	eu_poland	2	Wisła Kraków	8	Andraž Kirm	2	31	72	Unknown	72	76	54	55	0	0	4356000	240000	eu:andrazkirm	FIFA11_RATING_EST_AGE_ECONOMY
P	eu_poland	2	Wisła Kraków	9	Patryk Małecki	3	22	67	Unknown	66	67	66	55	0	0	2601000	140000	eu:patrykmaecki	FIFA11_RATING_EST_AGE_ECONOMY
P	eu_poland	2	Wisła Kraków	10	Tomáš Jirsák	2	28	67	Unknown	63	66	47	55	0	0	2601000	140000	eu:tomasjirsak	FIFA11_RATING_EST_AGE_ECONOMY
P	eu_poland	2	Wisła Kraków	11	Maor Melikson	2	20	63	Unknown	62	67	68	55	0	0	1521000	80000	eu:maormelikson	ESTIMATED
P	eu_poland	2	Wisła Kraków	12	Rafał Boguski	3	31	62	Unknown	83	53	60	55	0	0	1296000	70000	eu:rafaboguski	FIFA11_RATING_EST_AGE_ECONOMY
P	eu_poland	2	Wisła Kraków	13	Paweł Brożek	3	31	74	Unknown	77	74	69	55	0	0	5184000	280000	eu:pawebrozek	FIFA11_RATING_EST_AGE_ECONOMY
P	eu_poland	2	Wisła Kraków	14	Maciej Żurawski	3	21	74	Unknown	78	64	74	55	0	0	5184000	280000	eu:maciejzurawski	FIFA11_RATING_EST_AGE_ECONOMY
P	eu_poland	2	Wisła Kraków	15	Nourdin Boukhari	2	27	68	Unknown	62	63	68	55	0	0	2916000	160000	eu:nourdinboukhari	FIFA11_RATING_EST_AGE_ECONOMY
T	eu_portugal	0	CD Nacional	-1		-1	2010	0	Portugal	0	0	0	55	55	2	0	0	eu_portugal:0	REGISTRY
P	eu_portugal	0	CD Nacional	0	Felipe Lopes	1	28	73	Unknown	74	68	67	55	0	0	4761000	260000	eu:felipelopes	FIFA11_RATING_EST_AGE_ECONOMY
P	eu_portugal	0	CD Nacional	1	Luís Alberto	2	25	71	Unknown	71	74	69	55	0	0	3969000	220000	eu:luisalberto	FIFA11_RATING_EST_AGE_ECONOMY
P	eu_portugal	0	CD Nacional	2	Thiago Gentil	3	21	71	Unknown	72	54	70	55	0	0	3969000	220000	eu:thiagogentil	FIFA11_RATING_EST_AGE_ECONOMY
P	eu_portugal	0	CD Nacional	3	Nejc Pečnik	2	33	70	Unknown	70	62	62	55	0	0	3600000	200000	eu:nejcpecnik	FIFA11_RATING_EST_AGE_ECONOMY
P	eu_portugal	0	CD Nacional	4	Patacas	1	24	70	Unknown	74	73	68	55	0	0	3600000	200000	eu:patacas	FIFA11_RATING_EST_AGE_ECONOMY
P	eu_portugal	0	CD Nacional	5	Mateus	3	29	69	Unknown	78	50	69	55	0	0	3249000	180000	eu:mateus	FIFA11_RATING_EST_AGE_ECONOMY
P	eu_portugal	0	CD Nacional	6	João Aurélio	2	30	68	Unknown	66	74	60	55	0	0	2916000	160000	eu:joaoaurelio	FIFA11_RATING_EST_AGE_ECONOMY
P	eu_portugal	0	CD Nacional	7	Kevin Amuneke	3	26	68	Unknown	66	70	66	55	0	0	2916000	160000	eu:kevinamuneke	FIFA11_RATING_EST_AGE_ECONOMY
P	eu_portugal	0	CD Nacional	8	Zarco Tomašević	1	33	68	Unknown	62	72	67	55	0	0	2916000	160000	eu:zarcotomasevic	FIFA11_RATING_EST_AGE_ECONOMY
P	eu_portugal	0	CD Nacional	9	Danielson	1	33	67	Unknown	66	62	64	55	0	0	2601000	140000	eu:danielson	FIFA11_RATING_EST_AGE_ECONOMY
P	eu_portugal	0	CD Nacional	10	Bruno Amaro	2	31	66	Unknown	77	62	59	55	0	0	2304000	120000	eu:brunoamaro	FIFA11_RATING_EST_AGE_ECONOMY
P	eu_portugal	0	CD Nacional	11	Rene Mihelič	2	33	65	Unknown	64	71	49	55	0	0	2025000	110000	eu:renemihelic	FIFA11_RATING_EST_AGE_ECONOMY
P	eu_portugal	0	CD Nacional	12	Bracalli	2	22	70	Unknown	77	76	74	55	0	0	3600000	200000	eu:bracalli	ESTIMATED
P	eu_portugal	0	CD Nacional	13	Diego Barcelos	2	28	64	Unknown	65	58	64	55	0	0	1764000	90000	eu:diegobarcelos	ESTIMATED
P	eu_portugal	0	CD Nacional	14	Edgar Costa	2	27	62	Unknown	64	69	68	55	0	0	1296000	70000	eu:edgarcosta	ESTIMATED
P	eu_portugal	0	CD Nacional	15	Skolnik	3	32	68	Unknown	69	67	64	55	0	0	2916000	160000	eu:skolnik	ESTIMATED
T	eu_portugal	1	CS Marítimo	-1		-1	2010	0	Portugal	0	0	0	55	55	2	0	0	eu_portugal:1	REGISTRY
P	eu_portugal	1	CS Marítimo	0	Peçanha	0	20	70	Unknown	65	66	69	55	0	0	3600000	200000	eu:pecanha	ESTIMATED
P	eu_portugal	1	CS Marítimo	1	Marcelo Boeck	0	30	69	Unknown	63	65	70	55	0	0	3249000	180000	eu:marceloboeck	ESTIMATED
P	eu_portugal	1	CS Marítimo	2	Robson	1	22	62	Unknown	58	58	65	55	0	0	1296000	70000	eu:robson	ESTIMATED
P	eu_portugal	1	CS Marítimo	3	João Guilherme	1	25	70	Unknown	79	74	71	55	0	0	3600000	200000	eu:joaoguilherme	ESTIMATED
P	eu_portugal	1	CS Marítimo	4	Briguel	1	31	70	Unknown	76	71	73	55	0	0	3600000	200000	eu:briguel	ESTIMATED
P	eu_portugal	1	CS Marítimo	5	Rafael Miranda	1	23	65	Unknown	68	58	61	55	0	0	2025000	110000	eu:rafaelmiranda	ESTIMATED
P	eu_portugal	1	CS Marítimo	6	Roberto Sousa	1	31	69	Unknown	68	68	72	55	0	0	3249000	180000	eu:robertosousa	ESTIMATED
P	eu_portugal	1	CS Marítimo	7	Djalma	1	27	64	Unknown	60	66	65	55	0	0	1764000	90000	eu:djalma	ESTIMATED
P	eu_portugal	1	CS Marítimo	8	Baba Diawara	2	24	65	Unknown	56	59	67	55	0	0	2025000	110000	eu:babadiawara	ESTIMATED
P	eu_portugal	1	CS Marítimo	9	Marquinho	2	33	65	Unknown	66	68	67	55	0	0	2025000	110000	eu:marquinho	ESTIMATED
P	eu_portugal	1	CS Marítimo	10	Kléber	2	32	68	Unknown	63	70	65	55	0	0	2916000	160000	eu:kleber	ESTIMATED
P	eu_portugal	1	CS Marítimo	11	Tchô	2	26	68	Unknown	67	66	69	55	0	0	2916000	160000	eu:tcho	ESTIMATED
P	eu_portugal	1	CS Marítimo	12	André Vilas Boas	2	21	70	Unknown	65	71	75	55	0	0	3600000	200000	eu:andrevilasboas	ESTIMATED
P	eu_portugal	1	CS Marítimo	13	Ricardo Esteves	2	28	65	Unknown	62	69	70	55	0	0	2025000	110000	eu:ricardoesteves	ESTIMATED
P	eu_portugal	1	CS Marítimo	14	Evangelos Mantzios	2	32	68	Unknown	60	67	69	55	0	0	2916000	160000	eu:evangelosmantzios	ESTIMATED
T	eu_portugal	2	Estoril Praia	-1		-1	2010	0	Portugal	0	0	0	55	55	2	0	0	eu_portugal:2	REGISTRY
P	eu_portugal	2	Estoril Praia	0	Mário Matos	0	27	68	Unknown	60	64	64	55	0	0	2916000	160000	eu:mariomatos	ESTIMATED
P	eu_portugal	2	Estoril Praia	1	Cléber	0	27	66	Unknown	72	73	61	55	0	0	2304000	120000	eu:cleber	ESTIMATED
P	eu_portugal	2	Estoril Praia	2	Lameirão	1	23	70	Unknown	75	73	67	55	0	0	3600000	200000	eu:lameirao	ESTIMATED
P	eu_portugal	2	Estoril Praia	3	Filipe da Costa	1	23	65	Unknown	67	58	64	55	0	0	2025000	110000	eu:filipedacosta	ESTIMATED
P	eu_portugal	2	Estoril Praia	4	Vinícius Reche	1	24	63	Unknown	57	59	60	55	0	0	1521000	80000	eu:viniciusreche	ESTIMATED
P	eu_portugal	2	Estoril Praia	5	Alex Afonso	1	21	69	Unknown	64	66	65	55	0	0	3249000	180000	eu:alexafonso	ESTIMATED
P	eu_portugal	2	Estoril Praia	6	Marco Silva	1	29	64	Unknown	66	57	69	55	0	0	1764000	90000	eu:marcosilva	ESTIMATED
P	eu_portugal	2	Estoril Praia	7	Tiago Gomes	1	31	70	Unknown	69	65	67	55	0	0	3600000	200000	eu:tiagogomes	ESTIMATED
P	eu_portugal	2	Estoril Praia	8	André Castro	2	28	64	Unknown	61	59	68	55	0	0	1764000	90000	eu:andrecastro	ESTIMATED
P	eu_portugal	2	Estoril Praia	9	Jefferson	2	31	62	Unknown	54	63	58	55	0	0	1296000	70000	eu:jefferson	ESTIMATED
P	eu_portugal	2	Estoril Praia	10	Luís Carlos	2	29	64	Unknown	62	57	67	55	0	0	1764000	90000	eu:luiscarlos	ESTIMATED
P	eu_portugal	2	Estoril Praia	11	Steven Vitória	2	28	68	Unknown	73	75	71	55	0	0	2916000	160000	eu:stevenvitoria	ESTIMATED
P	eu_portugal	2	Estoril Praia	12	João Coimbra	2	33	65	Unknown	66	65	60	55	0	0	2025000	110000	eu:joaocoimbra	ESTIMATED
P	eu_portugal	2	Estoril Praia	13	Luís Leal	2	33	69	Unknown	63	62	68	55	0	0	3249000	180000	eu:luisleal	ESTIMATED
P	eu_portugal	2	Estoril Praia	14	Licá	2	27	69	Unknown	67	75	65	55	0	0	3249000	180000	eu:lica	ESTIMATED
T	eu_portugal	3	FC Porto	-1		-1	2010	0	Portugal	0	0	0	55	55	2	0	0	eu_portugal:3	REGISTRY
P	eu_portugal	3	FC Porto	0	Helton	0	23	74	Unknown	76	76	79	55	0	0	5184000	280000	eu:helton	ESTIMATED
P	eu_portugal	3	FC Porto	1	Beto	0	33	66	Unknown	62	65	69	55	0	0	2304000	120000	eu:beto	ESTIMATED
P	eu_portugal	3	FC Porto	2	Falcao	3	28	88	Unknown	85	95	84	55	0	0	12996000	720000	eu:falcao	FIFA11_RATING_EST_AGE_ECONOMY
P	eu_portugal	3	FC Porto	3	Hulk	2	32	87	Unknown	86	90	82	55	0	0	12321000	680000	eu:hulk	FIFA11_RATING_EST_AGE_ECONOMY
P	eu_portugal	3	FC Porto	4	João Moutinho	2	22	85	Unknown	78	62	90	55	0	0	11025000	610000	eu:joaomoutinho	FIFA11_RATING_EST_AGE_ECONOMY
P	eu_portugal	3	FC Porto	5	Álvaro Pereira	1	21	82	Unknown	72	87	68	55	0	0	9216000	510000	eu:alvaropereira	FIFA11_RATING_EST_AGE_ECONOMY
P	eu_portugal	3	FC Porto	6	Rolando	1	21	82	Unknown	77	73	83	55	0	0	9216000	510000	eu:rolando	FIFA11_RATING_EST_AGE_ECONOMY
P	eu_portugal	3	FC Porto	7	James Rodríguez	3	33	81	Unknown	75	86	79	55	0	0	8649000	480000	eu:jamesrodriguez	FIFA11_RATING_EST_AGE_ECONOMY
P	eu_portugal	3	FC Porto	8	Cristian Rodríguez	3	28	80	Unknown	80	78	70	55	0	0	8100000	450000	eu:cristianrodriguez	FIFA11_RATING_EST_AGE_ECONOMY
P	eu_portugal	3	FC Porto	9	Freddy Guarín	2	32	80	Unknown	78	87	72	55	0	0	8100000	450000	eu:freddyguarin	FIFA11_RATING_EST_AGE_ECONOMY
P	eu_portugal	3	FC Porto	10	Rúben Micael	2	31	79	Unknown	86	66	81	55	0	0	7569000	420000	eu:rubenmicael	FIFA11_RATING_EST_AGE_ECONOMY
P	eu_portugal	3	FC Porto	11	Silvestre Varela	2	21	73	Unknown	80	73	75	55	0	0	4761000	260000	eu:silvestrevarela	ESTIMATED
P	eu_portugal	3	FC Porto	12	Fernando Belluschi	2	24	77	Unknown	66	86	54	55	0	0	6561000	360000	eu:fernandobelluschi	FIFA11_RATING_EST_AGE_ECONOMY
P	eu_portugal	3	FC Porto	13	Jorge Fucile	1	28	77	Unknown	79	56	77	55	0	0	6561000	360000	eu:jorgefucile	FIFA11_RATING_EST_AGE_ECONOMY
P	eu_portugal	3	FC Porto	14	Walter	3	33	76	Unknown	76	71	75	55	0	0	6084000	330000	eu:walter	FIFA11_RATING_EST_AGE_ECONOMY
P	eu_portugal	3	FC Porto	15	Mariano González	2	29	75	Unknown	77	65	73	55	0	0	5625000	310000	eu:marianogonzalez	FIFA11_RATING_EST_AGE_ECONOMY
P	eu_portugal	3	FC Porto	16	Sereno	1	30	75	Unknown	86	62	75	55	0	0	5625000	310000	eu:sereno	FIFA11_RATING_EST_AGE_ECONOMY
P	eu_portugal	3	FC Porto	17	Ukra	3	23	74	Unknown	84	68	72	55	0	0	5184000	280000	eu:ukra	FIFA11_RATING_EST_AGE_ECONOMY
P	eu_portugal	3	FC Porto	18	Cristian Săpunaru	1	21	73	Unknown	68	74	57	55	0	0	4761000	260000	eu:cristiansapunaru	FIFA11_RATING_EST_AGE_ECONOMY
T	eu_portugal	4	Paços de Ferreira	-1		-1	2010	0	Portugal	0	0	0	55	55	2	0	0	eu_portugal:4	REGISTRY
P	eu_portugal	4	Paços de Ferreira	0	Cássio	0	29	63	Unknown	60	68	64	55	0	0	1521000	80000	eu:cassio	ESTIMATED
P	eu_portugal	4	Paços de Ferreira	1	Coelho	0	33	63	Unknown	56	69	64	55	0	0	1521000	80000	eu:coelho	ESTIMATED
P	eu_portugal	4	Paços de Ferreira	2	Baiano	1	23	67	Unknown	67	69	62	55	0	0	2601000	140000	eu:baiano	ESTIMATED
P	eu_portugal	4	Paços de Ferreira	3	Ozeia	1	24	63	Unknown	69	65	67	55	0	0	1521000	80000	eu:ozeia	ESTIMATED
P	eu_portugal	4	Paços de Ferreira	4	Ricardo Dias	1	23	63	Unknown	63	68	61	55	0	0	1521000	80000	eu:ricardodias	ESTIMATED
P	eu_portugal	4	Paços de Ferreira	5	Maykon	1	29	64	Unknown	68	60	61	55	0	0	1764000	90000	eu:maykon	ESTIMATED
P	eu_portugal	4	Paços de Ferreira	6	André Leão	1	31	66	Unknown	71	68	64	55	0	0	2304000	120000	eu:andreleao	ESTIMATED
P	eu_portugal	4	Paços de Ferreira	7	Manuel José	1	25	62	Unknown	53	63	68	55	0	0	1296000	70000	eu:manueljose	ESTIMATED
P	eu_portugal	4	Paços de Ferreira	8	Filipe Anunciação	2	26	65	Unknown	73	68	71	55	0	0	2025000	110000	eu:filipeanunciacao	ESTIMATED
P	eu_portugal	4	Paços de Ferreira	9	David Simão	2	32	66	Unknown	57	66	71	55	0	0	2304000	120000	eu:davidsimao	ESTIMATED
P	eu_portugal	4	Paços de Ferreira	10	Nélson Oliveira	2	30	66	Unknown	61	63	69	55	0	0	2304000	120000	eu:nelsonoliveira	ESTIMATED
P	eu_portugal	4	Paços de Ferreira	11	Pizzi	2	31	62	Unknown	64	60	56	55	0	0	1296000	70000	eu:pizzi	ESTIMATED
P	eu_portugal	4	Paços de Ferreira	12	William	2	20	69	Unknown	61	75	64	55	0	0	3249000	180000	eu:william	ESTIMATED
P	eu_portugal	4	Paços de Ferreira	13	Mario Rondón	2	26	62	Unknown	59	66	65	55	0	0	1296000	70000	eu:mariorondon	ESTIMATED
T	eu_portugal	5	Rio Ave	-1		-1	2010	0	Portugal	0	0	0	55	55	2	0	0	eu_portugal:5	REGISTRY
P	eu_portugal	5	Rio Ave	0	Paulo Santos	0	22	66	Unknown	75	65	62	55	0	0	2304000	120000	eu:paulosantos	ESTIMATED
P	eu_portugal	5	Rio Ave	1	Gaspar	1	32	67	Unknown	65	50	68	55	0	0	2601000	140000	eu:gaspar	FIFA11_RATING_EST_AGE_ECONOMY
P	eu_portugal	5	Rio Ave	2	Ricardo Chaves	2	25	66	Unknown	69	66	61	55	0	0	2304000	120000	eu:ricardochaves	FIFA11_RATING_EST_AGE_ECONOMY
P	eu_portugal	5	Rio Ave	3	Tiago Pinto	1	29	67	Unknown	73	61	66	55	0	0	2601000	140000	eu:tiagopinto	FIFA11_RATING_EST_AGE_ECONOMY
P	eu_portugal	5	Rio Ave	4	José Gomes	1	32	65	Unknown	62	71	70	55	0	0	2025000	110000	eu:josegomes	ESTIMATED
P	eu_portugal	5	Rio Ave	5	Braga	3	32	71	Unknown	79	61	69	55	0	0	3969000	220000	eu:braga	FIFA11_RATING_EST_AGE_ECONOMY
P	eu_portugal	5	Rio Ave	6	Tarantini	1	33	62	Unknown	67	66	56	55	0	0	1296000	70000	eu:tarantini	ESTIMATED
P	eu_portugal	5	Rio Ave	7	Wires	1	24	62	Unknown	54	55	65	55	0	0	1296000	70000	eu:wires	ESTIMATED
P	eu_portugal	5	Rio Ave	8	Bruno Gama	2	22	74	Unknown	79	57	75	55	0	0	5184000	280000	eu:brunogama	FIFA11_RATING_EST_AGE_ECONOMY
P	eu_portugal	5	Rio Ave	9	Saulo	3	27	64	Unknown	68	68	53	55	0	0	1764000	90000	eu:saulo	FIFA11_RATING_EST_AGE_ECONOMY
P	eu_portugal	5	Rio Ave	10	João Tomás	3	29	73	Unknown	65	76	59	55	0	0	4761000	260000	eu:joaotomas	FIFA11_RATING_EST_AGE_ECONOMY
P	eu_portugal	5	Rio Ave	11	Yazalde	3	23	78	Unknown	79	64	77	55	0	0	7056000	390000	eu:yazalde	FIFA11_RATING_EST_AGE_ECONOMY
P	eu_portugal	5	Rio Ave	12	Tiago Targino	2	23	70	Unknown	70	66	65	55	0	0	3600000	200000	eu:tiagotargino	ESTIMATED
P	eu_portugal	5	Rio Ave	13	Kelvin	2	32	63	Unknown	66	65	68	55	0	0	1521000	80000	eu:kelvin	ESTIMATED
T	eu_portugal	6	SC Braga	-1		-1	2010	0	Portugal	0	0	0	55	55	2	0	0	eu_portugal:6	REGISTRY
P	eu_portugal	6	SC Braga	0	Artur Moraes	0	22	64	Unknown	65	64	69	55	0	0	1764000	90000	eu:arturmoraes	ESTIMATED
P	eu_portugal	6	SC Braga	1	Quim	0	27	64	Unknown	57	64	65	55	0	0	1764000	90000	eu:quim	ESTIMATED
P	eu_portugal	6	SC Braga	2	Alberto Rodríguez	1	28	72	Unknown	80	73	75	55	0	0	4356000	240000	eu:albertorodriguez	ESTIMATED
P	eu_portugal	6	SC Braga	3	Moisés	1	33	66	Unknown	62	71	63	55	0	0	2304000	120000	eu:moises	ESTIMATED
P	eu_portugal	6	SC Braga	4	Miguel Garcia	1	22	66	Unknown	70	71	68	55	0	0	2304000	120000	eu:miguelgarcia	ESTIMATED
P	eu_portugal	6	SC Braga	5	Elderson Echiejile	1	21	66	Unknown	71	59	65	55	0	0	2304000	120000	eu:eldersonechiejile	ESTIMATED
P	eu_portugal	6	SC Braga	6	Salino	2	22	71	Unknown	77	75	70	55	0	0	3969000	220000	eu:salino	FIFA11_RATING_EST_AGE_ECONOMY
P	eu_portugal	6	SC Braga	7	Custódio	2	25	70	Unknown	58	78	46	55	0	0	3600000	200000	eu:custodio	FIFA11_RATING_EST_AGE_ECONOMY
P	eu_portugal	6	SC Braga	8	Hugo Viana	2	28	75	Unknown	70	76	64	55	0	0	5625000	310000	eu:hugoviana	FIFA11_RATING_EST_AGE_ECONOMY
P	eu_portugal	6	SC Braga	9	Luís Aguiar	2	21	72	Unknown	79	67	76	55	0	0	4356000	240000	eu:luisaguiar	ESTIMATED
P	eu_portugal	6	SC Braga	10	Mossoró	2	31	72	Unknown	65	69	78	55	0	0	4356000	240000	eu:mossoro	ESTIMATED
P	eu_portugal	6	SC Braga	11	Alan	3	24	78	Unknown	75	78	77	55	0	0	7056000	390000	eu:alan	FIFA11_RATING_EST_AGE_ECONOMY
P	eu_portugal	6	SC Braga	12	Hélder Barbosa	3	21	75	Unknown	74	81	70	55	0	0	5625000	310000	eu:helderbarbosa	FIFA11_RATING_EST_AGE_ECONOMY
P	eu_portugal	6	SC Braga	13	Paulo César	2	24	67	Unknown	66	66	62	55	0	0	2601000	140000	eu:paulocesar	ESTIMATED
P	eu_portugal	6	SC Braga	14	Albert Meyong	2	24	70	Unknown	78	75	76	55	0	0	3600000	200000	eu:albertmeyong	ESTIMATED
P	eu_portugal	6	SC Braga	15	Lima	3	31	67	Unknown	73	73	61	55	0	0	2601000	140000	eu:lima	ESTIMATED
T	eu_portugal	7	SL Benfica	-1		-1	2010	0	Portugal	0	0	0	55	55	2	0	0	eu_portugal:7	REGISTRY
P	eu_portugal	7	SL Benfica	0	Júlio César	0	32	66	Unknown	72	69	63	55	0	0	2304000	120000	eu:juliocesar	ESTIMATED
P	eu_portugal	7	SL Benfica	1	Luisão	1	31	85	Unknown	87	66	85	55	0	0	11025000	610000	eu:luisao	FIFA11_RATING_EST_AGE_ECONOMY
P	eu_portugal	7	SL Benfica	2	David Luiz	1	31	84	Unknown	79	85	84	55	0	0	10404000	570000	eu:davidluiz	FIFA11_RATING_EST_AGE_ECONOMY
P	eu_portugal	7	SL Benfica	3	Fábio Coentrão	1	27	83	Unknown	86	60	81	55	0	0	9801000	540000	eu:fabiocoentrao	FIFA11_RATING_EST_AGE_ECONOMY
P	eu_portugal	7	SL Benfica	4	Maxi Pereira	1	21	71	Unknown	64	78	75	55	0	0	3969000	220000	eu:maxipereira	ESTIMATED
P	eu_portugal	7	SL Benfica	5	César Peixoto	2	32	75	Unknown	74	72	54	55	0	0	5625000	310000	eu:cesarpeixoto	FIFA11_RATING_EST_AGE_ECONOMY
P	eu_portugal	7	SL Benfica	6	Javi García	2	30	79	Unknown	79	60	80	55	0	0	7569000	420000	eu:javigarcia	FIFA11_RATING_EST_AGE_ECONOMY
P	eu_portugal	7	SL Benfica	7	Carlos Martins	2	23	79	Unknown	86	62	79	55	0	0	7569000	420000	eu:carlosmartins	FIFA11_RATING_EST_AGE_ECONOMY
P	eu_portugal	7	SL Benfica	8	Pablo Aimar	2	20	83	Unknown	73	72	78	55	0	0	9801000	540000	eu:pabloaimar	FIFA11_RATING_EST_AGE_ECONOMY
P	eu_portugal	7	SL Benfica	9	Nicolás Gaitán	2	20	82	Unknown	65	89	72	55	0	0	9216000	510000	eu:nicolasgaitan	FIFA11_RATING_EST_AGE_ECONOMY
P	eu_portugal	7	SL Benfica	10	Eduardo Salvio	3	23	74	Unknown	75	67	72	55	0	0	5184000	280000	eu:eduardosalvio	FIFA11_RATING_EST_AGE_ECONOMY
P	eu_portugal	7	SL Benfica	11	Rúben Amorim	2	29	77	Unknown	76	76	74	55	0	0	6561000	360000	eu:rubenamorim	FIFA11_RATING_EST_AGE_ECONOMY
P	eu_portugal	7	SL Benfica	12	Airton	2	29	76	Unknown	72	84	69	55	0	0	6084000	330000	eu:airton	FIFA11_RATING_EST_AGE_ECONOMY
P	eu_portugal	7	SL Benfica	13	Javier Saviola	3	30	81	Unknown	74	89	77	55	0	0	8649000	480000	eu:javiersaviola	FIFA11_RATING_EST_AGE_ECONOMY
P	eu_portugal	7	SL Benfica	14	Óscar Cardozo	3	30	84	Unknown	84	70	78	55	0	0	10404000	570000	eu:oscarcardozo	FIFA11_RATING_EST_AGE_ECONOMY
P	eu_portugal	7	SL Benfica	15	Nuno Gomes	3	29	75	Unknown	72	69	69	55	0	0	5625000	310000	eu:nunogomes	FIFA11_RATING_EST_AGE_ECONOMY
P	eu_portugal	7	SL Benfica	16	Alan Kardec	3	24	74	Unknown	74	58	72	55	0	0	5184000	280000	eu:alankardec	FIFA11_RATING_EST_AGE_ECONOMY
P	eu_portugal	7	SL Benfica	17	Weldon	3	22	75	Unknown	75	70	70	55	0	0	5625000	310000	eu:weldon	FIFA11_RATING_EST_AGE_ECONOMY
P	eu_portugal	7	SL Benfica	18	Fábio Faria	1	32	72	Unknown	81	62	69	55	0	0	4356000	240000	eu:fabiofaria	FIFA11_RATING_EST_AGE_ECONOMY
T	eu_portugal	8	Sporting CP	-1		-1	2010	0	Portugal	0	0	0	55	55	2	0	0	eu_portugal:8	REGISTRY
P	eu_portugal	8	Sporting CP	0	Rui Patrício	0	29	71	Unknown	63	68	72	55	0	0	3969000	220000	eu:ruipatricio	ESTIMATED
P	eu_portugal	8	Sporting CP	1	Timo Hildebrand	2	21	79	Unknown	82	65	79	55	0	0	7569000	420000	eu:timohildebrand	FIFA11_RATING_EST_AGE_ECONOMY
P	eu_portugal	8	Sporting CP	2	João Pereira	1	26	81	Unknown	80	81	66	55	0	0	8649000	480000	eu:joaopereira	FIFA11_RATING_EST_AGE_ECONOMY
P	eu_portugal	8	Sporting CP	3	Daniel Carriço	1	26	78	Unknown	82	69	76	55	0	0	7056000	390000	eu:danielcarrico	FIFA11_RATING_EST_AGE_ECONOMY
P	eu_portugal	8	Sporting CP	4	Anderson Polga	1	31	77	Unknown	78	77	71	55	0	0	6561000	360000	eu:andersonpolga	FIFA11_RATING_EST_AGE_ECONOMY
P	eu_portugal	8	Sporting CP	5	Evaldo	1	32	65	Unknown	71	61	59	55	0	0	2025000	110000	eu:evaldo	ESTIMATED
P	eu_portugal	8	Sporting CP	6	Caneira	1	22	72	Unknown	65	69	66	55	0	0	4356000	240000	eu:caneira	FIFA11_RATING_EST_AGE_ECONOMY
P	eu_portugal	8	Sporting CP	7	Pedro Mendes	2	29	76	Unknown	83	51	75	55	0	0	6084000	330000	eu:pedromendes	FIFA11_RATING_EST_AGE_ECONOMY
P	eu_portugal	8	Sporting CP	8	Maniche	2	20	75	Unknown	74	68	74	55	0	0	5625000	310000	eu:maniche	FIFA11_RATING_EST_AGE_ECONOMY
P	eu_portugal	8	Sporting CP	9	Matías Fernández	2	20	78	Unknown	72	81	63	55	0	0	7056000	390000	eu:matiasfernandez	FIFA11_RATING_EST_AGE_ECONOMY
P	eu_portugal	8	Sporting CP	10	Jaime Valdés	2	25	78	Unknown	70	84	61	55	0	0	7056000	390000	eu:jaimevaldes	FIFA11_RATING_EST_AGE_ECONOMY
P	eu_portugal	8	Sporting CP	11	Marat Izmailov	2	20	79	Unknown	72	61	81	55	0	0	7569000	420000	eu:maratizmailov	FIFA11_RATING_EST_AGE_ECONOMY
P	eu_portugal	8	Sporting CP	12	Simon Vukčević	2	28	78	Unknown	80	71	76	55	0	0	7056000	390000	eu:simonvukcevic	FIFA11_RATING_EST_AGE_ECONOMY
P	eu_portugal	8	Sporting CP	13	Zapater	2	20	73	Unknown	71	84	67	55	0	0	4761000	260000	eu:zapater	FIFA11_RATING_EST_AGE_ECONOMY
P	eu_portugal	8	Sporting CP	14	Liedson	3	20	84	Unknown	86	60	83	55	0	0	10404000	570000	eu:liedson	FIFA11_RATING_EST_AGE_ECONOMY
P	eu_portugal	8	Sporting CP	15	Hélder Postiga	3	28	74	Unknown	75	77	70	55	0	0	5184000	280000	eu:helderpostiga	FIFA11_RATING_EST_AGE_ECONOMY
P	eu_portugal	8	Sporting CP	16	Yannick Djaló	3	32	76	Unknown	75	64	71	55	0	0	6084000	330000	eu:yannickdjalo	FIFA11_RATING_EST_AGE_ECONOMY
T	eu_portugal	9	Vitória SC	-1		-1	2010	0	Portugal	0	0	0	55	55	2	0	0	eu_portugal:9	REGISTRY
P	eu_portugal	9	Vitória SC	0	Nilson	0	32	69	Unknown	69	74	65	55	0	0	3249000	180000	eu:nilson	ESTIMATED
P	eu_portugal	9	Vitória SC	1	João Paulo	1	25	70	Unknown	72	69	59	55	0	0	3600000	200000	eu:joaopaulo	FIFA11_RATING_EST_AGE_ECONOMY
P	eu_portugal	9	Vitória SC	2	Anderson Santana	1	20	67	Unknown	62	65	72	55	0	0	2601000	140000	eu:andersonsantana	ESTIMATED
P	eu_portugal	9	Vitória SC	3	Flávio Meireles	2	28	70	Unknown	78	56	70	55	0	0	3600000	200000	eu:flaviomeireles	FIFA11_RATING_EST_AGE_ECONOMY
P	eu_portugal	9	Vitória SC	4	João Alves	2	28	71	Unknown	80	64	70	55	0	0	3969000	220000	eu:joaoalves	FIFA11_RATING_EST_AGE_ECONOMY
P	eu_portugal	9	Vitória SC	5	Rui Miguel	2	21	72	Unknown	68	76	62	55	0	0	4356000	240000	eu:ruimiguel	FIFA11_RATING_EST_AGE_ECONOMY
P	eu_portugal	9	Vitória SC	6	Pereirinha	2	27	75	Unknown	72	52	77	55	0	0	5625000	310000	eu:pereirinha	FIFA11_RATING_EST_AGE_ECONOMY
P	eu_portugal	9	Vitória SC	7	Jorge Ribeiro	1	33	74	Unknown	62	74	66	55	0	0	5184000	280000	eu:jorgeribeiro	FIFA11_RATING_EST_AGE_ECONOMY
P	eu_portugal	9	Vitória SC	8	Targino	3	26	73	Unknown	76	62	74	55	0	0	4761000	260000	eu:targino	FIFA11_RATING_EST_AGE_ECONOMY
P	eu_portugal	9	Vitória SC	9	Edgar Silva	2	25	67	Unknown	67	67	72	55	0	0	2601000	140000	eu:edgarsilva	ESTIMATED
P	eu_portugal	9	Vitória SC	10	Maranhão	2	28	62	Unknown	55	56	67	55	0	0	1296000	70000	eu:maranhao	ESTIMATED
P	eu_portugal	9	Vitória SC	11	Toscano	2	32	70	Unknown	61	73	71	55	0	0	3600000	200000	eu:toscano	ESTIMATED
P	eu_portugal	9	Vitória SC	12	Bruno Teles	2	23	67	Unknown	62	64	70	55	0	0	2601000	140000	eu:brunoteles	ESTIMATED
T	eu_portugal	10	Vitória Setúbal	-1		-1	2010	0	Portugal	0	0	0	55	55	2	0	0	eu_portugal:10	REGISTRY
P	eu_portugal	10	Vitória Setúbal	0	Ricardo Batista	0	32	66	Unknown	67	71	62	55	0	0	2304000	120000	eu:ricardobatista	ESTIMATED
P	eu_portugal	10	Vitória Setúbal	1	Aurélien Collin	1	30	73	Unknown	73	68	73	55	0	0	4761000	260000	eu:aureliencollin	FIFA11_RATING_EST_AGE_ECONOMY
P	eu_portugal	10	Vitória Setúbal	2	Ricardo Silva	1	26	64	Unknown	70	70	58	55	0	0	1764000	90000	eu:ricardosilva	ESTIMATED
P	eu_portugal	10	Vitória Setúbal	3	Miguelito	1	29	69	Unknown	72	71	71	55	0	0	3249000	180000	eu:miguelito	ESTIMATED
P	eu_portugal	10	Vitória Setúbal	4	Joãozinho	2	33	57	Unknown	63	48	57	55	0	0	441000	50000	eu:joaozinho	FIFA11_RATING_EST_AGE_ECONOMY
P	eu_portugal	10	Vitória Setúbal	5	Hugo Leal	2	29	70	Unknown	72	69	68	55	0	0	3600000	200000	eu:hugoleal	FIFA11_RATING_EST_AGE_ECONOMY
P	eu_portugal	10	Vitória Setúbal	6	Bruno Gallo	2	23	64	Unknown	65	62	62	55	0	0	1764000	90000	eu:brunogallo	FIFA11_RATING_EST_AGE_ECONOMY
P	eu_portugal	10	Vitória Setúbal	7	Zé Pedro	1	21	63	Unknown	66	67	68	55	0	0	1521000	80000	eu:zepedro	ESTIMATED
P	eu_portugal	10	Vitória Setúbal	8	Paulo Regula	2	24	63	Unknown	63	69	60	55	0	0	1521000	80000	eu:pauloregula	FIFA11_RATING_EST_AGE_ECONOMY
P	eu_portugal	10	Vitória Setúbal	9	Jaílson	3	28	67	Unknown	71	58	58	55	0	0	2601000	140000	eu:jailson	FIFA11_RATING_EST_AGE_ECONOMY
P	eu_portugal	10	Vitória Setúbal	10	Leandro Branco	2	31	64	Unknown	60	60	69	55	0	0	1764000	90000	eu:leandrobranco	ESTIMATED
P	eu_portugal	10	Vitória Setúbal	11	Valdomiro	2	30	62	Unknown	58	55	61	55	0	0	1296000	70000	eu:valdomiro	ESTIMATED
P	eu_portugal	10	Vitória Setúbal	12	Ney Santos	2	33	70	Unknown	71	64	70	55	0	0	3600000	200000	eu:neysantos	ESTIMATED
T	eu_romania	0	Astra Ploiești	-1		-1	2010	0	Romania	0	0	0	55	55	2	0	0	eu_romania:0	REGISTRY
P	eu_romania	0	Astra Ploiești	0	Silviu Lung Jr.	0	21	63	Unknown	69	68	61	55	0	0	1521000	80000	eu:silviulungjr	ESTIMATED
P	eu_romania	0	Astra Ploiești	1	Miron	0	21	65	Unknown	61	64	62	55	0	0	2025000	110000	eu:miron	ESTIMATED
P	eu_romania	0	Astra Ploiești	2	Ovidiu Mihalache	1	26	62	Unknown	59	62	67	55	0	0	1296000	70000	eu:ovidiumihalache	ESTIMATED
P	eu_romania	0	Astra Ploiești	3	Alexandru Mățel	1	31	66	Unknown	61	70	61	55	0	0	2304000	120000	eu:alexandrumatel	ESTIMATED
P	eu_romania	0	Astra Ploiești	4	Takayuki Seto	1	20	63	Unknown	67	70	69	55	0	0	1521000	80000	eu:takayukiseto	ESTIMATED
P	eu_romania	0	Astra Ploiești	5	Florin Lovin	1	31	62	Unknown	59	67	56	55	0	0	1296000	70000	eu:florinlovin	ESTIMATED
P	eu_romania	0	Astra Ploiești	6	Nicolae Grigore	1	33	60	Unknown	68	59	59	55	0	0	900000	50000	eu:nicolaegrigore	ESTIMATED
P	eu_romania	0	Astra Ploiești	7	Gabriel Enache	1	22	60	Unknown	68	66	60	55	0	0	900000	50000	eu:gabrielenache	ESTIMATED
P	eu_romania	0	Astra Ploiești	8	Fatai Kehinde	2	32	64	Unknown	66	67	60	55	0	0	1764000	90000	eu:fataikehinde	ESTIMATED
P	eu_romania	0	Astra Ploiești	9	Mirko Ivanovski	2	27	60	Unknown	59	57	66	55	0	0	900000	50000	eu:mirkoivanovski	ESTIMATED
P	eu_romania	0	Astra Ploiești	10	Bogdan Chipirliu	2	32	65	Unknown	63	68	66	55	0	0	2025000	110000	eu:bogdanchipirliu	ESTIMATED
P	eu_romania	0	Astra Ploiești	11	Marian Cristescu	2	26	64	Unknown	60	64	62	55	0	0	1764000	90000	eu:mariancristescu	ESTIMATED
P	eu_romania	0	Astra Ploiești	12	Paulinho	2	26	66	Unknown	65	61	72	55	0	0	2304000	120000	eu:paulinho	ESTIMATED
T	eu_romania	1	CFR Cluj	-1		-1	2010	0	Romania	0	0	0	55	55	2	0	0	eu_romania:1	REGISTRY
P	eu_romania	1	CFR Cluj	0	Nuno Claro	0	33	66	Unknown	64	65	70	55	0	0	2304000	120000	eu:nunoclaro	ESTIMATED
P	eu_romania	1	CFR Cluj	1	Mihai Mincă	0	22	63	Unknown	72	56	67	55	0	0	1521000	80000	eu:mihaiminca	ESTIMATED
P	eu_romania	1	CFR Cluj	2	Boris Pešković	1	23	69	Unknown	76	72	75	55	0	0	3249000	180000	eu:borispeskovic	ESTIMATED
P	eu_romania	1	CFR Cluj	3	Eduard Stăncioiu	1	26	67	Unknown	67	73	70	55	0	0	2601000	140000	eu:eduardstancioiu	ESTIMATED
P	eu_romania	1	CFR Cluj	4	Tony	1	25	62	Unknown	67	56	61	55	0	0	1296000	70000	eu:tony	ESTIMATED
P	eu_romania	1	CFR Cluj	5	Edimar	1	21	66	Unknown	64	59	64	55	0	0	2304000	120000	eu:edimar	ESTIMATED
P	eu_romania	1	CFR Cluj	6	Cristian Panin	1	24	62	Unknown	61	68	61	55	0	0	1296000	70000	eu:cristianpanin	ESTIMATED
P	eu_romania	1	CFR Cluj	7	Felice Piccolo	1	28	69	Unknown	72	64	65	55	0	0	3249000	180000	eu:felicepiccolo	ESTIMATED
P	eu_romania	1	CFR Cluj	8	Ionuț Rada	2	32	67	Unknown	67	64	70	55	0	0	2601000	140000	eu:ionutrada	ESTIMATED
P	eu_romania	1	CFR Cluj	9	Emmanuel Culio	2	24	69	Unknown	77	62	66	55	0	0	3249000	180000	eu:emmanuelculio	ESTIMATED
P	eu_romania	1	CFR Cluj	10	Sixto Peralta	2	21	63	Unknown	54	64	61	55	0	0	1521000	80000	eu:sixtoperalta	ESTIMATED
P	eu_romania	1	CFR Cluj	11	Roberto De Zerbi	2	28	69	Unknown	69	66	69	55	0	0	3249000	180000	eu:robertodezerbi	ESTIMATED
P	eu_romania	1	CFR Cluj	12	Rafael Bastos	2	24	66	Unknown	75	69	63	55	0	0	2304000	120000	eu:rafaelbastos	ESTIMATED
P	eu_romania	1	CFR Cluj	13	Gabriel Mureșan	2	29	62	Unknown	70	67	61	55	0	0	1296000	70000	eu:gabrielmuresan	ESTIMATED
P	eu_romania	1	CFR Cluj	14	Dominique Kivuvu	2	30	67	Unknown	75	65	64	55	0	0	2601000	140000	eu:dominiquekivuvu	ESTIMATED
P	eu_romania	1	CFR Cluj	15	Ioan Hora	3	23	67	Unknown	60	65	66	55	0	0	2601000	140000	eu:ioanhora	ESTIMATED
P	eu_romania	1	CFR Cluj	16	Emmanuel Koné	3	23	69	Unknown	72	72	71	55	0	0	3249000	180000	eu:emmanuelkone	ESTIMATED
P	eu_romania	1	CFR Cluj	17	Emil Dică	3	21	67	Unknown	75	60	62	55	0	0	2601000	140000	eu:emildica	ESTIMATED
P	eu_romania	1	CFR Cluj	18	Tomás Costa	3	20	66	Unknown	74	70	65	55	0	0	2304000	120000	eu:tomascosta	ESTIMATED
T	eu_romania	2	Dinamo București	-1		-1	2010	0	Romania	0	0	0	55	55	2	0	0	eu_romania:2	REGISTRY
P	eu_romania	2	Dinamo București	0	Emilian Dolha	0	32	64	Unknown	67	70	70	55	0	0	1764000	90000	eu:emiliandolha	ESTIMATED
P	eu_romania	2	Dinamo București	1	Cristian Bălgrădean	0	27	69	Unknown	63	62	74	55	0	0	3249000	180000	eu:cristianbalgradean	ESTIMATED
P	eu_romania	2	Dinamo București	2	Kristijan Naumovski	1	22	63	Unknown	65	67	63	55	0	0	1521000	80000	eu:kristijannaumovski	ESTIMATED
P	eu_romania	2	Dinamo București	3	Cosmin Moți	1	23	64	Unknown	73	59	63	55	0	0	1764000	90000	eu:cosminmoti	ESTIMATED
P	eu_romania	2	Dinamo București	4	Dragoș Grigore	1	21	66	Unknown	75	69	69	55	0	0	2304000	120000	eu:dragosgrigore	ESTIMATED
P	eu_romania	2	Dinamo București	5	Cristian Pulhac	1	25	68	Unknown	70	71	71	55	0	0	2916000	160000	eu:cristianpulhac	ESTIMATED
P	eu_romania	2	Dinamo București	6	Cătălin Munteanu	1	32	70	Unknown	79	72	73	55	0	0	3600000	200000	eu:catalinmunteanu	ESTIMATED
P	eu_romania	2	Dinamo București	7	Djakaridja Koné	1	20	69	Unknown	66	62	70	55	0	0	3249000	180000	eu:djakaridjakone	ESTIMATED
P	eu_romania	2	Dinamo București	8	Andrei Mărgăritescu	2	20	63	Unknown	69	61	65	55	0	0	1521000	80000	eu:andreimargaritescu	ESTIMATED
P	eu_romania	2	Dinamo București	9	Elis Bakaj	2	32	65	Unknown	71	68	69	55	0	0	2025000	110000	eu:elisbakaj	ESTIMATED
P	eu_romania	2	Dinamo București	10	Bogdan Pătrașcu	2	21	62	Unknown	59	61	60	55	0	0	1296000	70000	eu:bogdanpatrascu	ESTIMATED
P	eu_romania	2	Dinamo București	11	Gabriel Torje	2	32	65	Unknown	63	65	64	55	0	0	2025000	110000	eu:gabrieltorje	ESTIMATED
P	eu_romania	2	Dinamo București	12	Ionel Dănciulescu	2	26	64	Unknown	58	68	64	55	0	0	1764000	90000	eu:ioneldanciulescu	ESTIMATED
P	eu_romania	2	Dinamo București	13	Marius Alexe	2	26	63	Unknown	69	65	68	55	0	0	1521000	80000	eu:mariusalexe	ESTIMATED
P	eu_romania	2	Dinamo București	14	Adrian Cristea	2	22	64	Unknown	57	67	65	55	0	0	1764000	90000	eu:adriancristea	ESTIMATED
P	eu_romania	2	Dinamo București	15	Marius Niculae	3	22	70	Unknown	75	75	70	55	0	0	3600000	200000	eu:mariusniculae	ESTIMATED
P	eu_romania	2	Dinamo București	16	Andrei Cristea	3	30	64	Unknown	57	57	66	55	0	0	1764000	90000	eu:andreicristea	ESTIMATED
P	eu_romania	2	Dinamo București	17	George Țucudean	3	30	65	Unknown	62	70	61	55	0	0	2025000	110000	eu:georgetucudean	ESTIMATED
T	eu_romania	3	Oțelul Galați	-1		-1	2010	0	Romania	0	0	0	55	55	2	0	0	eu_romania:3	REGISTRY
P	eu_romania	3	Oțelul Galați	0	Branko Grahovac	0	30	65	Unknown	60	72	61	55	0	0	2025000	110000	eu:brankograhovac	ESTIMATED
P	eu_romania	3	Oțelul Galați	1	Cornel Râpă	0	32	62	Unknown	65	66	65	55	0	0	1296000	70000	eu:cornelrapa	ESTIMATED
P	eu_romania	3	Oțelul Galați	2	Adrian Sălăgeanu	1	27	60	Unknown	55	66	64	55	0	0	900000	50000	eu:adriansalageanu	ESTIMATED
P	eu_romania	3	Oțelul Galați	3	Cristian Sârghi	1	27	68	Unknown	76	61	62	55	0	0	2916000	160000	eu:cristiansarghi	ESTIMATED
P	eu_romania	3	Oțelul Galați	4	Sergiu Costin	1	29	65	Unknown	71	64	71	55	0	0	2025000	110000	eu:sergiucostin	ESTIMATED
P	eu_romania	3	Oțelul Galați	5	Cornel Cernea	1	31	64	Unknown	62	60	66	55	0	0	1764000	90000	eu:cornelcernea	ESTIMATED
P	eu_romania	3	Oțelul Galați	6	Gabriel Giurgiu	1	27	60	Unknown	51	58	61	55	0	0	900000	50000	eu:gabrielgiurgiu	ESTIMATED
P	eu_romania	3	Oțelul Galați	7	Ionuț Neagu	1	24	66	Unknown	74	67	63	55	0	0	2304000	120000	eu:ionutneagu	ESTIMATED
P	eu_romania	3	Oțelul Galați	8	Gabriel Paraschiv	2	27	61	Unknown	53	55	58	55	0	0	1089000	60000	eu:gabrielparaschiv	ESTIMATED
P	eu_romania	3	Oțelul Galați	9	Silviu Ilie	2	28	60	Unknown	57	66	59	55	0	0	900000	50000	eu:silviuilie	ESTIMATED
P	eu_romania	3	Oțelul Galați	10	Liviu Antal	2	22	62	Unknown	56	68	68	55	0	0	1296000	70000	eu:liviuantal	ESTIMATED
P	eu_romania	3	Oțelul Galați	11	Laurențiu Buș	2	24	65	Unknown	56	60	67	55	0	0	2025000	110000	eu:laurentiubus	ESTIMATED
P	eu_romania	3	Oțelul Galați	12	Marius Pena	2	24	63	Unknown	70	64	64	55	0	0	1521000	80000	eu:mariuspena	ESTIMATED
P	eu_romania	3	Oțelul Galați	13	Bratislav Punoševac	2	22	60	Unknown	63	59	63	55	0	0	900000	50000	eu:bratislavpunosevac	ESTIMATED
P	eu_romania	3	Oțelul Galați	14	Marius Matei	2	23	63	Unknown	55	62	68	55	0	0	1521000	80000	eu:mariusmatei	ESTIMATED
P	eu_romania	3	Oțelul Galați	15	John Ibeh	3	32	65	Unknown	61	60	67	55	0	0	2025000	110000	eu:johnibeh	ESTIMATED
P	eu_romania	3	Oțelul Galați	16	Cristian Ochiroșii	3	25	60	Unknown	58	65	63	55	0	0	900000	50000	eu:cristianochirosii	ESTIMATED
P	eu_romania	3	Oțelul Galați	17	Gabriel Viglianti	3	33	62	Unknown	70	64	60	55	0	0	1296000	70000	eu:gabrielviglianti	ESTIMATED
T	eu_romania	4	Rapid București	-1		-1	2010	0	Romania	0	0	0	55	55	2	0	0	eu_romania:4	REGISTRY
P	eu_romania	4	Rapid București	0	Mircea Bornescu	0	29	67	Unknown	65	73	64	55	0	0	2601000	140000	eu:mirceabornescu	ESTIMATED
P	eu_romania	4	Rapid București	1	Dănuț Coman	0	25	67	Unknown	76	71	61	55	0	0	2601000	140000	eu:danutcoman	ESTIMATED
P	eu_romania	4	Rapid București	2	Marcos António	1	20	70	Unknown	68	73	68	55	0	0	3600000	200000	eu:marcosantonio	ESTIMATED
P	eu_romania	4	Rapid București	3	Marius Constantin	1	30	68	Unknown	70	74	72	55	0	0	2916000	160000	eu:mariusconstantin	ESTIMATED
P	eu_romania	4	Rapid București	4	Ovidiu Herea	1	25	63	Unknown	61	56	58	55	0	0	1521000	80000	eu:ovidiuherea	ESTIMATED
P	eu_romania	4	Rapid București	5	Vladimir Božović	1	29	69	Unknown	60	64	75	55	0	0	3249000	180000	eu:vladimirbozovic	ESTIMATED
P	eu_romania	4	Rapid București	6	Rui Duarte	1	25	63	Unknown	64	56	66	55	0	0	1521000	80000	eu:ruiduarte	ESTIMATED
P	eu_romania	4	Rapid București	7	Ezequias	1	28	65	Unknown	62	58	67	55	0	0	2025000	110000	eu:ezequias	ESTIMATED
P	eu_romania	4	Rapid București	8	Glauber	2	21	67	Unknown	63	64	70	55	0	0	2601000	140000	eu:glauber	ESTIMATED
P	eu_romania	4	Rapid București	9	Costin Lazăr	2	20	65	Unknown	57	67	69	55	0	0	2025000	110000	eu:costinlazar	ESTIMATED
P	eu_romania	4	Rapid București	10	Dan Alexa	2	29	68	Unknown	76	65	62	55	0	0	2916000	160000	eu:danalexa	ESTIMATED
P	eu_romania	4	Rapid București	11	Juliano Spadacio	2	33	66	Unknown	62	68	68	55	0	0	2304000	120000	eu:julianospadacio	ESTIMATED
P	eu_romania	4	Rapid București	12	Mihai Roman	2	25	66	Unknown	64	70	69	55	0	0	2304000	120000	eu:mihairoman	ESTIMATED
P	eu_romania	4	Rapid București	13	Cesinha	2	28	62	Unknown	71	60	57	55	0	0	1296000	70000	eu:cesinha	ESTIMATED
P	eu_romania	4	Rapid București	14	Ștefan Grigorie	2	29	69	Unknown	75	66	75	55	0	0	3249000	180000	eu:stefangrigorie	ESTIMATED
P	eu_romania	4	Rapid București	15	Cassio Vargas	3	23	68	Unknown	72	63	66	55	0	0	2916000	160000	eu:cassiovargas	ESTIMATED
P	eu_romania	4	Rapid București	16	Sabrin Sburlea	3	21	65	Unknown	64	60	67	55	0	0	2025000	110000	eu:sabrinsburlea	ESTIMATED
T	eu_romania	5	Steaua București	-1		-1	2010	0	Romania	0	0	0	55	55	2	0	0	eu_romania:5	REGISTRY
P	eu_romania	5	Steaua București	0	Ciprian Tătărușanu	0	21	71	Unknown	78	74	74	55	0	0	3969000	220000	eu:cipriantatarusanu	ESTIMATED
P	eu_romania	5	Steaua București	1	Răzvan Stanca	0	23	65	Unknown	66	58	62	55	0	0	2025000	110000	eu:razvanstanca	ESTIMATED
P	eu_romania	5	Steaua București	2	Iasmin Latovlevici	1	20	64	Unknown	58	59	62	55	0	0	1764000	90000	eu:iasminlatovlevici	ESTIMATED
P	eu_romania	5	Steaua București	3	Florin Gardoș	1	22	72	Unknown	72	68	77	55	0	0	4356000	240000	eu:floringardos	ESTIMATED
P	eu_romania	5	Steaua București	4	Ifeanyi Emeghara	1	21	65	Unknown	62	72	62	55	0	0	2025000	110000	eu:ifeanyiemeghara	ESTIMATED
P	eu_romania	5	Steaua București	5	George Galamaz	1	25	65	Unknown	65	59	71	55	0	0	2025000	110000	eu:georgegalamaz	ESTIMATED
P	eu_romania	5	Steaua București	6	Geraldo Alves	1	28	66	Unknown	74	68	70	55	0	0	2304000	120000	eu:geraldoalves	ESTIMATED
P	eu_romania	5	Steaua București	7	Pablo Brandán	1	30	69	Unknown	70	72	63	55	0	0	3249000	180000	eu:pablobrandan	ESTIMATED
P	eu_romania	5	Steaua București	8	Bănel Nicoliță	2	32	65	Unknown	61	64	63	55	0	0	2025000	110000	eu:banelnicolita	ESTIMATED
P	eu_romania	5	Steaua București	9	Cristian Tănase	2	31	71	Unknown	79	70	75	55	0	0	3969000	220000	eu:cristiantanase	ESTIMATED
P	eu_romania	5	Steaua București	10	Mihai Răduț	2	23	68	Unknown	63	63	67	55	0	0	2916000	160000	eu:mihairadut	ESTIMATED
P	eu_romania	5	Steaua București	11	Eric Bicfalvi	2	23	65	Unknown	63	64	69	55	0	0	2025000	110000	eu:ericbicfalvi	ESTIMATED
P	eu_romania	5	Steaua București	12	Ricardo Gomes	2	22	70	Unknown	73	73	69	55	0	0	3600000	200000	eu:ricardogomes	ESTIMATED
P	eu_romania	5	Steaua București	13	Janos Székely	2	24	70	Unknown	76	63	72	55	0	0	3600000	200000	eu:janosszekely	ESTIMATED
P	eu_romania	5	Steaua București	14	Bogdan Stancu	2	32	65	Unknown	69	66	66	55	0	0	2025000	110000	eu:bogdanstancu	ESTIMATED
P	eu_romania	5	Steaua București	15	Pantelis Kapetanos	3	27	68	Unknown	69	64	70	55	0	0	2916000	160000	eu:panteliskapetanos	ESTIMATED
T	eu_romania	6	FC Timișoara	-1		-1	2010	0	Romania	0	0	0	55	55	2	0	0	eu_romania:6	REGISTRY
P	eu_romania	6	FC Timișoara	0	Costel Pantilimon	0	24	67	Unknown	74	67	62	55	0	0	2601000	140000	eu:costelpantilimon	ESTIMATED
P	eu_romania	6	FC Timișoara	1	Pedro Taborda	0	24	68	Unknown	66	61	72	55	0	0	2916000	160000	eu:pedrotaborda	ESTIMATED
P	eu_romania	6	FC Timișoara	2	Cosmin Contra	1	23	70	Unknown	78	64	67	55	0	0	3600000	200000	eu:cosmincontra	ESTIMATED
P	eu_romania	6	FC Timișoara	3	Ioan Mera	1	32	65	Unknown	72	65	65	55	0	0	2025000	110000	eu:ioanmera	ESTIMATED
P	eu_romania	6	FC Timișoara	4	Cristian Scutaru	1	31	66	Unknown	66	68	72	55	0	0	2304000	120000	eu:cristianscutaru	ESTIMATED
P	eu_romania	6	FC Timișoara	5	Marian Cisovsky	1	27	67	Unknown	69	67	63	55	0	0	2601000	140000	eu:mariancisovsky	ESTIMATED
P	eu_romania	6	FC Timișoara	6	Laszlo Sepsi	1	30	69	Unknown	66	76	69	55	0	0	3249000	180000	eu:laszlosepsi	ESTIMATED
P	eu_romania	6	FC Timișoara	7	Alexandru Bourceanu	1	21	69	Unknown	62	64	69	55	0	0	3249000	180000	eu:alexandrubourceanu	ESTIMATED
P	eu_romania	6	FC Timișoara	8	Iulian Tameș	2	23	70	Unknown	66	65	71	55	0	0	3600000	200000	eu:iuliantames	ESTIMATED
P	eu_romania	6	FC Timișoara	9	Alexandru Curtean	2	26	66	Unknown	71	68	69	55	0	0	2304000	120000	eu:alexandrucurtean	ESTIMATED
P	eu_romania	6	FC Timișoara	10	Dare Vršič	2	28	68	Unknown	75	62	66	55	0	0	2916000	160000	eu:darevrsic	ESTIMATED
P	eu_romania	6	FC Timișoara	11	Ianis Zicu	2	31	68	Unknown	75	72	71	55	0	0	2916000	160000	eu:ianiszicu	ESTIMATED
P	eu_romania	6	FC Timișoara	12	Dorin Goga	2	33	69	Unknown	74	64	63	55	0	0	3249000	180000	eu:doringoga	ESTIMATED
P	eu_romania	6	FC Timișoara	13	Lukáš Magera	2	30	67	Unknown	63	70	69	55	0	0	2601000	140000	eu:lukasmagera	ESTIMATED
P	eu_romania	6	FC Timișoara	14	Mircea Axente	2	29	66	Unknown	58	63	69	55	0	0	2304000	120000	eu:mirceaaxente	ESTIMATED
P	eu_romania	6	FC Timișoara	15	Mansour Gueye	3	21	64	Unknown	65	58	70	55	0	0	1764000	90000	eu:mansourgueye	ESTIMATED
P	eu_romania	6	FC Timișoara	16	Alexandru Popovici	3	21	67	Unknown	74	68	64	55	0	0	2601000	140000	eu:alexandrupopovici	ESTIMATED
P	eu_romania	6	FC Timișoara	17	Adrian Poparadu	3	22	67	Unknown	65	72	69	55	0	0	2601000	140000	eu:adrianpoparadu	ESTIMATED
P	eu_romania	6	FC Timișoara	18	Cosmin Matei	3	23	66	Unknown	68	59	66	55	0	0	2304000	120000	eu:cosminmatei	ESTIMATED
T	eu_romania	7	SC Vaslui	-1		-1	2010	0	Romania	0	0	0	55	55	2	0	0	eu_romania:7	REGISTRY
P	eu_romania	7	SC Vaslui	0	Dušan Kuciak	0	22	63	Unknown	56	69	68	55	0	0	1521000	80000	eu:dusankuciak	ESTIMATED
P	eu_romania	7	SC Vaslui	1	Vytautas Černiauskas	0	22	65	Unknown	59	62	71	55	0	0	2025000	110000	eu:vytautascerniauskas	ESTIMATED
P	eu_romania	7	SC Vaslui	2	Claudiu Puia	1	27	64	Unknown	72	64	65	55	0	0	1764000	90000	eu:claudiupuia	ESTIMATED
P	eu_romania	7	SC Vaslui	3	Paul Papp	1	32	64	Unknown	69	68	69	55	0	0	1764000	90000	eu:paulpapp	ESTIMATED
P	eu_romania	7	SC Vaslui	4	David Rivas	1	29	64	Unknown	57	60	60	55	0	0	1764000	90000	eu:davidrivas	ESTIMATED
P	eu_romania	7	SC Vaslui	5	Richard Annang	1	21	68	Unknown	64	68	73	55	0	0	2916000	160000	eu:richardannang	ESTIMATED
P	eu_romania	7	SC Vaslui	6	Silviu Bălace	1	29	64	Unknown	71	67	68	55	0	0	1764000	90000	eu:silviubalace	ESTIMATED
P	eu_romania	7	SC Vaslui	7	Zhivko Milanov	1	33	64	Unknown	64	64	65	55	0	0	1764000	90000	eu:zhivkomilanov	ESTIMATED
P	eu_romania	7	SC Vaslui	8	Pavol Farkaš	2	29	63	Unknown	68	62	66	55	0	0	1521000	80000	eu:pavolfarkas	ESTIMATED
P	eu_romania	7	SC Vaslui	9	Lucian Sânmărtean	2	31	66	Unknown	61	71	72	55	0	0	2304000	120000	eu:luciansanmartean	ESTIMATED
P	eu_romania	7	SC Vaslui	10	Raul Costin	2	28	65	Unknown	62	60	66	55	0	0	2025000	110000	eu:raulcostin	ESTIMATED
P	eu_romania	7	SC Vaslui	11	Alejandro Campano	2	32	66	Unknown	71	61	65	55	0	0	2304000	120000	eu:alejandrocampano	ESTIMATED
P	eu_romania	7	SC Vaslui	12	Yero Bello	2	22	63	Unknown	71	60	68	55	0	0	1521000	80000	eu:yerobello	ESTIMATED
P	eu_romania	7	SC Vaslui	13	Mike Temwanjera	2	23	69	Unknown	71	76	66	55	0	0	3249000	180000	eu:miketemwanjera	ESTIMATED
P	eu_romania	7	SC Vaslui	14	Christian Pouga	2	24	66	Unknown	69	67	72	55	0	0	2304000	120000	eu:christianpouga	ESTIMATED
P	eu_romania	7	SC Vaslui	15	Genchev	3	20	67	Unknown	63	72	70	55	0	0	2601000	140000	eu:genchev	ESTIMATED
P	eu_romania	7	SC Vaslui	16	Gladstone	3	21	65	Unknown	72	61	70	55	0	0	2025000	110000	eu:gladstone	ESTIMATED
T	eu_russia	0	Anzhi Makhachkala	-1		-1	2010	0	Russia	0	0	0	55	55	2	0	0	eu_russia:0	REGISTRY
P	eu_russia	0	Anzhi Makhachkala	0	Nicolae Josan	2	33	68	Unknown	72	59	66	55	0	0	2916000	160000	eu:nicolaejosan	FIFA11_RATING_EST_AGE_ECONOMY
P	eu_russia	0	Anzhi Makhachkala	1	Igor Strelkov	3	29	66	Unknown	67	54	66	55	0	0	2304000	120000	eu:igorstrelkov	FIFA11_RATING_EST_AGE_ECONOMY
P	eu_russia	0	Anzhi Makhachkala	2	Baye Ali Ibra Kébé	1	25	65	Unknown	69	79	57	55	0	0	2025000	110000	eu:bayealiibrakebe	FIFA11_RATING_EST_AGE_ECONOMY
P	eu_russia	0	Anzhi Makhachkala	3	Otar Khizaneishvili	1	30	64	Unknown	78	56	60	55	0	0	1764000	90000	eu:otarkhizaneishvili	FIFA11_RATING_EST_AGE_ECONOMY
P	eu_russia	0	Anzhi Makhachkala	4	Rasim Tagirbekov	1	27	64	Unknown	71	56	61	55	0	0	1764000	90000	eu:rasimtagirbekov	FIFA11_RATING_EST_AGE_ECONOMY
P	eu_russia	0	Anzhi Makhachkala	5	Dmitriy Ivanov	2	28	62	Unknown	71	48	61	55	0	0	1296000	70000	eu:dmitriyivanov	FIFA11_RATING_EST_AGE_ECONOMY
P	eu_russia	0	Anzhi Makhachkala	6	Mikhail Bakaev	2	27	61	Unknown	42	72	55	55	0	0	1089000	60000	eu:mikhailbakaev	FIFA11_RATING_EST_AGE_ECONOMY
P	eu_russia	0	Anzhi Makhachkala	7	Zurabi Arziani	2	29	60	Unknown	52	66	42	55	0	0	900000	50000	eu:zurabiarziani	FIFA11_RATING_EST_AGE_ECONOMY
P	eu_russia	0	Anzhi Makhachkala	8	Isah Eliakwu	2	28	64	Unknown	68	69	65	55	0	0	1764000	90000	eu:isaheliakwu	ESTIMATED
P	eu_russia	0	Anzhi Makhachkala	9	Magomed Magomedov	3	21	58	Unknown	67	66	46	55	0	0	576000	50000	eu:magomedmagomedov	FIFA11_RATING_EST_AGE_ECONOMY
P	eu_russia	0	Anzhi Makhachkala	10	David Tsoraev	2	31	63	Unknown	67	67	60	55	0	0	1521000	80000	eu:davidtsoraev	ESTIMATED
P	eu_russia	0	Anzhi Makhachkala	11	Ali Gadzhibekov	2	26	69	Unknown	75	65	66	55	0	0	3249000	180000	eu:aligadzhibekov	ESTIMATED
P	eu_russia	0	Anzhi Makhachkala	12	Jan Holenda	2	22	66	Unknown	58	61	72	55	0	0	2304000	120000	eu:janholenda	ESTIMATED
P	eu_russia	0	Anzhi Makhachkala	13	Eldar Nizamutdinov	2	26	65	Unknown	69	65	71	55	0	0	2025000	110000	eu:eldarnizamutdinov	ESTIMATED
P	eu_russia	0	Anzhi Makhachkala	14	Andrey Streltsov	2	20	69	Unknown	65	66	74	55	0	0	3249000	180000	eu:andreystreltsov	ESTIMATED
P	eu_russia	0	Anzhi Makhachkala	15	Alexandr Prudnikov	3	32	70	Unknown	66	63	66	55	0	0	3600000	200000	eu:alexandrprudnikov	ESTIMATED
T	eu_russia	1	CSKA Moscow	-1		-1	2010	0	Russia	0	0	0	55	55	2	0	0	eu_russia:1	REGISTRY
P	eu_russia	1	CSKA Moscow	0	Igor Akinfeev	0	31	74	Unknown	74	77	73	55	0	0	5184000	280000	eu:igorakinfeev	ESTIMATED
P	eu_russia	1	CSKA Moscow	1	Keisuke Honda	2	25	83	Unknown	88	58	80	55	0	0	9801000	540000	eu:keisukehonda	FIFA11_RATING_EST_AGE_ECONOMY
P	eu_russia	1	CSKA Moscow	2	Seydou Doumbia	3	29	83	Unknown	86	75	82	55	0	0	9801000	540000	eu:seydoudoumbia	FIFA11_RATING_EST_AGE_ECONOMY
P	eu_russia	1	CSKA Moscow	3	Sergey Ignashevich	1	26	80	Unknown	79	72	79	55	0	0	8100000	450000	eu:sergeyignashevich	FIFA11_RATING_EST_AGE_ECONOMY
P	eu_russia	1	CSKA Moscow	4	Vágner Love	3	32	80	Unknown	69	82	58	55	0	0	8100000	450000	eu:vagnerlove	FIFA11_RATING_EST_AGE_ECONOMY
P	eu_russia	1	CSKA Moscow	5	Zoran Tošić	2	21	80	Unknown	87	70	79	55	0	0	8100000	450000	eu:zorantosic	FIFA11_RATING_EST_AGE_ECONOMY
P	eu_russia	1	CSKA Moscow	6	Alan Dzagoev	2	32	79	Unknown	79	73	78	55	0	0	7569000	420000	eu:alandzagoev	FIFA11_RATING_EST_AGE_ECONOMY
P	eu_russia	1	CSKA Moscow	7	Mark González	3	24	78	Unknown	78	71	72	55	0	0	7056000	390000	eu:markgonzalez	FIFA11_RATING_EST_AGE_ECONOMY
P	eu_russia	1	CSKA Moscow	8	Vasiliy Berezutskiy	1	33	76	Unknown	74	68	77	55	0	0	6084000	330000	eu:vasiliyberezutskiy	FIFA11_RATING_EST_AGE_ECONOMY
P	eu_russia	1	CSKA Moscow	9	Alexey Berezutskiy	1	27	75	Unknown	69	83	64	55	0	0	5625000	310000	eu:alexeyberezutskiy	FIFA11_RATING_EST_AGE_ECONOMY
P	eu_russia	1	CSKA Moscow	10	Tomáš Necid	3	22	75	Unknown	62	69	73	55	0	0	5625000	310000	eu:tomasnecid	FIFA11_RATING_EST_AGE_ECONOMY
P	eu_russia	1	CSKA Moscow	11	Deividas Šemberas	2	32	73	Unknown	75	60	76	55	0	0	4761000	260000	eu:deividassemberas	FIFA11_RATING_EST_AGE_ECONOMY
P	eu_russia	1	CSKA Moscow	12	Georgiy Schennikov	1	33	73	Unknown	77	72	65	55	0	0	4761000	260000	eu:georgiyschennikov	FIFA11_RATING_EST_AGE_ECONOMY
P	eu_russia	1	CSKA Moscow	13	Chidi Odiah	1	30	72	Unknown	68	57	65	55	0	0	4356000	240000	eu:chidiodiah	FIFA11_RATING_EST_AGE_ECONOMY
P	eu_russia	1	CSKA Moscow	14	Pavel Mamaev	2	22	69	Unknown	75	68	67	55	0	0	3249000	180000	eu:pavelmamaev	FIFA11_RATING_EST_AGE_ECONOMY
P	eu_russia	1	CSKA Moscow	15	Evgeniy Aldonin	2	24	68	Unknown	70	48	66	55	0	0	2916000	160000	eu:evgeniyaldonin	FIFA11_RATING_EST_AGE_ECONOMY
P	eu_russia	1	CSKA Moscow	16	Elvir Rahimić	2	25	67	Unknown	78	54	65	55	0	0	2601000	140000	eu:elvirrahimic	FIFA11_RATING_EST_AGE_ECONOMY
P	eu_russia	1	CSKA Moscow	17	Kirill Nababkin	1	26	65	Unknown	66	68	57	55	0	0	2025000	110000	eu:kirillnababkin	FIFA11_RATING_EST_AGE_ECONOMY
T	eu_russia	2	FC Krasnodar	-1		-1	2011	0	Russia	0	0	0	55	55	2	0	0	eu_russia:2	REGISTRY
P	eu_russia	2	FC Krasnodar	0	Evgeniy Gorodov	0	29	64	Unknown	55	57	66	55	0	0	1764000	90000	eu:evgeniygorodov	ESTIMATED
P	eu_russia	2	FC Krasnodar	1	Aleksandr Amisulashvili	0	24	62	Unknown	68	64	59	55	0	0	1296000	70000	eu:aleksandramisulashvili	ESTIMATED
P	eu_russia	2	FC Krasnodar	2	Aleksandr Kulchiy	1	32	68	Unknown	68	62	65	55	0	0	2916000	160000	eu:aleksandrkulchiy	ESTIMATED
P	eu_russia	2	FC Krasnodar	3	Yura Movsisyan	1	31	62	Unknown	63	62	59	55	0	0	1296000	70000	eu:yuramovsisyan	ESTIMATED
P	eu_russia	2	FC Krasnodar	4	Marcos Pizzelli	1	32	64	Unknown	59	71	64	55	0	0	1764000	90000	eu:marcospizzelli	ESTIMATED
P	eu_russia	2	FC Krasnodar	5	Oleg Samsonov	1	30	69	Unknown	67	72	75	55	0	0	3249000	180000	eu:olegsamsonov	ESTIMATED
P	eu_russia	2	FC Krasnodar	6	Dušan Anđelković	1	25	68	Unknown	74	61	71	55	0	0	2916000	160000	eu:dusananelkovic	ESTIMATED
P	eu_russia	2	FC Krasnodar	7	Vladimir Tatarchuk Jr.	1	22	69	Unknown	74	74	69	55	0	0	3249000	180000	eu:vladimirtatarchukjr	ESTIMATED
P	eu_russia	2	FC Krasnodar	8	Igor Picuşceac	2	22	69	Unknown	75	75	68	55	0	0	3249000	180000	eu:igorpicusceac	ESTIMATED
P	eu_russia	2	FC Krasnodar	9	Andrey Mikhaylov	2	22	64	Unknown	60	62	60	55	0	0	1764000	90000	eu:andreymikhaylov	ESTIMATED
P	eu_russia	2	FC Krasnodar	10	Aleksandr Martynovich	2	29	63	Unknown	58	70	66	55	0	0	1521000	80000	eu:aleksandrmartynovich	ESTIMATED
P	eu_russia	2	FC Krasnodar	11	Marcio Abreu	2	25	66	Unknown	61	62	67	55	0	0	2304000	120000	eu:marcioabreu	ESTIMATED
P	eu_russia	2	FC Krasnodar	12	Wanderson	2	20	69	Unknown	69	71	63	55	0	0	3249000	180000	eu:wanderson	ESTIMATED
P	eu_russia	2	FC Krasnodar	13	Vladimir Koman	2	25	66	Unknown	68	62	64	55	0	0	2304000	120000	eu:vladimirkoman	ESTIMATED
T	eu_russia	3	Kuban Krasnodar	-1		-1	2011	0	Russia	0	0	0	55	55	2	0	0	eu_russia:3	REGISTRY
P	eu_russia	3	Kuban Krasnodar	0	Aleksandr Belenov	0	26	70	Unknown	73	70	64	55	0	0	3600000	200000	eu:aleksandrbelenov	ESTIMATED
P	eu_russia	3	Kuban Krasnodar	1	Aleksandr Budakov	0	33	67	Unknown	65	65	73	55	0	0	2601000	140000	eu:aleksandrbudakov	ESTIMATED
P	eu_russia	3	Kuban Krasnodar	2	Zelao	1	22	62	Unknown	55	61	58	55	0	0	1296000	70000	eu:zelao	ESTIMATED
P	eu_russia	3	Kuban Krasnodar	3	Igor Armaș	1	21	65	Unknown	58	64	69	55	0	0	2025000	110000	eu:igorarmas	ESTIMATED
P	eu_russia	3	Kuban Krasnodar	4	Aleksey Kozlov	1	28	68	Unknown	76	69	67	55	0	0	2916000	160000	eu:alekseykozlov	ESTIMATED
P	eu_russia	3	Kuban Krasnodar	5	Roman Bugaev	1	27	65	Unknown	71	58	71	55	0	0	2025000	110000	eu:romanbugaev	ESTIMATED
P	eu_russia	3	Kuban Krasnodar	6	Vladislav Kulik	1	27	69	Unknown	69	65	75	55	0	0	3249000	180000	eu:vladislavkulik	ESTIMATED
P	eu_russia	3	Kuban Krasnodar	7	Gheorghe Bucur	1	30	68	Unknown	67	61	71	55	0	0	2916000	160000	eu:gheorghebucur	ESTIMATED
P	eu_russia	3	Kuban Krasnodar	8	Lacina Traoré	2	20	70	Unknown	76	63	68	55	0	0	3600000	200000	eu:lacinatraore	ESTIMATED
P	eu_russia	3	Kuban Krasnodar	9	Sergei Davydov	2	27	63	Unknown	59	63	66	55	0	0	1521000	80000	eu:sergeidavydov	ESTIMATED
P	eu_russia	3	Kuban Krasnodar	10	Dacian Varga	2	31	68	Unknown	62	75	64	55	0	0	2916000	160000	eu:dacianvarga	ESTIMATED
P	eu_russia	3	Kuban Krasnodar	11	Maksim Zhavnerchik	2	31	66	Unknown	66	69	62	55	0	0	2304000	120000	eu:maksimzhavnerchik	ESTIMATED
P	eu_russia	3	Kuban Krasnodar	12	Aleksandr Kasaev	2	26	69	Unknown	67	62	70	55	0	0	3249000	180000	eu:aleksandrkasaev	ESTIMATED
P	eu_russia	3	Kuban Krasnodar	13	Dmitri Khomich	2	20	64	Unknown	56	59	65	55	0	0	1764000	90000	eu:dmitrikhomich	ESTIMATED
P	eu_russia	3	Kuban Krasnodar	14	Denis Zubko	2	31	66	Unknown	69	70	65	55	0	0	2304000	120000	eu:deniszubko	ESTIMATED
P	eu_russia	3	Kuban Krasnodar	15	Nikola Nikezić	3	32	62	Unknown	55	63	66	55	0	0	1296000	70000	eu:nikolanikezic	ESTIMATED
T	eu_russia	4	Lokomotiv Moscow	-1		-1	2010	0	Russia	0	0	0	55	55	2	0	0	eu_russia:4	REGISTRY
P	eu_russia	4	Lokomotiv Moscow	0	Guilherme	0	23	65	Unknown	62	58	66	55	0	0	2025000	110000	eu:guilherme	ESTIMATED
P	eu_russia	4	Lokomotiv Moscow	1	Oleksandr Aliyev	2	32	79	Unknown	82	77	73	55	0	0	7569000	420000	eu:oleksandraliyev	FIFA11_RATING_EST_AGE_ECONOMY
P	eu_russia	4	Lokomotiv Moscow	2	Dmitriy Sychev	3	21	75	Unknown	64	80	67	55	0	0	5625000	310000	eu:dmitriysychev	FIFA11_RATING_EST_AGE_ECONOMY
P	eu_russia	4	Lokomotiv Moscow	3	Dmitriy Loskov	2	23	74	Unknown	76	74	69	55	0	0	5184000	280000	eu:dmitriyloskov	FIFA11_RATING_EST_AGE_ECONOMY
P	eu_russia	4	Lokomotiv Moscow	4	Roman Shishkin	1	25	74	Unknown	84	65	71	55	0	0	5184000	280000	eu:romanshishkin	FIFA11_RATING_EST_AGE_ECONOMY
P	eu_russia	4	Lokomotiv Moscow	5	Wagner	2	31	74	Unknown	75	71	67	55	0	0	5184000	280000	eu:wagner	FIFA11_RATING_EST_AGE_ECONOMY
P	eu_russia	4	Lokomotiv Moscow	6	Dmitriy Torbinskiy	2	28	73	Unknown	60	75	70	55	0	0	4761000	260000	eu:dmitriytorbinskiy	FIFA11_RATING_EST_AGE_ECONOMY
P	eu_russia	4	Lokomotiv Moscow	7	Renat Yanbaev	1	22	73	Unknown	66	81	63	55	0	0	4761000	260000	eu:renatyanbaev	FIFA11_RATING_EST_AGE_ECONOMY
P	eu_russia	4	Lokomotiv Moscow	8	Rodolfo	1	29	73	Unknown	75	78	66	55	0	0	4761000	260000	eu:rodolfo	FIFA11_RATING_EST_AGE_ECONOMY
P	eu_russia	4	Lokomotiv Moscow	9	Denis Glushakov	2	29	71	Unknown	77	56	70	55	0	0	3969000	220000	eu:denisglushakov	FIFA11_RATING_EST_AGE_ECONOMY
P	eu_russia	4	Lokomotiv Moscow	10	Dmitriy Sennikov	1	31	71	Unknown	73	46	69	55	0	0	3969000	220000	eu:dmitriysennikov	FIFA11_RATING_EST_AGE_ECONOMY
P	eu_russia	4	Lokomotiv Moscow	11	Malkhaz Asatiani	1	20	71	Unknown	61	56	72	55	0	0	3969000	220000	eu:malkhazasatiani	FIFA11_RATING_EST_AGE_ECONOMY
P	eu_russia	4	Lokomotiv Moscow	12	Dmitriy Tarasov	2	24	70	Unknown	69	52	71	55	0	0	3600000	200000	eu:dmitriytarasov	FIFA11_RATING_EST_AGE_ECONOMY
P	eu_russia	4	Lokomotiv Moscow	13	Alan Gatagov	2	23	69	Unknown	75	68	67	55	0	0	3249000	180000	eu:alangatagov	FIFA11_RATING_EST_AGE_ECONOMY
P	eu_russia	4	Lokomotiv Moscow	14	Dramane Traoré	3	32	68	Unknown	74	66	67	55	0	0	2916000	160000	eu:dramanetraore	FIFA11_RATING_EST_AGE_ECONOMY
P	eu_russia	4	Lokomotiv Moscow	15	Haminu Draman	2	27	68	Unknown	77	59	66	55	0	0	2916000	160000	eu:haminudraman	FIFA11_RATING_EST_AGE_ECONOMY
P	eu_russia	4	Lokomotiv Moscow	16	Igor Smolnikov	2	31	68	Unknown	81	58	62	55	0	0	2916000	160000	eu:igorsmolnikov	FIFA11_RATING_EST_AGE_ECONOMY
P	eu_russia	4	Lokomotiv Moscow	17	Branko Ilič	1	33	67	Unknown	69	54	66	55	0	0	2601000	140000	eu:brankoilic	FIFA11_RATING_EST_AGE_ECONOMY
T	eu_russia	5	Rubin Kazan	-1		-1	2010	0	Russia	0	0	0	55	55	2	0	0	eu_russia:5	REGISTRY
P	eu_russia	5	Rubin Kazan	0	Sergey Ryzhikov	0	28	69	Unknown	61	66	75	55	0	0	3249000	180000	eu:sergeyryzhikov	ESTIMATED
P	eu_russia	5	Rubin Kazan	1	Obafemi Martins	3	27	80	Unknown	74	80	72	55	0	0	8100000	450000	eu:obafemimartins	FIFA11_RATING_EST_AGE_ECONOMY
P	eu_russia	5	Rubin Kazan	2	Aleksandr Ryazantsev	1	31	71	Unknown	77	70	71	55	0	0	3969000	220000	eu:aleksandrryazantsev	ESTIMATED
P	eu_russia	5	Rubin Kazan	3	Carlos Eduardo	2	25	79	Unknown	85	61	72	55	0	0	7569000	420000	eu:carloseduardo	FIFA11_RATING_EST_AGE_ECONOMY
P	eu_russia	5	Rubin Kazan	4	Cristian Ansaldi	1	24	78	Unknown	72	50	80	55	0	0	7056000	390000	eu:cristianansaldi	FIFA11_RATING_EST_AGE_ECONOMY
P	eu_russia	5	Rubin Kazan	5	Salvatore Bocchetti	1	25	77	Unknown	81	70	75	55	0	0	6561000	360000	eu:salvatorebocchetti	FIFA11_RATING_EST_AGE_ECONOMY
P	eu_russia	5	Rubin Kazan	6	Alan Kasaev	2	20	76	Unknown	72	77	68	55	0	0	6084000	330000	eu:alankasaev	FIFA11_RATING_EST_AGE_ECONOMY
P	eu_russia	5	Rubin Kazan	7	Gökdeniz Karadeniz	2	23	76	Unknown	84	64	73	55	0	0	6084000	330000	eu:gokdenizkaradeniz	FIFA11_RATING_EST_AGE_ECONOMY
P	eu_russia	5	Rubin Kazan	8	Sergey Kornilenko	3	30	76	Unknown	63	73	62	55	0	0	6084000	330000	eu:sergeykornilenko	FIFA11_RATING_EST_AGE_ECONOMY
P	eu_russia	5	Rubin Kazan	9	César Navas	1	24	75	Unknown	74	67	76	55	0	0	5625000	310000	eu:cesarnavas	FIFA11_RATING_EST_AGE_ECONOMY
P	eu_russia	5	Rubin Kazan	10	Christian Noboa	2	32	75	Unknown	72	74	57	55	0	0	5625000	310000	eu:christiannoboa	FIFA11_RATING_EST_AGE_ECONOMY
P	eu_russia	5	Rubin Kazan	11	Aleksey Medvedev	2	31	65	Unknown	70	68	64	55	0	0	2025000	110000	eu:alekseymedvedev	ESTIMATED
P	eu_russia	5	Rubin Kazan	12	Macbeth Sibaya	2	27	73	Unknown	68	82	63	55	0	0	4761000	260000	eu:macbethsibaya	FIFA11_RATING_EST_AGE_ECONOMY
P	eu_russia	5	Rubin Kazan	13	Roman Sharonov	1	24	72	Unknown	74	71	61	55	0	0	4356000	240000	eu:romansharonov	FIFA11_RATING_EST_AGE_ECONOMY
P	eu_russia	5	Rubin Kazan	14	Oleg Kuzmin	1	24	71	Unknown	67	74	65	55	0	0	3969000	220000	eu:olegkuzmin	FIFA11_RATING_EST_AGE_ECONOMY
P	eu_russia	5	Rubin Kazan	15	Rafał Murawski	2	32	70	Unknown	80	64	64	55	0	0	3600000	200000	eu:rafamurawski	FIFA11_RATING_EST_AGE_ECONOMY
P	eu_russia	5	Rubin Kazan	16	Vitaliy Kaleshin	2	26	70	Unknown	72	69	69	55	0	0	3600000	200000	eu:vitaliykaleshin	FIFA11_RATING_EST_AGE_ECONOMY
P	eu_russia	5	Rubin Kazan	17	Bibras Natkho	2	31	65	Unknown	62	57	65	55	0	0	2025000	110000	eu:bibrasnatkho	FIFA11_RATING_EST_AGE_ECONOMY
T	eu_russia	6	Spartak Moscow	-1		-1	2010	0	Russia	0	0	0	55	55	2	0	0	eu_russia:6	REGISTRY
P	eu_russia	6	Spartak Moscow	0	Andriy Dykan	0	25	66	Unknown	68	73	68	55	0	0	2304000	120000	eu:andriydykan	ESTIMATED
P	eu_russia	6	Spartak Moscow	1	Welliton	3	23	86	Unknown	70	88	65	55	0	0	11664000	640000	eu:welliton	FIFA11_RATING_EST_AGE_ECONOMY
P	eu_russia	6	Spartak Moscow	2	Aiden McGeady	3	33	80	Unknown	68	80	58	55	0	0	8100000	450000	eu:aidenmcgeady	FIFA11_RATING_EST_AGE_ECONOMY
P	eu_russia	6	Spartak Moscow	3	Nicolás Pareja	1	29	77	Unknown	62	84	57	55	0	0	6561000	360000	eu:nicolaspareja	FIFA11_RATING_EST_AGE_ECONOMY
P	eu_russia	6	Spartak Moscow	4	Dmitriy Kombarov	3	29	75	Unknown	72	84	66	55	0	0	5625000	310000	eu:dmitriykombarov	FIFA11_RATING_EST_AGE_ECONOMY
P	eu_russia	6	Spartak Moscow	5	Ari	3	32	74	Unknown	74	79	61	55	0	0	5184000	280000	eu:ari	FIFA11_RATING_EST_AGE_ECONOMY
P	eu_russia	6	Spartak Moscow	6	Ibson	2	30	74	Unknown	75	62	70	55	0	0	5184000	280000	eu:ibson	FIFA11_RATING_EST_AGE_ECONOMY
P	eu_russia	6	Spartak Moscow	7	Martin Stranzl	1	29	74	Unknown	78	68	73	55	0	0	5184000	280000	eu:martinstranzl	FIFA11_RATING_EST_AGE_ECONOMY
P	eu_russia	6	Spartak Moscow	8	Kirill Kombarov	2	22	73	Unknown	74	64	73	55	0	0	4761000	260000	eu:kirillkombarov	FIFA11_RATING_EST_AGE_ECONOMY
P	eu_russia	6	Spartak Moscow	9	Marek Suchý	1	24	73	Unknown	67	78	57	55	0	0	4761000	260000	eu:mareksuchy	FIFA11_RATING_EST_AGE_ECONOMY
P	eu_russia	6	Spartak Moscow	10	Nikola Drinčić	2	30	73	Unknown	83	68	71	55	0	0	4761000	260000	eu:nikoladrincic	FIFA11_RATING_EST_AGE_ECONOMY
P	eu_russia	6	Spartak Moscow	11	Sergey Parshivlyuk	1	32	73	Unknown	81	72	67	55	0	0	4761000	260000	eu:sergeyparshivlyuk	FIFA11_RATING_EST_AGE_ECONOMY
P	eu_russia	6	Spartak Moscow	12	Ivan Saenko	3	24	71	Unknown	69	64	71	55	0	0	3969000	220000	eu:ivansaenko	FIFA11_RATING_EST_AGE_ECONOMY
P	eu_russia	6	Spartak Moscow	13	Aleks	2	25	72	Unknown	71	69	67	55	0	0	4356000	240000	eu:aleks	ESTIMATED
P	eu_russia	6	Spartak Moscow	14	Rafael Carioca	2	32	68	Unknown	64	65	67	55	0	0	2916000	160000	eu:rafaelcarioca	ESTIMATED
P	eu_russia	6	Spartak Moscow	15	Evgeniy Makeev	3	31	67	Unknown	74	69	70	55	0	0	2601000	140000	eu:evgeniymakeev	ESTIMATED
P	eu_russia	6	Spartak Moscow	16	Sergei Pesyakov	3	33	69	Unknown	72	72	69	55	0	0	3249000	180000	eu:sergeipesyakov	ESTIMATED
P	eu_russia	6	Spartak Moscow	17	Nikita Bazhenov	3	27	64	Unknown	57	66	58	55	0	0	1764000	90000	eu:nikitabazhenov	ESTIMATED
T	eu_russia	7	Zenit St Petersburg	-1		-1	2010	0	Russia	0	0	0	55	55	2	0	0	eu_russia:7	REGISTRY
P	eu_russia	7	Zenit St Petersburg	0	Vyacheslav Malafeev	0	20	69	Unknown	76	76	69	55	0	0	3249000	180000	eu:vyacheslavmalafeev	ESTIMATED
P	eu_russia	7	Zenit St Petersburg	1	Danny	2	27	87	Unknown	88	64	87	55	0	0	12321000	680000	eu:danny	FIFA11_RATING_EST_AGE_ECONOMY
P	eu_russia	7	Zenit St Petersburg	2	Aleksandr Kerzhakov	1	33	73	Unknown	67	78	68	55	0	0	4761000	260000	eu:aleksandrkerzhakov	ESTIMATED
P	eu_russia	7	Zenit St Petersburg	3	Bruno Alves	1	24	82	Unknown	79	66	84	55	0	0	9216000	510000	eu:brunoalves	FIFA11_RATING_EST_AGE_ECONOMY
P	eu_russia	7	Zenit St Petersburg	4	Nicolas Lombaerts	1	21	82	Unknown	90	80	78	55	0	0	9216000	510000	eu:nicolaslombaerts	FIFA11_RATING_EST_AGE_ECONOMY
P	eu_russia	7	Zenit St Petersburg	5	Aleksandr Anyukov	1	29	67	Unknown	62	69	69	55	0	0	2601000	140000	eu:aleksandranyukov	ESTIMATED
P	eu_russia	7	Zenit St Petersburg	6	Fernando Meira	1	29	79	Unknown	83	68	69	55	0	0	7569000	420000	eu:fernandomeira	FIFA11_RATING_EST_AGE_ECONOMY
P	eu_russia	7	Zenit St Petersburg	7	Tomáš Hubočan	1	22	79	Unknown	72	81	78	55	0	0	7569000	420000	eu:tomashubocan	FIFA11_RATING_EST_AGE_ECONOMY
P	eu_russia	7	Zenit St Petersburg	8	Vladimir Bystrov	2	20	79	Unknown	83	74	74	55	0	0	7569000	420000	eu:vladimirbystrov	FIFA11_RATING_EST_AGE_ECONOMY
P	eu_russia	7	Zenit St Petersburg	9	Aleksandr Bukharov	2	29	71	Unknown	72	73	66	55	0	0	3969000	220000	eu:aleksandrbukharov	ESTIMATED
P	eu_russia	7	Zenit St Petersburg	10	Konstantin Zyryanov	2	30	78	Unknown	76	67	76	55	0	0	7056000	390000	eu:konstantinzyryanov	FIFA11_RATING_EST_AGE_ECONOMY
P	eu_russia	7	Zenit St Petersburg	11	Sergey Semak	2	20	78	Unknown	83	83	68	55	0	0	7056000	390000	eu:sergeysemak	FIFA11_RATING_EST_AGE_ECONOMY
P	eu_russia	7	Zenit St Petersburg	12	Danko Lazović	3	22	77	Unknown	74	63	76	55	0	0	6561000	360000	eu:dankolazovic	FIFA11_RATING_EST_AGE_ECONOMY
P	eu_russia	7	Zenit St Petersburg	13	Alessandro Rosina	2	33	76	Unknown	88	43	74	55	0	0	6084000	330000	eu:alessandrorosina	FIFA11_RATING_EST_AGE_ECONOMY
P	eu_russia	7	Zenit St Petersburg	14	Igor Denisov	2	23	76	Unknown	73	81	75	55	0	0	6084000	330000	eu:igordenisov	FIFA11_RATING_EST_AGE_ECONOMY
P	eu_russia	7	Zenit St Petersburg	15	Roman Shirokov	2	24	75	Unknown	72	64	75	55	0	0	5625000	310000	eu:romanshirokov	FIFA11_RATING_EST_AGE_ECONOMY
P	eu_russia	7	Zenit St Petersburg	16	Szabolcs Huszti	2	28	75	Unknown	61	78	51	55	0	0	5625000	310000	eu:szabolcshuszti	FIFA11_RATING_EST_AGE_ECONOMY
P	eu_russia	7	Zenit St Petersburg	17	Aleksandar Luković	1	33	73	Unknown	75	63	71	55	0	0	4761000	260000	eu:aleksandarlukovic	FIFA11_RATING_EST_AGE_ECONOMY
P	eu_russia	7	Zenit St Petersburg	18	Ivica Križanac	1	21	72	Unknown	84	66	64	55	0	0	4356000	240000	eu:ivicakrizanac	FIFA11_RATING_EST_AGE_ECONOMY
P	eu_russia	7	Zenit St Petersburg	19	Viktor Fayzulin	2	28	72	Unknown	77	64	72	55	0	0	4356000	240000	eu:viktorfayzulin	FIFA11_RATING_EST_AGE_ECONOMY
T	eu_russia	8	Dynamo Moscow	-1		-1	2010	0	Russia	0	0	0	55	55	2	0	0	eu_russia:8	REGISTRY
P	eu_russia	8	Dynamo Moscow	0	Vladimir Gabulov	0	32	66	Unknown	57	72	69	55	0	0	2304000	120000	eu:vladimirgabulov	ESTIMATED
P	eu_russia	8	Dynamo Moscow	1	Igor Semshov	2	33	82	Unknown	78	81	74	55	0	0	9216000	510000	eu:igorsemshov	FIFA11_RATING_EST_AGE_ECONOMY
P	eu_russia	8	Dynamo Moscow	2	Andriy Voronin	3	20	81	Unknown	69	80	70	55	0	0	8649000	480000	eu:andriyvoronin	FIFA11_RATING_EST_AGE_ECONOMY
P	eu_russia	8	Dynamo Moscow	3	Kevin Kuranyi	3	20	81	Unknown	68	60	82	55	0	0	8649000	480000	eu:kevinkuranyi	FIFA11_RATING_EST_AGE_ECONOMY
P	eu_russia	8	Dynamo Moscow	4	Denis Kolodin	1	31	75	Unknown	73	65	75	55	0	0	5625000	310000	eu:deniskolodin	FIFA11_RATING_EST_AGE_ECONOMY
P	eu_russia	8	Dynamo Moscow	5	Aleksandr Samedov	1	23	65	Unknown	60	58	66	55	0	0	2025000	110000	eu:aleksandrsamedov	ESTIMATED
P	eu_russia	8	Dynamo Moscow	6	Dmitriy Khokhlov	2	28	74	Unknown	73	84	71	55	0	0	5184000	280000	eu:dmitriykhokhlov	FIFA11_RATING_EST_AGE_ECONOMY
P	eu_russia	8	Dynamo Moscow	7	Leandro Fernández	1	22	73	Unknown	84	64	68	55	0	0	4761000	260000	eu:leandrofernandez	FIFA11_RATING_EST_AGE_ECONOMY
P	eu_russia	8	Dynamo Moscow	8	Luke Wilkshire	2	22	72	Unknown	67	79	68	55	0	0	4356000	240000	eu:lukewilkshire	FIFA11_RATING_EST_AGE_ECONOMY
P	eu_russia	8	Dynamo Moscow	9	Aleksandr Kokorin	2	20	67	Unknown	68	61	71	55	0	0	2601000	140000	eu:aleksandrkokorin	ESTIMATED
P	eu_russia	8	Dynamo Moscow	10	Aleksey Rebko	2	24	67	Unknown	59	70	63	55	0	0	2601000	140000	eu:alekseyrebko	ESTIMATED
P	eu_russia	8	Dynamo Moscow	11	Tomislav Dujmović	2	28	69	Unknown	69	69	57	55	0	0	3249000	180000	eu:tomislavdujmovic	FIFA11_RATING_EST_AGE_ECONOMY
P	eu_russia	8	Dynamo Moscow	12	Adrian Ropotan	2	32	68	Unknown	67	57	66	55	0	0	2916000	160000	eu:adrianropotan	FIFA11_RATING_EST_AGE_ECONOMY
P	eu_russia	8	Dynamo Moscow	13	Alexandru Epureanu	1	29	68	Unknown	79	48	65	55	0	0	2916000	160000	eu:alexandruepureanu	FIFA11_RATING_EST_AGE_ECONOMY
P	eu_russia	8	Dynamo Moscow	14	Edgaras Česnauskis	2	24	68	Unknown	70	72	65	55	0	0	2916000	160000	eu:edgarascesnauskis	FIFA11_RATING_EST_AGE_ECONOMY
P	eu_russia	8	Dynamo Moscow	15	Marko Lomić	1	21	67	Unknown	66	62	69	55	0	0	2601000	140000	eu:markolomic	FIFA11_RATING_EST_AGE_ECONOMY
P	eu_russia	8	Dynamo Moscow	16	Vladimir Granat	1	24	66	Unknown	66	60	61	55	0	0	2304000	120000	eu:vladimirgranat	FIFA11_RATING_EST_AGE_ECONOMY
P	eu_russia	8	Dynamo Moscow	17	Marcin Kowalczyk	1	21	68	Unknown	76	62	69	55	0	0	2916000	160000	eu:marcinkowalczyk	FIFA11_RATING_EST_AGE_ECONOMY
T	eu_scotland	0	Aberdeen	-1		-1	2010	0	Scotland	0	0	0	55	55	2	0	0	eu_scotland:0	REGISTRY
P	eu_scotland	0	Aberdeen	0	Paul Hartley	2	28	76	Unknown	73	68	70	55	0	0	6084000	330000	eu:paulhartley	FIFA11_RATING_EST_AGE_ECONOMY
P	eu_scotland	0	Aberdeen	1	Zander Diamond	1	22	71	Unknown	82	62	66	55	0	0	3969000	220000	eu:zanderdiamond	FIFA11_RATING_EST_AGE_ECONOMY
P	eu_scotland	0	Aberdeen	2	Andrius Velička	3	32	69	Unknown	64	72	66	55	0	0	3249000	180000	eu:andriusvelicka	FIFA11_RATING_EST_AGE_ECONOMY
P	eu_scotland	0	Aberdeen	3	Sone Aluko	3	21	69	Unknown	65	81	58	55	0	0	3249000	180000	eu:sonealuko	FIFA11_RATING_EST_AGE_ECONOMY
P	eu_scotland	0	Aberdeen	4	Rory McArdle	1	29	65	Unknown	64	62	58	55	0	0	2025000	110000	eu:rorymcardle	FIFA11_RATING_EST_AGE_ECONOMY
P	eu_scotland	0	Aberdeen	5	Chris Maguire	3	22	64	Unknown	71	53	57	55	0	0	1764000	90000	eu:chrismaguire	FIFA11_RATING_EST_AGE_ECONOMY
P	eu_scotland	0	Aberdeen	6	Josh Magennis	3	28	64	Unknown	59	70	57	55	0	0	1764000	90000	eu:joshmagennis	FIFA11_RATING_EST_AGE_ECONOMY
P	eu_scotland	0	Aberdeen	7	Yoann Folly	2	28	64	Unknown	75	57	61	55	0	0	1764000	90000	eu:yoannfolly	FIFA11_RATING_EST_AGE_ECONOMY
P	eu_scotland	0	Aberdeen	8	Andrew Considine	1	33	63	Unknown	69	62	64	55	0	0	1521000	80000	eu:andrewconsidine	FIFA11_RATING_EST_AGE_ECONOMY
P	eu_scotland	0	Aberdeen	9	Darren Mackie	3	28	63	Unknown	56	80	56	55	0	0	1521000	80000	eu:darrenmackie	FIFA11_RATING_EST_AGE_ECONOMY
P	eu_scotland	0	Aberdeen	10	Fraser Fyvie	2	27	63	Unknown	58	64	49	55	0	0	1521000	80000	eu:fraserfyvie	FIFA11_RATING_EST_AGE_ECONOMY
P	eu_scotland	0	Aberdeen	11	Jerel Ifil	1	26	63	Unknown	70	56	62	55	0	0	1521000	80000	eu:jerelifil	FIFA11_RATING_EST_AGE_ECONOMY
P	eu_scotland	0	Aberdeen	12	Michael Paton	3	21	63	Unknown	66	56	60	55	0	0	1521000	80000	eu:michaelpaton	FIFA11_RATING_EST_AGE_ECONOMY
P	eu_scotland	0	Aberdeen	13	Derek Young	2	29	61	Unknown	58	65	50	55	0	0	1089000	60000	eu:derekyoung	FIFA11_RATING_EST_AGE_ECONOMY
P	eu_scotland	0	Aberdeen	14	Scott Vernon	3	29	61	Unknown	67	50	60	55	0	0	1089000	60000	eu:scottvernon	FIFA11_RATING_EST_AGE_ECONOMY
P	eu_scotland	0	Aberdeen	15	Mitchell Megginson	3	24	58	Unknown	66	56	53	55	0	0	576000	50000	eu:mitchellmegginson	FIFA11_RATING_EST_AGE_ECONOMY
P	eu_scotland	0	Aberdeen	16	Ryan Jack	1	28	57	Unknown	61	57	51	55	0	0	441000	50000	eu:ryanjack	FIFA11_RATING_EST_AGE_ECONOMY
T	eu_scotland	1	Celtic	-1		-1	2010	0	Scotland	0	0	0	55	55	2	0	0	eu_scotland:1	REGISTRY
P	eu_scotland	1	Celtic	0	Fraser Forster	0	30	72	Unknown	75	70	71	55	0	0	4356000	240000	eu:fraserforster	ESTIMATED
P	eu_scotland	1	Celtic	1	Gary Hooper	3	27	80	Unknown	84	81	73	55	0	0	8100000	450000	eu:garyhooper	FIFA11_RATING_EST_AGE_ECONOMY
P	eu_scotland	1	Celtic	2	Georgios Samaras	3	27	80	Unknown	73	86	70	55	0	0	8100000	450000	eu:georgiossamaras	FIFA11_RATING_EST_AGE_ECONOMY
P	eu_scotland	1	Celtic	3	Ki Sung-yueng	1	23	65	Unknown	66	66	65	55	0	0	2025000	110000	eu:kisungyueng	ESTIMATED
P	eu_scotland	1	Celtic	4	Anthony Stokes	3	29	77	Unknown	86	62	73	55	0	0	6561000	360000	eu:anthonystokes	FIFA11_RATING_EST_AGE_ECONOMY
P	eu_scotland	1	Celtic	5	Niall McGinn	3	21	77	Unknown	76	54	78	55	0	0	6561000	360000	eu:niallmcginn	FIFA11_RATING_EST_AGE_ECONOMY
P	eu_scotland	1	Celtic	6	Joe Ledley	2	20	76	Unknown	78	61	75	55	0	0	6084000	330000	eu:joeledley	FIFA11_RATING_EST_AGE_ECONOMY
P	eu_scotland	1	Celtic	7	Andreas Hinkel	1	27	75	Unknown	76	56	77	55	0	0	5625000	310000	eu:andreashinkel	FIFA11_RATING_EST_AGE_ECONOMY
P	eu_scotland	1	Celtic	8	Shaun Maloney	2	22	74	Unknown	74	70	66	55	0	0	5184000	280000	eu:shaunmaloney	FIFA11_RATING_EST_AGE_ECONOMY
P	eu_scotland	1	Celtic	9	Scott Brown	2	32	73	Unknown	73	73	67	55	0	0	4761000	260000	eu:scottbrown	FIFA11_RATING_EST_AGE_ECONOMY
P	eu_scotland	1	Celtic	10	Cha Du-ri	2	23	68	Unknown	62	71	72	55	0	0	2916000	160000	eu:chaduri	ESTIMATED
P	eu_scotland	1	Celtic	11	Glenn Loovens	1	21	72	Unknown	67	82	61	55	0	0	4356000	240000	eu:glennloovens	FIFA11_RATING_EST_AGE_ECONOMY
P	eu_scotland	1	Celtic	12	Jos Hooiveld	1	30	72	Unknown	73	72	68	55	0	0	4356000	240000	eu:joshooiveld	FIFA11_RATING_EST_AGE_ECONOMY
P	eu_scotland	1	Celtic	13	Paddy McCourt	2	20	71	Unknown	80	64	69	55	0	0	3969000	220000	eu:paddymccourt	FIFA11_RATING_EST_AGE_ECONOMY
P	eu_scotland	1	Celtic	14	Charlie Mulgrew	1	29	70	Unknown	74	64	69	55	0	0	3600000	200000	eu:charliemulgrew	FIFA11_RATING_EST_AGE_ECONOMY
P	eu_scotland	1	Celtic	15	Thomas Rogne	1	20	68	Unknown	51	68	47	55	0	0	2916000	160000	eu:thomasrogne	FIFA11_RATING_EST_AGE_ECONOMY
P	eu_scotland	1	Celtic	16	Daryl Murphy	3	29	67	Unknown	67	65	64	55	0	0	2601000	140000	eu:darylmurphy	FIFA11_RATING_EST_AGE_ECONOMY
P	eu_scotland	1	Celtic	17	Mark Wilson	1	21	67	Unknown	75	64	64	55	0	0	2601000	140000	eu:markwilson	FIFA11_RATING_EST_AGE_ECONOMY
P	eu_scotland	1	Celtic	18	Emilio Izaguirre	3	23	69	Unknown	63	66	73	55	0	0	3249000	180000	eu:emilioizaguirre	ESTIMATED
T	eu_scotland	2	Rangers	-1		-1	2010	0	Scotland	0	0	0	55	55	2	0	0	eu_scotland:2	REGISTRY
P	eu_scotland	2	Rangers	0	Allan McGregor	0	23	66	Unknown	68	63	63	55	0	0	2304000	120000	eu:allanmcgregor	ESTIMATED
P	eu_scotland	2	Rangers	1	Kenny Miller	3	27	83	Unknown	80	91	67	55	0	0	9801000	540000	eu:kennymiller	FIFA11_RATING_EST_AGE_ECONOMY
P	eu_scotland	2	Rangers	2	Steven Naismith	2	28	81	Unknown	75	85	70	55	0	0	8649000	480000	eu:stevennaismith	FIFA11_RATING_EST_AGE_ECONOMY
P	eu_scotland	2	Rangers	3	Madjid Bougherra	1	22	79	Unknown	82	48	81	55	0	0	7569000	420000	eu:madjidbougherra	FIFA11_RATING_EST_AGE_ECONOMY
P	eu_scotland	2	Rangers	4	Nikica Jelavić	3	29	79	Unknown	87	51	80	55	0	0	7569000	420000	eu:nikicajelavic	FIFA11_RATING_EST_AGE_ECONOMY
P	eu_scotland	2	Rangers	5	Steven Davis	2	30	79	Unknown	80	70	75	55	0	0	7569000	420000	eu:stevendavis	FIFA11_RATING_EST_AGE_ECONOMY
P	eu_scotland	2	Rangers	6	Steven Whittaker	1	20	76	Unknown	64	76	72	55	0	0	6084000	330000	eu:stevenwhittaker	FIFA11_RATING_EST_AGE_ECONOMY
P	eu_scotland	2	Rangers	7	Vladimir Weiss	3	26	76	Unknown	77	65	77	55	0	0	6084000	330000	eu:vladimirweiss	FIFA11_RATING_EST_AGE_ECONOMY
P	eu_scotland	2	Rangers	8	Kyle Lafferty	3	24	74	Unknown	80	68	66	55	0	0	5184000	280000	eu:kylelafferty	FIFA11_RATING_EST_AGE_ECONOMY
P	eu_scotland	2	Rangers	9	Saša Papac	1	28	74	Unknown	80	76	64	55	0	0	5184000	280000	eu:sasapapac	FIFA11_RATING_EST_AGE_ECONOMY
P	eu_scotland	2	Rangers	10	Maurice Edu	2	30	73	Unknown	80	66	70	55	0	0	4761000	260000	eu:mauriceedu	FIFA11_RATING_EST_AGE_ECONOMY
P	eu_scotland	2	Rangers	11	Andrew Webster	1	20	72	Unknown	62	81	57	55	0	0	4356000	240000	eu:andrewwebster	FIFA11_RATING_EST_AGE_ECONOMY
P	eu_scotland	2	Rangers	12	David Weir	1	33	71	Unknown	72	72	67	55	0	0	3969000	220000	eu:davidweir	FIFA11_RATING_EST_AGE_ECONOMY
P	eu_scotland	2	Rangers	13	James Beattie	3	27	70	Unknown	57	70	57	55	0	0	3600000	200000	eu:jamesbeattie	FIFA11_RATING_EST_AGE_ECONOMY
P	eu_scotland	2	Rangers	14	Lee McCulloch	2	24	69	Unknown	69	74	52	55	0	0	3249000	180000	eu:leemcculloch	FIFA11_RATING_EST_AGE_ECONOMY
P	eu_scotland	2	Rangers	15	John Fleck	2	31	68	Unknown	67	74	55	55	0	0	2916000	160000	eu:johnfleck	FIFA11_RATING_EST_AGE_ECONOMY
P	eu_scotland	2	Rangers	16	Kirk Broadfoot	1	21	68	Unknown	74	80	64	55	0	0	2916000	160000	eu:kirkbroadfoot	FIFA11_RATING_EST_AGE_ECONOMY
P	eu_scotland	2	Rangers	17	Richard Foster	1	32	63	Unknown	69	60	56	55	0	0	1521000	80000	eu:richardfoster	FIFA11_RATING_EST_AGE_ECONOMY
P	eu_scotland	2	Rangers	18	Gregg Wylde	2	21	54	Unknown	62	48	45	55	0	0	250000	50000	eu:greggwylde	FIFA11_RATING_EST_AGE_ECONOMY
P	eu_scotland	2	Rangers	19	Steven Smith	3	20	65	Unknown	65	69	70	55	0	0	2025000	110000	eu:stevensmith	ESTIMATED
T	eu_scotland	3	Heart of Midlothian	-1		-1	2010	0	Scotland	0	0	0	55	55	2	0	0	eu_scotland:3	REGISTRY
P	eu_scotland	3	Heart of Midlothian	0	Marian Kello	0	27	64	Unknown	72	58	66	55	0	0	1764000	90000	eu:mariankello	ESTIMATED
P	eu_scotland	3	Heart of Midlothian	1	Andrew Driver	3	31	75	Unknown	84	47	75	55	0	0	5625000	310000	eu:andrewdriver	FIFA11_RATING_EST_AGE_ECONOMY
P	eu_scotland	3	Heart of Midlothian	2	David Templeton	3	24	74	Unknown	69	78	51	55	0	0	5184000	280000	eu:davidtempleton	FIFA11_RATING_EST_AGE_ECONOMY
P	eu_scotland	3	Heart of Midlothian	3	Marius Žaliukas	1	27	74	Unknown	76	58	78	55	0	0	5184000	280000	eu:mariuszaliukas	FIFA11_RATING_EST_AGE_ECONOMY
P	eu_scotland	3	Heart of Midlothian	4	Lee Wallace	1	32	73	Unknown	78	53	72	55	0	0	4761000	260000	eu:leewallace	FIFA11_RATING_EST_AGE_ECONOMY
P	eu_scotland	3	Heart of Midlothian	5	Kevin Kyle	3	27	70	Unknown	72	63	72	55	0	0	3600000	200000	eu:kevinkyle	FIFA11_RATING_EST_AGE_ECONOMY
P	eu_scotland	3	Heart of Midlothian	6	Suso Santana	2	21	70	Unknown	69	70	60	55	0	0	3600000	200000	eu:susosantana	FIFA11_RATING_EST_AGE_ECONOMY
P	eu_scotland	3	Heart of Midlothian	7	Darren Barr	1	32	68	Unknown	64	72	64	55	0	0	2916000	160000	eu:darrenbarr	FIFA11_RATING_EST_AGE_ECONOMY
P	eu_scotland	3	Heart of Midlothian	8	Eggert Jónsson	1	20	67	Unknown	63	72	62	55	0	0	2601000	140000	eu:eggertjonsson	FIFA11_RATING_EST_AGE_ECONOMY
P	eu_scotland	3	Heart of Midlothian	9	Ismaël Bouzid	1	23	67	Unknown	63	72	64	55	0	0	2601000	140000	eu:ismaelbouzid	FIFA11_RATING_EST_AGE_ECONOMY
P	eu_scotland	3	Heart of Midlothian	10	Stephen Elliott	3	28	67	Unknown	82	68	64	55	0	0	2601000	140000	eu:stephenelliott	FIFA11_RATING_EST_AGE_ECONOMY
P	eu_scotland	3	Heart of Midlothian	11	Rubén Palazuelos	2	29	67	Unknown	63	67	62	55	0	0	2601000	140000	eu:rubenpalazuelos	ESTIMATED
P	eu_scotland	3	Heart of Midlothian	12	Calum Elliot	3	20	65	Unknown	59	74	56	55	0	0	2025000	110000	eu:calumelliot	FIFA11_RATING_EST_AGE_ECONOMY
P	eu_scotland	3	Heart of Midlothian	13	Ian Black	2	22	65	Unknown	78	56	62	55	0	0	2025000	110000	eu:ianblack	FIFA11_RATING_EST_AGE_ECONOMY
P	eu_scotland	3	Heart of Midlothian	14	Ryan Stevenson	2	28	65	Unknown	77	48	56	55	0	0	2025000	110000	eu:ryanstevenson	FIFA11_RATING_EST_AGE_ECONOMY
P	eu_scotland	3	Heart of Midlothian	15	Arvydas Novikovas	3	29	64	Unknown	80	58	62	55	0	0	1764000	90000	eu:arvydasnovikovas	FIFA11_RATING_EST_AGE_ECONOMY
P	eu_scotland	3	Heart of Midlothian	16	Craig Thomson	1	23	64	Unknown	64	66	55	55	0	0	1764000	90000	eu:craigthomson	FIFA11_RATING_EST_AGE_ECONOMY
P	eu_scotland	3	Heart of Midlothian	17	David Obua	2	27	64	Unknown	66	65	61	55	0	0	1764000	90000	eu:davidobua	FIFA11_RATING_EST_AGE_ECONOMY
P	eu_scotland	3	Heart of Midlothian	18	Dawid Kucharski	1	21	63	Unknown	71	55	60	55	0	0	1521000	80000	eu:dawidkucharski	FIFA11_RATING_EST_AGE_ECONOMY
P	eu_scotland	3	Heart of Midlothian	19	Jason Thomson	1	33	61	Unknown	73	58	56	55	0	0	1089000	60000	eu:jasonthomson	FIFA11_RATING_EST_AGE_ECONOMY
P	eu_scotland	3	Heart of Midlothian	20	Gary Glen	3	32	60	Unknown	55	60	57	55	0	0	900000	50000	eu:garyglen	FIFA11_RATING_EST_AGE_ECONOMY
T	eu_serbia	0	Partizan Belgrade	-1		-1	2010	0	Serbia	0	0	0	55	55	2	0	0	eu_serbia:0	REGISTRY
P	eu_serbia	0	Partizan Belgrade	0	Vladimir Stojković	0	23	64	Unknown	66	65	70	55	0	0	1764000	90000	eu:vladimirstojkovic	ESTIMATED
P	eu_serbia	0	Partizan Belgrade	1	Radiša Ilić	0	23	70	Unknown	78	72	72	55	0	0	3600000	200000	eu:radisailic	ESTIMATED
P	eu_serbia	0	Partizan Belgrade	2	Mladen Krstajić	1	32	71	Unknown	62	67	77	55	0	0	3969000	220000	eu:mladenkrstajic	ESTIMATED
P	eu_serbia	0	Partizan Belgrade	3	Stefan Savić	1	32	66	Unknown	72	67	70	55	0	0	2304000	120000	eu:stefansavic	ESTIMATED
P	eu_serbia	0	Partizan Belgrade	4	Ivan Stevanović	1	20	67	Unknown	60	71	68	55	0	0	2601000	140000	eu:ivanstevanovic	ESTIMATED
P	eu_serbia	0	Partizan Belgrade	5	Aleksandar Miljković	1	23	71	Unknown	71	77	70	55	0	0	3969000	220000	eu:aleksandarmiljkovic	ESTIMATED
P	eu_serbia	0	Partizan Belgrade	6	Marko Jovanović	1	33	68	Unknown	67	68	63	55	0	0	2916000	160000	eu:markojovanovic	ESTIMATED
P	eu_serbia	0	Partizan Belgrade	7	Zvonimir Vukić	1	22	64	Unknown	58	60	64	55	0	0	1764000	90000	eu:zvonimirvukic	ESTIMATED
P	eu_serbia	0	Partizan Belgrade	8	Almami Moreira	2	20	67	Unknown	71	70	73	55	0	0	2601000	140000	eu:almamimoreira	ESTIMATED
P	eu_serbia	0	Partizan Belgrade	9	Aleksandar Davidov	2	28	67	Unknown	71	74	67	55	0	0	2601000	140000	eu:aleksandardavidov	ESTIMATED
P	eu_serbia	0	Partizan Belgrade	10	Darko Brašanac	2	32	66	Unknown	66	73	62	55	0	0	2304000	120000	eu:darkobrasanac	ESTIMATED
P	eu_serbia	0	Partizan Belgrade	11	Ljubomir Fejsa	2	33	68	Unknown	63	75	63	55	0	0	2916000	160000	eu:ljubomirfejsa	ESTIMATED
P	eu_serbia	0	Partizan Belgrade	12	Saša Ilić	2	30	71	Unknown	70	71	65	55	0	0	3969000	220000	eu:sasailic	ESTIMATED
P	eu_serbia	0	Partizan Belgrade	13	Nemanja Tomić	2	26	71	Unknown	70	76	71	55	0	0	3969000	220000	eu:nemanjatomic	ESTIMATED
P	eu_serbia	0	Partizan Belgrade	14	Ivica Iliev	2	30	66	Unknown	63	60	68	55	0	0	2304000	120000	eu:ivicailiev	ESTIMATED
P	eu_serbia	0	Partizan Belgrade	15	Marko Šćepović	3	25	68	Unknown	59	61	72	55	0	0	2916000	160000	eu:markoscepovic	ESTIMATED
P	eu_serbia	0	Partizan Belgrade	16	Prince Tagoe	3	29	66	Unknown	71	64	65	55	0	0	2304000	120000	eu:princetagoe	ESTIMATED
P	eu_serbia	0	Partizan Belgrade	17	Pierre Boya	3	25	70	Unknown	73	71	70	55	0	0	3600000	200000	eu:pierreboya	ESTIMATED
P	eu_serbia	0	Partizan Belgrade	18	Dominic Adiyiah	3	31	67	Unknown	70	63	62	55	0	0	2601000	140000	eu:dominicadiyiah	ESTIMATED
P	eu_serbia	0	Partizan Belgrade	19	Lazar Marković	3	25	65	Unknown	57	62	67	55	0	0	2025000	110000	eu:lazarmarkovic	ESTIMATED
T	eu_serbia	1	Red Star Belgrade	-1		-1	2010	0	Serbia	0	0	0	55	55	2	0	0	eu_serbia:1	REGISTRY
P	eu_serbia	1	Red Star Belgrade	0	Boban Bajković	0	21	67	Unknown	76	61	61	55	0	0	2601000	140000	eu:bobanbajkovic	ESTIMATED
P	eu_serbia	1	Red Star Belgrade	1	Marko Dmitrović	0	33	68	Unknown	76	63	67	55	0	0	2916000	160000	eu:markodmitrovic	ESTIMATED
P	eu_serbia	1	Red Star Belgrade	2	Duško Tošić	1	25	69	Unknown	77	67	75	55	0	0	3249000	180000	eu:duskotosic	ESTIMATED
P	eu_serbia	1	Red Star Belgrade	3	Marko Vešović	1	25	62	Unknown	57	55	68	55	0	0	1296000	70000	eu:markovesovic	ESTIMATED
P	eu_serbia	1	Red Star Belgrade	4	Pavle Ninkov	1	30	65	Unknown	60	67	67	55	0	0	2025000	110000	eu:pavleninkov	ESTIMATED
P	eu_serbia	1	Red Star Belgrade	5	Lee Addy	1	27	63	Unknown	66	64	66	55	0	0	1521000	80000	eu:leeaddy	ESTIMATED
P	eu_serbia	1	Red Star Belgrade	6	Milan Vilotić	1	20	67	Unknown	73	70	65	55	0	0	2601000	140000	eu:milanvilotic	ESTIMATED
P	eu_serbia	1	Red Star Belgrade	7	Nikola Mikić	1	28	67	Unknown	59	66	71	55	0	0	2601000	140000	eu:nikolamikic	ESTIMATED
P	eu_serbia	1	Red Star Belgrade	8	Ognjen Koroman	2	32	70	Unknown	68	76	76	55	0	0	3600000	200000	eu:ognjenkoroman	ESTIMATED
P	eu_serbia	1	Red Star Belgrade	9	Dejan Milovanović	2	28	70	Unknown	74	74	64	55	0	0	3600000	200000	eu:dejanmilovanovic	ESTIMATED
P	eu_serbia	1	Red Star Belgrade	10	Darko Lazović	2	33	69	Unknown	67	71	70	55	0	0	3249000	180000	eu:darkolazovic	ESTIMATED
P	eu_serbia	1	Red Star Belgrade	11	Srđan Mijailović	2	30	70	Unknown	79	64	68	55	0	0	3600000	200000	eu:sranmijailovic	ESTIMATED
P	eu_serbia	1	Red Star Belgrade	12	Evandro	2	29	66	Unknown	74	61	61	55	0	0	2304000	120000	eu:evandro	ESTIMATED
P	eu_serbia	1	Red Star Belgrade	13	Slavko Perović	2	24	67	Unknown	64	73	66	55	0	0	2601000	140000	eu:slavkoperovic	ESTIMATED
P	eu_serbia	1	Red Star Belgrade	14	Andrija Kaluđerović	2	33	69	Unknown	73	74	75	55	0	0	3249000	180000	eu:andrijakaluerovic	ESTIMATED
P	eu_serbia	1	Red Star Belgrade	15	Aleksandar Jevtić	3	23	64	Unknown	59	65	64	55	0	0	1764000	90000	eu:aleksandarjevtic	ESTIMATED
P	eu_serbia	1	Red Star Belgrade	16	Miloš Trifunović	3	31	66	Unknown	64	64	71	55	0	0	2304000	120000	eu:milostrifunovic	ESTIMATED
T	eu_serbia	2	Vojvodina Novi Sad	-1		-1	2010	0	Serbia	0	0	0	55	55	2	0	0	eu_serbia:2	REGISTRY
P	eu_serbia	2	Vojvodina Novi Sad	0	Željko Brkić	0	33	63	Unknown	63	69	66	55	0	0	1521000	80000	eu:zeljkobrkic	ESTIMATED
P	eu_serbia	2	Vojvodina Novi Sad	1	Miroslav Vulićević	0	26	67	Unknown	62	68	68	55	0	0	2601000	140000	eu:miroslavvulicevic	ESTIMATED
P	eu_serbia	2	Vojvodina Novi Sad	2	Daniel Mojsov	1	31	62	Unknown	64	62	56	55	0	0	1296000	70000	eu:danielmojsov	ESTIMATED
P	eu_serbia	2	Vojvodina Novi Sad	3	Branislav Trajković	1	26	65	Unknown	61	70	60	55	0	0	2025000	110000	eu:branislavtrajkovic	ESTIMATED
P	eu_serbia	2	Vojvodina Novi Sad	4	Milovan Milović	1	28	68	Unknown	64	66	73	55	0	0	2916000	160000	eu:milovanmilovic	ESTIMATED
P	eu_serbia	2	Vojvodina Novi Sad	5	Janko Tumbasević	1	31	64	Unknown	55	66	63	55	0	0	1764000	90000	eu:jankotumbasevic	ESTIMATED
P	eu_serbia	2	Vojvodina Novi Sad	6	Giorgi Merebashvili	1	23	62	Unknown	69	67	56	55	0	0	1296000	70000	eu:giorgimerebashvili	ESTIMATED
P	eu_serbia	2	Vojvodina Novi Sad	7	Miroslav Stevanović	1	28	62	Unknown	59	60	59	55	0	0	1296000	70000	eu:miroslavstevanovic	ESTIMATED
P	eu_serbia	2	Vojvodina Novi Sad	8	Aleksandar Katai	2	20	68	Unknown	64	62	65	55	0	0	2916000	160000	eu:aleksandarkatai	ESTIMATED
P	eu_serbia	2	Vojvodina Novi Sad	9	Nikola Lazetić	2	31	70	Unknown	63	73	65	55	0	0	3600000	200000	eu:nikolalazetic	ESTIMATED
P	eu_serbia	2	Vojvodina Novi Sad	10	Mario Đurovski	2	25	62	Unknown	71	66	67	55	0	0	1296000	70000	eu:mariourovski	ESTIMATED
P	eu_serbia	2	Vojvodina Novi Sad	11	Nebojša Kosović	2	32	66	Unknown	75	61	63	55	0	0	2304000	120000	eu:nebojsakosovic	ESTIMATED
P	eu_serbia	2	Vojvodina Novi Sad	12	Aboubakar Oumarou	2	32	64	Unknown	59	70	68	55	0	0	1764000	90000	eu:aboubakaroumarou	ESTIMATED
P	eu_serbia	2	Vojvodina Novi Sad	13	Brana Ilić	2	27	70	Unknown	65	71	73	55	0	0	3600000	200000	eu:branailic	ESTIMATED
P	eu_serbia	2	Vojvodina Novi Sad	14	Nemanja Bilbija	2	26	64	Unknown	65	63	65	55	0	0	1764000	90000	eu:nemanjabilbija	ESTIMATED
P	eu_serbia	2	Vojvodina Novi Sad	15	Yaw Antwi	3	28	67	Unknown	61	68	70	55	0	0	2601000	140000	eu:yawantwi	ESTIMATED
T	eu_slovakia	0	MŠK Žilina	-1		-1	2010	0	Slovakia	0	0	0	55	55	2	0	0	eu_slovakia:0	REGISTRY
P	eu_slovakia	0	MŠK Žilina	0	Martin Dúbravka	0	29	63	Unknown	61	58	64	55	0	0	1521000	80000	eu:martindubravka	ESTIMATED
P	eu_slovakia	0	MŠK Žilina	1	Ľubomír Guldan	0	32	63	Unknown	63	68	69	55	0	0	1521000	80000	eu:lubomirguldan	ESTIMATED
P	eu_slovakia	0	MŠK Žilina	2	Jozef Piaček	1	24	60	Unknown	61	54	57	55	0	0	900000	50000	eu:jozefpiacek	ESTIMATED
P	eu_slovakia	0	MŠK Žilina	3	Vladimír Leitner	1	30	63	Unknown	59	58	65	55	0	0	1521000	80000	eu:vladimirleitner	ESTIMATED
P	eu_slovakia	0	MŠK Žilina	4	Ernest Mabouka	1	28	63	Unknown	54	69	64	55	0	0	1521000	80000	eu:ernestmabouka	ESTIMATED
P	eu_slovakia	0	MŠK Žilina	5	Bello Babatounde	1	20	59	Unknown	50	52	62	55	0	0	729000	50000	eu:bellobabatounde	ESTIMATED
P	eu_slovakia	0	MŠK Žilina	6	Roman Gergel	1	33	58	Unknown	53	51	53	55	0	0	576000	50000	eu:romangergel	ESTIMATED
P	eu_slovakia	0	MŠK Žilina	7	Róbert Jež	1	20	65	Unknown	61	64	61	55	0	0	2025000	110000	eu:robertjez	ESTIMATED
P	eu_slovakia	0	MŠK Žilina	8	Michal Škvarka	2	28	65	Unknown	61	64	71	55	0	0	2025000	110000	eu:michalskvarka	ESTIMATED
P	eu_slovakia	0	MŠK Žilina	9	Zdeno Štrba	2	28	62	Unknown	64	69	57	55	0	0	1296000	70000	eu:zdenostrba	ESTIMATED
P	eu_slovakia	0	MŠK Žilina	10	Artūrs Zjuzins	2	30	66	Unknown	75	66	65	55	0	0	2304000	120000	eu:arturszjuzins	ESTIMATED
P	eu_slovakia	0	MŠK Žilina	11	Momodou Ceesay	2	25	58	Unknown	57	55	56	55	0	0	576000	50000	eu:momodouceesay	ESTIMATED
P	eu_slovakia	0	MŠK Žilina	12	Tomáš Oravec	2	32	65	Unknown	71	64	64	55	0	0	2025000	110000	eu:tomasoravec	ESTIMATED
P	eu_slovakia	0	MŠK Žilina	13	Admir Vladavić	2	27	62	Unknown	68	56	63	55	0	0	1296000	70000	eu:admirvladavic	ESTIMATED
P	eu_slovakia	0	MŠK Žilina	14	Tomáš Majtán	2	28	62	Unknown	70	59	64	55	0	0	1296000	70000	eu:tomasmajtan	ESTIMATED
P	eu_slovakia	0	MŠK Žilina	15	Emil Rilke	3	23	62	Unknown	64	61	57	55	0	0	1296000	70000	eu:emilrilke	ESTIMATED
T	eu_slovakia	1	Slovan Bratislava	-1		-1	2010	0	Slovakia	0	0	0	55	55	2	0	0	eu_slovakia:1	REGISTRY
P	eu_slovakia	1	Slovan Bratislava	0	Matúš Putnocký	0	31	65	Unknown	63	67	71	55	0	0	2025000	110000	eu:matusputnocky	ESTIMATED
P	eu_slovakia	1	Slovan Bratislava	1	Martin Dobrotka	0	32	66	Unknown	66	65	68	55	0	0	2304000	120000	eu:martindobrotka	ESTIMATED
P	eu_slovakia	1	Slovan Bratislava	2	Kornel Saláta	1	32	65	Unknown	58	59	65	55	0	0	2025000	110000	eu:kornelsalata	ESTIMATED
P	eu_slovakia	1	Slovan Bratislava	3	Lukáš Pauschek	1	29	63	Unknown	54	61	60	55	0	0	1521000	80000	eu:lukaspauschek	ESTIMATED
P	eu_slovakia	1	Slovan Bratislava	4	Erik Čikoš	1	23	64	Unknown	57	58	61	55	0	0	1764000	90000	eu:erikcikos	ESTIMATED
P	eu_slovakia	1	Slovan Bratislava	5	Radek Dosoudil	1	33	64	Unknown	71	59	68	55	0	0	1764000	90000	eu:radekdosoudil	ESTIMATED
P	eu_slovakia	1	Slovan Bratislava	6	Martin Šebo	1	21	61	Unknown	69	55	63	55	0	0	1089000	60000	eu:martinsebo	ESTIMATED
P	eu_slovakia	1	Slovan Bratislava	7	Juraj Halenár	1	32	62	Unknown	66	56	68	55	0	0	1296000	70000	eu:jurajhalenar	ESTIMATED
P	eu_slovakia	1	Slovan Bratislava	8	Karim Guédé	2	33	62	Unknown	61	60	68	55	0	0	1296000	70000	eu:karimguede	ESTIMATED
P	eu_slovakia	1	Slovan Bratislava	9	Marko Milinković	2	33	65	Unknown	61	59	66	55	0	0	2025000	110000	eu:markomilinkovic	ESTIMATED
P	eu_slovakia	1	Slovan Bratislava	10	Filip Kiss	2	26	63	Unknown	67	57	69	55	0	0	1521000	80000	eu:filipkiss	ESTIMATED
P	eu_slovakia	1	Slovan Bratislava	11	Mamadou Bagayoko	2	32	61	Unknown	68	54	56	55	0	0	1089000	60000	eu:mamadoubagayoko	ESTIMATED
P	eu_slovakia	1	Slovan Bratislava	12	Lester Peltier	2	30	59	Unknown	60	66	65	55	0	0	729000	50000	eu:lesterpeltier	ESTIMATED
P	eu_slovakia	1	Slovan Bratislava	13	Róbert Vittek	2	27	61	Unknown	61	62	55	55	0	0	1089000	60000	eu:robertvittek	ESTIMATED
P	eu_slovakia	1	Slovan Bratislava	14	Branislav Obžera	2	20	64	Unknown	65	68	61	55	0	0	1764000	90000	eu:branislavobzera	ESTIMATED
P	eu_slovakia	1	Slovan Bratislava	15	Samuel Slovák	3	29	59	Unknown	58	65	53	55	0	0	729000	50000	eu:samuelslovak	ESTIMATED
T	eu_slovenia	0	NK Maribor	-1		-1	2010	0	Slovenia	0	0	0	55	55	2	0	0	eu_slovenia:0	REGISTRY
P	eu_slovenia	0	NK Maribor	0	Jasmin Handanović	0	26	62	Unknown	61	63	65	55	0	0	1296000	70000	eu:jasminhandanovic	ESTIMATED
P	eu_slovenia	0	NK Maribor	1	Marko Pridigar	0	30	65	Unknown	72	62	66	55	0	0	2025000	110000	eu:markopridigar	ESTIMATED
P	eu_slovenia	0	NK Maribor	2	Aleksander Rajčević	1	28	63	Unknown	62	62	57	55	0	0	1521000	80000	eu:aleksanderrajcevic	ESTIMATED
P	eu_slovenia	0	NK Maribor	3	Arghus	1	23	65	Unknown	73	60	69	55	0	0	2025000	110000	eu:arghus	ESTIMATED
P	eu_slovenia	0	NK Maribor	4	Mitja Viler	1	23	66	Unknown	71	65	68	55	0	0	2304000	120000	eu:mitjaviler	ESTIMATED
P	eu_slovenia	0	NK Maribor	5	Dejan Trajkovski	1	32	66	Unknown	65	66	71	55	0	0	2304000	120000	eu:dejantrajkovski	ESTIMATED
P	eu_slovenia	0	NK Maribor	6	Martin Milec	1	29	66	Unknown	73	71	69	55	0	0	2304000	120000	eu:martinmilec	ESTIMATED
P	eu_slovenia	0	NK Maribor	7	Aleš Mejač	1	25	59	Unknown	51	54	54	55	0	0	729000	50000	eu:alesmejac	ESTIMATED
P	eu_slovenia	0	NK Maribor	8	Marcos Tavares	2	29	61	Unknown	65	64	55	55	0	0	1089000	60000	eu:marcostavares	ESTIMATED
P	eu_slovenia	0	NK Maribor	9	Dejan Mezga	2	29	60	Unknown	58	62	65	55	0	0	900000	50000	eu:dejanmezga	ESTIMATED
P	eu_slovenia	0	NK Maribor	10	Goran Cvijanović	2	27	65	Unknown	58	61	69	55	0	0	2025000	110000	eu:gorancvijanovic	ESTIMATED
P	eu_slovenia	0	NK Maribor	11	Aleš Mertelj	2	24	63	Unknown	72	56	57	55	0	0	1521000	80000	eu:alesmertelj	ESTIMATED
P	eu_slovenia	0	NK Maribor	12	Robert Berić	2	27	66	Unknown	62	71	65	55	0	0	2304000	120000	eu:robertberic	ESTIMATED
P	eu_slovenia	0	NK Maribor	13	Etien Velikonja	2	21	59	Unknown	63	57	56	55	0	0	729000	50000	eu:etienvelikonja	ESTIMATED
P	eu_slovenia	0	NK Maribor	14	Dalibor Volaš	2	24	62	Unknown	71	59	68	55	0	0	1296000	70000	eu:daliborvolas	ESTIMATED
P	eu_slovenia	0	NK Maribor	15	Agim Ibraimi	3	26	59	Unknown	50	62	62	55	0	0	729000	50000	eu:agimibraimi	ESTIMATED
P	eu_slovenia	0	NK Maribor	16	Željko Filipović	3	33	65	Unknown	58	71	64	55	0	0	2025000	110000	eu:zeljkofilipovic	ESTIMATED
P	eu_slovenia	0	NK Maribor	17	Nejc Potokar	3	22	63	Unknown	71	66	68	55	0	0	1521000	80000	eu:nejcpotokar	ESTIMATED
T	eu_sweden	0	AIK	-1		-1	2010	0	Sweden	0	0	0	55	55	2	0	0	eu_sweden:0	REGISTRY
P	eu_sweden	0	AIK	0	Ivan Turina	0	28	70	Unknown	69	66	76	55	0	0	3600000	200000	eu:ivanturina	ESTIMATED
P	eu_sweden	0	AIK	1	Daniel Örlund	0	20	65	Unknown	63	67	68	55	0	0	2025000	110000	eu:danielorlund	ESTIMATED
P	eu_sweden	0	AIK	2	Nils-Eric Johansson	1	30	62	Unknown	68	56	63	55	0	0	1296000	70000	eu:nilsericjohansson	ESTIMATED
P	eu_sweden	0	AIK	3	Per Karlsson	1	24	70	Unknown	72	69	74	55	0	0	3600000	200000	eu:perkarlsson	ESTIMATED
P	eu_sweden	0	AIK	4	Niklas Backman	1	29	68	Unknown	76	65	71	55	0	0	2916000	160000	eu:niklasbackman	ESTIMATED
P	eu_sweden	0	AIK	5	Martin Lorentzson	1	21	62	Unknown	60	57	65	55	0	0	1296000	70000	eu:martinlorentzson	ESTIMATED
P	eu_sweden	0	AIK	6	Helgi Valur Daníelsson	1	33	64	Unknown	55	64	58	55	0	0	1764000	90000	eu:helgivalurdanielsson	ESTIMATED
P	eu_sweden	0	AIK	7	Robert Åhman Persson	1	30	70	Unknown	71	74	68	55	0	0	3600000	200000	eu:robertahmanpersson	ESTIMATED
P	eu_sweden	0	AIK	8	Daniel Tjernström	2	32	66	Unknown	72	72	65	55	0	0	2304000	120000	eu:danieltjernstrom	ESTIMATED
P	eu_sweden	0	AIK	9	Dulee Johnson	2	28	64	Unknown	61	62	65	55	0	0	1764000	90000	eu:duleejohnson	ESTIMATED
P	eu_sweden	0	AIK	10	Viktor Lundberg	2	22	67	Unknown	63	68	71	55	0	0	2601000	140000	eu:viktorlundberg	ESTIMATED
P	eu_sweden	0	AIK	11	Mohamed Bangura	2	25	66	Unknown	63	61	68	55	0	0	2304000	120000	eu:mohamedbangura	ESTIMATED
P	eu_sweden	0	AIK	12	Teteh Bangura	2	26	70	Unknown	67	69	76	55	0	0	3600000	200000	eu:tetehbangura	ESTIMATED
P	eu_sweden	0	AIK	13	Goran Ljubojević	2	20	69	Unknown	63	66	70	55	0	0	3249000	180000	eu:goranljubojevic	ESTIMATED
P	eu_sweden	0	AIK	14	Kenny Pavey	2	21	63	Unknown	58	62	65	55	0	0	1521000	80000	eu:kennypavey	ESTIMATED
T	eu_sweden	1	Helsingborgs IF	-1		-1	2010	0	Sweden	0	0	0	55	55	2	0	0	eu_sweden:1	REGISTRY
P	eu_sweden	1	Helsingborgs IF	0	Erik Edman	1	26	72	Unknown	84	42	69	55	0	0	4356000	240000	eu:erikedman	FIFA11_RATING_EST_AGE_ECONOMY
P	eu_sweden	1	Helsingborgs IF	1	Marcus Lantz	2	30	71	Unknown	73	70	70	55	0	0	3969000	220000	eu:marcuslantz	FIFA11_RATING_EST_AGE_ECONOMY
P	eu_sweden	1	Helsingborgs IF	2	Alexander Gerndt	3	20	70	Unknown	69	76	62	55	0	0	3600000	200000	eu:alexandergerndt	FIFA11_RATING_EST_AGE_ECONOMY
P	eu_sweden	1	Helsingborgs IF	3	Ardian Gashi	2	28	68	Unknown	66	69	57	55	0	0	2916000	160000	eu:ardiangashi	FIFA11_RATING_EST_AGE_ECONOMY
P	eu_sweden	1	Helsingborgs IF	4	Joel Ekstrand	1	33	68	Unknown	67	62	65	55	0	0	2916000	160000	eu:joelekstrand	FIFA11_RATING_EST_AGE_ECONOMY
P	eu_sweden	1	Helsingborgs IF	5	Mattias Lindström	2	32	68	Unknown	68	68	59	55	0	0	2916000	160000	eu:mattiaslindstrom	FIFA11_RATING_EST_AGE_ECONOMY
P	eu_sweden	1	Helsingborgs IF	6	Christoffer Andersson	2	29	67	Unknown	68	72	64	55	0	0	2601000	140000	eu:christofferandersson	FIFA11_RATING_EST_AGE_ECONOMY
P	eu_sweden	1	Helsingborgs IF	7	Marcus Nilsson	1	24	67	Unknown	70	59	63	55	0	0	2601000	140000	eu:marcusnilsson	FIFA11_RATING_EST_AGE_ECONOMY
P	eu_sweden	1	Helsingborgs IF	8	Rasmus Jönsson	3	32	66	Unknown	69	74	57	55	0	0	2304000	120000	eu:rasmusjonsson	FIFA11_RATING_EST_AGE_ECONOMY
P	eu_sweden	1	Helsingborgs IF	9	Erik Sundin	3	32	64	Unknown	67	64	61	55	0	0	1764000	90000	eu:eriksundin	FIFA11_RATING_EST_AGE_ECONOMY
P	eu_sweden	1	Helsingborgs IF	10	Hannu Patronen	1	31	63	Unknown	79	64	58	55	0	0	1521000	80000	eu:hannupatronen	FIFA11_RATING_EST_AGE_ECONOMY
P	eu_sweden	1	Helsingborgs IF	11	Markus Holgersson	1	33	63	Unknown	59	60	54	55	0	0	1521000	80000	eu:markusholgersson	FIFA11_RATING_EST_AGE_ECONOMY
P	eu_sweden	1	Helsingborgs IF	12	May Mahlangu	2	23	63	Unknown	51	62	54	55	0	0	1521000	80000	eu:maymahlangu	FIFA11_RATING_EST_AGE_ECONOMY
P	eu_sweden	1	Helsingborgs IF	13	Erik Wahlstedt	1	22	61	Unknown	66	58	61	55	0	0	1089000	60000	eu:erikwahlstedt	FIFA11_RATING_EST_AGE_ECONOMY
P	eu_sweden	1	Helsingborgs IF	14	Porcellis	3	25	59	Unknown	63	53	49	55	0	0	729000	50000	eu:porcellis	FIFA11_RATING_EST_AGE_ECONOMY
P	eu_sweden	1	Helsingborgs IF	15	Fredrik Liverstam	1	30	58	Unknown	72	54	53	55	0	0	576000	50000	eu:fredrikliverstam	FIFA11_RATING_EST_AGE_ECONOMY
T	eu_sweden	2	IF Elfsborg	-1		-1	2010	0	Sweden	0	0	0	55	55	2	0	0	eu_sweden:2	REGISTRY
P	eu_sweden	2	IF Elfsborg	0	Stefan Ishizaki	2	22	74	Unknown	76	55	74	55	0	0	5184000	280000	eu:stefanishizaki	FIFA11_RATING_EST_AGE_ECONOMY
P	eu_sweden	2	IF Elfsborg	1	Anders Svensson	2	21	73	Unknown	77	61	73	55	0	0	4761000	260000	eu:anderssvensson	FIFA11_RATING_EST_AGE_ECONOMY
P	eu_sweden	2	IF Elfsborg	2	Daniel Nordmark	2	32	72	Unknown	72	80	65	55	0	0	4356000	240000	eu:danielnordmark	FIFA11_RATING_EST_AGE_ECONOMY
P	eu_sweden	2	IF Elfsborg	3	Denni Avdic	3	32	71	Unknown	74	68	65	55	0	0	3969000	220000	eu:denniavdic	FIFA11_RATING_EST_AGE_ECONOMY
P	eu_sweden	2	IF Elfsborg	4	Jon Jönsson	1	30	67	Unknown	76	52	63	55	0	0	2601000	140000	eu:jonjonsson	FIFA11_RATING_EST_AGE_ECONOMY
P	eu_sweden	2	IF Elfsborg	5	Martin Ericsson	2	33	67	Unknown	68	74	63	55	0	0	2601000	140000	eu:martinericsson	FIFA11_RATING_EST_AGE_ECONOMY
P	eu_sweden	2	IF Elfsborg	6	Johan Larsson	3	31	65	Unknown	68	72	61	55	0	0	2025000	110000	eu:johanlarsson	FIFA11_RATING_EST_AGE_ECONOMY
P	eu_sweden	2	IF Elfsborg	7	Mathias Florén	1	31	65	Unknown	66	72	50	55	0	0	2025000	110000	eu:mathiasfloren	FIFA11_RATING_EST_AGE_ECONOMY
P	eu_sweden	2	IF Elfsborg	8	Teddy Lučić	1	21	65	Unknown	66	54	66	55	0	0	2025000	110000	eu:teddylucic	FIFA11_RATING_EST_AGE_ECONOMY
P	eu_sweden	2	IF Elfsborg	9	Amadou Jawo	3	21	64	Unknown	60	62	58	55	0	0	1764000	90000	eu:amadoujawo	FIFA11_RATING_EST_AGE_ECONOMY
P	eu_sweden	2	IF Elfsborg	10	Daniel Mobaeck	2	32	64	Unknown	79	76	57	55	0	0	1764000	90000	eu:danielmobaeck	FIFA11_RATING_EST_AGE_ECONOMY
P	eu_sweden	2	IF Elfsborg	11	James Keene	3	22	62	Unknown	70	59	59	55	0	0	1296000	70000	eu:jameskeene	FIFA11_RATING_EST_AGE_ECONOMY
P	eu_sweden	2	IF Elfsborg	12	Johan Karlsson	1	24	62	Unknown	68	52	61	55	0	0	1296000	70000	eu:johankarlsson	FIFA11_RATING_EST_AGE_ECONOMY
P	eu_sweden	2	IF Elfsborg	13	Andreas Klarström	1	29	61	Unknown	67	58	60	55	0	0	1089000	60000	eu:andreasklarstrom	FIFA11_RATING_EST_AGE_ECONOMY
P	eu_sweden	2	IF Elfsborg	14	Niklas Hult	2	26	61	Unknown	65	64	47	55	0	0	1089000	60000	eu:niklashult	FIFA11_RATING_EST_AGE_ECONOMY
P	eu_sweden	2	IF Elfsborg	15	Anders Wikström	1	26	60	Unknown	66	48	58	55	0	0	900000	50000	eu:anderswikstrom	FIFA11_RATING_EST_AGE_ECONOMY
P	eu_sweden	2	IF Elfsborg	16	Fredrik Berglund	3	31	60	Unknown	63	56	58	55	0	0	900000	50000	eu:fredrikberglund	FIFA11_RATING_EST_AGE_ECONOMY
P	eu_sweden	2	IF Elfsborg	17	Jari Ilola	2	25	60	Unknown	68	56	58	55	0	0	900000	50000	eu:jariilola	FIFA11_RATING_EST_AGE_ECONOMY
T	eu_sweden	3	Malmö FF	-1		-1	2010	0	Sweden	0	0	0	55	55	2	0	0	eu_sweden:3	REGISTRY
P	eu_sweden	3	Malmö FF	0	Johan Dahlin	0	25	65	Unknown	69	71	60	55	0	0	2025000	110000	eu:johandahlin	ESTIMATED
P	eu_sweden	3	Malmö FF	1	Daniel Andersson	1	31	70	Unknown	71	62	72	55	0	0	3600000	200000	eu:danielandersson	FIFA11_RATING_EST_AGE_ECONOMY
P	eu_sweden	3	Malmö FF	2	Guillermo Molins	3	20	70	Unknown	66	76	53	55	0	0	3600000	200000	eu:guillermomolins	FIFA11_RATING_EST_AGE_ECONOMY
P	eu_sweden	3	Malmö FF	3	Wilton Figueiredo	2	31	70	Unknown	70	65	67	55	0	0	3600000	200000	eu:wiltonfigueiredo	FIFA11_RATING_EST_AGE_ECONOMY
P	eu_sweden	3	Malmö FF	4	Daniel Larsson	3	32	69	Unknown	69	70	62	55	0	0	3249000	180000	eu:daniellarsson	FIFA11_RATING_EST_AGE_ECONOMY
P	eu_sweden	3	Malmö FF	5	Ivo Pekalski	2	30	68	Unknown	82	62	59	55	0	0	2916000	160000	eu:ivopekalski	FIFA11_RATING_EST_AGE_ECONOMY
P	eu_sweden	3	Malmö FF	6	Jiloan Hamad	3	29	68	Unknown	71	52	65	55	0	0	2916000	160000	eu:jiloanhamad	FIFA11_RATING_EST_AGE_ECONOMY
P	eu_sweden	3	Malmö FF	7	Jimmy Durmaz	3	31	68	Unknown	75	64	65	55	0	0	2916000	160000	eu:jimmydurmaz	FIFA11_RATING_EST_AGE_ECONOMY
P	eu_sweden	3	Malmö FF	8	Ricardinho	1	32	68	Unknown	80	64	59	55	0	0	2916000	160000	eu:ricardinho	FIFA11_RATING_EST_AGE_ECONOMY
P	eu_sweden	3	Malmö FF	9	Agon Mehmeti	3	22	66	Unknown	61	71	55	55	0	0	2304000	120000	eu:agonmehmeti	FIFA11_RATING_EST_AGE_ECONOMY
P	eu_sweden	3	Malmö FF	10	Jasmin Sudić	1	29	65	Unknown	56	70	55	55	0	0	2025000	110000	eu:jasminsudic	FIFA11_RATING_EST_AGE_ECONOMY
P	eu_sweden	3	Malmö FF	11	Miljan Mutavdžić	2	22	64	Unknown	70	58	61	55	0	0	1764000	90000	eu:miljanmutavdzic	FIFA11_RATING_EST_AGE_ECONOMY
P	eu_sweden	3	Malmö FF	12	Rick Kruys	2	32	63	Unknown	66	56	62	55	0	0	1521000	80000	eu:rickkruys	FIFA11_RATING_EST_AGE_ECONOMY
P	eu_sweden	3	Malmö FF	13	Markus Halsti	1	32	62	Unknown	61	72	48	55	0	0	1296000	70000	eu:markushalsti	FIFA11_RATING_EST_AGE_ECONOMY
P	eu_sweden	3	Malmö FF	14	Jeffrey Aubynn	2	30	60	Unknown	67	32	62	55	0	0	900000	50000	eu:jeffreyaubynn	FIFA11_RATING_EST_AGE_ECONOMY
P	eu_sweden	3	Malmö FF	15	Joseph Elanga	1	24	60	Unknown	74	52	56	55	0	0	900000	50000	eu:josephelanga	FIFA11_RATING_EST_AGE_ECONOMY
P	eu_sweden	3	Malmö FF	16	Pontus Jansson	1	33	60	Unknown	58	64	39	55	0	0	900000	50000	eu:pontusjansson	FIFA11_RATING_EST_AGE_ECONOMY
P	eu_sweden	3	Malmö FF	17	Alexander Nilsson	3	28	59	Unknown	56	53	58	55	0	0	729000	50000	eu:alexandernilsson	FIFA11_RATING_EST_AGE_ECONOMY
T	eu_sweden	4	IFK Göteborg	-1		-1	2010	0	Sweden	0	0	0	55	55	2	0	0	eu_sweden:4	REGISTRY
P	eu_sweden	4	IFK Göteborg	0	Kim Christensen	0	20	70	Unknown	78	73	76	55	0	0	3600000	200000	eu:kimchristensen	ESTIMATED
P	eu_sweden	4	IFK Göteborg	1	Stefan Selakovic	2	28	78	Unknown	68	78	77	55	0	0	7056000	390000	eu:stefanselakovic	FIFA11_RATING_EST_AGE_ECONOMY
P	eu_sweden	4	IFK Göteborg	2	Ragnar Sigurdsson	1	24	74	Unknown	82	60	74	55	0	0	5184000	280000	eu:ragnarsigurdsson	FIFA11_RATING_EST_AGE_ECONOMY
P	eu_sweden	4	IFK Göteborg	3	Tobias Hysén	3	30	71	Unknown	69	70	63	55	0	0	3969000	220000	eu:tobiashysen	FIFA11_RATING_EST_AGE_ECONOMY
P	eu_sweden	4	IFK Göteborg	4	Adam Johansson	1	24	67	Unknown	76	70	63	55	0	0	2601000	140000	eu:adamjohansson	FIFA11_RATING_EST_AGE_ECONOMY
P	eu_sweden	4	IFK Göteborg	5	Mikael Dyrestam	1	25	64	Unknown	74	71	52	55	0	0	1764000	90000	eu:mikaeldyrestam	FIFA11_RATING_EST_AGE_ECONOMY
P	eu_sweden	4	IFK Göteborg	6	Robin Söder	3	32	64	Unknown	75	61	61	55	0	0	1764000	90000	eu:robinsoder	FIFA11_RATING_EST_AGE_ECONOMY
P	eu_sweden	4	IFK Göteborg	7	Sebastian Eriksson	2	25	63	Unknown	65	66	51	55	0	0	1521000	80000	eu:sebastianeriksson	FIFA11_RATING_EST_AGE_ECONOMY
P	eu_sweden	4	IFK Göteborg	8	Theódór Elmar Bjarnason	2	32	63	Unknown	71	68	55	55	0	0	1521000	80000	eu:theodorelmarbjarnason	FIFA11_RATING_EST_AGE_ECONOMY
P	eu_sweden	4	IFK Göteborg	9	Thomas Olsson	2	28	63	Unknown	64	72	57	55	0	0	1521000	80000	eu:thomasolsson	FIFA11_RATING_EST_AGE_ECONOMY
P	eu_sweden	4	IFK Göteborg	10	Hannes Stiller	3	27	62	Unknown	70	60	62	55	0	0	1296000	70000	eu:hannesstiller	FIFA11_RATING_EST_AGE_ECONOMY
P	eu_sweden	4	IFK Göteborg	11	Hjálmar Jónsson	1	20	62	Unknown	73	64	52	55	0	0	1296000	70000	eu:hjalmarjonsson	FIFA11_RATING_EST_AGE_ECONOMY
P	eu_sweden	4	IFK Göteborg	12	Jakob Johansson	2	20	61	Unknown	68	69	41	55	0	0	1089000	60000	eu:jakobjohansson	FIFA11_RATING_EST_AGE_ECONOMY
P	eu_sweden	4	IFK Göteborg	13	Karl Svensson	1	31	61	Unknown	64	60	59	55	0	0	1089000	60000	eu:karlsvensson	FIFA11_RATING_EST_AGE_ECONOMY
P	eu_sweden	4	IFK Göteborg	14	Tobias Sana	3	20	61	Unknown	49	72	49	55	0	0	1089000	60000	eu:tobiassana	FIFA11_RATING_EST_AGE_ECONOMY
P	eu_sweden	4	IFK Göteborg	15	Nicklas Carlsson	1	23	60	Unknown	59	56	54	55	0	0	900000	50000	eu:nicklascarlsson	FIFA11_RATING_EST_AGE_ECONOMY
P	eu_sweden	4	IFK Göteborg	16	Pär Ericsson	3	21	60	Unknown	64	67	48	55	0	0	900000	50000	eu:parericsson	FIFA11_RATING_EST_AGE_ECONOMY
P	eu_sweden	4	IFK Göteborg	17	Erik Lund	1	25	59	Unknown	66	50	60	55	0	0	729000	50000	eu:eriklund	FIFA11_RATING_EST_AGE_ECONOMY
P	eu_sweden	4	IFK Göteborg	18	Niklas Bärkroth	3	25	58	Unknown	68	45	56	55	0	0	576000	50000	eu:niklasbarkroth	FIFA11_RATING_EST_AGE_ECONOMY
P	eu_sweden	4	IFK Göteborg	19	Alexander Faltsetas	2	26	54	Unknown	63	51	47	55	0	0	250000	50000	eu:alexanderfaltsetas	FIFA11_RATING_EST_AGE_ECONOMY
T	eu_switzerland	0	BSC Young Boys	-1		-1	2010	0	Switzerland	0	0	0	55	55	2	0	0	eu_switzerland:0	REGISTRY
P	eu_switzerland	0	BSC Young Boys	0	Marco Wölfli	0	20	68	Unknown	59	67	64	55	0	0	2916000	160000	eu:marcowolfli	ESTIMATED
P	eu_switzerland	0	BSC Young Boys	1	Christoph Spycher	1	29	71	Unknown	71	51	71	55	0	0	3969000	220000	eu:christophspycher	FIFA11_RATING_EST_AGE_ECONOMY
P	eu_switzerland	0	BSC Young Boys	2	David Degen	2	31	70	Unknown	55	72	69	55	0	0	3600000	200000	eu:daviddegen	FIFA11_RATING_EST_AGE_ECONOMY
P	eu_switzerland	0	BSC Young Boys	3	Alberto Regazzoni	2	31	68	Unknown	86	54	65	55	0	0	2916000	160000	eu:albertoregazzoni	FIFA11_RATING_EST_AGE_ECONOMY
P	eu_switzerland	0	BSC Young Boys	4	Mario Raimondi	2	20	68	Unknown	84	48	63	55	0	0	2916000	160000	eu:marioraimondi	FIFA11_RATING_EST_AGE_ECONOMY
P	eu_switzerland	0	BSC Young Boys	5	Emiliano Dudar	1	33	67	Unknown	73	59	65	55	0	0	2601000	140000	eu:emilianodudar	FIFA11_RATING_EST_AGE_ECONOMY
P	eu_switzerland	0	BSC Young Boys	6	Moreno Costanzo	2	32	67	Unknown	62	70	61	55	0	0	2601000	140000	eu:morenocostanzo	FIFA11_RATING_EST_AGE_ECONOMY
P	eu_switzerland	0	BSC Young Boys	7	Alain Nef	1	25	64	Unknown	61	64	60	55	0	0	1764000	90000	eu:alainnef	ESTIMATED
P	eu_switzerland	0	BSC Young Boys	8	Marco Schneuwly	3	22	64	Unknown	73	52	60	55	0	0	1764000	90000	eu:marcoschneuwly	FIFA11_RATING_EST_AGE_ECONOMY
P	eu_switzerland	0	BSC Young Boys	9	Xavier Hochstrasser	2	20	64	Unknown	70	52	63	55	0	0	1764000	90000	eu:xavierhochstrasser	FIFA11_RATING_EST_AGE_ECONOMY
P	eu_switzerland	0	BSC Young Boys	10	François Affolter	1	24	63	Unknown	61	69	47	55	0	0	1521000	80000	eu:francoisaffolter	FIFA11_RATING_EST_AGE_ECONOMY
P	eu_switzerland	0	BSC Young Boys	11	Scott Sutter	2	21	63	Unknown	72	62	59	55	0	0	1521000	80000	eu:scottsutter	FIFA11_RATING_EST_AGE_ECONOMY
P	eu_switzerland	0	BSC Young Boys	12	Senad Lulić	3	24	63	Unknown	64	66	54	55	0	0	1521000	80000	eu:senadlulic	FIFA11_RATING_EST_AGE_ECONOMY
P	eu_switzerland	0	BSC Young Boys	13	Thierry Doubai	2	29	63	Unknown	75	54	60	55	0	0	1521000	80000	eu:thierrydoubai	FIFA11_RATING_EST_AGE_ECONOMY
P	eu_switzerland	0	BSC Young Boys	14	Christian Schneuwly	2	23	59	Unknown	55	62	47	55	0	0	729000	50000	eu:christianschneuwly	FIFA11_RATING_EST_AGE_ECONOMY
T	eu_switzerland	1	FC Basel	-1		-1	2010	0	Switzerland	0	0	0	55	55	2	0	0	eu_switzerland:1	REGISTRY
P	eu_switzerland	1	FC Basel	0	Franco Costanzo	0	20	70	Unknown	67	74	67	55	0	0	3600000	200000	eu:francocostanzo	ESTIMATED
P	eu_switzerland	1	FC Basel	1	Alexander Frei	3	26	77	Unknown	74	81	55	55	0	0	6561000	360000	eu:alexanderfrei	FIFA11_RATING_EST_AGE_ECONOMY
P	eu_switzerland	1	FC Basel	2	Xherdan Shaqiri	2	31	74	Unknown	82	71	76	55	0	0	5184000	280000	eu:xherdanshaqiri	FIFA11_RATING_EST_AGE_ECONOMY
P	eu_switzerland	1	FC Basel	3	Benjamin Huggel	2	33	73	Unknown	60	74	53	55	0	0	4761000	260000	eu:benjaminhuggel	FIFA11_RATING_EST_AGE_ECONOMY
P	eu_switzerland	1	FC Basel	4	Gilles Yapi	1	32	67	Unknown	71	71	65	55	0	0	2601000	140000	eu:gillesyapi	ESTIMATED
P	eu_switzerland	1	FC Basel	5	Marco Streller	3	29	73	Unknown	64	52	73	55	0	0	4761000	260000	eu:marcostreller	FIFA11_RATING_EST_AGE_ECONOMY
P	eu_switzerland	1	FC Basel	6	Behrang Safari	1	28	72	Unknown	85	38	70	55	0	0	4356000	240000	eu:behrangsafari	FIFA11_RATING_EST_AGE_ECONOMY
P	eu_switzerland	1	FC Basel	7	Scott Chipperfield	2	21	72	Unknown	74	73	69	55	0	0	4356000	240000	eu:scottchipperfield	FIFA11_RATING_EST_AGE_ECONOMY
P	eu_switzerland	1	FC Basel	8	Valentin Stocker	2	26	72	Unknown	63	83	67	55	0	0	4356000	240000	eu:valentinstocker	FIFA11_RATING_EST_AGE_ECONOMY
P	eu_switzerland	1	FC Basel	9	Çağdaş Atan	1	33	71	Unknown	72	70	68	55	0	0	3969000	220000	eu:cagdasatan	FIFA11_RATING_EST_AGE_ECONOMY
P	eu_switzerland	1	FC Basel	10	Samuel Inkoom	1	25	70	Unknown	74	73	58	55	0	0	3600000	200000	eu:samuelinkoom	FIFA11_RATING_EST_AGE_ECONOMY
P	eu_switzerland	1	FC Basel	11	David Abraham	1	26	69	Unknown	68	70	66	55	0	0	3249000	180000	eu:davidabraham	FIFA11_RATING_EST_AGE_ECONOMY
P	eu_switzerland	1	FC Basel	12	Federico Almerares	3	26	66	Unknown	71	60	61	55	0	0	2304000	120000	eu:federicoalmerares	FIFA11_RATING_EST_AGE_ECONOMY
P	eu_switzerland	1	FC Basel	13	Reto Zanni	1	24	66	Unknown	64	72	55	55	0	0	2304000	120000	eu:retozanni	FIFA11_RATING_EST_AGE_ECONOMY
P	eu_switzerland	1	FC Basel	14	Cabral	2	27	62	Unknown	57	74	51	55	0	0	1296000	70000	eu:cabral	FIFA11_RATING_EST_AGE_ECONOMY
P	eu_switzerland	1	FC Basel	15	Beg Ferati	1	21	61	Unknown	64	50	59	55	0	0	1089000	60000	eu:begferati	FIFA11_RATING_EST_AGE_ECONOMY
P	eu_switzerland	1	FC Basel	16	Pascal Schürpf	2	33	58	Unknown	69	51	60	55	0	0	576000	50000	eu:pascalschurpf	FIFA11_RATING_EST_AGE_ECONOMY
T	eu_switzerland	2	FC St. Gallen	-1		-1	2010	0	Switzerland	0	0	0	55	55	2	0	0	eu_switzerland:2	REGISTRY
P	eu_switzerland	2	FC St. Gallen	0	Daniel Lopar	0	30	60	Unknown	56	55	64	55	0	0	900000	50000	eu:daniellopar	ESTIMATED
P	eu_switzerland	2	FC St. Gallen	1	Mario Frick	3	23	67	Unknown	75	54	65	55	0	0	2601000	140000	eu:mariofrick	FIFA11_RATING_EST_AGE_ECONOMY
P	eu_switzerland	2	FC St. Gallen	2	Daniel Imhof	2	30	66	Unknown	73	52	65	55	0	0	2304000	120000	eu:danielimhof	FIFA11_RATING_EST_AGE_ECONOMY
P	eu_switzerland	2	FC St. Gallen	3	Fabian Frei	2	26	61	Unknown	66	65	58	55	0	0	1089000	60000	eu:fabianfrei	FIFA11_RATING_EST_AGE_ECONOMY
P	eu_switzerland	2	FC St. Gallen	4	Tim Bakens	1	29	60	Unknown	67	48	57	55	0	0	900000	50000	eu:timbakens	FIFA11_RATING_EST_AGE_ECONOMY
P	eu_switzerland	2	FC St. Gallen	5	Philipp Muntwiler	2	22	59	Unknown	74	52	49	55	0	0	729000	50000	eu:philippmuntwiler	FIFA11_RATING_EST_AGE_ECONOMY
P	eu_switzerland	2	FC St. Gallen	6	Kristian Nushi	2	20	58	Unknown	65	61	55	55	0	0	576000	50000	eu:kristiannushi	FIFA11_RATING_EST_AGE_ECONOMY
P	eu_switzerland	2	FC St. Gallen	7	Lukas Schenkel	1	31	58	Unknown	60	56	50	55	0	0	576000	50000	eu:lukasschenkel	FIFA11_RATING_EST_AGE_ECONOMY
P	eu_switzerland	2	FC St. Gallen	8	Nico Abegglen	3	24	57	Unknown	68	56	55	55	0	0	441000	50000	eu:nicoabegglen	FIFA11_RATING_EST_AGE_ECONOMY
P	eu_switzerland	2	FC St. Gallen	9	Marco Hämmerli	1	24	56	Unknown	52	70	34	55	0	0	324000	50000	eu:marcohammerli	FIFA11_RATING_EST_AGE_ECONOMY
P	eu_switzerland	2	FC St. Gallen	10	Adrian Winter	2	25	53	Unknown	52	40	46	55	0	0	250000	50000	eu:adrianwinter	FIFA11_RATING_EST_AGE_ECONOMY
P	eu_switzerland	2	FC St. Gallen	11	Michael Lang	1	20	53	Unknown	54	60	44	55	0	0	250000	50000	eu:michaellang	FIFA11_RATING_EST_AGE_ECONOMY
P	eu_switzerland	2	FC St. Gallen	12	Pa Modou Jagne	2	30	67	Unknown	73	72	73	55	0	0	2601000	140000	eu:pamodoujagne	ESTIMATED
P	eu_switzerland	2	FC St. Gallen	13	Moreno Merenda	2	27	64	Unknown	71	66	68	55	0	0	1764000	90000	eu:morenomerenda	ESTIMATED
T	eu_switzerland	3	FC Thun	-1		-1	2010	0	Switzerland	0	0	0	55	55	2	0	0	eu_switzerland:3	REGISTRY
P	eu_switzerland	3	FC Thun	0	David da Costa	0	27	60	Unknown	58	61	60	55	0	0	900000	50000	eu:daviddacosta	ESTIMATED
P	eu_switzerland	3	FC Thun	1	Marc Schneider	1	24	65	Unknown	57	74	47	55	0	0	2025000	110000	eu:marcschneider	FIFA11_RATING_EST_AGE_ECONOMY
P	eu_switzerland	3	FC Thun	2	Milaim Rama	3	31	59	Unknown	65	60	56	55	0	0	729000	50000	eu:milaimrama	FIFA11_RATING_EST_AGE_ECONOMY
P	eu_switzerland	3	FC Thun	3	Roland Bättig	2	31	58	Unknown	71	62	53	55	0	0	576000	50000	eu:rolandbattig	FIFA11_RATING_EST_AGE_ECONOMY
P	eu_switzerland	3	FC Thun	4	Stipe Matić	1	32	57	Unknown	66	53	53	55	0	0	441000	50000	eu:stipematic	FIFA11_RATING_EST_AGE_ECONOMY
P	eu_switzerland	3	FC Thun	5	Giuseppe Morello	3	21	56	Unknown	66	62	49	55	0	0	324000	50000	eu:giuseppemorello	FIFA11_RATING_EST_AGE_ECONOMY
P	eu_switzerland	3	FC Thun	6	Muhamed Demiri	2	26	56	Unknown	49	40	54	55	0	0	324000	50000	eu:muhameddemiri	FIFA11_RATING_EST_AGE_ECONOMY
P	eu_switzerland	3	FC Thun	7	Stefan Glarner	2	31	56	Unknown	73	52	55	55	0	0	324000	50000	eu:stefanglarner	FIFA11_RATING_EST_AGE_ECONOMY
P	eu_switzerland	3	FC Thun	8	Benjamin Lüthi	1	23	55	Unknown	82	55	44	55	0	0	250000	50000	eu:benjaminluthi	FIFA11_RATING_EST_AGE_ECONOMY
P	eu_switzerland	3	FC Thun	9	Ezequiel Scarione	3	22	55	Unknown	66	44	53	55	0	0	250000	50000	eu:ezequielscarione	FIFA11_RATING_EST_AGE_ECONOMY
P	eu_switzerland	3	FC Thun	10	Stephan Andrist	2	28	54	Unknown	58	48	47	55	0	0	250000	50000	eu:stephanandrist	FIFA11_RATING_EST_AGE_ECONOMY
P	eu_switzerland	3	FC Thun	11	Dennis Hediger	2	20	64	Unknown	73	67	69	55	0	0	1764000	90000	eu:dennishediger	ESTIMATED
P	eu_switzerland	3	FC Thun	12	Nelson Ferreira	2	32	65	Unknown	67	62	65	55	0	0	2025000	110000	eu:nelsonferreira	ESTIMATED
P	eu_switzerland	3	FC Thun	13	Marco Aratore	2	29	61	Unknown	63	66	65	55	0	0	1089000	60000	eu:marcoaratore	ESTIMATED
T	eu_switzerland	4	FC Zürich	-1		-1	2010	0	Switzerland	0	0	0	55	55	2	0	0	eu_switzerland:4	REGISTRY
P	eu_switzerland	4	FC Zürich	0	Johnny Leoni	0	20	64	Unknown	58	70	70	55	0	0	1764000	90000	eu:johnnyleoni	ESTIMATED
P	eu_switzerland	4	FC Zürich	1	Yassine Chikhaoui	3	22	72	Unknown	76	58	70	55	0	0	4356000	240000	eu:yassinechikhaoui	FIFA11_RATING_EST_AGE_ECONOMY
P	eu_switzerland	4	FC Zürich	2	Ludovic Magnin	1	22	71	Unknown	77	62	71	55	0	0	3969000	220000	eu:ludovicmagnin	FIFA11_RATING_EST_AGE_ECONOMY
P	eu_switzerland	4	FC Zürich	3	Alexandre Alphonse	3	25	69	Unknown	82	66	64	55	0	0	3249000	180000	eu:alexandrealphonse	FIFA11_RATING_EST_AGE_ECONOMY
P	eu_switzerland	4	FC Zürich	4	Eric Hassli	3	26	69	Unknown	66	74	63	55	0	0	3249000	180000	eu:erichassli	FIFA11_RATING_EST_AGE_ECONOMY
P	eu_switzerland	4	FC Zürich	5	Xavier Margairaz	2	23	69	Unknown	74	74	65	55	0	0	3249000	180000	eu:xaviermargairaz	FIFA11_RATING_EST_AGE_ECONOMY
P	eu_switzerland	4	FC Zürich	6	Dušan Djurić	2	31	68	Unknown	64	70	58	55	0	0	2916000	160000	eu:dusandjuric	FIFA11_RATING_EST_AGE_ECONOMY
P	eu_switzerland	4	FC Zürich	7	Alain Rochat	1	24	66	Unknown	67	75	65	55	0	0	2304000	120000	eu:alainrochat	FIFA11_RATING_EST_AGE_ECONOMY
P	eu_switzerland	4	FC Zürich	8	Amine Chermiti	3	30	65	Unknown	66	58	68	55	0	0	2025000	110000	eu:aminechermiti	FIFA11_RATING_EST_AGE_ECONOMY
P	eu_switzerland	4	FC Zürich	9	Florian Stahel	1	31	65	Unknown	69	62	61	55	0	0	2025000	110000	eu:florianstahel	FIFA11_RATING_EST_AGE_ECONOMY
P	eu_switzerland	4	FC Zürich	10	Heinz Barmettler	1	23	64	Unknown	75	64	58	55	0	0	1764000	90000	eu:heinzbarmettler	FIFA11_RATING_EST_AGE_ECONOMY
P	eu_switzerland	4	FC Zürich	11	Silvan Aegerter	2	29	64	Unknown	52	60	48	55	0	0	1764000	90000	eu:silvanaegerter	FIFA11_RATING_EST_AGE_ECONOMY
P	eu_switzerland	4	FC Zürich	12	Marco Schönbächler	2	32	62	Unknown	82	46	60	55	0	0	1296000	70000	eu:marcoschonbachler	FIFA11_RATING_EST_AGE_ECONOMY
P	eu_switzerland	4	FC Zürich	13	Adrian Nikci	3	26	59	Unknown	70	62	58	55	0	0	729000	50000	eu:adriannikci	FIFA11_RATING_EST_AGE_ECONOMY
P	eu_switzerland	4	FC Zürich	14	Milan Gajić	2	28	58	Unknown	72	47	53	55	0	0	576000	50000	eu:milangajic	FIFA11_RATING_EST_AGE_ECONOMY
P	eu_switzerland	4	FC Zürich	15	Admir Mehmedi	3	31	53	Unknown	55	31	46	55	0	0	250000	50000	eu:admirmehmedi	FIFA11_RATING_EST_AGE_ECONOMY
T	eu_switzerland	5	Lausanne-Sport	-1		-1	2010	0	Switzerland	0	0	0	55	55	2	0	0	eu_switzerland:5	REGISTRY
P	eu_switzerland	5	Lausanne-Sport	0	Anthony Favre	0	23	65	Unknown	64	62	63	55	0	0	2025000	110000	eu:anthonyfavre	ESTIMATED
P	eu_switzerland	5	Lausanne-Sport	1	Guillaume Katz	0	32	61	Unknown	57	62	66	55	0	0	1089000	60000	eu:guillaumekatz	ESTIMATED
P	eu_switzerland	5	Lausanne-Sport	2	Jérôme Sonnerat	1	20	60	Unknown	67	54	61	55	0	0	900000	50000	eu:jeromesonnerat	ESTIMATED
P	eu_switzerland	5	Lausanne-Sport	3	Mickaël Castejon	1	32	67	Unknown	64	61	72	55	0	0	2601000	140000	eu:mickaelcastejon	ESTIMATED
P	eu_switzerland	5	Lausanne-Sport	4	Abdoulaye Ba	1	29	64	Unknown	58	68	59	55	0	0	1764000	90000	eu:abdoulayeba	ESTIMATED
P	eu_switzerland	5	Lausanne-Sport	5	Stéphane Nater	1	27	67	Unknown	64	62	69	55	0	0	2601000	140000	eu:stephanenater	ESTIMATED
P	eu_switzerland	5	Lausanne-Sport	6	Alexandre Pasche	1	27	63	Unknown	60	64	64	55	0	0	1521000	80000	eu:alexandrepasche	ESTIMATED
P	eu_switzerland	5	Lausanne-Sport	7	Nicolas Marazzi	1	24	66	Unknown	73	64	61	55	0	0	2304000	120000	eu:nicolasmarazzi	ESTIMATED
P	eu_switzerland	5	Lausanne-Sport	8	Jocelyn Roux	2	29	61	Unknown	53	64	65	55	0	0	1089000	60000	eu:jocelynroux	ESTIMATED
P	eu_switzerland	5	Lausanne-Sport	9	Moustapha Tall	2	20	61	Unknown	62	62	55	55	0	0	1089000	60000	eu:moustaphatall	ESTIMATED
P	eu_switzerland	5	Lausanne-Sport	10	Matt Moussilou	2	30	68	Unknown	77	65	74	55	0	0	2916000	160000	eu:mattmoussilou	ESTIMATED
P	eu_switzerland	5	Lausanne-Sport	11	Yannis Tafer	2	26	63	Unknown	56	69	57	55	0	0	1521000	80000	eu:yannistafer	ESTIMATED
P	eu_switzerland	5	Lausanne-Sport	12	Yves Miéville	2	24	64	Unknown	68	64	70	55	0	0	1764000	90000	eu:yvesmieville	ESTIMATED
P	eu_switzerland	5	Lausanne-Sport	13	Raphaël Khelifi	2	32	65	Unknown	65	66	62	55	0	0	2025000	110000	eu:raphaelkhelifi	ESTIMATED
P	eu_switzerland	5	Lausanne-Sport	14	Gaëtan Karlen	2	24	62	Unknown	65	57	67	55	0	0	1296000	70000	eu:gaetankarlen	ESTIMATED
T	eu_switzerland	6	Grasshopper Club Zürich	-1		-1	2010	0	Switzerland	0	0	0	55	55	2	0	0	eu_switzerland:6	REGISTRY
P	eu_switzerland	6	Grasshopper Club Zürich	0	Boris Smiljanić	1	32	71	Unknown	80	70	61	55	0	0	3969000	220000	eu:borissmiljanic	FIFA11_RATING_EST_AGE_ECONOMY
P	eu_switzerland	6	Grasshopper Club Zürich	1	Ricardo Cabanas	2	21	69	Unknown	66	78	53	55	0	0	3249000	180000	eu:ricardocabanas	FIFA11_RATING_EST_AGE_ECONOMY
P	eu_switzerland	6	Grasshopper Club Zürich	2	Guillermo Vallori	1	23	67	Unknown	81	52	65	55	0	0	2601000	140000	eu:guillermovallori	FIFA11_RATING_EST_AGE_ECONOMY
P	eu_switzerland	6	Grasshopper Club Zürich	3	Paulo Menezes	1	26	66	Unknown	71	74	64	55	0	0	2304000	120000	eu:paulomenezes	FIFA11_RATING_EST_AGE_ECONOMY
P	eu_switzerland	6	Grasshopper Club Zürich	4	Veroljub Salatić	2	23	66	Unknown	65	62	65	55	0	0	2304000	120000	eu:veroljubsalatic	FIFA11_RATING_EST_AGE_ECONOMY
P	eu_switzerland	6	Grasshopper Club Zürich	5	Davide Callà	2	29	65	Unknown	67	66	57	55	0	0	2025000	110000	eu:davidecalla	FIFA11_RATING_EST_AGE_ECONOMY
P	eu_switzerland	6	Grasshopper Club Zürich	6	Vincenzo Rennella	3	23	63	Unknown	69	36	64	55	0	0	1521000	80000	eu:vincenzorennella	FIFA11_RATING_EST_AGE_ECONOMY
P	eu_switzerland	6	Grasshopper Club Zürich	7	Alessandro Riedle	3	25	62	Unknown	67	64	57	55	0	0	1296000	70000	eu:alessandroriedle	FIFA11_RATING_EST_AGE_ECONOMY
P	eu_switzerland	6	Grasshopper Club Zürich	8	Steven Lang	2	25	61	Unknown	65	58	49	55	0	0	1089000	60000	eu:stevenlang	FIFA11_RATING_EST_AGE_ECONOMY
P	eu_switzerland	6	Grasshopper Club Zürich	9	Innocent Emeghara	3	21	60	Unknown	62	58	49	55	0	0	900000	50000	eu:innocentemeghara	FIFA11_RATING_EST_AGE_ECONOMY
P	eu_switzerland	6	Grasshopper Club Zürich	10	Kay Voser	1	20	60	Unknown	80	66	47	55	0	0	900000	50000	eu:kayvoser	FIFA11_RATING_EST_AGE_ECONOMY
P	eu_switzerland	6	Grasshopper Club Zürich	11	Nzuzi Toko	2	23	60	Unknown	62	71	42	55	0	0	900000	50000	eu:nzuzitoko	FIFA11_RATING_EST_AGE_ECONOMY
P	eu_switzerland	6	Grasshopper Club Zürich	12	Josip Colina	2	33	59	Unknown	72	64	54	55	0	0	729000	50000	eu:josipcolina	FIFA11_RATING_EST_AGE_ECONOMY
P	eu_switzerland	6	Grasshopper Club Zürich	13	Roman Bürki	2	24	67	Unknown	72	64	62	55	0	0	2601000	140000	eu:romanburki	ESTIMATED
P	eu_switzerland	6	Grasshopper Club Zürich	14	Izet Hajrović	2	33	63	Unknown	62	60	57	55	0	0	1521000	80000	eu:izethajrovic	ESTIMATED
P	eu_switzerland	6	Grasshopper Club Zürich	15	Amir Abrashi	3	20	66	Unknown	75	60	66	55	0	0	2304000	120000	eu:amirabrashi	ESTIMATED
T	eu_switzerland	7	FC Sion	-1		-1	2010	0	Switzerland	0	0	0	55	55	2	0	0	eu_switzerland:7	REGISTRY
P	eu_switzerland	7	FC Sion	0	Andris Vaņins	0	30	65	Unknown	69	64	70	55	0	0	2025000	110000	eu:andrisvanins	ESTIMATED
P	eu_switzerland	7	FC Sion	1	George Ogăraru	1	22	69	Unknown	60	80	57	55	0	0	3249000	180000	eu:georgeogararu	FIFA11_RATING_EST_AGE_ECONOMY
P	eu_switzerland	7	FC Sion	2	Michael Dingsdag	1	22	68	Unknown	70	70	54	55	0	0	2916000	160000	eu:michaeldingsdag	FIFA11_RATING_EST_AGE_ECONOMY
P	eu_switzerland	7	FC Sion	3	Vilmos Vanczák	1	23	66	Unknown	59	61	59	55	0	0	2304000	120000	eu:vilmosvanczak	FIFA11_RATING_EST_AGE_ECONOMY
P	eu_switzerland	7	FC Sion	4	Adaílton	1	29	65	Unknown	72	61	64	55	0	0	2025000	110000	eu:adailton	FIFA11_RATING_EST_AGE_ECONOMY
P	eu_switzerland	7	FC Sion	5	Goran Obradović	2	26	65	Unknown	72	66	59	55	0	0	2025000	110000	eu:goranobradovic	FIFA11_RATING_EST_AGE_ECONOMY
P	eu_switzerland	7	FC Sion	6	Fabrizio Zambrella	2	33	64	Unknown	78	62	62	55	0	0	1764000	90000	eu:fabriziozambrella	FIFA11_RATING_EST_AGE_ECONOMY
P	eu_switzerland	7	FC Sion	7	Nicolas Marin	3	26	63	Unknown	56	66	52	55	0	0	1521000	80000	eu:nicolasmarin	FIFA11_RATING_EST_AGE_ECONOMY
P	eu_switzerland	7	FC Sion	8	Arnaud Bühler	1	22	60	Unknown	60	64	47	55	0	0	900000	50000	eu:arnaudbuhler	FIFA11_RATING_EST_AGE_ECONOMY
P	eu_switzerland	7	FC Sion	9	Serey Die	2	23	59	Unknown	61	57	50	55	0	0	729000	50000	eu:sereydie	FIFA11_RATING_EST_AGE_ECONOMY
P	eu_switzerland	7	FC Sion	10	Abdoul Karim Yoda	2	25	58	Unknown	65	58	53	55	0	0	576000	50000	eu:abdoulkarimyoda	FIFA11_RATING_EST_AGE_ECONOMY
P	eu_switzerland	7	FC Sion	11	Enes Fermino	2	20	55	Unknown	56	52	40	55	0	0	250000	50000	eu:enesfermino	FIFA11_RATING_EST_AGE_ECONOMY
P	eu_switzerland	7	FC Sion	12	Jonas Elmer	1	24	54	Unknown	61	46	45	55	0	0	250000	50000	eu:jonaselmer	FIFA11_RATING_EST_AGE_ECONOMY
P	eu_switzerland	7	FC Sion	13	Giovanni Sio	2	33	66	Unknown	73	68	70	55	0	0	2304000	120000	eu:giovannisio	ESTIMATED
P	eu_switzerland	7	FC Sion	14	Moustapha Dabo	2	25	62	Unknown	57	65	66	55	0	0	1296000	70000	eu:moustaphadabo	ESTIMATED
P	eu_switzerland	7	FC Sion	15	Aleksandar Prijović	3	26	69	Unknown	67	71	68	55	0	0	3249000	180000	eu:aleksandarprijovic	ESTIMATED
T	eu_turkey	0	Beşiktaş	-1		-1	2010	0	Turkey	0	0	0	55	55	2	0	0	eu_turkey:0	REGISTRY
P	eu_turkey	0	Beşiktaş	0	Hakan Arıkan	0	24	69	Unknown	66	68	74	55	0	0	3249000	180000	eu:hakanarkan	ESTIMATED
P	eu_turkey	0	Beşiktaş	1	Cenk Gönen	0	22	64	Unknown	66	67	65	55	0	0	1764000	90000	eu:cenkgonen	ESTIMATED
P	eu_turkey	0	Beşiktaş	2	Ricardo Quaresma	1	22	64	Unknown	71	61	59	55	0	0	1764000	90000	eu:ricardoquaresma	ESTIMATED
P	eu_turkey	0	Beşiktaş	3	Guti	2	31	81	Unknown	89	51	81	55	0	0	8649000	480000	eu:guti	FIFA11_RATING_EST_AGE_ECONOMY
P	eu_turkey	0	Beşiktaş	4	Nihat Kahveci	1	33	67	Unknown	68	65	69	55	0	0	2601000	140000	eu:nihatkahveci	ESTIMATED
P	eu_turkey	0	Beşiktaş	5	Fabian Ernst	2	28	79	Unknown	80	48	80	55	0	0	7569000	420000	eu:fabianernst	FIFA11_RATING_EST_AGE_ECONOMY
P	eu_turkey	0	Beşiktaş	6	İbrahim Toraman	1	21	79	Unknown	81	70	79	55	0	0	7569000	420000	eu:ibrahimtoraman	FIFA11_RATING_EST_AGE_ECONOMY
P	eu_turkey	0	Beşiktaş	7	Matteo Ferrari	1	30	78	Unknown	79	68	75	55	0	0	7056000	390000	eu:matteoferrari	FIFA11_RATING_EST_AGE_ECONOMY
P	eu_turkey	0	Beşiktaş	8	Rodrigo Tabata	2	28	77	Unknown	79	76	76	55	0	0	6561000	360000	eu:rodrigotabata	FIFA11_RATING_EST_AGE_ECONOMY
P	eu_turkey	0	Beşiktaş	9	Bobô	3	29	76	Unknown	78	64	76	55	0	0	6084000	330000	eu:bobo	FIFA11_RATING_EST_AGE_ECONOMY
P	eu_turkey	0	Beşiktaş	10	Fatih Tekke	3	28	76	Unknown	69	90	61	55	0	0	6084000	330000	eu:fatihtekke	FIFA11_RATING_EST_AGE_ECONOMY
P	eu_turkey	0	Beşiktaş	11	Filip Hološko	3	27	76	Unknown	79	73	74	55	0	0	6084000	330000	eu:filipholosko	FIFA11_RATING_EST_AGE_ECONOMY
P	eu_turkey	0	Beşiktaş	12	Roberto Hilbert	2	23	75	Unknown	61	62	76	55	0	0	5625000	310000	eu:robertohilbert	FIFA11_RATING_EST_AGE_ECONOMY
P	eu_turkey	0	Beşiktaş	13	Mert Nobre	3	31	74	Unknown	79	70	71	55	0	0	5184000	280000	eu:mertnobre	FIFA11_RATING_EST_AGE_ECONOMY
P	eu_turkey	0	Beşiktaş	14	Michael Fink	2	25	74	Unknown	78	68	76	55	0	0	5184000	280000	eu:michaelfink	FIFA11_RATING_EST_AGE_ECONOMY
P	eu_turkey	0	Beşiktaş	15	Ekrem Dağ	2	33	73	Unknown	83	42	70	55	0	0	4761000	260000	eu:ekremdag	FIFA11_RATING_EST_AGE_ECONOMY
P	eu_turkey	0	Beşiktaş	16	Yusuf Şimşek	2	20	73	Unknown	84	58	71	55	0	0	4761000	260000	eu:yusufsimsek	FIFA11_RATING_EST_AGE_ECONOMY
P	eu_turkey	0	Beşiktaş	17	Mehmet Aurelio	2	29	71	Unknown	77	54	68	55	0	0	3969000	220000	eu:mehmetaurelio	FIFA11_RATING_EST_AGE_ECONOMY
P	eu_turkey	0	Beşiktaş	18	İsmail Köybaşı	1	29	70	Unknown	72	66	63	55	0	0	3600000	200000	eu:ismailkoybas	FIFA11_RATING_EST_AGE_ECONOMY
P	eu_turkey	0	Beşiktaş	19	Necip Uysal	2	30	70	Unknown	66	70	51	55	0	0	3600000	200000	eu:necipuysal	FIFA11_RATING_EST_AGE_ECONOMY
P	eu_turkey	0	Beşiktaş	20	İbrahim Üzülmez	1	20	66	Unknown	72	64	65	55	0	0	2304000	120000	eu:ibrahimuzulmez	FIFA11_RATING_EST_AGE_ECONOMY
T	eu_turkey	1	Bursaspor	-1		-1	2010	0	Turkey	0	0	0	55	55	2	0	0	eu_turkey:1	REGISTRY
P	eu_turkey	1	Bursaspor	0	Dimitar Ivankov	0	21	65	Unknown	68	68	63	55	0	0	2025000	110000	eu:dimitarivankov	ESTIMATED
P	eu_turkey	1	Bursaspor	1	Sercan Yıldırım	0	29	65	Unknown	70	62	68	55	0	0	2025000	110000	eu:sercanyldrm	ESTIMATED
P	eu_turkey	1	Bursaspor	2	Federico Insúa	2	32	75	Unknown	75	64	76	55	0	0	5625000	310000	eu:federicoinsua	FIFA11_RATING_EST_AGE_ECONOMY
P	eu_turkey	1	Bursaspor	3	Milan Stepanov	1	32	74	Unknown	67	81	65	55	0	0	5184000	280000	eu:milanstepanov	FIFA11_RATING_EST_AGE_ECONOMY
P	eu_turkey	1	Bursaspor	4	Ömer Erdoğan	1	33	74	Unknown	78	65	70	55	0	0	5184000	280000	eu:omererdogan	FIFA11_RATING_EST_AGE_ECONOMY
P	eu_turkey	1	Bursaspor	5	Volkan Şen	2	33	73	Unknown	80	64	72	55	0	0	4761000	260000	eu:volkansen	FIFA11_RATING_EST_AGE_ECONOMY
P	eu_turkey	1	Bursaspor	6	Ivan Ergić	2	26	72	Unknown	74	72	59	55	0	0	4356000	240000	eu:ivanergic	FIFA11_RATING_EST_AGE_ECONOMY
P	eu_turkey	1	Bursaspor	7	Gökçek Vederson	1	21	71	Unknown	73	52	74	55	0	0	3969000	220000	eu:gokcekvederson	FIFA11_RATING_EST_AGE_ECONOMY
P	eu_turkey	1	Bursaspor	8	Ozan İpek	2	25	71	Unknown	82	58	67	55	0	0	3969000	220000	eu:ozanipek	FIFA11_RATING_EST_AGE_ECONOMY
P	eu_turkey	1	Bursaspor	9	Ali Tandoğan	1	26	70	Unknown	76	58	67	55	0	0	3600000	200000	eu:alitandogan	FIFA11_RATING_EST_AGE_ECONOMY
P	eu_turkey	1	Bursaspor	10	Gustav Svensson	2	28	69	Unknown	67	74	57	55	0	0	3249000	180000	eu:gustavsvensson	FIFA11_RATING_EST_AGE_ECONOMY
P	eu_turkey	1	Bursaspor	11	Hüseyin Çimşir	2	25	69	Unknown	79	56	63	55	0	0	3249000	180000	eu:huseyincimsir	FIFA11_RATING_EST_AGE_ECONOMY
P	eu_turkey	1	Bursaspor	12	Pablo Batalla	2	24	68	Unknown	73	59	64	55	0	0	2916000	160000	eu:pablobatalla	FIFA11_RATING_EST_AGE_ECONOMY
P	eu_turkey	1	Bursaspor	13	Turgay Bahadır	2	25	62	Unknown	71	67	68	55	0	0	1296000	70000	eu:turgaybahadr	ESTIMATED
P	eu_turkey	1	Bursaspor	14	Giani Kiriță	2	33	66	Unknown	78	57	59	55	0	0	2304000	120000	eu:gianikirita	FIFA11_RATING_EST_AGE_ECONOMY
P	eu_turkey	1	Bursaspor	15	Mustafa Keçeli	2	31	66	Unknown	79	55	61	55	0	0	2304000	120000	eu:mustafakeceli	FIFA11_RATING_EST_AGE_ECONOMY
P	eu_turkey	1	Bursaspor	16	Bekir Ozan Has	2	33	65	Unknown	61	56	65	55	0	0	2025000	110000	eu:bekirozanhas	FIFA11_RATING_EST_AGE_ECONOMY
P	eu_turkey	1	Bursaspor	17	İbrahim Öztürk	1	32	65	Unknown	75	66	60	55	0	0	2025000	110000	eu:ibrahimozturk	FIFA11_RATING_EST_AGE_ECONOMY
P	eu_turkey	1	Bursaspor	18	Serdar Aziz	1	27	64	Unknown	62	64	55	55	0	0	1764000	90000	eu:serdaraziz	FIFA11_RATING_EST_AGE_ECONOMY
T	eu_turkey	2	Fenerbahçe	-1		-1	2010	0	Turkey	0	0	0	55	55	2	0	0	eu_turkey:2	REGISTRY
P	eu_turkey	2	Fenerbahçe	0	Volkan Demirel	0	28	64	Unknown	55	59	65	55	0	0	1764000	90000	eu:volkandemirel	ESTIMATED
P	eu_turkey	2	Fenerbahçe	1	Diego Lugano	1	22	85	Unknown	82	51	87	55	0	0	11025000	610000	eu:diegolugano	FIFA11_RATING_EST_AGE_ECONOMY
P	eu_turkey	2	Fenerbahçe	2	Emre Belözoğlu	1	33	70	Unknown	64	69	66	55	0	0	3600000	200000	eu:emrebelozoglu	ESTIMATED
P	eu_turkey	2	Fenerbahçe	3	Mamadou Niang	3	26	83	Unknown	87	62	80	55	0	0	9801000	540000	eu:mamadouniang	FIFA11_RATING_EST_AGE_ECONOMY
P	eu_turkey	2	Fenerbahçe	4	Gökhan Ünal	3	26	77	Unknown	83	57	76	55	0	0	6561000	360000	eu:gokhanunal	FIFA11_RATING_EST_AGE_ECONOMY
P	eu_turkey	2	Fenerbahçe	5	Dani Güiza	1	31	67	Unknown	71	74	61	55	0	0	2601000	140000	eu:daniguiza	ESTIMATED
P	eu_turkey	2	Fenerbahçe	6	Colin Kâzım-Richards	1	30	68	Unknown	77	74	70	55	0	0	2916000	160000	eu:colinkazmrichards	ESTIMATED
P	eu_turkey	2	Fenerbahçe	7	Semih Şentürk	3	22	77	Unknown	81	55	77	55	0	0	6561000	360000	eu:semihsenturk	FIFA11_RATING_EST_AGE_ECONOMY
P	eu_turkey	2	Fenerbahçe	8	Mehmet Topuz	2	33	76	Unknown	70	78	61	55	0	0	6084000	330000	eu:mehmettopuz	FIFA11_RATING_EST_AGE_ECONOMY
P	eu_turkey	2	Fenerbahçe	9	Miroslav Stoch	3	24	76	Unknown	60	58	76	55	0	0	6084000	330000	eu:miroslavstoch	FIFA11_RATING_EST_AGE_ECONOMY
P	eu_turkey	2	Fenerbahçe	10	André Santos	1	31	75	Unknown	60	82	52	55	0	0	5625000	310000	eu:andresantos	FIFA11_RATING_EST_AGE_ECONOMY
P	eu_turkey	2	Fenerbahçe	11	Fabio Bilica	1	30	75	Unknown	71	67	73	55	0	0	5625000	310000	eu:fabiobilica	FIFA11_RATING_EST_AGE_ECONOMY
P	eu_turkey	2	Fenerbahçe	12	Gökhan Gönül	1	27	75	Unknown	72	69	73	55	0	0	5625000	310000	eu:gokhangonul	FIFA11_RATING_EST_AGE_ECONOMY
P	eu_turkey	2	Fenerbahçe	13	Joseph Yobo	1	26	75	Unknown	76	83	63	55	0	0	5625000	310000	eu:josephyobo	FIFA11_RATING_EST_AGE_ECONOMY
P	eu_turkey	2	Fenerbahçe	14	Uğur Boral	2	31	75	Unknown	64	55	74	55	0	0	5625000	310000	eu:ugurboral	FIFA11_RATING_EST_AGE_ECONOMY
P	eu_turkey	2	Fenerbahçe	15	Issiar Dia	3	31	74	Unknown	84	72	71	55	0	0	5184000	280000	eu:issiardia	FIFA11_RATING_EST_AGE_ECONOMY
P	eu_turkey	2	Fenerbahçe	16	Caner Erkin	3	29	72	Unknown	78	57	70	55	0	0	4356000	240000	eu:canererkin	FIFA11_RATING_EST_AGE_ECONOMY
P	eu_turkey	2	Fenerbahçe	17	Özer Hurmacı	2	21	72	Unknown	61	42	68	55	0	0	4356000	240000	eu:ozerhurmac	FIFA11_RATING_EST_AGE_ECONOMY
P	eu_turkey	2	Fenerbahçe	18	Selçuk Şahin	2	30	71	Unknown	87	56	65	55	0	0	3969000	220000	eu:selcuksahin	FIFA11_RATING_EST_AGE_ECONOMY
T	eu_turkey	3	Galatasaray	-1		-1	2010	0	Turkey	0	0	0	55	55	2	0	0	eu_turkey:3	REGISTRY
P	eu_turkey	3	Galatasaray	0	Ufuk Ceylan	0	30	66	Unknown	57	59	68	55	0	0	2304000	120000	eu:ufukceylan	ESTIMATED
P	eu_turkey	3	Galatasaray	1	Aykut Erçetin	0	27	68	Unknown	68	62	66	55	0	0	2916000	160000	eu:aykutercetin	ESTIMATED
P	eu_turkey	3	Galatasaray	2	Arda Turan	3	31	85	Unknown	80	68	85	55	0	0	11025000	610000	eu:ardaturan	FIFA11_RATING_EST_AGE_ECONOMY
P	eu_turkey	3	Galatasaray	3	Zvjezdan Misimović	2	22	83	Unknown	82	92	74	55	0	0	9801000	540000	eu:zvjezdanmisimovic	FIFA11_RATING_EST_AGE_ECONOMY
P	eu_turkey	3	Galatasaray	4	Elano	2	22	82	Unknown	75	82	71	55	0	0	9216000	510000	eu:elano	FIFA11_RATING_EST_AGE_ECONOMY
P	eu_turkey	3	Galatasaray	5	Servet Çetin	1	32	82	Unknown	77	74	84	55	0	0	9216000	510000	eu:servetcetin	FIFA11_RATING_EST_AGE_ECONOMY
P	eu_turkey	3	Galatasaray	6	Milan Baroš	3	26	81	Unknown	75	80	77	55	0	0	8649000	480000	eu:milanbaros	FIFA11_RATING_EST_AGE_ECONOMY
P	eu_turkey	3	Galatasaray	7	Lucas Neill	1	26	80	Unknown	74	78	73	55	0	0	8100000	450000	eu:lucasneill	FIFA11_RATING_EST_AGE_ECONOMY
P	eu_turkey	3	Galatasaray	8	Lorik Cana	2	27	78	Unknown	83	65	78	55	0	0	7056000	390000	eu:lorikcana	FIFA11_RATING_EST_AGE_ECONOMY
P	eu_turkey	3	Galatasaray	9	Harry Kewell	3	33	77	Unknown	73	70	76	55	0	0	6561000	360000	eu:harrykewell	FIFA11_RATING_EST_AGE_ECONOMY
P	eu_turkey	3	Galatasaray	10	Juan Pablo Pino	3	30	77	Unknown	82	79	68	55	0	0	6561000	360000	eu:juanpablopino	FIFA11_RATING_EST_AGE_ECONOMY
P	eu_turkey	3	Galatasaray	11	Emiliano Insúa	1	28	75	Unknown	74	32	75	55	0	0	5625000	310000	eu:emilianoinsua	FIFA11_RATING_EST_AGE_ECONOMY
P	eu_turkey	3	Galatasaray	12	Hakan Balta	1	21	75	Unknown	73	76	68	55	0	0	5625000	310000	eu:hakanbalta	FIFA11_RATING_EST_AGE_ECONOMY
P	eu_turkey	3	Galatasaray	13	Sabri Sarıoğlu	1	30	75	Unknown	77	60	75	55	0	0	5625000	310000	eu:sabrisaroglu	FIFA11_RATING_EST_AGE_ECONOMY
P	eu_turkey	3	Galatasaray	14	Gökhan Zan	1	20	74	Unknown	80	45	72	55	0	0	5184000	280000	eu:gokhanzan	FIFA11_RATING_EST_AGE_ECONOMY
P	eu_turkey	3	Galatasaray	15	Serdar Özkan	2	32	74	Unknown	72	77	67	55	0	0	5184000	280000	eu:serdarozkan	FIFA11_RATING_EST_AGE_ECONOMY
P	eu_turkey	3	Galatasaray	16	Barış Özbek	2	20	73	Unknown	74	55	72	55	0	0	4761000	260000	eu:barsozbek	FIFA11_RATING_EST_AGE_ECONOMY
P	eu_turkey	3	Galatasaray	17	Mustafa Sarp	2	30	73	Unknown	64	82	59	55	0	0	4761000	260000	eu:mustafasarp	FIFA11_RATING_EST_AGE_ECONOMY
P	eu_turkey	3	Galatasaray	18	Ayhan Akman	2	32	70	Unknown	69	67	61	55	0	0	3600000	200000	eu:ayhanakman	FIFA11_RATING_EST_AGE_ECONOMY
T	eu_turkey	4	Trabzonspor	-1		-1	2010	0	Turkey	0	0	0	55	55	2	0	0	eu_turkey:4	REGISTRY
P	eu_turkey	4	Trabzonspor	0	Onur Kıvrak	0	20	71	Unknown	68	71	76	55	0	0	3969000	220000	eu:onurkvrak	ESTIMATED
P	eu_turkey	4	Trabzonspor	1	Ibrahima Yattara	3	31	79	Unknown	80	70	79	55	0	0	7569000	420000	eu:ibrahimayattara	FIFA11_RATING_EST_AGE_ECONOMY
P	eu_turkey	4	Trabzonspor	2	Alanzinho	2	26	78	Unknown	80	80	74	55	0	0	7056000	390000	eu:alanzinho	FIFA11_RATING_EST_AGE_ECONOMY
P	eu_turkey	4	Trabzonspor	3	Egemen Korkmaz	1	31	77	Unknown	67	84	58	55	0	0	6561000	360000	eu:egemenkorkmaz	FIFA11_RATING_EST_AGE_ECONOMY
P	eu_turkey	4	Trabzonspor	4	Burak Yılmaz	3	33	74	Unknown	70	66	72	55	0	0	5184000	280000	eu:burakylmaz	FIFA11_RATING_EST_AGE_ECONOMY
P	eu_turkey	4	Trabzonspor	5	Gustavo Colman	2	23	74	Unknown	67	70	73	55	0	0	5184000	280000	eu:gustavocolman	FIFA11_RATING_EST_AGE_ECONOMY
P	eu_turkey	4	Trabzonspor	6	Jajá Coelho	3	22	72	Unknown	66	73	56	55	0	0	4356000	240000	eu:jajacoelho	FIFA11_RATING_EST_AGE_ECONOMY
P	eu_turkey	4	Trabzonspor	7	Serkan Balcı	1	32	71	Unknown	70	68	72	55	0	0	3969000	220000	eu:serkanbalc	FIFA11_RATING_EST_AGE_ECONOMY
P	eu_turkey	4	Trabzonspor	8	Sezer Badur	2	21	71	Unknown	79	46	70	55	0	0	3969000	220000	eu:sezerbadur	FIFA11_RATING_EST_AGE_ECONOMY
P	eu_turkey	4	Trabzonspor	9	Umut Bulut	3	28	71	Unknown	69	57	73	55	0	0	3969000	220000	eu:umutbulut	FIFA11_RATING_EST_AGE_ECONOMY
P	eu_turkey	4	Trabzonspor	10	Arkadiusz Głowacki	1	22	70	Unknown	77	62	68	55	0	0	3600000	200000	eu:arkadiuszgowacki	FIFA11_RATING_EST_AGE_ECONOMY
P	eu_turkey	4	Trabzonspor	11	Giray Kaçar	2	20	71	Unknown	66	72	74	55	0	0	3969000	220000	eu:giraykacar	ESTIMATED
P	eu_turkey	4	Trabzonspor	12	Tayfun Cora	1	32	67	Unknown	72	54	64	55	0	0	2601000	140000	eu:tayfuncora	FIFA11_RATING_EST_AGE_ECONOMY
P	eu_turkey	4	Trabzonspor	13	Selçuk İnan	2	33	69	Unknown	75	71	66	55	0	0	3249000	180000	eu:selcukinan	ESTIMATED
P	eu_turkey	4	Trabzonspor	14	Engin Baytar	2	24	70	Unknown	75	75	64	55	0	0	3600000	200000	eu:enginbaytar	ESTIMATED
P	eu_turkey	4	Trabzonspor	15	Ceyhun Gülselam	3	24	68	Unknown	59	72	68	55	0	0	2916000	160000	eu:ceyhungulselam	ESTIMATED
P	eu_turkey	4	Trabzonspor	16	Piotr Brożek	3	32	70	Unknown	66	73	69	55	0	0	3600000	200000	eu:piotrbrozek	ESTIMATED
P	eu_turkey	4	Trabzonspor	17	Pawel Brożek	3	29	66	Unknown	69	60	62	55	0	0	2304000	120000	eu:pawelbrozek	ESTIMATED
T	eu_ukraine	0	Dynamo Kyiv	-1		-1	2010	0	Ukraine	0	0	0	55	55	2	0	0	eu_ukraine:0	REGISTRY
P	eu_ukraine	0	Dynamo Kyiv	0	Maksym Koval	0	33	65	Unknown	64	59	64	55	0	0	2025000	110000	eu:maksymkoval	ESTIMATED
P	eu_ukraine	0	Dynamo Kyiv	1	Oleksandr Shovkovskyi	0	29	70	Unknown	70	63	76	55	0	0	3600000	200000	eu:oleksandrshovkovskyi	ESTIMATED
P	eu_ukraine	0	Dynamo Kyiv	2	Denys Boyko	1	22	70	Unknown	66	69	74	55	0	0	3600000	200000	eu:denysboyko	ESTIMATED
P	eu_ukraine	0	Dynamo Kyiv	3	Taras Mykhalyk	1	20	64	Unknown	66	70	63	55	0	0	1764000	90000	eu:tarasmykhalyk	ESTIMATED
P	eu_ukraine	0	Dynamo Kyiv	4	Badr El Kaddouri	1	26	72	Unknown	77	75	76	55	0	0	4356000	240000	eu:badrelkaddouri	ESTIMATED
P	eu_ukraine	0	Dynamo Kyiv	5	Yevhen Khacheridi	1	32	67	Unknown	64	60	64	55	0	0	2601000	140000	eu:yevhenkhacheridi	ESTIMATED
P	eu_ukraine	0	Dynamo Kyiv	6	Goran Popov	1	27	72	Unknown	65	78	67	55	0	0	4356000	240000	eu:goranpopov	ESTIMATED
P	eu_ukraine	0	Dynamo Kyiv	7	Yussuf Ayila	1	24	72	Unknown	68	72	73	55	0	0	4356000	240000	eu:yussufayila	ESTIMATED
P	eu_ukraine	0	Dynamo Kyiv	8	Andriy Nesmachnyi	2	32	66	Unknown	60	59	63	55	0	0	2304000	120000	eu:andriynesmachnyi	ESTIMATED
P	eu_ukraine	0	Dynamo Kyiv	9	Ognjen Vukojević	2	22	68	Unknown	62	65	71	55	0	0	2916000	160000	eu:ognjenvukojevic	ESTIMATED
P	eu_ukraine	0	Dynamo Kyiv	10	Andriy Yarmolenko	2	30	68	Unknown	68	73	68	55	0	0	2916000	160000	eu:andriyyarmolenko	ESTIMATED
P	eu_ukraine	0	Dynamo Kyiv	11	Roman Eremenko	2	21	70	Unknown	70	66	70	55	0	0	3600000	200000	eu:romaneremenko	ESTIMATED
P	eu_ukraine	0	Dynamo Kyiv	12	Oleh Husyev	2	24	71	Unknown	66	69	66	55	0	0	3969000	220000	eu:olehhusyev	ESTIMATED
P	eu_ukraine	0	Dynamo Kyiv	13	Denys Harmash	2	30	68	Unknown	77	74	65	55	0	0	2916000	160000	eu:denysharmash	ESTIMATED
P	eu_ukraine	0	Dynamo Kyiv	14	Miloš Ninković	2	27	67	Unknown	62	60	66	55	0	0	2601000	140000	eu:milosninkovic	ESTIMATED
P	eu_ukraine	0	Dynamo Kyiv	15	Facundo Bertoglio	3	20	67	Unknown	63	72	63	55	0	0	2601000	140000	eu:facundobertoglio	ESTIMATED
P	eu_ukraine	0	Dynamo Kyiv	16	Artem Milevskyi	3	20	65	Unknown	66	67	70	55	0	0	2025000	110000	eu:artemmilevskyi	ESTIMATED
P	eu_ukraine	0	Dynamo Kyiv	17	Andriy Shevchenko	3	27	72	Unknown	68	77	66	55	0	0	4356000	240000	eu:andriyshevchenko	ESTIMATED
P	eu_ukraine	0	Dynamo Kyiv	18	Roman Zozulya	3	23	71	Unknown	68	69	75	55	0	0	3969000	220000	eu:romanzozulya	ESTIMATED
P	eu_ukraine	0	Dynamo Kyiv	19	Artem Kravets	3	21	66	Unknown	69	61	61	55	0	0	2304000	120000	eu:artemkravets	ESTIMATED
T	eu_ukraine	1	Karpaty Lviv	-1		-1	2010	0	Ukraine	0	0	0	55	55	2	0	0	eu_ukraine:1	REGISTRY
P	eu_ukraine	1	Karpaty Lviv	0	Andriy Tlumak	0	31	68	Unknown	74	74	68	55	0	0	2916000	160000	eu:andriytlumak	ESTIMATED
P	eu_ukraine	1	Karpaty Lviv	1	Martin Bogatinov	0	29	62	Unknown	69	62	56	55	0	0	1296000	70000	eu:martinbogatinov	ESTIMATED
P	eu_ukraine	1	Karpaty Lviv	2	Artem Fedetskyi	1	20	64	Unknown	67	60	67	55	0	0	1764000	90000	eu:artemfedetskyi	ESTIMATED
P	eu_ukraine	1	Karpaty Lviv	3	Ivan Milošević	1	32	68	Unknown	71	69	63	55	0	0	2916000	160000	eu:ivanmilosevic	ESTIMATED
P	eu_ukraine	1	Karpaty Lviv	4	Nemanja Tubić	1	32	62	Unknown	63	62	59	55	0	0	1296000	70000	eu:nemanjatubic	ESTIMATED
P	eu_ukraine	1	Karpaty Lviv	5	Igor Oshchipko	1	31	62	Unknown	60	69	60	55	0	0	1296000	70000	eu:igoroshchipko	ESTIMATED
P	eu_ukraine	1	Karpaty Lviv	6	Andriy Tkachuk	1	28	66	Unknown	61	70	64	55	0	0	2304000	120000	eu:andriytkachuk	ESTIMATED
P	eu_ukraine	1	Karpaty Lviv	7	Samson Godwin	1	22	70	Unknown	66	70	66	55	0	0	3600000	200000	eu:samsongodwin	ESTIMATED
P	eu_ukraine	1	Karpaty Lviv	8	Oleg Golodyuk	2	23	69	Unknown	65	68	71	55	0	0	3249000	180000	eu:oleggolodyuk	ESTIMATED
P	eu_ukraine	1	Karpaty Lviv	9	Igor Khudobyak	2	31	64	Unknown	71	64	65	55	0	0	1764000	90000	eu:igorkhudobyak	ESTIMATED
P	eu_ukraine	1	Karpaty Lviv	10	Mikhail Kopolovets	2	20	63	Unknown	59	58	67	55	0	0	1521000	80000	eu:mikhailkopolovets	ESTIMATED
P	eu_ukraine	1	Karpaty Lviv	11	Lucas Pérez	2	32	67	Unknown	61	66	64	55	0	0	2601000	140000	eu:lucasperez	ESTIMATED
P	eu_ukraine	1	Karpaty Lviv	12	Batista	2	30	63	Unknown	65	65	65	55	0	0	1521000	80000	eu:batista	ESTIMATED
P	eu_ukraine	1	Karpaty Lviv	13	Sergei Kuznetsov	2	27	70	Unknown	74	71	68	55	0	0	3600000	200000	eu:sergeikuznetsov	ESTIMATED
P	eu_ukraine	1	Karpaty Lviv	14	Denis Kozhanov	2	28	65	Unknown	70	58	71	55	0	0	2025000	110000	eu:deniskozhanov	ESTIMATED
P	eu_ukraine	1	Karpaty Lviv	15	William Rocha	3	32	62	Unknown	66	55	65	55	0	0	1296000	70000	eu:williamrocha	ESTIMATED
P	eu_ukraine	1	Karpaty Lviv	16	Gregor Balažic	3	23	63	Unknown	71	70	64	55	0	0	1521000	80000	eu:gregorbalazic	ESTIMATED
P	eu_ukraine	1	Karpaty Lviv	17	Danilo Avelar	3	27	69	Unknown	62	64	75	55	0	0	3249000	180000	eu:daniloavelar	ESTIMATED
T	eu_ukraine	2	Metalist Kharkiv	-1		-1	2010	0	Ukraine	0	0	0	55	55	2	0	0	eu_ukraine:2	REGISTRY
P	eu_ukraine	2	Metalist Kharkiv	0	Vladimir Dišljenković	0	22	66	Unknown	68	64	61	55	0	0	2304000	120000	eu:vladimirdisljenkovic	ESTIMATED
P	eu_ukraine	2	Metalist Kharkiv	1	Maksym Startsev	0	30	70	Unknown	64	65	67	55	0	0	3600000	200000	eu:maksymstartsev	ESTIMATED
P	eu_ukraine	2	Metalist Kharkiv	2	Oleksandr Horyainov	1	22	63	Unknown	63	65	61	55	0	0	1521000	80000	eu:oleksandrhoryainov	ESTIMATED
P	eu_ukraine	2	Metalist Kharkiv	3	Milan Obradović	1	24	65	Unknown	58	60	66	55	0	0	2025000	110000	eu:milanobradovic	ESTIMATED
P	eu_ukraine	2	Metalist Kharkiv	4	Cristian Villagra	1	33	68	Unknown	59	69	74	55	0	0	2916000	160000	eu:cristianvillagra	ESTIMATED
P	eu_ukraine	2	Metalist Kharkiv	5	Oleksandr Romanchuk	1	29	68	Unknown	66	64	69	55	0	0	2916000	160000	eu:oleksandrromanchuk	ESTIMATED
P	eu_ukraine	2	Metalist Kharkiv	6	Papa Guèye	1	31	66	Unknown	66	60	63	55	0	0	2304000	120000	eu:papagueye	ESTIMATED
P	eu_ukraine	2	Metalist Kharkiv	7	Vitalie Bordian	1	30	66	Unknown	60	69	65	55	0	0	2304000	120000	eu:vitaliebordian	ESTIMATED
P	eu_ukraine	2	Metalist Kharkiv	8	Lukáš Štetina	2	23	67	Unknown	70	60	72	55	0	0	2601000	140000	eu:lukasstetina	ESTIMATED
P	eu_ukraine	2	Metalist Kharkiv	9	Edmar	2	22	63	Unknown	57	65	59	55	0	0	1521000	80000	eu:edmar	ESTIMATED
P	eu_ukraine	2	Metalist Kharkiv	10	Serhiy Valyayev	2	31	63	Unknown	60	57	61	55	0	0	1521000	80000	eu:serhiyvalyayev	ESTIMATED
P	eu_ukraine	2	Metalist Kharkiv	11	Oleh Shelayev	2	20	64	Unknown	64	58	60	55	0	0	1764000	90000	eu:olehshelayev	ESTIMATED
P	eu_ukraine	2	Metalist Kharkiv	12	Sani Kaita	2	33	69	Unknown	66	64	74	55	0	0	3249000	180000	eu:sanikaita	ESTIMATED
P	eu_ukraine	2	Metalist Kharkiv	13	Denys Oliynyk	2	20	65	Unknown	65	70	60	55	0	0	2025000	110000	eu:denysoliynyk	ESTIMATED
P	eu_ukraine	2	Metalist Kharkiv	14	Marko Dević	2	21	69	Unknown	73	63	66	55	0	0	3249000	180000	eu:markodevic	ESTIMATED
P	eu_ukraine	2	Metalist Kharkiv	15	Taison	3	28	62	Unknown	63	68	68	55	0	0	1296000	70000	eu:taison	ESTIMATED
P	eu_ukraine	2	Metalist Kharkiv	16	Andriy Vorobey	3	27	70	Unknown	76	77	72	55	0	0	3600000	200000	eu:andriyvorobey	ESTIMATED
P	eu_ukraine	2	Metalist Kharkiv	17	Jonathan Cristaldo	3	29	63	Unknown	59	62	69	55	0	0	1521000	80000	eu:jonathancristaldo	ESTIMATED
P	eu_ukraine	2	Metalist Kharkiv	18	Sebastián Blanco	3	22	67	Unknown	73	60	69	55	0	0	2601000	140000	eu:sebastianblanco	ESTIMATED
T	eu_ukraine	3	Shakhtar Donetsk	-1		-1	2010	0	Ukraine	0	0	0	55	55	2	0	0	eu_ukraine:3	REGISTRY
P	eu_ukraine	3	Shakhtar Donetsk	0	Andriy Pyatov	0	22	74	Unknown	65	67	76	55	0	0	5184000	280000	eu:andriypyatov	ESTIMATED
P	eu_ukraine	3	Shakhtar Donetsk	1	Oleksandr Rybka	0	27	70	Unknown	65	77	76	55	0	0	3600000	200000	eu:oleksandrrybka	ESTIMATED
P	eu_ukraine	3	Shakhtar Donetsk	2	Dmytro Chygrynskiy	1	25	74	Unknown	72	73	79	55	0	0	5184000	280000	eu:dmytrochygrynskiy	ESTIMATED
P	eu_ukraine	3	Shakhtar Donetsk	3	Yaroslav Rakitskiy	1	28	73	Unknown	66	73	71	55	0	0	4761000	260000	eu:yaroslavrakitskiy	ESTIMATED
P	eu_ukraine	3	Shakhtar Donetsk	4	Olexandr Kucher	1	20	72	Unknown	77	78	75	55	0	0	4356000	240000	eu:olexandrkucher	ESTIMATED
P	eu_ukraine	3	Shakhtar Donetsk	5	Darijo Srna	1	30	68	Unknown	61	67	62	55	0	0	2916000	160000	eu:darijosrna	ESTIMATED
P	eu_ukraine	3	Shakhtar Donetsk	6	Razvan Raț	1	30	69	Unknown	77	71	67	55	0	0	3249000	180000	eu:razvanrat	ESTIMATED
P	eu_ukraine	3	Shakhtar Donetsk	7	Tomáš Hübschman	1	28	69	Unknown	74	68	75	55	0	0	3249000	180000	eu:tomashubschman	ESTIMATED
P	eu_ukraine	3	Shakhtar Donetsk	8	Fernandinho	2	24	72	Unknown	78	65	76	55	0	0	4356000	240000	eu:fernandinho	ESTIMATED
P	eu_ukraine	3	Shakhtar Donetsk	9	Willian	2	21	69	Unknown	68	66	64	55	0	0	3249000	180000	eu:willian	ESTIMATED
P	eu_ukraine	3	Shakhtar Donetsk	10	Jadson	2	31	74	Unknown	80	76	71	55	0	0	5184000	280000	eu:jadson	ESTIMATED
P	eu_ukraine	3	Shakhtar Donetsk	11	Douglas Costa	2	22	68	Unknown	67	63	68	55	0	0	2916000	160000	eu:douglascosta	ESTIMATED
P	eu_ukraine	3	Shakhtar Donetsk	12	Henrikh Mkhitaryan	2	32	71	Unknown	68	64	77	55	0	0	3969000	220000	eu:henrikhmkhitaryan	ESTIMATED
P	eu_ukraine	3	Shakhtar Donetsk	13	Alex Teixeira	2	21	66	Unknown	57	65	67	55	0	0	2304000	120000	eu:alexteixeira	ESTIMATED
P	eu_ukraine	3	Shakhtar Donetsk	14	Luiz Adriano	2	25	66	Unknown	60	60	72	55	0	0	2304000	120000	eu:luizadriano	ESTIMATED
P	eu_ukraine	3	Shakhtar Donetsk	15	Eduardo da Silva	3	32	69	Unknown	69	63	67	55	0	0	3249000	180000	eu:eduardodasilva	ESTIMATED
P	eu_ukraine	3	Shakhtar Donetsk	16	Marcelo Moreno	3	20	69	Unknown	75	69	70	55	0	0	3249000	180000	eu:marcelomoreno	ESTIMATED
P	eu_ukraine	3	Shakhtar Donetsk	17	Vitaliy Vitsenets	3	24	66	Unknown	58	67	60	55	0	0	2304000	120000	eu:vitaliyvitsenets	ESTIMATED
P	eu_ukraine	3	Shakhtar Donetsk	18	Ilsinho	3	29	72	Unknown	80	78	71	55	0	0	4356000	240000	eu:ilsinho	ESTIMATED
P	eu_ukraine	3	Shakhtar Donetsk	19	Mariusz Lewandowski	3	28	73	Unknown	75	69	70	55	0	0	4761000	260000	eu:mariuszlewandowski	ESTIMATED
T	eu_ukraine	4	Vorskla Poltava	-1		-1	2010	0	Ukraine	0	0	0	55	55	2	0	0	eu_ukraine:4	REGISTRY
P	eu_ukraine	4	Vorskla Poltava	0	Serhiy Dolhanskyi	0	30	69	Unknown	65	64	69	55	0	0	3249000	180000	eu:serhiydolhanskyi	ESTIMATED
P	eu_ukraine	4	Vorskla Poltava	1	Ahmed Januzi	0	28	62	Unknown	62	58	58	55	0	0	1296000	70000	eu:ahmedjanuzi	ESTIMATED
P	eu_ukraine	4	Vorskla Poltava	2	Jovan Markoski	1	25	69	Unknown	65	73	73	55	0	0	3249000	180000	eu:jovanmarkoski	ESTIMATED
P	eu_ukraine	4	Vorskla Poltava	3	Roman Bezus	1	26	69	Unknown	74	76	75	55	0	0	3249000	180000	eu:romanbezus	ESTIMATED
P	eu_ukraine	4	Vorskla Poltava	4	Armend Dallku	1	24	68	Unknown	68	66	70	55	0	0	2916000	160000	eu:armenddallku	ESTIMATED
P	eu_ukraine	4	Vorskla Poltava	5	Volodymyr Chesnakov	1	28	65	Unknown	74	63	64	55	0	0	2025000	110000	eu:volodymyrchesnakov	ESTIMATED
P	eu_ukraine	4	Vorskla Poltava	6	Pavlo Rebenok	1	24	69	Unknown	67	70	74	55	0	0	3249000	180000	eu:pavlorebenok	ESTIMATED
P	eu_ukraine	4	Vorskla Poltava	7	Oleh Krasnopyorov	1	28	64	Unknown	70	64	69	55	0	0	1764000	90000	eu:olehkrasnopyorov	ESTIMATED
P	eu_ukraine	4	Vorskla Poltava	8	Denis Kulakov	2	21	66	Unknown	59	63	68	55	0	0	2304000	120000	eu:deniskulakov	ESTIMATED
P	eu_ukraine	4	Vorskla Poltava	9	Ivan Kryvosheienko	2	32	65	Unknown	73	72	65	55	0	0	2025000	110000	eu:ivankryvosheienko	ESTIMATED
P	eu_ukraine	4	Vorskla Poltava	10	Vasyl Sachko	2	26	66	Unknown	66	71	68	55	0	0	2304000	120000	eu:vasylsachko	ESTIMATED
P	eu_ukraine	4	Vorskla Poltava	11	Serhiy Zakarlyuka	2	24	63	Unknown	57	59	58	55	0	0	1521000	80000	eu:serhiyzakarlyuka	ESTIMATED
P	eu_ukraine	4	Vorskla Poltava	12	Yevhen Selin	2	21	64	Unknown	73	59	64	55	0	0	1764000	90000	eu:yevhenselin	ESTIMATED
P	eu_ukraine	4	Vorskla Poltava	13	Andriy Oberemko	2	25	70	Unknown	79	66	73	55	0	0	3600000	200000	eu:andriyoberemko	ESTIMATED
P	eu_ukraine	4	Vorskla Poltava	14	Aleksandr Matveyev	2	24	63	Unknown	61	63	58	55	0	0	1521000	80000	eu:aleksandrmatveyev	ESTIMATED
P	eu_ukraine	4	Vorskla Poltava	15	Dmytro Yesin	3	23	64	Unknown	56	57	69	55	0	0	1764000	90000	eu:dmytroyesin	ESTIMATED
T	eu_ukraine	5	Dnipro Dnipropetrovsk	-1		-1	2010	0	Ukraine	0	0	0	55	55	2	0	0	eu_ukraine:5	REGISTRY
P	eu_ukraine	5	Dnipro Dnipropetrovsk	0	Jan Laštůvka	0	28	65	Unknown	74	58	61	55	0	0	2025000	110000	eu:janlastuvka	ESTIMATED
P	eu_ukraine	5	Dnipro Dnipropetrovsk	1	Anton Kanibolotskyi	0	28	68	Unknown	72	74	67	55	0	0	2916000	160000	eu:antonkanibolotskyi	ESTIMATED
P	eu_ukraine	5	Dnipro Dnipropetrovsk	2	Andriy Rusol	1	32	63	Unknown	59	64	68	55	0	0	1521000	80000	eu:andriyrusol	ESTIMATED
P	eu_ukraine	5	Dnipro Dnipropetrovsk	3	Vitaliy Mandzyuk	1	22	67	Unknown	64	62	65	55	0	0	2601000	140000	eu:vitaliymandzyuk	ESTIMATED
P	eu_ukraine	5	Dnipro Dnipropetrovsk	4	Yevhen Cheberyachko	1	32	66	Unknown	62	60	68	55	0	0	2304000	120000	eu:yevhencheberyachko	ESTIMATED
P	eu_ukraine	5	Dnipro Dnipropetrovsk	5	Ruslan Rotan	1	30	66	Unknown	66	70	60	55	0	0	2304000	120000	eu:ruslanrotan	ESTIMATED
P	eu_ukraine	5	Dnipro Dnipropetrovsk	6	Serhiy Nazarenko	1	32	65	Unknown	74	63	60	55	0	0	2025000	110000	eu:serhiynazarenko	ESTIMATED
P	eu_ukraine	5	Dnipro Dnipropetrovsk	7	Maksym Kalynychenko	1	29	67	Unknown	64	70	72	55	0	0	2601000	140000	eu:maksymkalynychenko	ESTIMATED
P	eu_ukraine	5	Dnipro Dnipropetrovsk	8	Yevhen Konoplyanka	2	31	62	Unknown	56	60	65	55	0	0	1296000	70000	eu:yevhenkonoplyanka	ESTIMATED
P	eu_ukraine	5	Dnipro Dnipropetrovsk	9	Giuliano	2	29	62	Unknown	66	56	57	55	0	0	1296000	70000	eu:giuliano	ESTIMATED
P	eu_ukraine	5	Dnipro Dnipropetrovsk	10	Jaba Kankava	2	30	66	Unknown	73	69	71	55	0	0	2304000	120000	eu:jabakankava	ESTIMATED
P	eu_ukraine	5	Dnipro Dnipropetrovsk	11	Oleksandr Hladkyi	2	30	70	Unknown	73	67	74	55	0	0	3600000	200000	eu:oleksandrhladkyi	ESTIMATED
P	eu_ukraine	5	Dnipro Dnipropetrovsk	12	Yevhen Seleznyov	2	28	69	Unknown	63	74	74	55	0	0	3249000	180000	eu:yevhenseleznyov	ESTIMATED
P	eu_ukraine	5	Dnipro Dnipropetrovsk	13	Matheus	2	33	70	Unknown	79	71	71	55	0	0	3600000	200000	eu:matheus	ESTIMATED
P	eu_ukraine	5	Dnipro Dnipropetrovsk	14	Mario Holek	2	28	68	Unknown	64	62	71	55	0	0	2916000	160000	eu:marioholek	ESTIMATED
