type	league	clubIndex	club	playerIndex	player	position	age	overall	nationality	speed	resistance	quality	morale	style	formation	value	wage	uid	provenance
T	eu_austria	0	Austria Wien	-1		-1	2010	0	Austria	0	0	0	55	55	2	0	0	eu_austria:0	REGISTRY
P	eu_austria	0	Austria Wien	0	Roland Linz	3	28	74	Unknown	72	84	63	55	0	0	5184000	280000	eu:rolandlinz	SEASON_APPS_FIFA11
P	eu_austria	0	Austria Wien	1	Milenko Ačimovič	2	33	73	Unknown	74	53	72	55	0	0	4761000	260000	eu:milenkoacimovic	SEASON_APPS_FIFA11
P	eu_austria	0	Austria Wien	2	Aleksandar Dragović	1	19	71	Unknown	83	42	67	55	0	0	3969000	220000	eu:aleksandardragovic	SEASON_APPS_FIFA11
P	eu_austria	0	Austria Wien	3	Zlatko Junuzović	2	22	71	Unknown	75	70	67	55	0	0	3969000	220000	eu:zlatkojunuzovic	SEASON_APPS_FIFA11
P	eu_austria	0	Austria Wien	4	Peter Hlinka	2	31	70	Unknown	72	74	63	55	0	0	3600000	200000	eu:peterhlinka	SEASON_APPS_FIFA11
P	eu_austria	0	Austria Wien	5	Julian Baumgartlinger	2	22	71	Unknown	65	59	64	55	0	0	3969000	220000	eu:julianbaumgartlinger	SEASON_APPS_FIFA11
P	eu_austria	0	Austria Wien	6	Georg Margreitter	1	21	70	Unknown	61	72	59	55	0	0	3600000	200000	eu:georgmargreitter	SEASON_APPS_FIFA11
P	eu_austria	0	Austria Wien	7	Petr Voříšek	2	31	67	Unknown	79	50	61	55	0	0	2601000	140000	eu:petrvorisek	SEASON_APPS_FIFA11
P	eu_austria	0	Austria Wien	8	Fernando Troyansky	1	22	60	Unknown	84	50	57	55	0	0	900000	50000	eu:fernandotroyansky	FIFA11_RATING_EST_AGE_ECONOMY
P	eu_austria	0	Austria Wien	9	Szabolcs Sáfár	0	35	66	Unknown	62	56	63	55	0	0	2304000	120000	eu:szabolcssafar	SEASON_APPS_EST_RATING
P	eu_austria	0	Austria Wien	10	Heinz Lindner	0	20	71	Unknown	60	68	60	55	0	0	3969000	220000	eu:heinzlindner	SEASON_APPS_EST_RATING
P	eu_austria	0	Austria Wien	11	Manuel Ortlechner	1	30	71	Unknown	64	66	69	55	0	0	3969000	220000	eu:manuelortlechner	SEASON_APPS_EST_RATING
P	eu_austria	0	Austria Wien	12	Markus Suttner	1	23	71	Unknown	62	71	70	55	0	0	3969000	220000	eu:markussuttner	SEASON_APPS_EST_RATING
P	eu_austria	0	Austria Wien	13	Florian Klein	2	23	73	Unknown	59	67	66	55	0	0	4761000	260000	eu:florianklein	SEASON_APPS_EST_RATING
P	eu_austria	0	Austria Wien	14	Tomáš Jun	3	27	71	Unknown	73	69	63	55	0	0	3969000	220000	eu:tomasjun	SEASON_APPS_EST_RATING
P	eu_austria	0	Austria Wien	15	Nacer Barazite	2	20	68	Unknown	60	67	62	55	0	0	2916000	160000	eu:nacerbarazite	SEASON_APPS_EST_RATING
P	eu_austria	0	Austria Wien	16	Michael Liendl	2	24	71	Unknown	72	72	67	55	0	0	3969000	220000	eu:michaelliendl:25101985	SEASON_ARCHIVE_EST_RATING
P	eu_austria	0	Austria Wien	17	Marko Stanković	2	24	71	Unknown	68	67	66	55	0	0	3969000	220000	eu:markostankovic:17021986	SEASON_ARCHIVE_EST_RATING
P	eu_austria	0	Austria Wien	18	Marin Leovac	1	21	69	Unknown	70	66	65	55	0	0	3249000	180000	eu:marinleovac:07081988	SEASON_ARCHIVE_EST_RATING
T	eu_austria	1	Rapid Wien	-1		-1	2010	0	Austria	0	0	0	55	55	2	0	0	eu_austria:1	REGISTRY
P	eu_austria	1	Rapid Wien	0	Steffen Hofmann	2	29	76	Unknown	72	78	61	55	0	0	6084000	330000	eu:steffenhofmann	SEASON_APPS_FIFA11
P	eu_austria	1	Rapid Wien	1	Hamdi Salihi	3	26	74	Unknown	78	71	77	55	0	0	5184000	280000	eu:hamdisalihi	SEASON_APPS_FIFA11
P	eu_austria	1	Rapid Wien	2	Jan Vennegoor of Hesselink	3	31	70	Unknown	68	72	76	55	0	0	3600000	200000	eu:janvennegoorofhesselink	SEASON_APPS_EST_RATING
P	eu_austria	1	Rapid Wien	3	Markus Heikkinen	2	31	72	Unknown	65	60	71	55	0	0	4356000	240000	eu:markusheikkinen	SEASON_APPS_FIFA11
P	eu_austria	1	Rapid Wien	4	Veli Kavlak	2	21	71	Unknown	73	52	71	55	0	0	3969000	220000	eu:velikavlak	SEASON_APPS_FIFA11
P	eu_austria	1	Rapid Wien	5	Ragnvald Soma	1	30	73	Unknown	63	75	58	55	0	0	4761000	260000	eu:ragnvaldsoma	SEASON_APPS_FIFA11
P	eu_austria	1	Rapid Wien	6	Christoph Saurer	2	24	71	Unknown	73	63	65	55	0	0	3969000	220000	eu:christophsaurer	SEASON_APPS_FIFA11
P	eu_austria	1	Rapid Wien	7	Christopher Drazan	2	19	70	Unknown	76	59	66	55	0	0	3600000	200000	eu:christopherdrazan	SEASON_APPS_FIFA11
P	eu_austria	1	Rapid Wien	8	Mario Sonnleitner	1	23	73	Unknown	59	78	58	55	0	0	4761000	260000	eu:mariosonnleitner	SEASON_APPS_FIFA11
P	eu_austria	1	Rapid Wien	9	Yaşin Pehlivan	2	21	70	Unknown	79	60	63	55	0	0	3600000	200000	eu:yasinpehlivan	SEASON_APPS_FIFA11
P	eu_austria	1	Rapid Wien	10	Christopher Trimmel	3	23	72	Unknown	77	64	63	55	0	0	4356000	240000	eu:christophertrimmel	SEASON_APPS_FIFA11
P	eu_austria	1	Rapid Wien	11	Atdhe Nuhiu	3	21	72	Unknown	76	53	61	55	0	0	4356000	240000	eu:atdhenuhiu	SEASON_APPS_FIFA11
P	eu_austria	1	Rapid Wien	12	Markus Katzer	1	30	73	Unknown	70	36	61	55	0	0	4761000	260000	eu:markuskatzer	SEASON_APPS_FIFA11
P	eu_austria	1	Rapid Wien	13	Thomas Hinum	2	23	68	Unknown	74	42	60	55	0	0	2916000	160000	eu:thomashinum	SEASON_APPS_FIFA11
P	eu_austria	1	Rapid Wien	14	Jürgen Patocka	1	33	69	Unknown	70	58	61	55	0	0	3249000	180000	eu:jurgenpatocka	SEASON_APPS_FIFA11
P	eu_austria	1	Rapid Wien	15	Tanju Kayhan	1	21	72	Unknown	70	60	61	55	0	0	4356000	240000	eu:tanjukayhan	SEASON_APPS_FIFA11
P	eu_austria	1	Rapid Wien	16	Andreas Dober	1	24	68	Unknown	64	52	62	55	0	0	2916000	160000	eu:andreasdober	SEASON_APPS_FIFA11
P	eu_austria	1	Rapid Wien	17	René Gartler	3	24	69	Unknown	74	52	58	55	0	0	3249000	180000	eu:renegartler	SEASON_APPS_FIFA11
P	eu_austria	1	Rapid Wien	18	Hannes Eder	1	26	65	Unknown	80	44	64	55	0	0	2025000	110000	eu:hanneseder	SEASON_APPS_FIFA11
P	eu_austria	1	Rapid Wien	19	Stefan Kulovits	2	27	69	Unknown	74	52	58	55	0	0	3249000	180000	eu:stefankulovits	SEASON_APPS_FIFA11
P	eu_austria	1	Rapid Wien	20	Raimund Hedl	0	35	72	Unknown	70	74	72	55	0	0	4356000	240000	eu:raimundhedl:31081974	SEASON_ARCHIVE_EST_RATING
P	eu_austria	1	Rapid Wien	21	Helge Payer	0	30	69	Unknown	62	65	70	55	0	0	3249000	180000	eu:helgepayer:09081979	SEASON_ARCHIVE_EST_RATING
T	eu_austria	2	Red Bull Salzburg	-1		-1	2010	0	Austria	0	0	0	55	55	2	0	0	eu_austria:2	REGISTRY
P	eu_austria	2	Red Bull Salzburg	0	Christoph Leitgeb	2	25	75	Unknown	83	68	71	55	0	0	5625000	310000	eu:christophleitgeb	SEASON_APPS_FIFA11
P	eu_austria	2	Red Bull Salzburg	1	Ibrahim Sekagya	1	29	75	Unknown	74	77	66	55	0	0	5625000	310000	eu:ibrahimsekagya	SEASON_APPS_FIFA11
P	eu_austria	2	Red Bull Salzburg	2	Rabiu Afolabi	1	30	75	Unknown	70	60	71	55	0	0	5625000	310000	eu:rabiuafolabi	SEASON_APPS_FIFA11
P	eu_austria	2	Red Bull Salzburg	3	David Mendes da Silva	2	27	73	Unknown	73	64	71	55	0	0	4761000	260000	eu:davidmendesdasilva	SEASON_APPS_FIFA11
P	eu_austria	2	Red Bull Salzburg	4	Jakob Jantscher	3	21	74	Unknown	78	62	68	55	0	0	5184000	280000	eu:jakobjantscher	SEASON_APPS_FIFA11
P	eu_austria	2	Red Bull Salzburg	5	Dušan Švento	2	25	74	Unknown	72	78	56	55	0	0	5184000	280000	eu:dusansvento	SEASON_APPS_FIFA11
P	eu_austria	2	Red Bull Salzburg	6	Gonzalo Zárate	3	25	75	Unknown	67	52	64	55	0	0	5625000	310000	eu:gonzalozarate	SEASON_APPS_FIFA11
P	eu_austria	2	Red Bull Salzburg	7	Johan Vonlanthen	3	24	69	Unknown	66	60	67	55	0	0	3249000	180000	eu:johanvonlanthen	SEASON_APPS_FIFA11
P	eu_austria	2	Red Bull Salzburg	8	Nikola Pokrivač	2	24	69	Unknown	77	62	62	55	0	0	3249000	180000	eu:nikolapokrivac	SEASON_APPS_FIFA11
P	eu_austria	2	Red Bull Salzburg	9	Simon Cziommer	2	29	72	Unknown	65	76	62	55	0	0	4356000	240000	eu:simoncziommer	SEASON_APPS_FIFA11
P	eu_austria	2	Red Bull Salzburg	10	Franz Schiemer	1	24	74	Unknown	55	70	63	55	0	0	5184000	280000	eu:franzschiemer	SEASON_APPS_FIFA11
P	eu_austria	2	Red Bull Salzburg	11	Roman Wallner	3	28	75	Unknown	65	76	46	55	0	0	5625000	310000	eu:romanwallner	SEASON_APPS_FIFA11
P	eu_austria	2	Red Bull Salzburg	12	Andreas Ulmer	1	24	69	Unknown	75	56	61	55	0	0	3249000	180000	eu:andreasulmer	SEASON_APPS_FIFA11
P	eu_austria	2	Red Bull Salzburg	13	Christian Schwegler	1	26	71	Unknown	60	72	52	55	0	0	3969000	220000	eu:christianschwegler	SEASON_APPS_FIFA11
P	eu_austria	2	Red Bull Salzburg	14	Louis Clément Ngwat-Mahop	2	21	71	Unknown	62	73	74	55	0	0	3969000	220000	eu:louisclementngwatmahop	ESTIMATED
P	eu_austria	2	Red Bull Salzburg	15	Milan Dudić	1	30	70	Unknown	82	50	61	55	0	0	3600000	200000	eu:milandudic	SEASON_APPS_FIFA11
P	eu_austria	2	Red Bull Salzburg	16	Thomas Augustinussen	2	29	69	Unknown	68	82	47	55	0	0	3249000	180000	eu:thomasaugustinussen	SEASON_APPS_FIFA11
P	eu_austria	2	Red Bull Salzburg	17	Robin Nelisse	3	32	67	Unknown	80	41	63	55	0	0	2601000	140000	eu:robinnelisse	SEASON_APPS_FIFA11
P	eu_austria	2	Red Bull Salzburg	18	Stefan Hierländer	1	19	71	Unknown	65	69	54	55	0	0	3969000	220000	eu:stefanhierlander	SEASON_APPS_FIFA11
P	eu_austria	2	Red Bull Salzburg	19	Gerhard Tremmel	0	31	75	Unknown	72	80	76	55	0	0	5625000	310000	eu:gerhardtremmel:16111978	SEASON_ARCHIVE_EST_RATING
P	eu_austria	2	Red Bull Salzburg	20	Eddie Gustafsson	0	33	69	Unknown	64	67	64	55	0	0	3249000	180000	eu:eddiegustafsson:31011977	SEASON_ARCHIVE_EST_RATING
P	eu_austria	2	Red Bull Salzburg	21	Martin Hinteregger	1	17	72	Unknown	71	73	71	55	0	0	4356000	240000	eu:martinhinteregger:07091992	SEASON_ARCHIVE_EST_RATING
P	eu_austria	2	Red Bull Salzburg	22	Joaquín Boghossian	3	23	71	Unknown	75	67	74	55	0	0	3969000	220000	eu:joaquinboghossian:19061987	SEASON_ARCHIVE_EST_RATING
T	eu_austria	3	Sturm Graz	-1		-1	2010	0	Austria	0	0	0	55	55	2	0	0	eu_austria:3	REGISTRY
P	eu_austria	3	Sturm Graz	0	Andreas Hölzl	2	25	72	Unknown	61	69	64	55	0	0	4356000	240000	eu:andreasholzl	SEASON_APPS_FIFA11
P	eu_austria	3	Sturm Graz	1	Imre Szabics	3	29	72	Unknown	67	65	68	55	0	0	4356000	240000	eu:imreszabics	SEASON_APPS_FIFA11
P	eu_austria	3	Sturm Graz	2	Samir Muratović	2	34	70	Unknown	72	72	61	55	0	0	3600000	200000	eu:samirmuratovic	SEASON_APPS_FIFA11
P	eu_austria	3	Sturm Graz	3	Mario Kienzl	2	26	71	Unknown	72	61	64	55	0	0	3969000	220000	eu:mariokienzl	SEASON_APPS_FIFA11
P	eu_austria	3	Sturm Graz	4	Joachim Standfest	2	30	72	Unknown	71	66	62	55	0	0	4356000	240000	eu:joachimstandfest	SEASON_APPS_FIFA11
P	eu_austria	3	Sturm Graz	5	Manuel Weber	2	24	72	Unknown	73	66	65	55	0	0	4356000	240000	eu:manuelweber	SEASON_APPS_FIFA11
P	eu_austria	3	Sturm Graz	6	Klaus Salmutter	2	26	68	Unknown	65	58	60	55	0	0	2916000	160000	eu:klaussalmutter	SEASON_APPS_FIFA11
P	eu_austria	3	Sturm Graz	7	Mario Haas	3	35	72	Unknown	69	58	63	55	0	0	4356000	240000	eu:mariohaas	SEASON_APPS_FIFA11
P	eu_austria	3	Sturm Graz	8	Timo Perthel	2	21	69	Unknown	79	54	61	55	0	0	3249000	180000	eu:timoperthel	SEASON_APPS_FIFA11
P	eu_austria	3	Sturm Graz	9	Thomas Burgstaller	1	30	69	Unknown	62	64	55	55	0	0	3249000	180000	eu:thomasburgstaller	SEASON_APPS_FIFA11
P	eu_austria	3	Sturm Graz	10	Christian Gratzei	0	28	72	Unknown	68	66	69	55	0	0	4356000	240000	eu:christiangratzei	SEASON_APPS_EST_RATING
P	eu_austria	3	Sturm Graz	11	Gordon Schildenfeld	1	25	73	Unknown	69	72	67	55	0	0	4761000	260000	eu:gordonschildenfeld	SEASON_APPS_EST_RATING
P	eu_austria	3	Sturm Graz	12	Ferdinand Feldhofer	1	30	70	Unknown	74	63	67	55	0	0	3600000	200000	eu:ferdinandfeldhofer	SEASON_APPS_EST_RATING
P	eu_austria	3	Sturm Graz	13	Mario Klem	2	31	66	Unknown	67	70	60	55	0	0	2304000	120000	eu:marioklem	ESTIMATED
P	eu_austria	3	Sturm Graz	14	Haris Bukva	2	22	67	Unknown	63	69	61	55	0	0	2601000	140000	eu:harisbukva	SEASON_APPS_EST_RATING
P	eu_austria	3	Sturm Graz	15	Roman Kienast	3	26	72	Unknown	76	67	73	55	0	0	4356000	240000	eu:romankienast	SEASON_APPS_EST_RATING
P	eu_austria	3	Sturm Graz	16	Patrick Wolf	2	29	68	Unknown	71	63	69	55	0	0	2916000	160000	eu:patrickwolf	SEASON_APPS_EST_RATING
P	eu_austria	3	Sturm Graz	17	Dominic Pürcher	1	22	69	Unknown	68	68	67	55	0	0	3249000	180000	eu:dominicpurcher:24061988	SEASON_ARCHIVE_EST_RATING
P	eu_austria	3	Sturm Graz	18	Martin Ehrenreich	1	27	68	Unknown	74	71	70	55	0	0	2916000	160000	eu:martinehrenreich:10051983	SEASON_ARCHIVE_EST_RATING
T	eu_azerbaijan	0	Neftçi PFK	-1		-1	2010	0	Azerbaijan	0	0	0	55	55	2	0	0	eu_azerbaijan:0	REGISTRY
P	eu_azerbaijan	0	Neftçi PFK	0	Rauf Mehdiyev	0	33	62	Unknown	66	53	54	55	0	0	1296000	70000	eu:raufmehdiyev	SEASON_APPS_EST_RATING
P	eu_azerbaijan	0	Neftçi PFK	1	Paulius Grybauskas	0	28	64	Unknown	61	65	67	55	0	0	1764000	90000	eu:pauliusgrybauskas	ESTIMATED
P	eu_azerbaijan	0	Neftçi PFK	2	Emil Balayev	1	29	63	Unknown	62	66	63	55	0	0	1521000	80000	eu:emilbalayev	ESTIMATED
P	eu_azerbaijan	0	Neftçi PFK	3	Ruslan Abishov	1	28	60	Unknown	65	60	66	55	0	0	900000	50000	eu:ruslanabishov	ESTIMATED
P	eu_azerbaijan	0	Neftçi PFK	4	Igor Mitreski	1	31	61	Unknown	59	54	63	55	0	0	1089000	60000	eu:igormitreski	SEASON_APPS_EST_RATING
P	eu_azerbaijan	0	Neftçi PFK	5	Mahir Shukurov	1	24	58	Unknown	65	62	64	55	0	0	576000	50000	eu:mahirshukurov	ESTIMATED
P	eu_azerbaijan	0	Neftçi PFK	6	Rail Melikov	1	25	60	Unknown	58	63	56	55	0	0	900000	50000	eu:railmelikov	ESTIMATED
P	eu_azerbaijan	0	Neftçi PFK	7	Slavčo Georgievski	1	24	63	Unknown	65	63	67	55	0	0	1521000	80000	eu:slavcogeorgievski	ESTIMATED
P	eu_azerbaijan	0	Neftçi PFK	8	Flavinho	2	20	59	Unknown	54	58	59	55	0	0	729000	50000	eu:flavinho	ESTIMATED
P	eu_azerbaijan	0	Neftçi PFK	9	Rashad Abdullayev	2	29	62	Unknown	65	65	59	55	0	0	1296000	70000	eu:rashadabdullayev	ESTIMATED
P	eu_azerbaijan	0	Neftçi PFK	10	Rodriguinho	2	31	58	Unknown	58	61	64	55	0	0	576000	50000	eu:rodriguinho	ESTIMATED
P	eu_azerbaijan	0	Neftçi PFK	11	Elmar Bakhshiyev	2	27	62	Unknown	68	67	61	55	0	0	1296000	70000	eu:elmarbakhshiyev	ESTIMATED
P	eu_azerbaijan	0	Neftçi PFK	12	Amit Guluzade	2	17	66	Unknown	73	63	60	55	0	0	2304000	120000	eu:amitguluzade	SEASON_APPS_EST_RATING
P	eu_azerbaijan	0	Neftçi PFK	13	Yacine Hima	2	30	66	Unknown	66	70	60	55	0	0	2304000	120000	eu:yacinehima	ESTIMATED
P	eu_azerbaijan	0	Neftçi PFK	14	Vladimir Burduli	2	23	66	Unknown	65	67	63	55	0	0	2304000	120000	eu:vladimirburduli	ESTIMATED
P	eu_azerbaijan	0	Neftçi PFK	15	Bahodir Nasimov	3	23	61	Unknown	66	60	60	55	0	0	1089000	60000	eu:bahodirnasimov	SEASON_APPS_EST_RATING
P	eu_azerbaijan	0	Neftçi PFK	16	Émile Mpenza	3	32	61	Unknown	50	55	61	55	0	0	1089000	60000	eu:emilempenza	SEASON_APPS_EST_RATING
P	eu_azerbaijan	0	Neftçi PFK	17	Farid Guliyev	3	23	61	Unknown	63	61	58	55	0	0	1089000	60000	eu:faridguliyev	ESTIMATED
P	eu_azerbaijan	0	Neftçi PFK	18	Ruslan Gurbanov	3	28	65	Unknown	69	62	62	55	0	0	2025000	110000	eu:ruslangurbanov	ESTIMATED
T	eu_azerbaijan	1	Qarabağ FK	-1		-1	2010	0	Azerbaijan	0	0	0	55	55	2	0	0	eu_azerbaijan:1	REGISTRY
P	eu_azerbaijan	1	Qarabağ FK	0	Farhad Valiyev	0	29	62	Unknown	64	58	58	55	0	0	1296000	70000	eu:farhadvaliyev	SEASON_APPS_EST_RATING
P	eu_azerbaijan	1	Qarabağ FK	1	Bojan Pavlović	0	23	62	Unknown	65	60	59	55	0	0	1296000	70000	eu:bojanpavlovic	SEASON_APPS_EST_RATING
P	eu_azerbaijan	1	Qarabağ FK	2	Sahil Kerimov	1	30	59	Unknown	67	58	56	55	0	0	729000	50000	eu:sahilkerimov	ESTIMATED
P	eu_azerbaijan	1	Qarabağ FK	3	Rashad Sadygov	1	23	66	Unknown	67	67	61	55	0	0	2304000	120000	eu:rashadsadygov	ESTIMATED
P	eu_azerbaijan	1	Qarabağ FK	4	Admir Teli	1	29	65	Unknown	56	68	65	55	0	0	2025000	110000	eu:admirteli	SEASON_APPS_EST_RATING
P	eu_azerbaijan	1	Qarabağ FK	5	Zaur Hashimov	1	28	63	Unknown	71	61	57	55	0	0	1521000	80000	eu:zaurhashimov	SEASON_APPS_EST_RATING
P	eu_azerbaijan	1	Qarabağ FK	6	Aftandil Hajiyev	1	31	62	Unknown	56	68	59	55	0	0	1296000	70000	eu:aftandilhajiyev	ESTIMATED
P	eu_azerbaijan	1	Qarabağ FK	7	Ilgar Gurbanov	1	33	60	Unknown	51	55	56	55	0	0	900000	50000	eu:ilgargurbanov	ESTIMATED
P	eu_azerbaijan	1	Qarabağ FK	8	Maksim Medvedev	1	20	61	Unknown	63	51	53	55	0	0	1089000	60000	eu:maksimmedvedev	SEASON_APPS_EST_RATING
P	eu_azerbaijan	1	Qarabağ FK	9	Samir Abasov	1	32	66	Unknown	61	66	71	55	0	0	2304000	120000	eu:samirabasov	SEASON_APPS_EST_RATING
P	eu_azerbaijan	1	Qarabağ FK	10	Namig Yusifov	2	23	66	Unknown	70	64	72	55	0	0	2304000	120000	eu:namigyusifov	SEASON_APPS_EST_RATING
P	eu_azerbaijan	1	Qarabağ FK	11	Elvin Mammadov	2	22	62	Unknown	63	69	66	55	0	0	1296000	70000	eu:elvinmammadov	SEASON_APPS_EST_RATING
P	eu_azerbaijan	1	Qarabağ FK	12	Devran Ayhan	2	28	58	Unknown	58	62	63	55	0	0	576000	50000	eu:devranayhan	ESTIMATED
P	eu_azerbaijan	1	Qarabağ FK	13	Emin Imamaliyev	3	29	61	Unknown	62	62	54	55	0	0	1089000	60000	eu:eminimamaliyev	SEASON_APPS_EST_RATING
P	eu_azerbaijan	1	Qarabağ FK	14	Nderim Nexhipi	2	31	62	Unknown	63	66	57	55	0	0	1296000	70000	eu:nderimnexhipi	ESTIMATED
P	eu_azerbaijan	1	Qarabağ FK	15	Vugar Nadirov	3	23	65	Unknown	70	69	67	55	0	0	2025000	110000	eu:vugarnadirov	SEASON_APPS_EST_RATING
P	eu_azerbaijan	1	Qarabağ FK	16	Afran Ismayilov	3	21	62	Unknown	58	55	60	55	0	0	1296000	70000	eu:afranismayilov	SEASON_APPS_EST_RATING
P	eu_azerbaijan	1	Qarabağ FK	17	Andrejs Rubins	2	31	63	Unknown	54	64	65	55	0	0	1521000	80000	eu:andrejsrubins	SEASON_APPS_EST_RATING
P	eu_azerbaijan	1	Qarabağ FK	18	Giorgi Adamia	3	29	61	Unknown	55	53	56	55	0	0	1089000	60000	eu:giorgiadamia	SEASON_APPS_EST_RATING
P	eu_azerbaijan	1	Qarabağ FK	19	Rauf Aliyev	3	21	61	Unknown	66	60	54	55	0	0	1089000	60000	eu:raufaliyev	SEASON_APPS_EST_RATING
P	eu_azerbaijan	1	Qarabağ FK	20	Tural Isgandarov	3	33	58	Unknown	57	63	55	55	0	0	576000	50000	eu:turalisgandarov	ESTIMATED
T	eu_belarus	0	BATE Borisov	-1		-1	2010	0	Belarus	0	0	0	55	55	2	0	0	eu_belarus:0	REGISTRY
P	eu_belarus	0	BATE Borisov	0	Sergey Veremko	0	32	62	Unknown	59	65	68	55	0	0	1296000	70000	eu:sergeyveremko	ESTIMATED
P	eu_belarus	0	BATE Borisov	1	Aleksandr Gutor	0	32	66	Unknown	63	61	69	55	0	0	2304000	120000	eu:aleksandrgutor	ESTIMATED
P	eu_belarus	0	BATE Borisov	2	Roman Stepanov	1	24	62	Unknown	61	65	58	55	0	0	1296000	70000	eu:romanstepanov	ESTIMATED
P	eu_belarus	0	BATE Borisov	3	Aleksandr Yurevich	1	20	62	Unknown	61	57	56	55	0	0	1296000	70000	eu:aleksandryurevich	ESTIMATED
P	eu_belarus	0	BATE Borisov	4	Sergey Sosnovskiy	1	21	66	Unknown	67	64	72	55	0	0	2304000	120000	eu:sergeysosnovskiy	ESTIMATED
P	eu_belarus	0	BATE Borisov	5	Maksim Bordachev	1	22	69	Unknown	69	71	73	55	0	0	3249000	180000	eu:maksimbordachev	ESTIMATED
P	eu_belarus	0	BATE Borisov	6	Aleksandr Pavlov	1	29	70	Unknown	74	64	69	55	0	0	3600000	200000	eu:aleksandrpavlov	ESTIMATED
P	eu_belarus	0	BATE Borisov	7	Dmitri Likhtarovich	1	31	65	Unknown	69	69	60	55	0	0	2025000	110000	eu:dmitrilikhtarovich	ESTIMATED
P	eu_belarus	0	BATE Borisov	8	Renan Bressan	2	21	65	Unknown	61	61	61	55	0	0	2025000	110000	eu:renanbressan	SEASON_APPS_EST_RATING
P	eu_belarus	0	BATE Borisov	9	Pavel Nekhaychik	2	24	62	Unknown	63	66	60	55	0	0	1296000	70000	eu:pavelnekhaychik	ESTIMATED
P	eu_belarus	0	BATE Borisov	10	Igor Stasevich	2	32	63	Unknown	62	64	69	55	0	0	1521000	80000	eu:igorstasevich	ESTIMATED
P	eu_belarus	0	BATE Borisov	11	Aleksandr Volodko	2	22	67	Unknown	60	63	62	55	0	0	2601000	140000	eu:aleksandrvolodko	ESTIMATED
P	eu_belarus	0	BATE Borisov	12	Aleksandr Karnitskiy	2	32	68	Unknown	74	75	65	55	0	0	2916000	160000	eu:aleksandrkarnitskiy	ESTIMATED
P	eu_belarus	0	BATE Borisov	13	Vitali Rodionov	2	32	70	Unknown	66	77	67	55	0	0	3600000	200000	eu:vitalirodionov	ESTIMATED
P	eu_belarus	0	BATE Borisov	14	Maksim Skavysh	3	20	65	Unknown	58	56	63	55	0	0	2025000	110000	eu:maksimskavysh	SEASON_APPS_EST_RATING
P	eu_belarus	0	BATE Borisov	15	Artem Kontsevoy	3	32	70	Unknown	61	73	69	55	0	0	3600000	200000	eu:artemkontsevoy	ESTIMATED
P	eu_belarus	0	BATE Borisov	16	Aleksandr Alumona	3	26	66	Unknown	72	69	60	55	0	0	2304000	120000	eu:aleksandralumona	SEASON_APPS_EST_RATING
T	eu_belarus	1	Dinamo Minsk	-1		-1	2010	0	Belarus	0	0	0	55	55	2	0	0	eu_belarus:1	REGISTRY
P	eu_belarus	1	Dinamo Minsk	0	Aleksandar Čanović	0	32	63	Unknown	54	59	62	55	0	0	1521000	80000	eu:aleksandarcanovic	ESTIMATED
P	eu_belarus	1	Dinamo Minsk	1	Aleksandr Sulima	0	28	65	Unknown	72	59	71	55	0	0	2025000	110000	eu:aleksandrsulima	ESTIMATED
P	eu_belarus	1	Dinamo Minsk	2	Andrey Gorbunov	1	23	65	Unknown	66	58	70	55	0	0	2025000	110000	eu:andreygorbunov	ESTIMATED
P	eu_belarus	1	Dinamo Minsk	3	Vitaliy Marakhovskiy	1	22	63	Unknown	57	67	62	55	0	0	1521000	80000	eu:vitaliymarakhovskiy	ESTIMATED
P	eu_belarus	1	Dinamo Minsk	4	Aleksey Gavrilovich	1	33	58	Unknown	59	54	56	55	0	0	576000	50000	eu:alekseygavrilovich	ESTIMATED
P	eu_belarus	1	Dinamo Minsk	5	Dmitriy Molosh	1	20	65	Unknown	56	59	63	55	0	0	2025000	110000	eu:dmitriymolosh	ESTIMATED
P	eu_belarus	1	Dinamo Minsk	6	Oleg Veretilo	1	31	58	Unknown	51	51	54	55	0	0	576000	50000	eu:olegveretilo	ESTIMATED
P	eu_belarus	1	Dinamo Minsk	7	Mikhail Afanasyev	1	32	58	Unknown	66	55	55	55	0	0	576000	50000	eu:mikhailafanasyev	ESTIMATED
P	eu_belarus	1	Dinamo Minsk	8	Oleg Strakhanovich	2	33	66	Unknown	59	61	70	55	0	0	2304000	120000	eu:olegstrakhanovich	ESTIMATED
P	eu_belarus	1	Dinamo Minsk	9	Vyacheslav Hleb	2	30	64	Unknown	71	70	66	55	0	0	1764000	90000	eu:vyacheslavhleb	ESTIMATED
P	eu_belarus	1	Dinamo Minsk	10	Andrey Chukhley	2	27	62	Unknown	58	69	65	55	0	0	1296000	70000	eu:andreychukhley	ESTIMATED
P	eu_belarus	1	Dinamo Minsk	11	Sergey Kislyak	2	27	65	Unknown	69	70	70	55	0	0	2025000	110000	eu:sergeykislyak	ESTIMATED
P	eu_belarus	1	Dinamo Minsk	12	Anton Matveenko	2	33	66	Unknown	64	62	71	55	0	0	2304000	120000	eu:antonmatveenko	ESTIMATED
P	eu_belarus	1	Dinamo Minsk	13	Leonid Kovel	2	23	61	Unknown	69	56	59	55	0	0	1089000	60000	eu:leonidkovel	ESTIMATED
P	eu_belarus	1	Dinamo Minsk	14	Aleksandr Sazankov	2	24	60	Unknown	69	58	63	55	0	0	900000	50000	eu:aleksandrsazankov	ESTIMATED
P	eu_belarus	1	Dinamo Minsk	15	Rafael Ledesma	3	27	66	Unknown	64	59	69	55	0	0	2304000	120000	eu:rafaelledesma	ESTIMATED
P	eu_belarus	1	Dinamo Minsk	16	Robert Zebelyan	3	28	61	Unknown	60	63	66	55	0	0	1089000	60000	eu:robertzebelyan	ESTIMATED
T	eu_belgium	0	Club Brugge KV	-1		-1	2010	0	Belgium	0	0	0	55	55	2	0	0	eu_belgium:0	REGISTRY
P	eu_belgium	0	Club Brugge KV	0	Ivan Perišić	2	21	82	Unknown	87	64	81	55	0	0	9216000	510000	eu:ivanperisic	SEASON_APPS_FIFA11
P	eu_belgium	0	Club Brugge KV	1	Carl Hoefkens	1	31	75	Unknown	79	60	72	55	0	0	5625000	310000	eu:carlhoefkens	SEASON_APPS_FIFA11
P	eu_belgium	0	Club Brugge KV	2	Marcos Camozzato	1	25	72	Unknown	72	70	61	55	0	0	4356000	240000	eu:marcoscamozzato	FIFA11_RATING_EST_AGE_ECONOMY
P	eu_belgium	0	Club Brugge KV	3	Nabil Dirar	2	24	75	Unknown	74	72	66	55	0	0	5625000	310000	eu:nabildirar	SEASON_APPS_FIFA11
P	eu_belgium	0	Club Brugge KV	4	Wilfried Dalmat	2	28	75	Unknown	80	66	71	55	0	0	5625000	310000	eu:wilfrieddalmat	SEASON_APPS_FIFA11
P	eu_belgium	0	Club Brugge KV	5	Dorge Kouemaha	3	27	75	Unknown	72	72	77	55	0	0	5625000	310000	eu:dorgekouemaha	SEASON_APPS_EST_RATING
P	eu_belgium	0	Club Brugge KV	6	Vadis Odjidja-Ofoe	2	21	75	Unknown	79	64	70	55	0	0	5625000	310000	eu:vadisodjidjaofoe	SEASON_APPS_FIFA11
P	eu_belgium	0	Club Brugge KV	7	Ryan Donk	1	24	75	Unknown	51	80	57	55	0	0	5625000	310000	eu:ryandonk	SEASON_APPS_FIFA11
P	eu_belgium	0	Club Brugge KV	8	Jeroen Simaeys	1	25	73	Unknown	71	71	68	55	0	0	4761000	260000	eu:jeroensimaeys	SEASON_APPS_FIFA11
P	eu_belgium	0	Club Brugge KV	9	Jonathan Blondel	2	26	73	Unknown	85	66	60	55	0	0	4761000	260000	eu:jonathanblondel	SEASON_APPS_FIFA11
P	eu_belgium	0	Club Brugge KV	10	Joseph Akpala	3	23	73	Unknown	68	66	67	55	0	0	4761000	260000	eu:josephakpala	SEASON_APPS_FIFA11
P	eu_belgium	0	Club Brugge KV	11	Júnior Díaz	1	26	70	Unknown	68	72	64	55	0	0	3600000	200000	eu:juniordiaz	SEASON_APPS_FIFA11
P	eu_belgium	0	Club Brugge KV	12	Karel Geraerts	2	28	74	Unknown	69	64	46	55	0	0	5184000	280000	eu:karelgeraerts	SEASON_APPS_FIFA11
P	eu_belgium	0	Club Brugge KV	13	Peter van der Heyden	1	34	74	Unknown	67	76	61	55	0	0	5184000	280000	eu:petervanderheyden	SEASON_APPS_FIFA11
P	eu_belgium	0	Club Brugge KV	14	Jorn Vermeulen	1	23	69	Unknown	72	67	54	55	0	0	3249000	180000	eu:jornvermeulen	SEASON_APPS_FIFA11
P	eu_belgium	0	Club Brugge KV	15	Colin Coosemans	0	17	72	Unknown	79	77	76	55	0	0	4356000	240000	eu:colincoosemans:03081992	SEASON_ARCHIVE_EST_RATING
P	eu_belgium	0	Club Brugge KV	16	Stijn Stijnen	0	29	71	Unknown	70	74	73	55	0	0	3969000	220000	eu:stijnstijnen:07041981	SEASON_ARCHIVE_EST_RATING
P	eu_belgium	0	Club Brugge KV	17	Daan van Gijseghem	1	22	73	Unknown	68	69	71	55	0	0	4761000	260000	eu:daanvangijseghem:02031988	SEASON_ARCHIVE_EST_RATING
P	eu_belgium	0	Club Brugge KV	18	Ronald Vargas	2	23	72	Unknown	75	69	73	55	0	0	4356000	240000	eu:ronaldvargas:02121986	SEASON_ARCHIVE_EST_RATING
P	eu_belgium	0	Club Brugge KV	19	Maxime Lestienne	2	18	70	Unknown	66	70	70	55	0	0	3600000	200000	eu:maximelestienne:17061992	SEASON_ARCHIVE_EST_RATING
T	eu_belgium	1	KAA Gent	-1		-1	2010	0	Belgium	0	0	0	55	55	2	0	0	eu_belgium:1	REGISTRY
P	eu_belgium	1	KAA Gent	0	Tim Smolders	2	29	74	Unknown	84	42	74	55	0	0	5184000	280000	eu:timsmolders	SEASON_APPS_FIFA11
P	eu_belgium	1	KAA Gent	1	Marko Šuler	1	27	73	Unknown	68	56	73	55	0	0	4761000	260000	eu:markosuler	SEASON_APPS_FIFA11
P	eu_belgium	1	KAA Gent	2	Bernd Thijs	2	32	73	Unknown	77	58	70	55	0	0	4761000	260000	eu:berndthijs	SEASON_APPS_FIFA11
P	eu_belgium	1	KAA Gent	3	Stef Wils	2	27	73	Unknown	64	84	59	55	0	0	4761000	260000	eu:stefwils	SEASON_APPS_FIFA11
P	eu_belgium	1	KAA Gent	4	Christophe Grondin	2	26	72	Unknown	62	68	64	55	0	0	4356000	240000	eu:christophegrondin	SEASON_APPS_FIFA11
P	eu_belgium	1	KAA Gent	5	Christophe Lepoint	2	25	69	Unknown	77	62	62	55	0	0	3249000	180000	eu:christophelepoint	SEASON_APPS_FIFA11
P	eu_belgium	1	KAA Gent	6	Elimane Coulibaly	3	30	73	Unknown	75	64	71	55	0	0	4761000	260000	eu:elimanecoulibaly	SEASON_APPS_FIFA11
P	eu_belgium	1	KAA Gent	7	Erlend Hanstveit	1	29	73	Unknown	73	68	67	55	0	0	4761000	260000	eu:erlendhanstveit	SEASON_APPS_FIFA11
P	eu_belgium	1	KAA Gent	8	Yassine El Ghanassy	2	20	73	Unknown	71	50	68	55	0	0	4761000	260000	eu:yassineelghanassy	SEASON_APPS_FIFA11
P	eu_belgium	1	KAA Gent	9	Zlatan Ljubijankič	3	26	73	Unknown	80	48	67	55	0	0	4761000	260000	eu:zlatanljubijankic	SEASON_APPS_FIFA11
P	eu_belgium	1	KAA Gent	10	Randall Azofeifa	2	25	69	Unknown	79	58	65	55	0	0	3249000	180000	eu:randallazofeifa	SEASON_APPS_FIFA11
P	eu_belgium	1	KAA Gent	11	Stijn De Smet	3	25	72	Unknown	55	69	57	55	0	0	4356000	240000	eu:stijndesmet	SEASON_APPS_FIFA11
P	eu_belgium	1	KAA Gent	12	Adriano Duarte	1	30	67	Unknown	61	66	67	55	0	0	2601000	140000	eu:adrianoduarte	SEASON_APPS_FIFA11
P	eu_belgium	1	KAA Gent	13	Kenny Thompson	2	25	68	Unknown	63	70	59	55	0	0	2916000	160000	eu:kennythompson	SEASON_APPS_FIFA11
P	eu_belgium	1	KAA Gent	14	Bojan Jorgačević	0	28	74	Unknown	72	74	66	55	0	0	5184000	280000	eu:bojanjorgacevic	SEASON_APPS_EST_RATING
P	eu_belgium	1	KAA Gent	15	Yaya Soumahoro	2	20	70	Unknown	75	67	69	55	0	0	3600000	200000	eu:yayasoumahoro	SEASON_APPS_EST_RATING
P	eu_belgium	1	KAA Gent	16	Ibrahima Conté I	2	19	72	Unknown	72	74	72	55	0	0	4356000	240000	eu:ibrahimacontei:03041991	SEASON_ARCHIVE_EST_RATING
P	eu_belgium	1	KAA Gent	17	Shlomi Arbeitman	3	25	72	Unknown	66	78	71	55	0	0	4356000	240000	eu:shlomiarbeitman:14051985	SEASON_ARCHIVE_EST_RATING
P	eu_belgium	1	KAA Gent	18	Mario Barić	1	25	70	Unknown	70	75	75	55	0	0	3600000	200000	eu:mariobaric:15041985	SEASON_ARCHIVE_EST_RATING
P	eu_belgium	1	KAA Gent	19	Wallace	1	23	70	Unknown	77	67	75	55	0	0	3600000	200000	eu:wallace:29101986	SEASON_ARCHIVE_EST_RATING
T	eu_belgium	2	KRC Genk	-1		-1	2010	0	Belgium	0	0	0	55	55	2	0	0	eu_belgium:2	REGISTRY
P	eu_belgium	2	KRC Genk	0	João Carlos	1	28	73	Unknown	74	60	73	55	0	0	4761000	260000	eu:joaocarlos	SEASON_APPS_FIFA11
P	eu_belgium	2	KRC Genk	1	Elyaniv Barda	3	28	72	Unknown	81	52	71	55	0	0	4356000	240000	eu:elyanivbarda	SEASON_APPS_FIFA11
P	eu_belgium	2	KRC Genk	2	Thomas Buffel	2	29	72	Unknown	58	65	71	55	0	0	4356000	240000	eu:thomasbuffel	SEASON_APPS_FIFA11
P	eu_belgium	2	KRC Genk	3	Dániel Tőzsér	2	25	73	Unknown	69	61	68	55	0	0	4761000	260000	eu:danieltozser	SEASON_APPS_FIFA11
P	eu_belgium	2	KRC Genk	4	Kevin De Bruyne	2	19	71	Unknown	77	74	70	55	0	0	3969000	220000	eu:kevindebruyne	SEASON_APPS_FIFA11
P	eu_belgium	2	KRC Genk	5	Daniel Pudil	2	24	73	Unknown	74	62	69	55	0	0	4761000	260000	eu:danielpudil	SEASON_APPS_FIFA11
P	eu_belgium	2	KRC Genk	6	Fabien Camus	2	25	69	Unknown	73	41	65	55	0	0	3249000	180000	eu:fabiencamus	SEASON_APPS_FIFA11
P	eu_belgium	2	KRC Genk	7	Jelle Vossen	3	21	73	Unknown	77	52	64	55	0	0	4761000	260000	eu:jellevossen	SEASON_APPS_FIFA11
P	eu_belgium	2	KRC Genk	8	Anele Ngcongca	1	22	73	Unknown	76	59	64	55	0	0	4761000	260000	eu:anelengcongca	SEASON_APPS_FIFA11
P	eu_belgium	2	KRC Genk	9	Marvin Ogunjimi	3	22	72	Unknown	58	71	56	55	0	0	4356000	240000	eu:marvinogunjimi	SEASON_APPS_FIFA11
P	eu_belgium	2	KRC Genk	10	David Hubert	1	22	72	Unknown	75	62	63	55	0	0	4356000	240000	eu:davidhubert	SEASON_APPS_FIFA11
P	eu_belgium	2	KRC Genk	11	Torben Joneleit	1	23	71	Unknown	64	58	59	55	0	0	3969000	220000	eu:torbenjoneleit	SEASON_APPS_FIFA11
P	eu_belgium	2	KRC Genk	12	Dimitri Daeseleire	1	20	65	Unknown	59	80	54	55	0	0	2025000	110000	eu:dimitridaeseleire	SEASON_APPS_FIFA11
P	eu_belgium	2	KRC Genk	13	Timothy Durwael	1	19	65	Unknown	69	66	38	55	0	0	2025000	110000	eu:timothydurwael	SEASON_APPS_FIFA11
P	eu_belgium	2	KRC Genk	14	Thibaut Courtois	0	18	74	Unknown	73	74	72	55	0	0	5184000	280000	eu:thibautcourtois	SEASON_APPS_EST_RATING
P	eu_belgium	2	KRC Genk	15	Eric Matoukou	1	27	72	Unknown	66	64	68	55	0	0	4356000	240000	eu:ericmatoukou	SEASON_APPS_EST_RATING
P	eu_belgium	2	KRC Genk	16	Dugary Ndabashinze	2	20	69	Unknown	72	65	72	55	0	0	3249000	180000	eu:dugaryndabashinze:08101989	SEASON_ARCHIVE_EST_RATING
T	eu_belgium	3	KSC Lokeren	-1		-1	2010	0	Belgium	0	0	0	55	55	2	0	0	eu_belgium:3	REGISTRY
P	eu_belgium	3	KSC Lokeren	0	Mijat Marić	1	26	74	Unknown	76	77	64	55	0	0	5184000	280000	eu:mijatmaric	SEASON_APPS_FIFA11
P	eu_belgium	3	KSC Lokeren	1	Ivan Leko	2	32	71	Unknown	77	61	69	55	0	0	3969000	220000	eu:ivanleko	SEASON_APPS_FIFA11
P	eu_belgium	3	KSC Lokeren	2	Sepp De Roover	1	25	68	Unknown	63	67	55	55	0	0	2916000	160000	eu:seppderoover	SEASON_APPS_FIFA11
P	eu_belgium	3	KSC Lokeren	3	Benjamin De Ceulaer	3	26	70	Unknown	61	63	55	55	0	0	3600000	200000	eu:benjamindeceulaer	SEASON_APPS_FIFA11
P	eu_belgium	3	KSC Lokeren	4	Killian Overmeire	2	24	70	Unknown	75	61	62	55	0	0	3600000	200000	eu:killianovermeire	SEASON_APPS_FIFA11
P	eu_belgium	3	KSC Lokeren	5	Koen Persoons	2	27	70	Unknown	70	58	65	55	0	0	3600000	200000	eu:koenpersoons	SEASON_APPS_FIFA11
P	eu_belgium	3	KSC Lokeren	6	Sulejman Smajić	2	25	66	Unknown	84	56	60	55	0	0	2304000	120000	eu:sulejmansmajic	SEASON_APPS_FIFA11
P	eu_belgium	3	KSC Lokeren	7	Geir Ludvig Fevang	2	29	65	Unknown	74	62	63	55	0	0	2025000	110000	eu:geirludvigfevang	SEASON_APPS_FIFA11
P	eu_belgium	3	KSC Lokeren	8	Ibrahima Gueye	1	32	66	Unknown	73	52	65	55	0	0	2304000	120000	eu:ibrahimagueye	SEASON_APPS_FIFA11
P	eu_belgium	3	KSC Lokeren	9	Hassan El Mouataz	1	28	64	Unknown	79	58	59	55	0	0	1764000	90000	eu:hassanelmouataz	SEASON_APPS_FIFA11
P	eu_belgium	3	KSC Lokeren	10	Jérémy Perbet	3	25	64	Unknown	66	64	64	55	0	0	1764000	90000	eu:jeremyperbet	SEASON_APPS_FIFA11
P	eu_belgium	3	KSC Lokeren	11	Sanharib Malki	3	26	65	Unknown	61	71	59	55	0	0	2025000	110000	eu:sanharibmalki	SEASON_APPS_EST_RATING
P	eu_belgium	3	KSC Lokeren	12	Benjamin Mokulu	3	30	63	Unknown	59	72	52	55	0	0	1521000	80000	eu:benjaminmokulu	FIFA11_RATING_EST_AGE_ECONOMY
P	eu_belgium	3	KSC Lokeren	13	Katuku Tshimanga	1	24	63	Unknown	66	59	53	55	0	0	1521000	80000	eu:katukutshimanga	FIFA11_RATING_EST_AGE_ECONOMY
P	eu_belgium	3	KSC Lokeren	14	Nill De Pauw	3	20	70	Unknown	67	62	60	55	0	0	3600000	200000	eu:nilldepauw	SEASON_APPS_FIFA11
P	eu_belgium	3	KSC Lokeren	15	Tiko	2	29	69	Unknown	62	72	56	55	0	0	3249000	180000	eu:tiko	SEASON_APPS_FIFA11
P	eu_belgium	3	KSC Lokeren	16	Marcel Mbayo	3	23	68	Unknown	73	72	70	55	0	0	2916000	160000	eu:marcelmbayo	ESTIMATED
P	eu_belgium	3	KSC Lokeren	17	Donovan Deekman	3	22	66	Unknown	82	60	57	55	0	0	2304000	120000	eu:donovandeekman	SEASON_APPS_FIFA11
P	eu_belgium	3	KSC Lokeren	18	Vegard Braaten	3	23	63	Unknown	70	46	59	55	0	0	1521000	80000	eu:vegardbraaten	SEASON_APPS_FIFA11
P	eu_belgium	3	KSC Lokeren	19	Laurens De Bock	1	17	68	Unknown	75	58	56	55	0	0	2916000	160000	eu:laurensdebock	SEASON_APPS_FIFA11
P	eu_belgium	3	KSC Lokeren	20	Boubacar Barry	0	30	70	Unknown	69	65	68	55	0	0	3600000	200000	eu:boubacarbarry:30121979	SEASON_ARCHIVE_EST_RATING
P	eu_belgium	3	KSC Lokeren	21	Jugoslav Lazić	0	30	65	Unknown	72	68	69	55	0	0	2025000	110000	eu:jugoslavlazic:12121979	SEASON_ARCHIVE_EST_RATING
P	eu_belgium	3	KSC Lokeren	22	Jérémy Taravel	1	23	70	Unknown	75	69	68	55	0	0	3600000	200000	eu:jeremytaravel:17041987	SEASON_ARCHIVE_EST_RATING
P	eu_belgium	3	KSC Lokeren	23	Marcel Kimemba Mbayo	2	32	66	Unknown	71	65	69	55	0	0	2304000	120000	eu:marcelkimembambayo:23041978	SEASON_ARCHIVE_EST_RATING
T	eu_belgium	4	RSC Anderlecht	-1		-1	2010	0	Belgium	0	0	0	55	55	2	0	0	eu_belgium:4	REGISTRY
P	eu_belgium	4	RSC Anderlecht	0	Mbark Boussoufa	2	25	79	Unknown	72	83	65	55	0	0	7569000	420000	eu:mbarkboussoufa	SEASON_APPS_FIFA11
P	eu_belgium	4	RSC Anderlecht	1	Lucas Biglia	2	24	76	Unknown	81	68	74	55	0	0	6084000	330000	eu:lucasbiglia	SEASON_APPS_FIFA11
P	eu_belgium	4	RSC Anderlecht	2	Jan Polák	2	29	75	Unknown	71	58	78	55	0	0	5625000	310000	eu:janpolak	SEASON_APPS_FIFA11
P	eu_belgium	4	RSC Anderlecht	3	Roland Juhász	1	27	75	Unknown	76	66	70	55	0	0	5625000	310000	eu:rolandjuhasz	SEASON_APPS_FIFA11
P	eu_belgium	4	RSC Anderlecht	4	Jonathan Legear	2	23	73	Unknown	77	74	59	55	0	0	4761000	260000	eu:jonathanlegear	SEASON_APPS_FIFA11
P	eu_belgium	4	RSC Anderlecht	5	Matías Suárez	3	22	75	Unknown	79	58	74	55	0	0	5625000	310000	eu:matiassuarez	SEASON_APPS_FIFA11
P	eu_belgium	4	RSC Anderlecht	6	Olivier Deschacht	1	29	72	Unknown	83	60	72	55	0	0	4356000	240000	eu:olivierdeschacht	SEASON_APPS_FIFA11
P	eu_belgium	4	RSC Anderlecht	7	Ondřej Mazuch	1	21	75	Unknown	64	82	60	55	0	0	5625000	310000	eu:ondrejmazuch	SEASON_APPS_FIFA11
P	eu_belgium	4	RSC Anderlecht	8	Cheikhou Kouyaté	2	20	73	Unknown	76	73	67	55	0	0	4761000	260000	eu:cheikhoukouyate	SEASON_APPS_FIFA11
P	eu_belgium	4	RSC Anderlecht	9	Tom De Sutter	3	25	72	Unknown	68	69	70	55	0	0	4356000	240000	eu:tomdesutter	SEASON_APPS_FIFA11
P	eu_belgium	4	RSC Anderlecht	10	Guillaume Gillet	1	26	75	Unknown	81	58	71	55	0	0	5625000	310000	eu:guillaumegillet	SEASON_APPS_FIFA11
P	eu_belgium	4	RSC Anderlecht	11	Sacha Kljestan	2	24	73	Unknown	77	52	68	55	0	0	4761000	260000	eu:sachakljestan	SEASON_APPS_FIFA11
P	eu_belgium	4	RSC Anderlecht	12	Kanu	3	22	74	Unknown	70	66	66	55	0	0	5184000	280000	eu:kanu	SEASON_APPS_FIFA11
P	eu_belgium	4	RSC Anderlecht	13	Marcin Wasilewski	1	30	70	Unknown	71	70	66	55	0	0	3600000	200000	eu:marcinwasilewski	SEASON_APPS_FIFA11
P	eu_belgium	4	RSC Anderlecht	14	Victor Bernárdez	1	28	71	Unknown	73	60	64	55	0	0	3969000	220000	eu:victorbernardez	SEASON_APPS_FIFA11
P	eu_belgium	4	RSC Anderlecht	15	Nemanja Rnić	1	25	68	Unknown	66	62	63	55	0	0	2916000	160000	eu:nemanjarnic	SEASON_APPS_FIFA11
P	eu_belgium	4	RSC Anderlecht	16	Jan Lecjaks	1	19	74	Unknown	82	60	58	55	0	0	5184000	280000	eu:janlecjaks	SEASON_APPS_FIFA11
P	eu_belgium	4	RSC Anderlecht	17	Silvio Proto	0	27	76	Unknown	80	77	71	55	0	0	6084000	330000	eu:silvioproto:23051983	SEASON_ARCHIVE_EST_RATING
P	eu_belgium	4	RSC Anderlecht	18	Davy Schollen	0	32	69	Unknown	62	65	70	55	0	0	3249000	180000	eu:davyschollen:28021978	SEASON_ARCHIVE_EST_RATING
P	eu_belgium	4	RSC Anderlecht	19	Romelu Lukaku	3	17	75	Unknown	75	69	76	55	0	0	5625000	310000	eu:romelulukaku:13051993	SEASON_ARCHIVE_EST_RATING
P	eu_belgium	4	RSC Anderlecht	20	Lukáš Mareček	2	20	71	Unknown	77	75	75	55	0	0	3969000	220000	eu:lukasmarecek:17041990	SEASON_ARCHIVE_EST_RATING
P	eu_belgium	4	RSC Anderlecht	21	Ziguy Badibanga	2	18	70	Unknown	66	70	66	55	0	0	3600000	200000	eu:ziguybadibanga:26111991	SEASON_ARCHIVE_EST_RATING
T	eu_belgium	5	Standard Liège	-1		-1	2010	0	Belgium	0	0	0	55	55	2	0	0	eu_belgium:5	REGISTRY
P	eu_belgium	5	Standard Liège	0	Axel Witsel	2	21	80	Unknown	80	65	77	55	0	0	8100000	450000	eu:axelwitsel	SEASON_APPS_FIFA11
P	eu_belgium	5	Standard Liège	1	Steven Defour	2	22	78	Unknown	70	84	71	55	0	0	7056000	390000	eu:stevendefour	SEASON_APPS_FIFA11
P	eu_belgium	5	Standard Liège	2	Mohamed Tchité	3	26	75	Unknown	75	52	76	55	0	0	5625000	310000	eu:mohamedtchite	SEASON_APPS_FIFA11
P	eu_belgium	5	Standard Liège	3	Franck Berrier	2	26	72	Unknown	91	61	67	55	0	0	4356000	240000	eu:franckberrier	SEASON_APPS_FIFA11
P	eu_belgium	5	Standard Liège	4	Sébastien Pocognoli	1	23	74	Unknown	69	80	67	55	0	0	5184000	280000	eu:sebastienpocognoli	SEASON_APPS_FIFA11
P	eu_belgium	5	Standard Liège	5	Tom De Mul	3	24	71	Unknown	55	68	57	55	0	0	3969000	220000	eu:tomdemul	SEASON_APPS_FIFA11
P	eu_belgium	5	Standard Liège	6	Eliaquim Mangala	1	19	75	Unknown	71	70	59	55	0	0	5625000	310000	eu:eliaquimmangala	SEASON_APPS_FIFA11
P	eu_belgium	5	Standard Liège	7	Mbaye Leye	3	27	74	Unknown	64	64	64	55	0	0	5184000	280000	eu:mbayeleye	SEASON_APPS_FIFA11
P	eu_belgium	5	Standard Liège	8	Mehdi Carcela-Gonzalez	2	21	75	Unknown	80	67	62	55	0	0	5625000	310000	eu:mehdicarcelagonzalez	SEASON_APPS_FIFA11
P	eu_belgium	5	Standard Liège	9	Victor Ramos	1	21	70	Unknown	72	56	69	55	0	0	3600000	200000	eu:victorramos	SEASON_APPS_FIFA11
P	eu_belgium	5	Standard Liège	10	Luigi Pieroni	3	29	70	Unknown	74	74	65	55	0	0	3600000	200000	eu:luigipieroni	SEASON_APPS_FIFA11
P	eu_belgium	5	Standard Liège	11	Aloys Nong	3	26	72	Unknown	67	70	72	55	0	0	4356000	240000	eu:aloysnong	SEASON_APPS_EST_RATING
P	eu_belgium	5	Standard Liège	12	Laurent Ciman	1	24	73	Unknown	70	58	70	55	0	0	4761000	260000	eu:laurentciman	SEASON_APPS_FIFA11
P	eu_belgium	5	Standard Liège	13	Cyriac	3	19	70	Unknown	73	40	65	55	0	0	3600000	200000	eu:cyriac	SEASON_APPS_FIFA11
P	eu_belgium	5	Standard Liège	14	Felipe	1	23	69	Unknown	71	59	67	55	0	0	3249000	180000	eu:felipe	SEASON_APPS_FIFA11
P	eu_belgium	5	Standard Liège	15	Grégory Dufer	2	28	67	Unknown	65	72	57	55	0	0	2601000	140000	eu:gregorydufer	SEASON_APPS_FIFA11
P	eu_belgium	5	Standard Liège	16	Koen Daerden	2	28	70	Unknown	75	46	63	55	0	0	3600000	200000	eu:koendaerden	SEASON_APPS_FIFA11
P	eu_belgium	5	Standard Liège	17	Réginal Goreux	1	22	71	Unknown	67	72	50	55	0	0	3969000	220000	eu:reginalgoreux	SEASON_APPS_FIFA11
P	eu_belgium	5	Standard Liège	18	Arnor Angeli	2	19	68	Unknown	63	58	46	55	0	0	2916000	160000	eu:arnorangeli	SEASON_APPS_FIFA11
P	eu_belgium	5	Standard Liège	19	Sinan Bolat	0	21	73	Unknown	70	68	76	55	0	0	4761000	260000	eu:sinanbolat:03091988	SEASON_ARCHIVE_EST_RATING
P	eu_belgium	5	Standard Liège	20	Srđan Blažić	0	27	71	Unknown	74	68	67	55	0	0	3969000	220000	eu:sranblazic:26111982	SEASON_ARCHIVE_EST_RATING
P	eu_belgium	5	Standard Liège	21	Daniel Opare	1	19	74	Unknown	71	80	78	55	0	0	5184000	280000	eu:danielopare:18101990	SEASON_ARCHIVE_EST_RATING
P	eu_belgium	5	Standard Liège	22	Jelle Van Damme	1	26	73	Unknown	68	74	76	55	0	0	4761000	260000	eu:jellevandamme:10101983	SEASON_ARCHIVE_EST_RATING
P	eu_belgium	5	Standard Liège	23	Pape Abdou Camara	2	18	70	Unknown	65	74	72	55	0	0	3600000	200000	eu:papeabdoucamara:24091991	SEASON_ARCHIVE_EST_RATING
T	eu_bulgaria	0	CSKA Sofia	-1		-1	2010	0	Bulgaria	0	0	0	55	55	2	0	0	eu_bulgaria:0	REGISTRY
P	eu_bulgaria	0	CSKA Sofia	0	Ivan Karadzhov	0	21	64	Unknown	61	68	60	55	0	0	1764000	90000	eu:ivankaradzhov	SEASON_APPS_EST_RATING
P	eu_bulgaria	0	CSKA Sofia	1	Raïs M'Bolhi	0	24	66	Unknown	70	71	70	55	0	0	2304000	120000	eu:raismbolhi	SEASON_APPS_EST_RATING
P	eu_bulgaria	0	CSKA Sofia	2	Blagoy Makendzhiev	1	21	60	Unknown	57	58	55	55	0	0	900000	50000	eu:blagoymakendzhiev	ESTIMATED
P	eu_bulgaria	0	CSKA Sofia	3	Apostol Popov	1	27	67	Unknown	64	72	68	55	0	0	2601000	140000	eu:apostolpopov	SEASON_APPS_EST_RATING
P	eu_bulgaria	0	CSKA Sofia	4	Kostadin Stoyanov	1	24	67	Unknown	76	62	72	55	0	0	2601000	140000	eu:kostadinstoyanov	SEASON_APPS_EST_RATING
P	eu_bulgaria	0	CSKA Sofia	5	Ivan Bandalovski	1	23	63	Unknown	56	65	60	55	0	0	1521000	80000	eu:ivanbandalovski	SEASON_APPS_EST_RATING
P	eu_bulgaria	0	CSKA Sofia	6	Pavel Vidanov	1	22	67	Unknown	70	72	61	55	0	0	2601000	140000	eu:pavelvidanov	SEASON_APPS_EST_RATING
P	eu_bulgaria	0	CSKA Sofia	7	Yordan Minev	1	29	68	Unknown	60	71	71	55	0	0	2916000	160000	eu:yordanminev	SEASON_APPS_EST_RATING
P	eu_bulgaria	0	CSKA Sofia	8	Marquinhos	2	28	64	Unknown	58	62	63	55	0	0	1764000	90000	eu:marquinhos	SEASON_APPS_EST_RATING
P	eu_bulgaria	0	CSKA Sofia	9	Todor Yanchev	2	34	65	Unknown	64	70	71	55	0	0	2025000	110000	eu:todoryanchev	SEASON_APPS_EST_RATING
P	eu_bulgaria	0	CSKA Sofia	10	Boris Galchev	2	26	64	Unknown	65	58	54	55	0	0	1764000	90000	eu:borisgalchev	SEASON_APPS_EST_RATING
P	eu_bulgaria	0	CSKA Sofia	11	Kosta Yanev	2	27	68	Unknown	73	62	67	55	0	0	2916000	160000	eu:kostayanev	SEASON_APPS_EST_RATING
P	eu_bulgaria	0	CSKA Sofia	12	William Tiero	2	29	63	Unknown	59	55	57	55	0	0	1521000	80000	eu:williamtiero	SEASON_APPS_EST_RATING
P	eu_bulgaria	0	CSKA Sofia	13	Spas Delev	3	20	64	Unknown	63	59	70	55	0	0	1764000	90000	eu:spasdelev	SEASON_APPS_EST_RATING
P	eu_bulgaria	0	CSKA Sofia	14	Aleksandar Tonev	2	20	64	Unknown	58	69	61	55	0	0	1764000	90000	eu:aleksandartonev	SEASON_APPS_EST_RATING
P	eu_bulgaria	0	CSKA Sofia	15	Cillian Sheridan	3	21	64	Unknown	58	69	58	55	0	0	1764000	90000	eu:cilliansheridan	SEASON_APPS_EST_RATING
P	eu_bulgaria	0	CSKA Sofia	16	Emil Gargorov	2	29	67	Unknown	75	70	66	55	0	0	2601000	140000	eu:emilgargorov	SEASON_APPS_EST_RATING
P	eu_bulgaria	0	CSKA Sofia	17	Dimitar Iliev	3	31	65	Unknown	65	58	71	55	0	0	2025000	110000	eu:dimitariliev	ESTIMATED
P	eu_bulgaria	0	CSKA Sofia	18	Stanislav Kostov	3	18	66	Unknown	65	70	71	55	0	0	2304000	120000	eu:stanislavkostov	SEASON_APPS_EST_RATING
P	eu_bulgaria	0	CSKA Sofia	19	Michel Platini	3	26	63	Unknown	68	66	62	55	0	0	1521000	80000	eu:michelplatini	SEASON_APPS_EST_RATING
T	eu_bulgaria	1	Levski Sofia	-1		-1	2010	0	Bulgaria	0	0	0	55	55	2	0	0	eu_bulgaria:1	REGISTRY
P	eu_bulgaria	1	Levski Sofia	0	Bozhidar Mitrev	0	23	65	Unknown	57	68	68	55	0	0	2025000	110000	eu:bozhidarmitrev	SEASON_APPS_EST_RATING
P	eu_bulgaria	1	Levski Sofia	1	Georgi Petkov	0	34	64	Unknown	70	68	67	55	0	0	1764000	90000	eu:georgipetkov	SEASON_APPS_EST_RATING
P	eu_bulgaria	1	Levski Sofia	2	Plamen Iliev	0	18	64	Unknown	61	57	67	55	0	0	1764000	90000	eu:plameniliev	SEASON_APPS_EST_RATING
P	eu_bulgaria	1	Levski Sofia	3	Kiril Akalski	0	24	64	Unknown	64	54	57	55	0	0	1764000	90000	eu:kirilakalski	SEASON_APPS_EST_RATING
P	eu_bulgaria	1	Levski Sofia	4	Yordan Miliev	1	22	67	Unknown	69	69	65	55	0	0	2601000	140000	eu:yordanmiliev	SEASON_APPS_EST_RATING
P	eu_bulgaria	1	Levski Sofia	5	Ivo Ivanov	1	25	65	Unknown	68	64	67	55	0	0	2025000	110000	eu:ivoivanov	SEASON_APPS_EST_RATING
P	eu_bulgaria	1	Levski Sofia	6	Chakib Benzoukane	1	23	66	Unknown	65	73	60	55	0	0	2304000	120000	eu:chakibbenzoukane	SEASON_APPS_EST_RATING
P	eu_bulgaria	1	Levski Sofia	7	Stefan Stanchev	1	21	63	Unknown	59	60	55	55	0	0	1521000	80000	eu:stefanstanchev	SEASON_APPS_EST_RATING
P	eu_bulgaria	1	Levski Sofia	8	Elin Topuzakov	1	33	67	Unknown	58	74	73	55	0	0	2601000	140000	eu:elintopuzakov	SEASON_APPS_EST_RATING
P	eu_bulgaria	1	Levski Sofia	9	Veselin Minev	1	29	64	Unknown	64	69	66	55	0	0	1764000	90000	eu:veselinminev	SEASON_APPS_EST_RATING
P	eu_bulgaria	1	Levski Sofia	10	Dustley Mulder	1	25	65	Unknown	64	55	66	55	0	0	2025000	110000	eu:dustleymulder	SEASON_APPS_EST_RATING
P	eu_bulgaria	1	Levski Sofia	11	Serginho Greene	1	28	68	Unknown	67	65	71	55	0	0	2916000	160000	eu:serginhogreene	SEASON_APPS_EST_RATING
P	eu_bulgaria	1	Levski Sofia	12	Michael Tawiah	2	21	63	Unknown	59	70	61	55	0	0	1521000	80000	eu:michaeltawiah	ESTIMATED
P	eu_bulgaria	1	Levski Sofia	13	Vladimir Gadzhev	2	23	64	Unknown	57	61	66	55	0	0	1764000	90000	eu:vladimirgadzhev	SEASON_APPS_EST_RATING
P	eu_bulgaria	1	Levski Sofia	14	Darko Tasevski	2	26	64	Unknown	60	64	62	55	0	0	1764000	90000	eu:darkotasevski	SEASON_APPS_EST_RATING
P	eu_bulgaria	1	Levski Sofia	15	Hristo Yovov	3	32	67	Unknown	72	74	62	55	0	0	2601000	140000	eu:hristoyovov	SEASON_APPS_EST_RATING
P	eu_bulgaria	1	Levski Sofia	16	Daniel Mladenov	3	23	65	Unknown	61	57	58	55	0	0	2025000	110000	eu:danielmladenov	SEASON_APPS_EST_RATING
P	eu_bulgaria	1	Levski Sofia	17	Garra Dembélé	3	24	65	Unknown	54	57	64	55	0	0	2025000	110000	eu:garradembele	SEASON_APPS_EST_RATING
P	eu_bulgaria	1	Levski Sofia	18	Jeanvion Yulu-Matondo	3	24	66	Unknown	59	69	61	55	0	0	2304000	120000	eu:jeanvionyulumatondo	SEASON_APPS_EST_RATING
P	eu_bulgaria	1	Levski Sofia	19	Ismail Isa	3	21	63	Unknown	54	65	64	55	0	0	1521000	80000	eu:ismailisa	SEASON_APPS_EST_RATING
T	eu_bulgaria	2	Ludogorets Razgrad	-1		-1	2011	0	Bulgaria	0	0	0	55	55	2	0	0	eu_bulgaria:2	REGISTRY
P	eu_bulgaria	2	Ludogorets Razgrad	0	Miroslav Grigorov	0	31	61	Unknown	58	54	64	55	0	0	1089000	60000	eu:miroslavgrigorov	ESTIMATED
P	eu_bulgaria	2	Ludogorets Razgrad	1	Uroš Golubović	0	23	66	Unknown	69	66	61	55	0	0	2304000	120000	eu:urosgolubovic	ESTIMATED
P	eu_bulgaria	2	Ludogorets Razgrad	2	Emil Mihaylov	0	22	67	Unknown	59	65	71	55	0	0	2601000	140000	eu:emilmihaylov	SEASON_APPS_EST_RATING
P	eu_bulgaria	2	Ludogorets Razgrad	3	Radoslav Anev	1	22	61	Unknown	56	56	56	55	0	0	1089000	60000	eu:radoslavanev	ESTIMATED
P	eu_bulgaria	2	Ludogorets Razgrad	4	Daniel Gramatikov	1	33	65	Unknown	60	66	68	55	0	0	2025000	110000	eu:danielgramatikov	ESTIMATED
P	eu_bulgaria	2	Ludogorets Razgrad	5	Grigor Georgiev	1	33	64	Unknown	65	58	61	55	0	0	1764000	90000	eu:grigorgeorgiev	ESTIMATED
P	eu_bulgaria	2	Ludogorets Razgrad	6	Diyan Dimov	1	29	68	Unknown	69	61	62	55	0	0	2916000	160000	eu:diyandimov	ESTIMATED
P	eu_bulgaria	2	Ludogorets Razgrad	7	Shener Remzi	2	33	63	Unknown	70	60	60	55	0	0	1521000	80000	eu:shenerremzi	SEASON_APPS_EST_RATING
P	eu_bulgaria	2	Ludogorets Razgrad	8	Dimo Atanasov	2	24	67	Unknown	63	67	67	55	0	0	2601000	140000	eu:dimoatanasov	SEASON_APPS_EST_RATING
P	eu_bulgaria	2	Ludogorets Razgrad	9	Nikolay Dyulgerov	2	32	64	Unknown	68	66	59	55	0	0	1764000	90000	eu:nikolaydyulgerov	ESTIMATED
P	eu_bulgaria	2	Ludogorets Razgrad	10	Todor Kolev	3	30	63	Unknown	68	61	69	55	0	0	1521000	80000	eu:todorkolev	SEASON_APPS_EST_RATING
P	eu_bulgaria	2	Ludogorets Razgrad	11	Hristo Nikolov	2	26	62	Unknown	64	64	61	55	0	0	1296000	70000	eu:hristonikolov	ESTIMATED
P	eu_bulgaria	2	Ludogorets Razgrad	12	Suvad Grabus	2	27	67	Unknown	61	72	62	55	0	0	2601000	140000	eu:suvadgrabus	ESTIMATED
P	eu_bulgaria	2	Ludogorets Razgrad	13	Ivan Stoyanov	2	28	64	Unknown	61	57	64	55	0	0	1764000	90000	eu:ivanstoyanov	ESTIMATED
P	eu_bulgaria	2	Ludogorets Razgrad	14	Miroslav Ivanov	2	28	63	Unknown	58	60	58	55	0	0	1521000	80000	eu:miroslavivanov	SEASON_APPS_EST_RATING
T	eu_bulgaria	3	Litex Lovech	-1		-1	2010	0	Bulgaria	0	0	0	55	55	2	0	0	eu_bulgaria:3	REGISTRY
P	eu_bulgaria	3	Litex Lovech	0	Vinícius	0	25	66	Unknown	69	72	69	55	0	0	2304000	120000	eu:vinicius	SEASON_APPS_EST_RATING
P	eu_bulgaria	3	Litex Lovech	1	Ilko Pirgov	0	30	66	Unknown	66	67	71	55	0	0	2304000	120000	eu:ilkopirgov	ESTIMATED
P	eu_bulgaria	3	Litex Lovech	2	Petar Zanev	1	24	70	Unknown	67	63	64	55	0	0	3600000	200000	eu:petarzanev	SEASON_APPS_EST_RATING
P	eu_bulgaria	3	Litex Lovech	3	Nikolay Bodurov	1	24	65	Unknown	72	59	70	55	0	0	2025000	110000	eu:nikolaybodurov	SEASON_APPS_EST_RATING
P	eu_bulgaria	3	Litex Lovech	4	Plamen Nikolov	1	25	66	Unknown	72	70	66	55	0	0	2304000	120000	eu:plamennikolov	SEASON_APPS_EST_RATING
P	eu_bulgaria	3	Litex Lovech	5	Džemal Berberović	1	28	65	Unknown	72	66	62	55	0	0	2025000	110000	eu:dzemalberberovic	SEASON_APPS_EST_RATING
P	eu_bulgaria	3	Litex Lovech	6	Mihail Venkov	1	27	65	Unknown	68	69	60	55	0	0	2025000	110000	eu:mihailvenkov	SEASON_APPS_EST_RATING
P	eu_bulgaria	3	Litex Lovech	7	Alexandre Barthe	1	24	67	Unknown	65	60	71	55	0	0	2601000	140000	eu:alexandrebarthe	SEASON_APPS_EST_RATING
P	eu_bulgaria	3	Litex Lovech	8	Hristo Yanev	2	31	69	Unknown	67	76	66	55	0	0	3249000	180000	eu:hristoyanev	SEASON_APPS_EST_RATING
P	eu_bulgaria	3	Litex Lovech	9	Nebojša Jelenković	2	32	65	Unknown	58	56	59	55	0	0	2025000	110000	eu:nebojsajelenkovic	SEASON_APPS_EST_RATING
P	eu_bulgaria	3	Litex Lovech	10	Georgi Milanov	2	18	69	Unknown	68	71	75	55	0	0	3249000	180000	eu:georgimilanov	SEASON_APPS_EST_RATING
P	eu_bulgaria	3	Litex Lovech	11	Momchil Tsvetanov	2	19	68	Unknown	60	66	62	55	0	0	2916000	160000	eu:momchiltsvetanov	SEASON_APPS_EST_RATING
P	eu_bulgaria	3	Litex Lovech	12	Tom	2	25	65	Unknown	59	58	58	55	0	0	2025000	110000	eu:tom	SEASON_APPS_EST_RATING
P	eu_bulgaria	3	Litex Lovech	13	Sandrinho	2	30	65	Unknown	63	65	67	55	0	0	2025000	110000	eu:sandrinho	SEASON_APPS_EST_RATING
P	eu_bulgaria	3	Litex Lovech	14	Wellington Brito da Silva	2	28	62	Unknown	62	61	62	55	0	0	1296000	70000	eu:wellingtonbritodasilva	ESTIMATED
P	eu_bulgaria	3	Litex Lovech	15	Doka Madureira	2	26	65	Unknown	60	60	62	55	0	0	2025000	110000	eu:dokamadureira	SEASON_APPS_EST_RATING
P	eu_bulgaria	3	Litex Lovech	16	Wilfried Niflore	3	29	65	Unknown	64	62	63	55	0	0	2025000	110000	eu:wilfriedniflore	SEASON_APPS_EST_RATING
P	eu_bulgaria	3	Litex Lovech	17	Svetoslav Todorov	3	31	70	Unknown	68	67	66	55	0	0	3600000	200000	eu:svetoslavtodorov	SEASON_APPS_EST_RATING
P	eu_bulgaria	3	Litex Lovech	18	Ivelin Popov	3	22	65	Unknown	59	60	67	55	0	0	2025000	110000	eu:ivelinpopov	SEASON_APPS_EST_RATING
T	eu_croatia	0	Dinamo Zagreb	-1		-1	2010	0	Croatia	0	0	0	55	55	2	0	0	eu_croatia:0	REGISTRY
P	eu_croatia	0	Dinamo Zagreb	0	Tomislav Butina	0	36	68	Unknown	59	63	66	55	0	0	2916000	160000	eu:tomislavbutina	SEASON_APPS_EST_RATING
P	eu_croatia	0	Dinamo Zagreb	1	Filip Lončarić	0	23	69	Unknown	57	60	67	55	0	0	3249000	180000	eu:filiploncaric	SEASON_APPS_EST_RATING
P	eu_croatia	0	Dinamo Zagreb	2	Luis Ibáñez	1	22	74	Unknown	66	60	58	55	0	0	5184000	280000	eu:luisibanez	SEASON_APPS_EST_RATING
P	eu_croatia	0	Dinamo Zagreb	3	Leonard Mesarić	1	26	71	Unknown	75	70	60	55	0	0	3969000	220000	eu:leonardmesaric	SEASON_APPS_EST_RATING
P	eu_croatia	0	Dinamo Zagreb	4	Igor Bišćan	2	32	72	Unknown	72	76	67	55	0	0	4356000	240000	eu:igorbiscan	SEASON_APPS_EST_RATING
P	eu_croatia	0	Dinamo Zagreb	5	Dario Šimić	1	34	67	Unknown	70	62	63	55	0	0	2601000	140000	eu:dariosimic	SEASON_APPS_EST_RATING
P	eu_croatia	0	Dinamo Zagreb	6	Tomislav Barbarić	1	21	70	Unknown	72	64	70	55	0	0	3600000	200000	eu:tomislavbarbaric	SEASON_APPS_EST_RATING
P	eu_croatia	0	Dinamo Zagreb	7	Etto	2	29	72	Unknown	73	74	75	55	0	0	4356000	240000	eu:etto	SEASON_APPS_EST_RATING
P	eu_croatia	0	Dinamo Zagreb	8	Adrián Calello	2	23	73	Unknown	72	62	64	55	0	0	4761000	260000	eu:adriancalello	SEASON_APPS_EST_RATING
P	eu_croatia	0	Dinamo Zagreb	9	Mathias Chago	2	27	72	Unknown	65	69	67	55	0	0	4356000	240000	eu:mathiaschago	SEASON_APPS_EST_RATING
P	eu_croatia	0	Dinamo Zagreb	10	Milan Badelj	2	21	75	Unknown	65	61	68	55	0	0	5625000	310000	eu:milanbadelj	SEASON_APPS_EST_RATING
P	eu_croatia	0	Dinamo Zagreb	11	Sammir	2	23	74	Unknown	67	64	68	55	0	0	5184000	280000	eu:sammir	SEASON_APPS_EST_RATING
P	eu_croatia	0	Dinamo Zagreb	12	Pedro Morales	2	25	72	Unknown	67	74	71	55	0	0	4356000	240000	eu:pedromorales	SEASON_APPS_EST_RATING
P	eu_croatia	0	Dinamo Zagreb	13	Arijan Ademi	2	19	74	Unknown	63	75	63	55	0	0	5184000	280000	eu:arijanademi	SEASON_APPS_EST_RATING
P	eu_croatia	0	Dinamo Zagreb	14	Mateo Kovačić	2	16	68	Unknown	68	70	69	55	0	0	2916000	160000	eu:mateokovacic	SEASON_APPS_EST_RATING
P	eu_croatia	0	Dinamo Zagreb	15	Ante Rukavina	3	24	74	Unknown	76	72	73	55	0	0	5184000	280000	eu:anterukavina	SEASON_APPS_EST_RATING
P	eu_croatia	0	Dinamo Zagreb	16	Fatos Bećiraj	3	21	74	Unknown	80	76	74	55	0	0	5184000	280000	eu:fatosbeciraj	SEASON_APPS_EST_RATING
P	eu_croatia	0	Dinamo Zagreb	17	Jakub Sylvestr	3	21	71	Unknown	74	64	76	55	0	0	3969000	220000	eu:jakubsylvestr	SEASON_APPS_EST_RATING
P	eu_croatia	0	Dinamo Zagreb	18	Andrej Kramarić	3	19	70	Unknown	66	74	68	55	0	0	3600000	200000	eu:andrejkramaric	SEASON_APPS_EST_RATING
P	eu_croatia	0	Dinamo Zagreb	19	Dodô	3	22	72	Unknown	78	66	74	55	0	0	4356000	240000	eu:dodo	SEASON_APPS_EST_RATING
P	eu_croatia	0	Dinamo Zagreb	20	Ivan Tomečak	2	20	73	Unknown	75	69	66	55	0	0	4761000	260000	eu:ivantomecak	SEASON_APPS_EST_RATING
P	eu_croatia	0	Dinamo Zagreb	21	Šime Vrsaljko	1	18	72	Unknown	65	66	68	55	0	0	4356000	240000	eu:simevrsaljko	SEASON_APPS_EST_RATING
P	eu_croatia	0	Dinamo Zagreb	22	Leandro Cufré	1	32	75	Unknown	71	76	73	55	0	0	5625000	310000	eu:leandrocufre:09051978	SEASON_ARCHIVE_EST_RATING
P	eu_croatia	0	Dinamo Zagreb	23	Tonel	1	30	74	Unknown	75	80	69	55	0	0	5184000	280000	eu:tonel:13041980	SEASON_ARCHIVE_EST_RATING
T	eu_croatia	1	HNK Rijeka	-1		-1	2010	0	Croatia	0	0	0	55	55	2	0	0	eu_croatia:1	REGISTRY
P	eu_croatia	1	HNK Rijeka	0	Robert Lisjak	0	32	70	Unknown	67	68	62	55	0	0	3600000	200000	eu:robertlisjak	SEASON_APPS_EST_RATING
P	eu_croatia	1	HNK Rijeka	1	Tomislav Pelin	0	29	66	Unknown	70	69	69	55	0	0	2304000	120000	eu:tomislavpelin	SEASON_APPS_EST_RATING
P	eu_croatia	1	HNK Rijeka	2	Dino Raspor	1	28	62	Unknown	63	57	58	55	0	0	1296000	70000	eu:dinoraspor	ESTIMATED
P	eu_croatia	1	HNK Rijeka	3	Fausto Budicin	1	29	69	Unknown	57	60	56	55	0	0	3249000	180000	eu:faustobudicin	SEASON_APPS_EST_RATING
P	eu_croatia	1	HNK Rijeka	4	Igor Čagalj	1	27	68	Unknown	63	59	64	55	0	0	2916000	160000	eu:igorcagalj	SEASON_APPS_EST_RATING
P	eu_croatia	1	HNK Rijeka	5	Kristijan Čaval	2	31	68	Unknown	71	73	72	55	0	0	2916000	160000	eu:kristijancaval	SEASON_APPS_EST_RATING
P	eu_croatia	1	HNK Rijeka	6	Andro Švrljuga	2	24	69	Unknown	64	73	71	55	0	0	3249000	180000	eu:androsvrljuga	SEASON_APPS_EST_RATING
P	eu_croatia	1	HNK Rijeka	7	Vlade Lazarevski	1	30	64	Unknown	61	67	63	55	0	0	1764000	90000	eu:vladelazarevski	ESTIMATED
P	eu_croatia	1	HNK Rijeka	8	Neven Vukman	2	25	67	Unknown	67	68	67	55	0	0	2601000	140000	eu:nevenvukman	SEASON_APPS_EST_RATING
P	eu_croatia	1	HNK Rijeka	9	Milan Đurišić	2	23	64	Unknown	61	58	66	55	0	0	1764000	90000	eu:milanurisic	SEASON_APPS_EST_RATING
P	eu_croatia	1	HNK Rijeka	10	Hrvoje Štrok	2	30	69	Unknown	58	68	70	55	0	0	3249000	180000	eu:hrvojestrok	SEASON_APPS_EST_RATING
P	eu_croatia	1	HNK Rijeka	11	Antonini Čulina	2	18	67	Unknown	63	64	59	55	0	0	2601000	140000	eu:antoniniculina	SEASON_APPS_EST_RATING
P	eu_croatia	1	HNK Rijeka	12	Alen Pamić	2	32	62	Unknown	70	55	64	55	0	0	1296000	70000	eu:alenpamic	ESTIMATED
P	eu_croatia	1	HNK Rijeka	13	Sergio Zijler	3	23	63	Unknown	54	58	60	55	0	0	1521000	80000	eu:sergiozijler	SEASON_APPS_EST_RATING
P	eu_croatia	1	HNK Rijeka	14	Radomir Đalović	3	27	67	Unknown	58	73	63	55	0	0	2601000	140000	eu:radomiralovic	SEASON_APPS_EST_RATING
P	eu_croatia	1	HNK Rijeka	15	Ivan Rodić	3	24	66	Unknown	55	59	69	55	0	0	2304000	120000	eu:ivanrodic	SEASON_APPS_EST_RATING
P	eu_croatia	1	HNK Rijeka	16	Duje Baković	1	24	67	Unknown	61	58	67	55	0	0	2601000	140000	eu:dujebakovic	SEASON_APPS_EST_RATING
P	eu_croatia	1	HNK Rijeka	17	Vedran Turkalj	3	29	64	Unknown	59	65	69	55	0	0	1764000	90000	eu:vedranturkalj	ESTIMATED
P	eu_croatia	1	HNK Rijeka	18	Damir Kreilach	2	21	69	Unknown	71	63	68	55	0	0	3249000	180000	eu:damirkreilach:16041989	SEASON_ARCHIVE_EST_RATING
P	eu_croatia	1	HNK Rijeka	19	Davor Landeka	2	25	68	Unknown	62	64	73	55	0	0	2916000	160000	eu:davorlandeka:18091984	SEASON_ARCHIVE_EST_RATING
P	eu_croatia	1	HNK Rijeka	20	Sandi Križman	3	20	66	Unknown	73	63	61	55	0	0	2304000	120000	eu:sandikrizman:17081989	SEASON_ARCHIVE_EST_RATING
P	eu_croatia	1	HNK Rijeka	21	Valentino Stepcić	3	20	66	Unknown	71	62	64	55	0	0	2304000	120000	eu:valentinostepcic:16011990	SEASON_ARCHIVE_EST_RATING
T	eu_croatia	2	Hajduk Split	-1		-1	2010	0	Croatia	0	0	0	55	55	2	0	0	eu_croatia:2	REGISTRY
P	eu_croatia	2	Hajduk Split	0	Danijel Subašić	0	25	71	Unknown	60	69	60	55	0	0	3969000	220000	eu:danijelsubasic	SEASON_APPS_EST_RATING
P	eu_croatia	2	Hajduk Split	1	Lovre Kalinić	0	20	66	Unknown	60	63	64	55	0	0	2304000	120000	eu:lovrekalinic	SEASON_APPS_EST_RATING
P	eu_croatia	2	Hajduk Split	2	Jurica Buljat	1	23	72	Unknown	68	57	64	55	0	0	4356000	240000	eu:juricabuljat	SEASON_APPS_EST_RATING
P	eu_croatia	2	Hajduk Split	3	Hrvoje Vejić	1	33	70	Unknown	59	69	64	55	0	0	3600000	200000	eu:hrvojevejic	SEASON_APPS_EST_RATING
P	eu_croatia	2	Hajduk Split	4	Mario Maloča	1	21	72	Unknown	66	76	73	55	0	0	4356000	240000	eu:mariomaloca	SEASON_APPS_EST_RATING
P	eu_croatia	2	Hajduk Split	5	Srđan Andrić	2	30	69	Unknown	61	56	56	55	0	0	3249000	180000	eu:sranandric	SEASON_APPS_EST_RATING
P	eu_croatia	2	Hajduk Split	6	Marin Ljubičić	2	22	70	Unknown	58	59	57	55	0	0	3600000	200000	eu:marinljubicic	SEASON_APPS_EST_RATING
P	eu_croatia	2	Hajduk Split	7	Krešo Ljubičić	2	21	67	Unknown	58	67	59	55	0	0	2601000	140000	eu:kresoljubicic	SEASON_APPS_EST_RATING
P	eu_croatia	2	Hajduk Split	8	Dinko Trebotić	2	20	70	Unknown	75	70	73	55	0	0	3600000	200000	eu:dinkotrebotic	SEASON_APPS_EST_RATING
P	eu_croatia	2	Hajduk Split	9	Franko Andrijašević	2	19	69	Unknown	61	66	68	55	0	0	3249000	180000	eu:frankoandrijasevic	SEASON_APPS_EST_RATING
P	eu_croatia	2	Hajduk Split	10	Marin Tomasov	2	22	72	Unknown	58	56	66	55	0	0	4356000	240000	eu:marintomasov	SEASON_APPS_EST_RATING
P	eu_croatia	2	Hajduk Split	11	Anas Sharbini	2	23	70	Unknown	73	67	63	55	0	0	3600000	200000	eu:anassharbini	SEASON_APPS_EST_RATING
P	eu_croatia	2	Hajduk Split	12	Ahmad Sharbini	3	23	70	Unknown	68	70	66	55	0	0	3600000	200000	eu:ahmadsharbini	SEASON_APPS_EST_RATING
P	eu_croatia	2	Hajduk Split	13	Mirko Oremuš	2	21	71	Unknown	60	60	62	55	0	0	3969000	220000	eu:mirkooremus	SEASON_APPS_EST_RATING
P	eu_croatia	2	Hajduk Split	14	Senijad Ibričić	2	24	70	Unknown	60	68	65	55	0	0	3600000	200000	eu:senijadibricic	SEASON_APPS_EST_RATING
P	eu_croatia	2	Hajduk Split	15	Ante Vukušić	3	19	72	Unknown	62	66	74	55	0	0	4356000	240000	eu:antevukusic	SEASON_APPS_EST_RATING
P	eu_croatia	2	Hajduk Split	16	Duje Čop	3	20	69	Unknown	69	73	63	55	0	0	3249000	180000	eu:dujecop	SEASON_APPS_EST_RATING
P	eu_croatia	2	Hajduk Split	17	Mario Brkljača	2	25	71	Unknown	61	61	65	55	0	0	3969000	220000	eu:mariobrkljaca	SEASON_APPS_EST_RATING
P	eu_croatia	2	Hajduk Split	18	Ivan Jakov Džoni	3	21	64	Unknown	70	58	68	55	0	0	1764000	90000	eu:ivanjakovdzoni	ESTIMATED
P	eu_croatia	2	Hajduk Split	19	Ervin Bulku	1	29	68	Unknown	69	69	63	55	0	0	2916000	160000	eu:ervinbulku:03031981	SEASON_ARCHIVE_EST_RATING
T	eu_cyprus	0	AEK Larnaca	-1		-1	2010	0	Cyprus	0	0	0	55	55	2	0	0	eu_cyprus:0	REGISTRY
P	eu_cyprus	0	AEK Larnaca	0	Marco Fortin	0	36	64	Unknown	60	63	66	55	0	0	1764000	90000	eu:marcofortin	SEASON_APPS_EST_RATING
P	eu_cyprus	0	AEK Larnaca	1	Alexandre Negri	0	28	65	Unknown	66	59	69	55	0	0	2025000	110000	eu:alexandrenegri	ESTIMATED
P	eu_cyprus	0	AEK Larnaca	2	Kevin Hofland	1	31	66	Unknown	64	60	71	55	0	0	2304000	120000	eu:kevinhofland	SEASON_APPS_EST_RATING
P	eu_cyprus	0	AEK Larnaca	3	Jason Demetriou	2	22	63	Unknown	60	63	63	55	0	0	1521000	80000	eu:jasondemetriou	SEASON_APPS_EST_RATING
P	eu_cyprus	0	AEK Larnaca	4	Marios Nicolaou	1	33	60	Unknown	69	57	59	55	0	0	900000	50000	eu:mariosnicolaou	ESTIMATED
P	eu_cyprus	0	AEK Larnaca	5	Nestoras Mitidis	3	19	63	Unknown	69	58	55	55	0	0	1521000	80000	eu:nestorasmitidis	SEASON_APPS_EST_RATING
P	eu_cyprus	0	AEK Larnaca	6	Murat Akın	1	33	64	Unknown	61	58	62	55	0	0	1764000	90000	eu:muratakn	ESTIMATED
P	eu_cyprus	0	AEK Larnaca	7	Gonzalo García	1	27	64	Unknown	61	66	65	55	0	0	1764000	90000	eu:gonzalogarcia	ESTIMATED
P	eu_cyprus	0	AEK Larnaca	8	Gregoor van Dijk	2	28	63	Unknown	56	54	61	55	0	0	1521000	80000	eu:gregoorvandijk	SEASON_APPS_EST_RATING
P	eu_cyprus	0	AEK Larnaca	9	Miljan Mrdaković	2	33	68	Unknown	69	69	70	55	0	0	2916000	160000	eu:miljanmrdakovic	ESTIMATED
P	eu_cyprus	0	AEK Larnaca	10	Nordin Wooter	2	33	66	Unknown	66	73	61	55	0	0	2304000	120000	eu:nordinwooter	ESTIMATED
P	eu_cyprus	0	AEK Larnaca	11	Edwin Linssen	2	29	63	Unknown	68	63	60	55	0	0	1521000	80000	eu:edwinlinssen	SEASON_APPS_EST_RATING
P	eu_cyprus	0	AEK Larnaca	12	Gorka Pintado	3	32	67	Unknown	72	70	69	55	0	0	2601000	140000	eu:gorkapintado	SEASON_APPS_EST_RATING
P	eu_cyprus	0	AEK Larnaca	13	Ander Murillo	2	26	65	Unknown	67	59	66	55	0	0	2025000	110000	eu:andermurillo	ESTIMATED
P	eu_cyprus	0	AEK Larnaca	14	David Català	2	21	62	Unknown	68	65	66	55	0	0	1296000	70000	eu:davidcatala	ESTIMATED
P	eu_cyprus	0	AEK Larnaca	15	Héctor Martínez	3	32	64	Unknown	55	58	70	55	0	0	1764000	90000	eu:hectormartinez	ESTIMATED
T	eu_cyprus	1	APOEL	-1		-1	2010	0	Cyprus	0	0	0	55	55	2	0	0	eu_cyprus:1	REGISTRY
P	eu_cyprus	1	APOEL	0	Dionysis Chiotis	0	33	70	Unknown	67	64	76	55	0	0	3600000	200000	eu:dionysischiotis	SEASON_APPS_EST_RATING
P	eu_cyprus	1	APOEL	1	Anastasios Kissas	0	22	69	Unknown	60	71	64	55	0	0	3249000	180000	eu:anastasioskissas	SEASON_APPS_EST_RATING
P	eu_cyprus	1	APOEL	2	Paulo Jorge	1	30	65	Unknown	61	66	58	55	0	0	2025000	110000	eu:paulojorge	SEASON_APPS_EST_RATING
P	eu_cyprus	1	APOEL	3	Marcelo Oliveira	1	32	70	Unknown	77	65	74	55	0	0	3600000	200000	eu:marcelooliveira	ESTIMATED
P	eu_cyprus	1	APOEL	4	Nuno Morais	1	26	65	Unknown	61	70	61	55	0	0	2025000	110000	eu:nunomorais	SEASON_APPS_EST_RATING
P	eu_cyprus	1	APOEL	5	Marios Ilia	1	31	65	Unknown	73	68	59	55	0	0	2025000	110000	eu:mariosilia	SEASON_APPS_EST_RATING
P	eu_cyprus	1	APOEL	6	Savvas Poursaitidis	2	34	65	Unknown	63	56	62	55	0	0	2025000	110000	eu:savvaspoursaitidis	SEASON_APPS_EST_RATING
P	eu_cyprus	1	APOEL	7	Athos Solomou	2	24	65	Unknown	68	66	70	55	0	0	2025000	110000	eu:athossolomou	SEASON_APPS_EST_RATING
P	eu_cyprus	1	APOEL	8	Constantinos Charalambides	2	28	62	Unknown	58	56	66	55	0	0	1296000	70000	eu:constantinoscharalambides	ESTIMATED
P	eu_cyprus	1	APOEL	9	Nektarios Alexandrou	3	26	65	Unknown	57	57	65	55	0	0	2025000	110000	eu:nektariosalexandrou	SEASON_APPS_EST_RATING
P	eu_cyprus	1	APOEL	10	Hélio Pinto	2	26	65	Unknown	68	61	63	55	0	0	2025000	110000	eu:heliopinto	SEASON_APPS_EST_RATING
P	eu_cyprus	1	APOEL	11	Gustavo Manduca	3	30	65	Unknown	71	64	64	55	0	0	2025000	110000	eu:gustavomanduca	SEASON_APPS_EST_RATING
P	eu_cyprus	1	APOEL	12	Ivan Tričkovski	3	23	70	Unknown	62	72	72	55	0	0	3600000	200000	eu:ivantrickovski	SEASON_APPS_EST_RATING
P	eu_cyprus	1	APOEL	13	Aílton Almeida	2	27	65	Unknown	70	63	61	55	0	0	2025000	110000	eu:ailtonalmeida	ESTIMATED
P	eu_cyprus	1	APOEL	14	Esteban Solari	3	30	65	Unknown	56	66	62	55	0	0	2025000	110000	eu:estebansolari	SEASON_APPS_EST_RATING
P	eu_cyprus	1	APOEL	15	Marcin Żewłakow	3	30	63	Unknown	61	68	64	55	0	0	1521000	80000	eu:marcinzewakow	ESTIMATED
P	eu_cyprus	1	APOEL	16	Nenad Mirosavljević	3	32	68	Unknown	75	70	68	55	0	0	2916000	160000	eu:nenadmirosavljevic	SEASON_APPS_EST_RATING
P	eu_cyprus	1	APOEL	17	Marios Elia	3	21	69	Unknown	64	68	66	55	0	0	3249000	180000	eu:marioselia	ESTIMATED
T	eu_cyprus	2	Apollon Limassol	-1		-1	2010	0	Cyprus	0	0	0	55	55	2	0	0	eu_cyprus:2	REGISTRY
P	eu_cyprus	2	Apollon Limassol	0	Aleš Chvalovský	0	31	66	Unknown	72	65	72	55	0	0	2304000	120000	eu:aleschvalovsky	SEASON_APPS_EST_RATING
P	eu_cyprus	2	Apollon Limassol	1	Sofronis Avgousti	0	33	62	Unknown	69	63	58	55	0	0	1296000	70000	eu:sofronisavgousti	ESTIMATED
P	eu_cyprus	2	Apollon Limassol	2	Bruno Vale	1	29	61	Unknown	69	57	64	55	0	0	1089000	60000	eu:brunovale	ESTIMATED
P	eu_cyprus	2	Apollon Limassol	3	Bruno Luz	1	30	64	Unknown	58	70	59	55	0	0	1764000	90000	eu:brunoluz	ESTIMATED
P	eu_cyprus	2	Apollon Limassol	4	Nasief Morris	1	29	67	Unknown	62	61	69	55	0	0	2601000	140000	eu:nasiefmorris	SEASON_APPS_EST_RATING
P	eu_cyprus	2	Apollon Limassol	5	Giorgos Merkis	1	29	61	Unknown	53	59	56	55	0	0	1089000	60000	eu:giorgosmerkis	ESTIMATED
P	eu_cyprus	2	Apollon Limassol	6	Marios Stylianou	1	33	65	Unknown	56	63	67	55	0	0	2025000	110000	eu:mariosstylianou	ESTIMATED
P	eu_cyprus	2	Apollon Limassol	7	Gastón Sangoy	1	32	63	Unknown	69	59	64	55	0	0	1521000	80000	eu:gastonsangoy	ESTIMATED
P	eu_cyprus	2	Apollon Limassol	8	Mustapha Bangura	2	20	68	Unknown	69	74	70	55	0	0	2916000	160000	eu:mustaphabangura	SEASON_APPS_EST_RATING
P	eu_cyprus	2	Apollon Limassol	9	Haris Handžić	2	32	64	Unknown	71	67	66	55	0	0	1764000	90000	eu:harishandzic	ESTIMATED
P	eu_cyprus	2	Apollon Limassol	10	Camel Meriem	2	27	66	Unknown	74	66	65	55	0	0	2304000	120000	eu:camelmeriem	ESTIMATED
P	eu_cyprus	2	Apollon Limassol	11	Nuno Lopes	2	21	61	Unknown	69	59	62	55	0	0	1089000	60000	eu:nunolopes	ESTIMATED
P	eu_cyprus	2	Apollon Limassol	12	Costas Maris	2	29	64	Unknown	72	62	64	55	0	0	1764000	90000	eu:costasmaris	ESTIMATED
P	eu_cyprus	2	Apollon Limassol	13	Jatto Ceesay	2	24	64	Unknown	58	66	62	55	0	0	1764000	90000	eu:jattoceesay	ESTIMATED
P	eu_cyprus	2	Apollon Limassol	14	Richard Kingson	2	22	64	Unknown	68	67	70	55	0	0	1764000	90000	eu:richardkingson	ESTIMATED
T	eu_cyprus	3	Omonia Nicosia	-1		-1	2010	0	Cyprus	0	0	0	55	55	2	0	0	eu_cyprus:3	REGISTRY
P	eu_cyprus	3	Omonia Nicosia	0	Stefanos Kotsolis	0	20	67	Unknown	75	71	65	55	0	0	2601000	140000	eu:stefanoskotsolis	ESTIMATED
P	eu_cyprus	3	Omonia Nicosia	1	Antonis Georgallidis	0	28	66	Unknown	70	59	69	55	0	0	2304000	120000	eu:antonisgeorgallidis	SEASON_APPS_EST_RATING
P	eu_cyprus	3	Omonia Nicosia	2	Georgios Loizou	1	30	64	Unknown	65	60	59	55	0	0	1764000	90000	eu:georgiosloizou	ESTIMATED
P	eu_cyprus	3	Omonia Nicosia	3	Dragoslav Jevrić	0	36	66	Unknown	57	61	62	55	0	0	2304000	120000	eu:dragoslavjevric	SEASON_APPS_EST_RATING
P	eu_cyprus	3	Omonia Nicosia	4	Iago Bouzón	1	27	68	Unknown	72	67	66	55	0	0	2916000	160000	eu:iagobouzon	SEASON_APPS_EST_RATING
P	eu_cyprus	3	Omonia Nicosia	5	Christos Karypidis	1	27	65	Unknown	61	67	70	55	0	0	2025000	110000	eu:christoskarypidis	SEASON_APPS_EST_RATING
P	eu_cyprus	3	Omonia Nicosia	6	Rasheed Alabi	1	31	62	Unknown	60	55	57	55	0	0	1296000	70000	eu:rasheedalabi	ESTIMATED
P	eu_cyprus	3	Omonia Nicosia	7	Timo Wenzel	1	32	66	Unknown	59	65	66	55	0	0	2304000	120000	eu:timowenzel	SEASON_APPS_EST_RATING
P	eu_cyprus	3	Omonia Nicosia	8	Elias Charalambous	1	29	70	Unknown	76	64	67	55	0	0	3600000	200000	eu:eliascharalambous	SEASON_APPS_EST_RATING
P	eu_cyprus	3	Omonia Nicosia	9	Víctor Espasandín	1	25	65	Unknown	58	69	65	55	0	0	2025000	110000	eu:victorespasandin	SEASON_APPS_EST_RATING
P	eu_cyprus	3	Omonia Nicosia	10	Yuval Shpungin	1	23	66	Unknown	60	67	71	55	0	0	2304000	120000	eu:yuvalshpungin	SEASON_APPS_EST_RATING
P	eu_cyprus	3	Omonia Nicosia	11	Davidson Morais	1	29	65	Unknown	60	57	60	55	0	0	2025000	110000	eu:davidsonmorais	SEASON_APPS_EST_RATING
P	eu_cyprus	3	Omonia Nicosia	12	Noel Kaseke	2	29	65	Unknown	73	68	59	55	0	0	2025000	110000	eu:noelkaseke	SEASON_APPS_EST_RATING
P	eu_cyprus	3	Omonia Nicosia	13	Dimitrios Grammozis	2	32	66	Unknown	64	67	66	55	0	0	2304000	120000	eu:dimitriosgrammozis	SEASON_APPS_EST_RATING
P	eu_cyprus	3	Omonia Nicosia	14	Konstantinos Makridis	2	28	70	Unknown	77	64	66	55	0	0	3600000	200000	eu:konstantinosmakridis	SEASON_APPS_EST_RATING
P	eu_cyprus	3	Omonia Nicosia	15	Bruno Aguiar	2	29	69	Unknown	72	71	71	55	0	0	3249000	180000	eu:brunoaguiar	SEASON_APPS_EST_RATING
P	eu_cyprus	3	Omonia Nicosia	16	José Manuel Rueda	2	22	67	Unknown	72	70	67	55	0	0	2601000	140000	eu:josemanuelrueda	SEASON_APPS_EST_RATING
P	eu_cyprus	3	Omonia Nicosia	17	Andreas Avraam	3	23	68	Unknown	77	61	65	55	0	0	2916000	160000	eu:andreasavraam	SEASON_APPS_EST_RATING
P	eu_cyprus	3	Omonia Nicosia	18	Stathis Aloneftis	2	27	66	Unknown	72	63	62	55	0	0	2304000	120000	eu:stathisaloneftis	SEASON_APPS_EST_RATING
P	eu_cyprus	3	Omonia Nicosia	19	Giorgos Efrem	2	21	69	Unknown	68	67	66	55	0	0	3249000	180000	eu:giorgosefrem	SEASON_APPS_EST_RATING
P	eu_cyprus	3	Omonia Nicosia	20	Dimitris Christofi	3	21	66	Unknown	66	62	60	55	0	0	2304000	120000	eu:dimitrischristofi	SEASON_APPS_EST_RATING
P	eu_cyprus	3	Omonia Nicosia	21	Lomana LuaLua	3	29	65	Unknown	55	61	63	55	0	0	2025000	110000	eu:lomanalualua	SEASON_APPS_EST_RATING
P	eu_cyprus	3	Omonia Nicosia	22	Hernán Rengifo	3	27	65	Unknown	55	59	62	55	0	0	2025000	110000	eu:hernanrengifo	SEASON_APPS_EST_RATING
P	eu_cyprus	3	Omonia Nicosia	23	Michalis Konstantinou	3	32	67	Unknown	69	73	66	55	0	0	2601000	140000	eu:michaliskonstantinou	SEASON_APPS_EST_RATING
T	eu_cyprus	4	Anorthosis Famagusta	-1		-1	2010	0	Cyprus	0	0	0	55	55	2	0	0	eu_cyprus:4	REGISTRY
P	eu_cyprus	4	Anorthosis Famagusta	0	Matuš Kozáčik	0	26	70	Unknown	72	63	75	55	0	0	3600000	200000	eu:matuskozacik	SEASON_APPS_EST_RATING
P	eu_cyprus	4	Anorthosis Famagusta	1	Wojciech Kowalewski	0	33	66	Unknown	55	58	62	55	0	0	2304000	120000	eu:wojciechkowalewski	SEASON_APPS_EST_RATING
P	eu_cyprus	4	Anorthosis Famagusta	2	Gavriil Konstantinou	1	31	67	Unknown	71	66	63	55	0	0	2601000	140000	eu:gavriilkonstantinou	ESTIMATED
P	eu_cyprus	4	Anorthosis Famagusta	3	Nikolas Asprogenous	1	22	64	Unknown	57	59	69	55	0	0	1764000	90000	eu:nikolasasprogenous	ESTIMATED
P	eu_cyprus	4	Anorthosis Famagusta	4	Marcos Argüello	0	29	66	Unknown	59	69	57	55	0	0	2304000	120000	eu:marcosarguello	SEASON_APPS_EST_RATING
P	eu_cyprus	4	Anorthosis Famagusta	5	Civard Sprockel	1	27	65	Unknown	64	71	67	55	0	0	2025000	110000	eu:civardsprockel	SEASON_APPS_EST_RATING
P	eu_cyprus	4	Anorthosis Famagusta	6	Pablo Frontini	2	26	65	Unknown	56	72	65	55	0	0	2025000	110000	eu:pablofrontini	SEASON_APPS_EST_RATING
P	eu_cyprus	4	Anorthosis Famagusta	7	Georgios Georgiou	1	30	66	Unknown	61	64	72	55	0	0	2304000	120000	eu:georgiosgeorgiou	SEASON_APPS_EST_RATING
P	eu_cyprus	4	Anorthosis Famagusta	8	Jürgen Colin	1	29	69	Unknown	71	63	66	55	0	0	3249000	180000	eu:jurgencolin	SEASON_APPS_EST_RATING
P	eu_cyprus	4	Anorthosis Famagusta	9	Nikolaos Katsavakis	1	31	67	Unknown	69	60	68	55	0	0	2601000	140000	eu:nikolaoskatsavakis	SEASON_APPS_EST_RATING
P	eu_cyprus	4	Anorthosis Famagusta	10	Valentinos Sielis	1	20	65	Unknown	70	63	65	55	0	0	2025000	110000	eu:valentinossielis	SEASON_APPS_EST_RATING
P	eu_cyprus	4	Anorthosis Famagusta	11	Vincent Laban	2	25	66	Unknown	63	63	65	55	0	0	2304000	120000	eu:vincentlaban	SEASON_APPS_EST_RATING
P	eu_cyprus	4	Anorthosis Famagusta	12	Ricardo Laborde	2	22	67	Unknown	72	73	61	55	0	0	2601000	140000	eu:ricardolaborde	SEASON_APPS_EST_RATING
P	eu_cyprus	4	Anorthosis Famagusta	13	Hawar Mulla Mohammed	2	33	63	Unknown	68	59	64	55	0	0	1521000	80000	eu:hawarmullamohammed	ESTIMATED
P	eu_cyprus	4	Anorthosis Famagusta	14	Cafu	3	32	66	Unknown	57	65	59	55	0	0	2304000	120000	eu:cafu	SEASON_APPS_EST_RATING
P	eu_cyprus	4	Anorthosis Famagusta	15	Semedo	3	28	62	Unknown	60	58	63	55	0	0	1296000	70000	eu:semedo	ESTIMATED
P	eu_cyprus	4	Anorthosis Famagusta	16	Andreas Makris	3	29	62	Unknown	68	69	59	55	0	0	1296000	70000	eu:andreasmakris	ESTIMATED
T	eu_czech	0	Slavia Praha	-1		-1	2010	0	Czech	0	0	0	55	55	2	0	0	eu_czech:0	REGISTRY
P	eu_czech	0	Slavia Praha	0	Stanislav Vlček	3	34	73	Unknown	63	64	74	55	0	0	4761000	260000	eu:stanislavvlcek	SEASON_APPS_FIFA11
P	eu_czech	0	Slavia Praha	1	Jaroslav Černý	2	31	70	Unknown	62	68	60	55	0	0	3600000	200000	eu:jaroslavcerny	SEASON_APPS_FIFA11
P	eu_czech	0	Slavia Praha	2	Lukáš Jarolím	2	34	70	Unknown	62	81	52	55	0	0	3600000	200000	eu:lukasjarolim	SEASON_APPS_FIFA11
P	eu_czech	0	Slavia Praha	3	Adam Hloušek	2	21	67	Unknown	77	62	62	55	0	0	2601000	140000	eu:adamhlousek	SEASON_APPS_FIFA11
P	eu_czech	0	Slavia Praha	4	David Hubáček	1	33	71	Unknown	73	50	66	55	0	0	3969000	220000	eu:davidhubacek	SEASON_APPS_FIFA11
P	eu_czech	0	Slavia Praha	5	Karol Kisel	2	33	70	Unknown	78	68	65	55	0	0	3600000	200000	eu:karolkisel	SEASON_APPS_FIFA11
P	eu_czech	0	Slavia Praha	6	Tijani Belaïd	2	22	67	Unknown	66	70	44	55	0	0	2601000	140000	eu:tijanibelaid	SEASON_APPS_FIFA11
P	eu_czech	0	Slavia Praha	7	Benjamin Vomáčka	1	32	67	Unknown	78	38	61	55	0	0	2601000	140000	eu:benjaminvomacka	SEASON_APPS_FIFA11
P	eu_czech	0	Slavia Praha	8	Hocine Ragued	2	27	67	Unknown	67	72	50	55	0	0	2601000	140000	eu:hocineragued	SEASON_APPS_FIFA11
P	eu_czech	0	Slavia Praha	9	Josef Kaufman	1	26	67	Unknown	71	64	61	55	0	0	2601000	140000	eu:josefkaufman	SEASON_APPS_FIFA11
P	eu_czech	0	Slavia Praha	10	Petr Janda	2	23	71	Unknown	70	62	59	55	0	0	3969000	220000	eu:petrjanda	SEASON_APPS_FIFA11
P	eu_czech	0	Slavia Praha	11	Milan Černý	2	22	71	Unknown	60	70	47	55	0	0	3969000	220000	eu:milancerny	SEASON_APPS_FIFA11
P	eu_czech	0	Slavia Praha	12	Petr Trapp	2	24	67	Unknown	68	45	61	55	0	0	2601000	140000	eu:petrtrapp	SEASON_APPS_FIFA11
P	eu_czech	0	Slavia Praha	13	Jiří Koubský	1	27	67	Unknown	67	42	59	55	0	0	2601000	140000	eu:jirikoubsky	SEASON_APPS_FIFA11
P	eu_czech	0	Slavia Praha	14	Martin Vaniak	0	39	70	Unknown	72	58	69	55	0	0	3600000	200000	eu:martinvaniak	SEASON_APPS_EST_RATING
P	eu_czech	0	Slavia Praha	15	Ondřej Čelůstka	1	21	71	Unknown	66	68	60	55	0	0	3969000	220000	eu:ondrejcelustka	SEASON_APPS_EST_RATING
P	eu_czech	0	Slavia Praha	16	Jakub Hora	3	19	71	Unknown	66	76	66	55	0	0	3969000	220000	eu:jakubhora:23021991	SEASON_ARCHIVE_EST_RATING
P	eu_czech	0	Slavia Praha	17	Štěpán Koreš	2	21	70	Unknown	66	69	74	55	0	0	3600000	200000	eu:stepankores:14021989	SEASON_ARCHIVE_EST_RATING
T	eu_czech	1	Slovan Liberec	-1		-1	2010	0	Czech	0	0	0	55	55	2	0	0	eu_czech:1	REGISTRY
P	eu_czech	1	Slovan Liberec	0	Jiří Štajner	3	34	74	Unknown	75	68	65	55	0	0	5184000	280000	eu:jiristajner	SEASON_APPS_FIFA11
P	eu_czech	1	Slovan Liberec	1	Andrej Kerić	3	24	72	Unknown	73	39	74	55	0	0	4356000	240000	eu:andrejkeric	SEASON_APPS_FIFA11
P	eu_czech	1	Slovan Liberec	2	Jan Nezmar	3	33	72	Unknown	68	72	71	55	0	0	4356000	240000	eu:jannezmar	SEASON_APPS_FIFA11
P	eu_czech	1	Slovan Liberec	3	Miroslav Holeňák	1	34	72	Unknown	75	44	74	55	0	0	4356000	240000	eu:miroslavholenak	SEASON_APPS_FIFA11
P	eu_czech	1	Slovan Liberec	4	Petr Papoušek	2	33	72	Unknown	89	43	67	55	0	0	4356000	240000	eu:petrpapousek	SEASON_APPS_FIFA11
P	eu_czech	1	Slovan Liberec	5	Lovre Vulin	1	25	65	Unknown	71	48	60	55	0	0	2025000	110000	eu:lovrevulin	SEASON_APPS_FIFA11
P	eu_czech	1	Slovan Liberec	6	Miloš Bosančić	2	22	66	Unknown	70	52	56	55	0	0	2304000	120000	eu:milosbosancic	SEASON_APPS_FIFA11
P	eu_czech	1	Slovan Liberec	7	Marcel Gecov	2	22	68	Unknown	53	68	46	55	0	0	2916000	160000	eu:marcelgecov	SEASON_APPS_FIFA11
P	eu_czech	1	Slovan Liberec	8	Lukáš Vácha	2	21	68	Unknown	67	40	56	55	0	0	2916000	160000	eu:lukasvacha	SEASON_APPS_FIFA11
P	eu_czech	1	Slovan Liberec	9	Theodor Gebre Selassie	1	23	68	Unknown	66	66	48	55	0	0	2916000	160000	eu:theodorgebreselassie	SEASON_APPS_FIFA11
P	eu_czech	1	Slovan Liberec	10	Jiří Liška	2	28	64	Unknown	73	48	55	55	0	0	1764000	90000	eu:jiriliska	SEASON_APPS_FIFA11
P	eu_czech	1	Slovan Liberec	11	Ján Vlasko	2	20	64	Unknown	55	58	45	55	0	0	1764000	90000	eu:janvlasko	SEASON_APPS_FIFA11
P	eu_czech	1	Slovan Liberec	12	Radek Dejmek	1	22	67	Unknown	74	66	43	55	0	0	2601000	140000	eu:radekdejmek	SEASON_APPS_FIFA11
P	eu_czech	1	Slovan Liberec	13	Renato Kelić	1	19	67	Unknown	65	54	38	55	0	0	2601000	140000	eu:renatokelic	SEASON_APPS_FIFA11
P	eu_czech	1	Slovan Liberec	14	David Bičík	0	29	70	Unknown	59	67	62	55	0	0	3600000	200000	eu:davidbicik	SEASON_APPS_EST_RATING
P	eu_czech	1	Slovan Liberec	15	Bořek Dočkal	2	21	68	Unknown	76	65	62	55	0	0	2916000	160000	eu:borekdockal	SEASON_APPS_EST_RATING
P	eu_czech	1	Slovan Liberec	16	Jiří Fleišman	1	25	68	Unknown	62	69	72	55	0	0	2916000	160000	eu:jirifleisman:02101984	SEASON_ARCHIVE_EST_RATING
P	eu_czech	1	Slovan Liberec	17	Michal Breznaník	1	24	67	Unknown	71	67	62	55	0	0	2601000	140000	eu:michalbreznanik:16121985	SEASON_ARCHIVE_EST_RATING
T	eu_czech	2	Sparta Praha	-1		-1	2010	0	Czech	0	0	0	55	55	2	0	0	eu_czech:2	REGISTRY
P	eu_czech	2	Sparta Praha	0	Tomáš Řepka	1	36	78	Unknown	65	81	61	55	0	0	7056000	390000	eu:tomasrepka	SEASON_APPS_FIFA11
P	eu_czech	2	Sparta Praha	1	Bony Wilfried	3	25	74	Unknown	83	75	71	55	0	0	5184000	280000	eu:bonywilfried	FIFA11_RATING_EST_AGE_ECONOMY
P	eu_czech	2	Sparta Praha	2	Erich Brabec	1	33	75	Unknown	69	72	65	55	0	0	5625000	310000	eu:erichbrabec	SEASON_APPS_FIFA11
P	eu_czech	2	Sparta Praha	3	Libor Sionko	2	33	74	Unknown	79	82	61	55	0	0	5184000	280000	eu:liborsionko	SEASON_APPS_FIFA11
P	eu_czech	2	Sparta Praha	4	Igor Žofčák	2	27	70	Unknown	59	60	73	55	0	0	3600000	200000	eu:igorzofcak	SEASON_APPS_FIFA11
P	eu_czech	2	Sparta Praha	5	Štěpán Vachoušek	3	31	70	Unknown	73	60	64	55	0	0	3600000	200000	eu:stepanvachousek	SEASON_APPS_FIFA11
P	eu_czech	2	Sparta Praha	6	Marek Matějovský	2	28	74	Unknown	73	67	69	55	0	0	5184000	280000	eu:marekmatejovsky	SEASON_APPS_FIFA11
P	eu_czech	2	Sparta Praha	7	Léonard Kweuke	3	23	74	Unknown	76	64	66	55	0	0	5184000	280000	eu:leonardkweuke	SEASON_APPS_FIFA11
P	eu_czech	2	Sparta Praha	8	Jiří Kladrubský	2	24	73	Unknown	62	72	55	55	0	0	4761000	260000	eu:jirikladrubsky	SEASON_APPS_FIFA11
P	eu_czech	2	Sparta Praha	9	Juraj Kucka	2	23	71	Unknown	75	56	65	55	0	0	3969000	220000	eu:jurajkucka	SEASON_APPS_FIFA11
P	eu_czech	2	Sparta Praha	10	Luboš Hušek	2	26	67	Unknown	73	65	67	55	0	0	2601000	140000	eu:luboshusek	SEASON_APPS_FIFA11
P	eu_czech	2	Sparta Praha	11	Martin Zeman	2	21	70	Unknown	68	64	51	55	0	0	3600000	200000	eu:martinzeman	SEASON_APPS_FIFA11
P	eu_czech	2	Sparta Praha	12	Manuel Pamić	1	23	75	Unknown	71	50	65	55	0	0	5625000	310000	eu:manuelpamic	SEASON_APPS_FIFA11
P	eu_czech	2	Sparta Praha	13	Ondřej Kušnír	1	26	70	Unknown	74	44	62	55	0	0	3600000	200000	eu:ondrejkusnir	SEASON_APPS_FIFA11
P	eu_czech	2	Sparta Praha	14	Kamil Vacek	2	23	73	Unknown	76	54	60	55	0	0	4761000	260000	eu:kamilvacek	SEASON_APPS_FIFA11
P	eu_czech	2	Sparta Praha	15	Niklas Hoheneder	1	23	71	Unknown	64	54	57	55	0	0	3969000	220000	eu:niklashoheneder	SEASON_APPS_FIFA11
P	eu_czech	2	Sparta Praha	16	Václav Kadlec	3	18	74	Unknown	67	64	55	55	0	0	5184000	280000	eu:vaclavkadlec	SEASON_APPS_FIFA11
P	eu_czech	2	Sparta Praha	17	Jiří Jeslínek	3	22	68	Unknown	69	50	57	55	0	0	2916000	160000	eu:jirijeslinek	SEASON_APPS_FIFA11
P	eu_czech	2	Sparta Praha	18	Miloš Lačný	3	22	69	Unknown	70	51	60	55	0	0	3249000	180000	eu:miloslacny	SEASON_APPS_FIFA11
P	eu_czech	2	Sparta Praha	19	Jan Krob	1	23	67	Unknown	77	46	56	55	0	0	2601000	140000	eu:jankrob	SEASON_APPS_FIFA11
P	eu_czech	2	Sparta Praha	20	Martin Jirouš	3	23	67	Unknown	58	54	53	55	0	0	2601000	140000	eu:martinjirous	SEASON_APPS_FIFA11
P	eu_czech	2	Sparta Praha	21	Lukáš Hejda	1	20	69	Unknown	61	49	48	55	0	0	3249000	180000	eu:lukashejda	SEASON_APPS_FIFA11
P	eu_czech	2	Sparta Praha	22	Jaromír Blažek	0	37	76	Unknown	74	75	75	55	0	0	6084000	330000	eu:jaromirblazek:29121972	SEASON_ARCHIVE_EST_RATING
P	eu_czech	2	Sparta Praha	23	Daniel Zítka	0	35	69	Unknown	68	68	66	55	0	0	3249000	180000	eu:danielzitka:20061975	SEASON_ARCHIVE_EST_RATING
P	eu_czech	2	Sparta Praha	24	Jakub Podaný	2	23	72	Unknown	65	67	75	55	0	0	4356000	240000	eu:jakubpodany:15061987	SEASON_ARCHIVE_EST_RATING
T	eu_czech	3	Viktoria Plzeň	-1		-1	2010	0	Czech	0	0	0	55	55	2	0	0	eu_czech:3	REGISTRY
P	eu_czech	3	Viktoria Plzeň	0	Pavel Horváth	2	35	71	Unknown	73	70	61	55	0	0	3969000	220000	eu:pavelhorvath	SEASON_APPS_FIFA11
P	eu_czech	3	Viktoria Plzeň	1	Daniel Kolář	2	24	71	Unknown	69	70	69	55	0	0	3969000	220000	eu:danielkolar	SEASON_APPS_FIFA11
P	eu_czech	3	Viktoria Plzeň	2	David Limberský	1	26	71	Unknown	68	66	50	55	0	0	3969000	220000	eu:davidlimbersky	SEASON_APPS_FIFA11
P	eu_czech	3	Viktoria Plzeň	3	Tomáš Rada	2	26	69	Unknown	70	66	57	55	0	0	3249000	180000	eu:tomasrada	SEASON_APPS_FIFA11
P	eu_czech	3	Viktoria Plzeň	4	David Bystroň	1	27	71	Unknown	77	50	70	55	0	0	3969000	220000	eu:davidbystron	SEASON_APPS_FIFA11
P	eu_czech	3	Viktoria Plzeň	5	František Rajtoral	1	24	71	Unknown	71	64	67	55	0	0	3969000	220000	eu:frantisekrajtoral	SEASON_APPS_FIFA11
P	eu_czech	3	Viktoria Plzeň	6	Jan Rezek	3	28	72	Unknown	68	70	54	55	0	0	4356000	240000	eu:janrezek	SEASON_APPS_FIFA11
P	eu_czech	3	Viktoria Plzeň	7	David Střihavka	3	27	67	Unknown	66	62	65	55	0	0	2601000	140000	eu:davidstrihavka	SEASON_APPS_FIFA11
P	eu_czech	3	Viktoria Plzeň	8	Milan Petržela	2	27	71	Unknown	70	64	66	55	0	0	3969000	220000	eu:milanpetrzela	SEASON_APPS_FIFA11
P	eu_czech	3	Viktoria Plzeň	9	Petr Jiráček	2	24	71	Unknown	70	62	64	55	0	0	3969000	220000	eu:petrjiracek	SEASON_APPS_FIFA11
P	eu_czech	3	Viktoria Plzeň	10	Jakub Navrátil	1	26	68	Unknown	68	68	48	55	0	0	2916000	160000	eu:jakubnavratil	SEASON_APPS_FIFA11
P	eu_czech	3	Viktoria Plzeň	11	Marek Bakoš	3	27	70	Unknown	58	62	58	55	0	0	3600000	200000	eu:marekbakos	SEASON_APPS_FIFA11
P	eu_czech	3	Viktoria Plzeň	12	František Ševinský	1	31	68	Unknown	66	64	48	55	0	0	2916000	160000	eu:frantiseksevinsky	SEASON_APPS_FIFA11
P	eu_czech	3	Viktoria Plzeň	13	Antonín Presl	3	30	56	Unknown	64	46	56	55	0	0	324000	50000	eu:antoninpresl	FIFA11_RATING_EST_AGE_ECONOMY
P	eu_czech	3	Viktoria Plzeň	14	Roman Pavlík	0	34	70	Unknown	63	64	56	55	0	0	3600000	200000	eu:romanpavlik	SEASON_APPS_EST_RATING
P	eu_czech	3	Viktoria Plzeň	15	Michal Ďuriš	3	22	69	Unknown	77	71	64	55	0	0	3249000	180000	eu:michalduris	SEASON_APPS_EST_RATING
T	eu_czech	4	FK Jablonec	-1		-1	2010	0	Czech	0	0	0	55	55	2	0	0	eu_czech:4	REGISTRY
P	eu_czech	4	FK Jablonec	0	David Lafata	3	28	71	Unknown	69	62	70	55	0	0	3969000	220000	eu:davidlafata	SEASON_APPS_EST_RATING
P	eu_czech	4	FK Jablonec	1	Pavel Drsek	1	33	69	Unknown	69	69	64	55	0	0	3249000	180000	eu:paveldrsek	SEASON_APPS_EST_RATING
P	eu_czech	4	FK Jablonec	2	Matej Krajčík	1	32	67	Unknown	53	63	64	55	0	0	2601000	140000	eu:matejkrajcik	SEASON_APPS_EST_RATING
P	eu_czech	4	FK Jablonec	3	Karel Piták	2	30	71	Unknown	62	63	68	55	0	0	3969000	220000	eu:karelpitak	SEASON_APPS_EST_RATING
P	eu_czech	4	FK Jablonec	4	Luboš Loučka	2	27	71	Unknown	71	72	60	55	0	0	3969000	220000	eu:lubosloucka	SEASON_APPS_EST_RATING
P	eu_czech	4	FK Jablonec	5	Tomáš Pekhart	3	21	69	Unknown	68	67	70	55	0	0	3249000	180000	eu:tomaspekhart	SEASON_APPS_EST_RATING
P	eu_czech	4	FK Jablonec	6	Tomáš Jablonský	1	23	71	Unknown	67	68	73	55	0	0	3969000	220000	eu:tomasjablonsky	SEASON_APPS_EST_RATING
P	eu_czech	4	FK Jablonec	7	Michal Špit	0	35	70	Unknown	69	62	69	55	0	0	3600000	200000	eu:michalspit	SEASON_APPS_EST_RATING
P	eu_czech	4	FK Jablonec	8	Petr Pavlík	2	32	71	Unknown	66	66	59	55	0	0	3969000	220000	eu:petrpavlik	SEASON_APPS_EST_RATING
P	eu_czech	4	FK Jablonec	9	Jan Kovařík	3	22	71	Unknown	65	71	64	55	0	0	3969000	220000	eu:jankovarik	SEASON_APPS_EST_RATING
P	eu_czech	4	FK Jablonec	10	Marek Jarolím	2	26	71	Unknown	71	66	68	55	0	0	3969000	220000	eu:marekjarolim	SEASON_APPS_EST_RATING
P	eu_czech	4	FK Jablonec	11	Tomáš Čížek	2	32	62	Unknown	70	60	65	55	0	0	1296000	70000	eu:tomascizek	ESTIMATED
P	eu_czech	4	FK Jablonec	12	Jan Vošahlík	3	21	71	Unknown	72	70	66	55	0	0	3969000	220000	eu:janvosahlik	SEASON_APPS_EST_RATING
P	eu_czech	4	FK Jablonec	13	Vít Beneš	1	21	68	Unknown	72	65	65	55	0	0	2916000	160000	eu:vitbenes	SEASON_APPS_EST_RATING
P	eu_czech	4	FK Jablonec	14	Ondřej Vaněk	2	20	67	Unknown	60	74	71	55	0	0	2601000	140000	eu:ondrejvanek	SEASON_APPS_EST_RATING
P	eu_czech	4	FK Jablonec	15	Jiří Valenta	3	22	67	Unknown	66	67	63	55	0	0	2601000	140000	eu:jirivalenta	ESTIMATED
P	eu_czech	4	FK Jablonec	16	Pavel Eliáš	2	23	70	Unknown	73	69	72	55	0	0	3600000	200000	eu:pavelelias:26111986	SEASON_ARCHIVE_EST_RATING
P	eu_czech	4	FK Jablonec	17	Anes Haurdič	2	20	68	Unknown	73	64	73	55	0	0	2916000	160000	eu:aneshaurdic:01031990	SEASON_ARCHIVE_EST_RATING
T	eu_denmark	0	AaB Aalborg	-1		-1	2010	0	Denmark	0	0	0	55	55	2	0	0	eu_denmark:0	REGISTRY
P	eu_denmark	0	AaB Aalborg	0	Kjetil Wæhler	1	34	73	Unknown	68	78	63	55	0	0	4761000	260000	eu:kjetilwhler	SEASON_APPS_FIFA11
P	eu_denmark	0	AaB Aalborg	1	Kasper Bøgelund	1	29	69	Unknown	77	56	66	55	0	0	3249000	180000	eu:kasperbgelund	SEASON_APPS_FIFA11
P	eu_denmark	0	AaB Aalborg	2	Jeppe Curth	3	26	68	Unknown	76	55	68	55	0	0	2916000	160000	eu:jeppecurth	SEASON_APPS_FIFA11
P	eu_denmark	0	AaB Aalborg	3	Rasmus Würtz	2	26	69	Unknown	65	36	66	55	0	0	3249000	180000	eu:rasmuswurtz	SEASON_APPS_FIFA11
P	eu_denmark	0	AaB Aalborg	4	Patrick Kristensen	2	23	66	Unknown	72	62	55	55	0	0	2304000	120000	eu:patrickkristensen	SEASON_APPS_FIFA11
P	eu_denmark	0	AaB Aalborg	5	Lasse Nielsen	1	22	68	Unknown	59	68	59	55	0	0	2916000	160000	eu:lassenielsen	SEASON_APPS_FIFA11
P	eu_denmark	0	AaB Aalborg	6	Marcus Tracy	3	23	64	Unknown	71	61	62	55	0	0	1764000	90000	eu:marcustracy	SEASON_APPS_FIFA11
P	eu_denmark	0	AaB Aalborg	7	Dennis Marshall	1	24	66	Unknown	68	71	54	55	0	0	2304000	120000	eu:dennismarshall	SEASON_APPS_FIFA11
P	eu_denmark	0	AaB Aalborg	8	Jones Kusi-Asare	3	30	63	Unknown	75	54	58	55	0	0	1521000	80000	eu:joneskusiasare	SEASON_APPS_FIFA11
P	eu_denmark	0	AaB Aalborg	9	Daniel Christensen	2	21	66	Unknown	58	53	57	55	0	0	2304000	120000	eu:danielchristensen	SEASON_APPS_FIFA11
P	eu_denmark	0	AaB Aalborg	10	Karim Zaza	0	35	70	Unknown	61	73	67	55	0	0	3600000	200000	eu:karimzaza	SEASON_APPS_EST_RATING
P	eu_denmark	0	AaB Aalborg	11	Mathias Wichmann	2	18	68	Unknown	72	61	61	55	0	0	2916000	160000	eu:mathiaswichmann	SEASON_APPS_EST_RATING
P	eu_denmark	0	AaB Aalborg	12	Louay Chanko	2	30	68	Unknown	61	62	66	55	0	0	2916000	160000	eu:louaychanko	SEASON_APPS_EST_RATING
P	eu_denmark	0	AaB Aalborg	13	Ronnie Schwartz	3	20	66	Unknown	71	70	61	55	0	0	2304000	120000	eu:ronnieschwartz	SEASON_APPS_EST_RATING
P	eu_denmark	0	AaB Aalborg	14	Nicklas Helenius	3	19	69	Unknown	64	64	72	55	0	0	3249000	180000	eu:nicklashelenius:08051991	SEASON_ARCHIVE_EST_RATING
P	eu_denmark	0	AaB Aalborg	15	Kenneth Petersen	1	25	67	Unknown	68	63	65	55	0	0	2601000	140000	eu:kennethpetersen:15011985	SEASON_ARCHIVE_EST_RATING
T	eu_denmark	1	Esbjerg fB	-1		-1	2010	0	Denmark	0	0	0	55	55	2	0	0	eu_denmark:1	REGISTRY
P	eu_denmark	1	Esbjerg fB	0	Tim Janssen	3	24	70	Unknown	73	76	60	55	0	0	3600000	200000	eu:timjanssen	SEASON_APPS_FIFA11
P	eu_denmark	1	Esbjerg fB	1	Jesper Lange	3	24	69	Unknown	67	60	67	55	0	0	3249000	180000	eu:jesperlange	SEASON_APPS_FIFA11
P	eu_denmark	1	Esbjerg fB	2	Søren Rieks	2	23	68	Unknown	74	38	66	55	0	0	2916000	160000	eu:srenrieks	SEASON_APPS_FIFA11
P	eu_denmark	1	Esbjerg fB	3	Nicolai Høgh	1	26	69	Unknown	63	64	52	55	0	0	3249000	180000	eu:nicolaihgh	SEASON_APPS_FIFA11
P	eu_denmark	1	Esbjerg fB	4	Jesper Jørgensen	2	26	67	Unknown	87	46	60	55	0	0	2601000	140000	eu:jesperjrgensen	SEASON_APPS_FIFA11
P	eu_denmark	1	Esbjerg fB	5	Kevin Conboy	1	22	69	Unknown	55	65	50	55	0	0	3249000	180000	eu:kevinconboy	SEASON_APPS_FIFA11
P	eu_denmark	1	Esbjerg fB	6	Peter Nymann	2	27	69	Unknown	62	66	63	55	0	0	3249000	180000	eu:peternymann	SEASON_APPS_FIFA11
P	eu_denmark	1	Esbjerg fB	7	Arnór Smárason	2	21	68	Unknown	60	73	49	55	0	0	2916000	160000	eu:arnorsmarason	SEASON_APPS_FIFA11
P	eu_denmark	1	Esbjerg fB	8	Fredrik Risp	1	29	68	Unknown	67	52	64	55	0	0	2916000	160000	eu:fredrikrisp	SEASON_APPS_FIFA11
P	eu_denmark	1	Esbjerg fB	9	Martin Fribrock	2	25	63	Unknown	70	54	61	55	0	0	1521000	80000	eu:martinfribrock	SEASON_APPS_FIFA11
P	eu_denmark	1	Esbjerg fB	10	Mikkel Vendelbo	2	22	70	Unknown	69	53	57	55	0	0	3600000	200000	eu:mikkelvendelbo	SEASON_APPS_FIFA11
P	eu_denmark	1	Esbjerg fB	11	Thomas Gaardsøe	2	31	65	Unknown	74	62	57	55	0	0	2025000	110000	eu:thomasgaardse	SEASON_APPS_FIFA11
P	eu_denmark	1	Esbjerg fB	12	Emmanuel Ukpai	3	22	63	Unknown	79	43	59	55	0	0	1521000	80000	eu:emmanuelukpai	SEASON_APPS_FIFA11
P	eu_denmark	1	Esbjerg fB	13	Jeppe Mehl	2	23	69	Unknown	63	60	55	55	0	0	3249000	180000	eu:jeppemehl	SEASON_APPS_FIFA11
P	eu_denmark	1	Esbjerg fB	14	Sebastian Andersen	2	21	66	Unknown	64	53	59	55	0	0	2304000	120000	eu:sebastianandersen	SEASON_APPS_FIFA11
P	eu_denmark	1	Esbjerg fB	15	Kevin Bechmann Timm	3	26	53	Unknown	63	64	47	55	0	0	250000	50000	eu:kevinbechmanntimm	FIFA11_RATING_EST_AGE_ECONOMY
P	eu_denmark	1	Esbjerg fB	16	Kian Hansen	1	21	67	Unknown	79	52	43	55	0	0	2601000	140000	eu:kianhansen	SEASON_APPS_FIFA11
P	eu_denmark	1	Esbjerg fB	17	Lars Winde	0	34	68	Unknown	70	63	66	55	0	0	2916000	160000	eu:larswinde:03121975	SEASON_ARCHIVE_EST_RATING
P	eu_denmark	1	Esbjerg fB	18	Lukas Hradecky	0	20	67	Unknown	71	72	65	55	0	0	2601000	140000	eu:lukashradecky:24111989	SEASON_ARCHIVE_EST_RATING
P	eu_denmark	1	Esbjerg fB	19	Jakob Ankersen	1	19	66	Unknown	72	72	68	55	0	0	2304000	120000	eu:jakobankersen:22091990	SEASON_ARCHIVE_EST_RATING
P	eu_denmark	1	Esbjerg fB	20	Martin Braithwaite	2	19	66	Unknown	64	71	66	55	0	0	2304000	120000	eu:martinbraithwaite:05061991	SEASON_ARCHIVE_EST_RATING
T	eu_denmark	2	FC Copenhagen	-1		-1	2010	0	Denmark	0	0	0	55	55	2	0	0	eu_denmark:2	REGISTRY
P	eu_denmark	2	FC Copenhagen	0	William Kvist	2	25	82	Unknown	85	73	81	55	0	0	9216000	510000	eu:williamkvist	SEASON_APPS_FIFA11
P	eu_denmark	2	FC Copenhagen	1	Jesper Grønkjær	2	32	81	Unknown	76	72	81	55	0	0	8649000	480000	eu:jespergrnkjr	SEASON_APPS_FIFA11
P	eu_denmark	2	FC Copenhagen	2	Dame N'Doye	3	25	80	Unknown	83	61	81	55	0	0	8100000	450000	eu:damendoye	SEASON_APPS_FIFA11
P	eu_denmark	2	FC Copenhagen	3	Oscar Wendt	1	24	75	Unknown	58	73	61	55	0	0	5625000	310000	eu:oscarwendt	SEASON_APPS_FIFA11
P	eu_denmark	2	FC Copenhagen	4	Sölvi Ottesen	1	26	74	Unknown	74	86	59	55	0	0	5184000	280000	eu:solviottesen	SEASON_APPS_FIFA11
P	eu_denmark	2	FC Copenhagen	5	Martin Vingaard	2	25	73	Unknown	71	68	70	55	0	0	4761000	260000	eu:martinvingaard	SEASON_APPS_FIFA11
P	eu_denmark	2	FC Copenhagen	6	Mathias Jørgensen	1	20	74	Unknown	85	65	67	55	0	0	5184000	280000	eu:mathiasjrgensen	SEASON_APPS_FIFA11
P	eu_denmark	2	FC Copenhagen	7	Zdeněk Pospěch	1	31	75	Unknown	74	69	65	55	0	0	5625000	310000	eu:zdenekpospech	SEASON_APPS_FIFA11
P	eu_denmark	2	FC Copenhagen	8	César Santin	3	29	74	Unknown	79	68	68	55	0	0	5184000	280000	eu:cesarsantin	SEASON_APPS_FIFA11
P	eu_denmark	2	FC Copenhagen	9	Mikael Antonsson	1	29	75	Unknown	68	80	64	55	0	0	5625000	310000	eu:mikaelantonsson	SEASON_APPS_FIFA11
P	eu_denmark	2	FC Copenhagen	10	Claudemir	2	22	75	Unknown	73	68	69	55	0	0	5625000	310000	eu:claudemir	SEASON_APPS_FIFA11
P	eu_denmark	2	FC Copenhagen	11	Cristian Bolaños	2	26	73	Unknown	78	46	70	55	0	0	4761000	260000	eu:cristianbolanos	SEASON_APPS_FIFA11
P	eu_denmark	2	FC Copenhagen	12	Martin Bergvold	2	26	71	Unknown	53	68	58	55	0	0	3969000	220000	eu:martinbergvold	SEASON_APPS_FIFA11
P	eu_denmark	2	FC Copenhagen	13	Morten Nordstrand	3	27	71	Unknown	72	77	69	55	0	0	3969000	220000	eu:mortennordstrand	SEASON_APPS_FIFA11
P	eu_denmark	2	FC Copenhagen	14	Hjalte Nørregaard	2	29	70	Unknown	70	63	61	55	0	0	3600000	200000	eu:hjaltenrregaard	SEASON_APPS_EST_RATING
P	eu_denmark	2	FC Copenhagen	15	Peter Larsson	1	26	70	Unknown	75	63	63	55	0	0	3600000	200000	eu:peterlarsson	SEASON_APPS_FIFA11
P	eu_denmark	2	FC Copenhagen	16	Thomas Kristensen	2	27	73	Unknown	54	76	59	55	0	0	4761000	260000	eu:thomaskristensen	SEASON_APPS_FIFA11
P	eu_denmark	2	FC Copenhagen	17	Thomas Delaney	2	18	70	Unknown	65	68	46	55	0	0	3600000	200000	eu:thomasdelaney	SEASON_APPS_FIFA11
P	eu_denmark	2	FC Copenhagen	18	Søren Frederiksen	3	20	67	Unknown	51	56	55	55	0	0	2601000	140000	eu:srenfrederiksen	SEASON_APPS_FIFA11
P	eu_denmark	2	FC Copenhagen	19	Johan Sellberg-Wiland	0	29	76	Unknown	70	74	73	55	0	0	6084000	330000	eu:johansellbergwiland:24011981	SEASON_ARCHIVE_EST_RATING
P	eu_denmark	2	FC Copenhagen	20	Kenneth Zohorè	3	16	71	Unknown	73	67	76	55	0	0	3969000	220000	eu:kennethzohore:31011994	SEASON_ARCHIVE_EST_RATING
T	eu_denmark	3	FC Nordsjælland	-1		-1	2010	0	Denmark	0	0	0	55	55	2	0	0	eu_denmark:3	REGISTRY
P	eu_denmark	3	FC Nordsjælland	0	Anders Due	2	28	69	Unknown	69	68	63	55	0	0	3249000	180000	eu:andersdue	SEASON_APPS_FIFA11
P	eu_denmark	3	FC Nordsjælland	1	Nicolai Stokholm	2	34	69	Unknown	65	66	60	55	0	0	3249000	180000	eu:nicolaistokholm	SEASON_APPS_FIFA11
P	eu_denmark	3	FC Nordsjælland	2	Andreas Laudrup	3	19	69	Unknown	59	48	60	55	0	0	3249000	180000	eu:andreaslaudrup	SEASON_APPS_FIFA11
P	eu_denmark	3	FC Nordsjælland	3	Michael Parkhurst	1	26	68	Unknown	65	46	64	55	0	0	2916000	160000	eu:michaelparkhurst	SEASON_APPS_FIFA11
P	eu_denmark	3	FC Nordsjælland	4	Rawez Lawan	3	22	68	Unknown	71	56	65	55	0	0	2916000	160000	eu:rawezlawan	SEASON_APPS_FIFA11
P	eu_denmark	3	FC Nordsjælland	5	Bajram Fetai	3	24	66	Unknown	81	59	59	55	0	0	2304000	120000	eu:bajramfetai	SEASON_APPS_FIFA11
P	eu_denmark	3	FC Nordsjælland	6	Patrice Bernier	2	30	68	Unknown	69	69	50	55	0	0	2916000	160000	eu:patricebernier	SEASON_APPS_FIFA11
P	eu_denmark	3	FC Nordsjælland	7	Andreas Bjelland	1	22	68	Unknown	65	44	57	55	0	0	2916000	160000	eu:andreasbjelland	SEASON_APPS_FIFA11
P	eu_denmark	3	FC Nordsjælland	8	Henrik Kildentoft	1	25	70	Unknown	63	62	57	55	0	0	3600000	200000	eu:henrikkildentoft	SEASON_APPS_FIFA11
P	eu_denmark	3	FC Nordsjælland	9	Pierre Bengtsson	1	22	67	Unknown	59	56	51	55	0	0	2601000	140000	eu:pierrebengtsson	SEASON_APPS_FIFA11
P	eu_denmark	3	FC Nordsjælland	10	Søren Christensen	2	23	68	Unknown	82	62	57	55	0	0	2916000	160000	eu:srenchristensen	SEASON_APPS_FIFA11
P	eu_denmark	3	FC Nordsjælland	11	Matti Lund Nielsen	2	22	69	Unknown	66	62	41	55	0	0	3249000	180000	eu:mattilundnielsen	SEASON_APPS_FIFA11
P	eu_denmark	3	FC Nordsjælland	12	Tobias Mikkelsen	3	23	69	Unknown	61	58	55	55	0	0	3249000	180000	eu:tobiasmikkelsen	SEASON_APPS_FIFA11
P	eu_denmark	3	FC Nordsjælland	13	Andreas Granskov	2	24	68	Unknown	62	61	62	55	0	0	2916000	160000	eu:andreasgranskov	ESTIMATED
P	eu_denmark	3	FC Nordsjælland	14	Mads Thomsen	3	21	63	Unknown	65	46	54	55	0	0	1521000	80000	eu:madsthomsen	SEASON_APPS_FIFA11
P	eu_denmark	3	FC Nordsjælland	15	Jesper Hansen	0	25	72	Unknown	76	71	71	55	0	0	4356000	240000	eu:jesperhansen:31031985	SEASON_ARCHIVE_EST_RATING
P	eu_denmark	3	FC Nordsjælland	16	David Jensen	0	18	64	Unknown	71	69	65	55	0	0	1764000	90000	eu:davidjensen:25031992	SEASON_ARCHIVE_EST_RATING
P	eu_denmark	3	FC Nordsjælland	17	Enoch Adu	2	19	70	Unknown	68	73	69	55	0	0	3600000	200000	eu:enochadu:14091990	SEASON_ARCHIVE_EST_RATING
P	eu_denmark	3	FC Nordsjælland	18	Andreas Granskov-Hansen	3	21	69	Unknown	67	72	71	55	0	0	3249000	180000	eu:andreasgranskovhansen:05031989	SEASON_ARCHIVE_EST_RATING
P	eu_denmark	3	FC Nordsjælland	19	Daniel Jensen	1	25	75	Unknown	78	74	75	55	0	0	5625000	310000	eu:danieljensen:08051985	SEASON_ARCHIVE_EST_RATING
P	eu_denmark	3	FC Nordsjælland	20	Christian Gytkjaer	3	20	67	Unknown	73	62	64	55	0	0	2601000	140000	eu:christiangytkjaer:06051990	SEASON_ARCHIVE_EST_RATING
T	eu_denmark	4	Odense BK	-1		-1	2010	0	Denmark	0	0	0	55	55	2	0	0	eu_denmark:4	REGISTRY
P	eu_denmark	4	Odense BK	0	Peter Utaka	3	26	73	Unknown	69	69	68	55	0	0	4761000	260000	eu:peterutaka	SEASON_APPS_FIFA11
P	eu_denmark	4	Odense BK	1	Eric Djemba-Djemba	2	29	72	Unknown	76	54	74	55	0	0	4356000	240000	eu:ericdjembadjemba	SEASON_APPS_FIFA11
P	eu_denmark	4	Odense BK	2	Atle Roar Håland	1	33	71	Unknown	59	72	57	55	0	0	3969000	220000	eu:atleroarhaland	SEASON_APPS_FIFA11
P	eu_denmark	4	Odense BK	3	Chris Sørensen	1	33	70	Unknown	88	73	60	55	0	0	3600000	200000	eu:chrissrensen	SEASON_APPS_FIFA11
P	eu_denmark	4	Odense BK	4	Espen Ruud	1	26	71	Unknown	65	54	70	55	0	0	3969000	220000	eu:espenruud	SEASON_APPS_FIFA11
P	eu_denmark	4	Odense BK	5	Johan Absalonsen	3	24	70	Unknown	61	70	56	55	0	0	3600000	200000	eu:johanabsalonsen	SEASON_APPS_FIFA11
P	eu_denmark	4	Odense BK	6	Anders Møller Christensen	1	33	71	Unknown	55	58	67	55	0	0	3969000	220000	eu:andersmllerchristensen	SEASON_APPS_EST_RATING
P	eu_denmark	4	Odense BK	7	Cacá	2	27	69	Unknown	82	54	66	55	0	0	3249000	180000	eu:caca	SEASON_APPS_FIFA11
P	eu_denmark	4	Odense BK	8	Andreas Johansson	2	32	69	Unknown	68	62	68	55	0	0	3249000	180000	eu:andreasjohansson	SEASON_APPS_FIFA11
P	eu_denmark	4	Odense BK	9	Hans Henrik Andreasen	2	31	71	Unknown	79	66	69	55	0	0	3969000	220000	eu:hanshenrikandreasen	SEASON_APPS_FIFA11
P	eu_denmark	4	Odense BK	10	Rurik Gíslason	2	22	68	Unknown	67	70	58	55	0	0	2916000	160000	eu:rurikgislason	SEASON_APPS_FIFA11
P	eu_denmark	4	Odense BK	11	Njogu Demba-Nyrén	3	31	67	Unknown	74	58	66	55	0	0	2601000	140000	eu:njogudembanyren	SEASON_APPS_FIFA11
P	eu_denmark	4	Odense BK	12	Jonas Troest	1	25	65	Unknown	64	68	44	55	0	0	2025000	110000	eu:jonastroest	SEASON_APPS_FIFA11
P	eu_denmark	4	Odense BK	13	Thomas Helveg	1	39	64	Unknown	73	69	61	55	0	0	1764000	90000	eu:thomashelveg	SEASON_APPS_FIFA11
P	eu_denmark	4	Odense BK	14	Henrik Toft	3	29	69	Unknown	74	55	56	55	0	0	3249000	180000	eu:henriktoft	SEASON_APPS_FIFA11
P	eu_denmark	4	Odense BK	15	Timmi Johansen	1	23	63	Unknown	59	58	59	55	0	0	1521000	80000	eu:timmijohansen	SEASON_APPS_FIFA11
P	eu_denmark	4	Odense BK	16	Roy Carroll	0	32	68	Unknown	73	67	63	55	0	0	2916000	160000	eu:roycarroll:30091977	SEASON_ARCHIVE_EST_RATING
P	eu_denmark	4	Odense BK	17	Stefan Wessels	0	31	66	Unknown	72	65	62	55	0	0	2304000	120000	eu:stefanwessels:28021979	SEASON_ARCHIVE_EST_RATING
P	eu_denmark	4	Odense BK	18	Kalilou Traoré	2	22	69	Unknown	63	67	64	55	0	0	3249000	180000	eu:kaliloutraore:09091987	SEASON_ARCHIVE_EST_RATING
P	eu_denmark	4	Odense BK	19	Bashkim Kadrii	3	19	68	Unknown	75	72	63	55	0	0	2916000	160000	eu:bashkimkadrii:09071991	SEASON_ARCHIVE_EST_RATING
P	eu_denmark	4	Odense BK	20	Oliver Feldballe	3	20	67	Unknown	64	66	65	55	0	0	2601000	140000	eu:oliverfeldballe:03041990	SEASON_ARCHIVE_EST_RATING
T	eu_denmark	5	Brøndby IF	-1		-1	2010	0	Denmark	0	0	0	55	55	2	0	0	eu_denmark:5	REGISTRY
P	eu_denmark	5	Brøndby IF	0	Michael Krohn-Dehli	2	27	73	Unknown	80	62	70	55	0	0	4761000	260000	eu:michaelkrohndehli	SEASON_APPS_FIFA11
P	eu_denmark	5	Brøndby IF	1	Max von Schlebrügge	1	33	71	Unknown	67	76	66	55	0	0	3969000	220000	eu:maxvonschlebrugge	SEASON_APPS_FIFA11
P	eu_denmark	5	Brøndby IF	2	Martin Bernburg	3	24	70	Unknown	67	68	66	55	0	0	3600000	200000	eu:martinbernburg	SEASON_APPS_FIFA11
P	eu_denmark	5	Brøndby IF	3	Alexander Farnerud	2	26	68	Unknown	68	84	58	55	0	0	2916000	160000	eu:alexanderfarnerud	SEASON_APPS_FIFA11
P	eu_denmark	5	Brøndby IF	4	Mikael Nilsson	2	32	71	Unknown	75	70	63	55	0	0	3969000	220000	eu:mikaelnilsson	SEASON_APPS_FIFA11
P	eu_denmark	5	Brøndby IF	5	Mike Jensen	2	22	71	Unknown	69	62	66	55	0	0	3969000	220000	eu:mikejensen	SEASON_APPS_FIFA11
P	eu_denmark	5	Brøndby IF	6	Ousman Jallow	3	21	69	Unknown	66	74	52	55	0	0	3249000	180000	eu:ousmanjallow	SEASON_APPS_FIFA11
P	eu_denmark	5	Brøndby IF	7	Remco van der Schaaf	2	31	69	Unknown	60	60	63	55	0	0	3249000	180000	eu:remcovanderschaaf	SEASON_APPS_FIFA11
P	eu_denmark	5	Brøndby IF	8	Stefán Gíslason	2	30	67	Unknown	65	58	68	55	0	0	2601000	140000	eu:stefangislason	SEASON_APPS_FIFA11
P	eu_denmark	5	Brøndby IF	9	Jan Kristiansen	2	28	71	Unknown	64	64	58	55	0	0	3969000	220000	eu:jankristiansen	SEASON_APPS_FIFA11
P	eu_denmark	5	Brøndby IF	10	Mikkel Bischoff	1	28	66	Unknown	74	63	54	55	0	0	2304000	120000	eu:mikkelbischoff	SEASON_APPS_FIFA11
P	eu_denmark	5	Brøndby IF	11	Peter Madsen	3	32	65	Unknown	67	66	64	55	0	0	2025000	110000	eu:petermadsen	SEASON_APPS_FIFA11
P	eu_denmark	5	Brøndby IF	12	Thomas Rasmussen	2	33	69	Unknown	76	59	64	55	0	0	3249000	180000	eu:thomasrasmussen	SEASON_APPS_FIFA11
P	eu_denmark	5	Brøndby IF	13	Anders Randrup	1	22	69	Unknown	70	56	66	55	0	0	3249000	180000	eu:andersrandrup	SEASON_APPS_FIFA11
P	eu_denmark	5	Brøndby IF	14	Jan Frederiksen	1	28	69	Unknown	68	68	49	55	0	0	3249000	180000	eu:janfrederiksen	SEASON_APPS_FIFA11
P	eu_denmark	5	Brøndby IF	15	Paul Jatta	2	19	67	Unknown	69	53	56	55	0	0	2601000	140000	eu:pauljatta	SEASON_APPS_FIFA11
P	eu_denmark	5	Brøndby IF	16	Nicolaj Agger	3	21	73	Unknown	42	66	52	55	0	0	4761000	260000	eu:nicolajagger	SEASON_APPS_FIFA11
P	eu_denmark	5	Brøndby IF	17	Stephan Andersen	0	28	70	Unknown	74	70	73	55	0	0	3600000	200000	eu:stephanandersen:26111981	SEASON_ARCHIVE_EST_RATING
P	eu_denmark	5	Brøndby IF	18	Michael Tørnes	0	24	68	Unknown	62	71	64	55	0	0	2916000	160000	eu:michaeltrnes:08011986	SEASON_ARCHIVE_EST_RATING
P	eu_denmark	5	Brøndby IF	19	Daniel Wass	1	21	71	Unknown	71	66	70	55	0	0	3969000	220000	eu:danielwass:31051989	SEASON_ARCHIVE_EST_RATING
P	eu_denmark	5	Brøndby IF	20	Daniel Stenderup	1	21	69	Unknown	71	67	70	55	0	0	3249000	180000	eu:danielstenderup:31051989	SEASON_ARCHIVE_EST_RATING
P	eu_denmark	5	Brøndby IF	21	Jens Stryger Larsen	2	19	69	Unknown	63	75	73	55	0	0	3249000	180000	eu:jensstrygerlarsen:21021991	SEASON_ARCHIVE_EST_RATING
T	eu_finland	0	HJK Helsinki	-1		-1	2010	0	Finland	0	0	0	55	55	2	0	0	eu_finland:0	REGISTRY
P	eu_finland	0	HJK Helsinki	0	Ville Wallén	0	21	64	Unknown	57	67	64	55	0	0	1764000	90000	eu:villewallen	ESTIMATED
P	eu_finland	0	HJK Helsinki	1	Tuomas Kansikas	1	28	66	Unknown	69	71	66	55	0	0	2304000	120000	eu:tuomaskansikas	SEASON_APPS_EST_RATING
P	eu_finland	0	HJK Helsinki	2	Sebastian Sorsa	2	26	63	Unknown	67	68	57	55	0	0	1521000	80000	eu:sebastiansorsa	SEASON_APPS_EST_RATING
P	eu_finland	0	HJK Helsinki	3	Mathias Lindström	1	29	61	Unknown	58	64	56	55	0	0	1089000	60000	eu:mathiaslindstrom	SEASON_APPS_EST_RATING
P	eu_finland	0	HJK Helsinki	4	Cheyne Fowler	1	21	62	Unknown	68	63	60	55	0	0	1296000	70000	eu:cheynefowler	ESTIMATED
P	eu_finland	0	HJK Helsinki	5	Medo	1	21	63	Unknown	59	63	61	55	0	0	1521000	80000	eu:medo	ESTIMATED
P	eu_finland	0	HJK Helsinki	6	Dawda Bah	1	23	62	Unknown	53	57	59	55	0	0	1296000	70000	eu:dawdabah	ESTIMATED
P	eu_finland	0	HJK Helsinki	7	Aki Riihilahti	2	33	61	Unknown	58	53	60	55	0	0	1089000	60000	eu:akiriihilahti	SEASON_APPS_EST_RATING
P	eu_finland	0	HJK Helsinki	8	Juho Mäkelä	3	26	61	Unknown	61	60	58	55	0	0	1089000	60000	eu:juhomakela	SEASON_APPS_EST_RATING
P	eu_finland	0	HJK Helsinki	9	Akseli Pelvas	2	32	65	Unknown	68	70	65	55	0	0	2025000	110000	eu:akselipelvas	ESTIMATED
P	eu_finland	0	HJK Helsinki	10	Jarno Parikka	2	23	58	Unknown	56	55	62	55	0	0	576000	50000	eu:jarnoparikka	ESTIMATED
P	eu_finland	0	HJK Helsinki	11	Teemu Pukki	3	19	61	Unknown	64	61	59	55	0	0	1089000	60000	eu:teemupukki	SEASON_APPS_EST_RATING
P	eu_finland	0	HJK Helsinki	12	Berat Sadik	2	33	65	Unknown	57	62	67	55	0	0	2025000	110000	eu:beratsadik	ESTIMATED
P	eu_finland	0	HJK Helsinki	13	Mikko Sumusalo	2	29	58	Unknown	64	65	57	55	0	0	576000	50000	eu:mikkosumusalo	ESTIMATED
P	eu_finland	0	HJK Helsinki	14	Valtteri Moren	2	21	64	Unknown	72	69	58	55	0	0	1764000	90000	eu:valtterimoren	ESTIMATED
P	eu_finland	0	HJK Helsinki	15	Erfan Zeneli	3	31	65	Unknown	74	67	69	55	0	0	2025000	110000	eu:erfanzeneli	ESTIMATED
P	eu_finland	0	HJK Helsinki	16	Alexander Ring	3	26	59	Unknown	58	66	56	55	0	0	729000	50000	eu:alexanderring	ESTIMATED
P	eu_finland	0	HJK Helsinki	17	Jani Viander	0	34	62	Unknown	61	65	62	55	0	0	1296000	70000	eu:janiviander:18081975	SEASON_ARCHIVE_EST_RATING
T	eu_greece	0	AEK Athens	-1		-1	2010	0	Greece	0	0	0	55	55	2	0	0	eu_greece:0	REGISTRY
P	eu_greece	0	AEK Athens	0	Sebastián Saja	0	31	73	Unknown	69	68	56	55	0	0	4761000	260000	eu:sebastiansaja	SEASON_APPS_EST_RATING
P	eu_greece	0	AEK Athens	1	Rafik Djebbour	3	26	68	Unknown	76	66	62	55	0	0	2916000	160000	eu:rafikdjebbour	SEASON_APPS_EST_RATING
P	eu_greece	0	AEK Athens	2	Ismael Blanco	3	27	76	Unknown	80	66	75	55	0	0	6084000	330000	eu:ismaelblanco	SEASON_APPS_FIFA11
P	eu_greece	0	AEK Athens	3	Nikos Liberopoulos	3	34	76	Unknown	80	64	74	55	0	0	6084000	330000	eu:nikosliberopoulos	SEASON_APPS_FIFA11
P	eu_greece	0	AEK Athens	4	Papa Bouba Diop	2	32	75	Unknown	78	76	74	55	0	0	5625000	310000	eu:papaboubadiop	SEASON_APPS_FIFA11
P	eu_greece	0	AEK Athens	5	Traianos Dellas	1	34	73	Unknown	74	76	71	55	0	0	4761000	260000	eu:traianosdellas	SEASON_APPS_FIFA11
P	eu_greece	0	AEK Athens	6	Pantelis Kafes	2	32	72	Unknown	71	72	70	55	0	0	4356000	240000	eu:panteliskafes	SEASON_APPS_FIFA11
P	eu_greece	0	AEK Athens	7	Roger Guerreiro	2	28	70	Unknown	71	60	58	55	0	0	3600000	200000	eu:rogerguerreiro	SEASON_APPS_EST_RATING
P	eu_greece	0	AEK Athens	8	Christos Patsatzoglou	1	31	69	Unknown	68	70	64	55	0	0	3249000	180000	eu:christospatsatzoglou	SEASON_APPS_FIFA11
P	eu_greece	0	AEK Athens	9	Grigoris Makos	2	23	73	Unknown	61	74	45	55	0	0	4761000	260000	eu:grigorismakos	SEASON_APPS_FIFA11
P	eu_greece	0	AEK Athens	10	Nacho Scocco	2	32	63	Unknown	59	66	69	55	0	0	1521000	80000	eu:nachoscocco	ESTIMATED
P	eu_greece	0	AEK Athens	11	Leonardo	2	23	71	Unknown	54	66	63	55	0	0	3969000	220000	eu:leonardo	SEASON_APPS_EST_RATING
P	eu_greece	0	AEK Athens	12	Cristian Nasuti	2	26	67	Unknown	76	61	63	55	0	0	2601000	140000	eu:cristiannasuti	ESTIMATED
P	eu_greece	0	AEK Athens	13	Giorgos Manolas	2	26	64	Unknown	57	60	69	55	0	0	1764000	90000	eu:giorgosmanolas	ESTIMATED
P	eu_greece	0	AEK Athens	14	Nikos Georgeas	1	33	68	Unknown	55	66	68	55	0	0	2916000	160000	eu:nikosgeorgeas	SEASON_APPS_EST_RATING
P	eu_greece	0	AEK Athens	15	Carlos Araujo	1	28	65	Unknown	65	60	67	55	0	0	2025000	110000	eu:carlosaraujo	SEASON_APPS_EST_RATING
P	eu_greece	0	AEK Athens	16	Ignacio Scocco	3	25	73	Unknown	75	72	71	55	0	0	4761000	260000	eu:ignacioscocco:29051985	SEASON_ARCHIVE_EST_RATING
P	eu_greece	0	AEK Athens	17	Panagiotis Lagos	2	25	72	Unknown	76	78	76	55	0	0	4356000	240000	eu:panagiotislagos:18071985	SEASON_ARCHIVE_EST_RATING
P	eu_greece	0	AEK Athens	18	Konstantinos Manolas	1	19	72	Unknown	69	75	68	55	0	0	4356000	240000	eu:konstantinosmanolas:14061991	SEASON_ARCHIVE_EST_RATING
P	eu_greece	0	AEK Athens	19	Nikos Karabelas	1	25	71	Unknown	77	74	67	55	0	0	3969000	220000	eu:nikoskarabelas:20121984	SEASON_ARCHIVE_EST_RATING
P	eu_greece	0	AEK Athens	20	Sanel Jahić	1	28	70	Unknown	63	76	69	55	0	0	3600000	200000	eu:saneljahic:10121981	SEASON_ARCHIVE_EST_RATING
P	eu_greece	0	AEK Athens	21	Nathan Burns	3	22	70	Unknown	74	65	75	55	0	0	3600000	200000	eu:nathanburns:07051988	SEASON_ARCHIVE_EST_RATING
P	eu_greece	0	AEK Athens	22	Savvas Gentsoglou	2	19	69	Unknown	66	64	71	55	0	0	3249000	180000	eu:savvasgentsoglou:19091990	SEASON_ARCHIVE_EST_RATING
P	eu_greece	0	AEK Athens	23	Nabil Baha	3	28	71	Unknown	69	69	68	55	0	0	3969000	220000	eu:nabilbaha:12081981	SEASON_ARCHIVE_EST_RATING
T	eu_greece	1	Aris Thessaloniki	-1		-1	2010	0	Greece	0	0	0	55	55	2	0	0	eu_greece:1	REGISTRY
P	eu_greece	1	Aris Thessaloniki	0	Michalis Sifakis	0	25	70	Unknown	67	58	56	55	0	0	3600000	200000	eu:michalissifakis	SEASON_APPS_EST_RATING
P	eu_greece	1	Aris Thessaloniki	1	Markos Vellidis	0	23	65	Unknown	63	72	59	55	0	0	2025000	110000	eu:markosvellidis	SEASON_APPS_EST_RATING
P	eu_greece	1	Aris Thessaloniki	2	Michal Peškovič	1	31	64	Unknown	65	68	69	55	0	0	1764000	90000	eu:michalpeskovic	ESTIMATED
P	eu_greece	1	Aris Thessaloniki	3	Ronaldo Guiaro	1	36	68	Unknown	58	64	62	55	0	0	2916000	160000	eu:ronaldoguiaro	SEASON_APPS_EST_RATING
P	eu_greece	1	Aris Thessaloniki	4	Kristi Vangjeli	1	24	69	Unknown	73	73	67	55	0	0	3249000	180000	eu:kristivangjeli	SEASON_APPS_EST_RATING
P	eu_greece	1	Aris Thessaloniki	5	Neto	1	29	69	Unknown	70	62	60	55	0	0	3249000	180000	eu:neto	SEASON_APPS_EST_RATING
P	eu_greece	1	Aris Thessaloniki	6	Nikolaos Lazaridis	1	31	70	Unknown	55	56	63	55	0	0	3600000	200000	eu:nikolaoslazaridis	SEASON_APPS_EST_RATING
P	eu_greece	1	Aris Thessaloniki	7	Juan Carlos Toja	2	25	70	Unknown	60	72	68	55	0	0	3600000	200000	eu:juancarlostoja	SEASON_APPS_EST_RATING
P	eu_greece	1	Aris Thessaloniki	8	Ricardo Faty	2	23	68	Unknown	64	65	63	55	0	0	2916000	160000	eu:ricardofaty	SEASON_APPS_EST_RATING
P	eu_greece	1	Aris Thessaloniki	9	Mehdi Nafti	2	31	66	Unknown	71	72	67	55	0	0	2304000	120000	eu:mehdinafti	SEASON_APPS_EST_RATING
P	eu_greece	1	Aris Thessaloniki	10	Javito	3	26	68	Unknown	64	70	65	55	0	0	2916000	160000	eu:javito	SEASON_APPS_EST_RATING
P	eu_greece	1	Aris Thessaloniki	11	Toni Calvo	2	23	66	Unknown	63	70	66	55	0	0	2304000	120000	eu:tonicalvo	SEASON_APPS_EST_RATING
P	eu_greece	1	Aris Thessaloniki	12	Danijel Cesarec	3	27	69	Unknown	60	63	55	55	0	0	3249000	180000	eu:danijelcesarec	SEASON_APPS_EST_RATING
P	eu_greece	1	Aris Thessaloniki	13	Nery Castillo	2	26	65	Unknown	57	59	65	55	0	0	2025000	110000	eu:nerycastillo	SEASON_APPS_EST_RATING
P	eu_greece	1	Aris Thessaloniki	14	Carlos Ruiz	3	30	67	Unknown	69	65	58	55	0	0	2601000	140000	eu:carlosruiz	SEASON_APPS_EST_RATING
P	eu_greece	1	Aris Thessaloniki	15	Sakata Daisuke	3	20	66	Unknown	70	66	67	55	0	0	2304000	120000	eu:sakatadaisuke	ESTIMATED
P	eu_greece	1	Aris Thessaloniki	16	Kostas Mendrinos	3	32	60	Unknown	65	56	60	55	0	0	900000	50000	eu:kostasmendrinos	ESTIMATED
P	eu_greece	1	Aris Thessaloniki	17	Konstantinos Mendrinos	2	25	68	Unknown	71	65	68	55	0	0	2916000	160000	eu:konstantinosmendrinos:28051985	SEASON_ARCHIVE_EST_RATING
P	eu_greece	1	Aris Thessaloniki	18	Athanasios Prittas	2	31	68	Unknown	62	72	67	55	0	0	2916000	160000	eu:athanasiosprittas:09011979	SEASON_ARCHIVE_EST_RATING
T	eu_greece	2	Asteras Tripolis	-1		-1	2010	0	Greece	0	0	0	55	55	2	0	0	eu_greece:2	REGISTRY
P	eu_greece	2	Asteras Tripolis	0	Matías Degra	0	27	69	Unknown	62	58	70	55	0	0	3249000	180000	eu:matiasdegra	SEASON_APPS_EST_RATING
P	eu_greece	2	Asteras Tripolis	1	Nikos Anastasopoulos	0	30	65	Unknown	72	69	69	55	0	0	2025000	110000	eu:nikosanastasopoulos	SEASON_APPS_EST_RATING
P	eu_greece	2	Asteras Tripolis	2	Rubén Pulido	1	31	67	Unknown	65	57	58	55	0	0	2601000	140000	eu:rubenpulido	SEASON_APPS_EST_RATING
P	eu_greece	2	Asteras Tripolis	3	Sebastián Bartolini	1	28	66	Unknown	60	62	63	55	0	0	2304000	120000	eu:sebastianbartolini	SEASON_APPS_EST_RATING
P	eu_greece	2	Asteras Tripolis	4	Bruno Urribarri	1	23	68	Unknown	59	65	64	55	0	0	2916000	160000	eu:brunourribarri	SEASON_APPS_EST_RATING
P	eu_greece	2	Asteras Tripolis	5	Ximo Navarro	1	31	68	Unknown	60	72	72	55	0	0	2916000	160000	eu:ximonavarro	ESTIMATED
P	eu_greece	2	Asteras Tripolis	6	Christos Pipinis	1	25	68	Unknown	69	62	71	55	0	0	2916000	160000	eu:christospipinis	SEASON_APPS_EST_RATING
P	eu_greece	2	Asteras Tripolis	7	Horacio Cardozo	2	30	65	Unknown	72	69	62	55	0	0	2025000	110000	eu:horaciocardozo	SEASON_APPS_EST_RATING
P	eu_greece	2	Asteras Tripolis	8	Fernando Usero	2	31	65	Unknown	64	65	64	55	0	0	2025000	110000	eu:fernandousero	ESTIMATED
P	eu_greece	2	Asteras Tripolis	9	Sebastián Carrera	2	32	68	Unknown	69	64	67	55	0	0	2916000	160000	eu:sebastiancarrera	SEASON_APPS_EST_RATING
P	eu_greece	2	Asteras Tripolis	10	Rogerio Martins	2	25	69	Unknown	77	67	66	55	0	0	3249000	180000	eu:rogeriomartins	SEASON_APPS_EST_RATING
P	eu_greece	2	Asteras Tripolis	11	Frédéric Nimani	2	31	64	Unknown	66	64	63	55	0	0	1764000	90000	eu:fredericnimani	ESTIMATED
P	eu_greece	2	Asteras Tripolis	12	Daniel Césarec	2	27	62	Unknown	65	64	60	55	0	0	1296000	70000	eu:danielcesarec	ESTIMATED
P	eu_greece	2	Asteras Tripolis	13	Emmanuel Perrone	2	28	66	Unknown	64	69	66	55	0	0	2304000	120000	eu:emmanuelperrone	ESTIMATED
P	eu_greece	2	Asteras Tripolis	14	Lucio Filomeno	2	26	65	Unknown	68	69	60	55	0	0	2025000	110000	eu:luciofilomeno	ESTIMATED
P	eu_greece	2	Asteras Tripolis	15	Rayo	3	33	66	Unknown	62	73	64	55	0	0	2304000	120000	eu:rayo	ESTIMATED
P	eu_greece	2	Asteras Tripolis	16	Antonis Ladakis	2	28	68	Unknown	72	68	69	55	0	0	2916000	160000	eu:antonisladakis:25011982	SEASON_ARCHIVE_EST_RATING
P	eu_greece	2	Asteras Tripolis	17	Adrián Bastía	2	31	68	Unknown	65	73	70	55	0	0	2916000	160000	eu:adrianbastia:20121978	SEASON_ARCHIVE_EST_RATING
P	eu_greece	2	Asteras Tripolis	18	Sokratis Fytanidis	1	26	68	Unknown	65	65	68	55	0	0	2916000	160000	eu:sokratisfytanidis:25051984	SEASON_ARCHIVE_EST_RATING
P	eu_greece	2	Asteras Tripolis	19	Daniel Orozco	1	23	67	Unknown	70	63	67	55	0	0	2601000	140000	eu:danielorozco:19021987	SEASON_ARCHIVE_EST_RATING
T	eu_greece	3	Olympiacos	-1		-1	2010	0	Greece	0	0	0	55	55	2	0	0	eu_greece:3	REGISTRY
P	eu_greece	3	Olympiacos	0	Olof Mellberg	1	32	79	Unknown	77	73	79	55	0	0	7569000	420000	eu:olofmellberg	SEASON_APPS_FIFA11
P	eu_greece	3	Olympiacos	1	Albert Riera	2	28	72	Unknown	66	61	65	55	0	0	4356000	240000	eu:albertriera	SEASON_APPS_EST_RATING
P	eu_greece	3	Olympiacos	2	Vassilis Torosidis	1	25	79	Unknown	70	86	64	55	0	0	7569000	420000	eu:vassilistorosidis	SEASON_APPS_FIFA11
P	eu_greece	3	Olympiacos	3	Ariel Ibagaza	2	33	78	Unknown	65	83	71	55	0	0	7056000	390000	eu:arielibagaza	SEASON_APPS_FIFA11
P	eu_greece	3	Olympiacos	4	Dudu Cearense	2	27	78	Unknown	74	77	70	55	0	0	7056000	390000	eu:duducearense	SEASON_APPS_FIFA11
P	eu_greece	3	Olympiacos	5	Marko Pantelić	3	31	77	Unknown	92	51	74	55	0	0	6561000	360000	eu:markopantelic	SEASON_APPS_FIFA11
P	eu_greece	3	Olympiacos	6	Moisés Hurtado	2	29	77	Unknown	61	67	75	55	0	0	6561000	360000	eu:moiseshurtado	SEASON_APPS_FIFA11
P	eu_greece	3	Olympiacos	7	Kostas Mitroglou	1	27	68	Unknown	76	65	72	55	0	0	2916000	160000	eu:kostasmitroglou	ESTIMATED
P	eu_greece	3	Olympiacos	8	Raúl Bravo	1	29	75	Unknown	74	73	72	55	0	0	5625000	310000	eu:raulbravo	SEASON_APPS_FIFA11
P	eu_greece	3	Olympiacos	9	David Fuster	2	28	74	Unknown	84	48	71	55	0	0	5184000	280000	eu:davidfuster	SEASON_APPS_FIFA11
P	eu_greece	3	Olympiacos	10	Dennis Rommedahl	2	32	74	Unknown	76	46	75	55	0	0	5184000	280000	eu:dennisrommedahl	SEASON_APPS_FIFA11
P	eu_greece	3	Olympiacos	11	François Modesto	1	31	72	Unknown	61	68	75	55	0	0	4356000	240000	eu:francoismodesto	SEASON_APPS_EST_RATING
P	eu_greece	3	Olympiacos	12	Kevin Mirallas	3	22	73	Unknown	62	74	52	55	0	0	4761000	260000	eu:kevinmirallas	SEASON_APPS_FIFA11
P	eu_greece	3	Olympiacos	13	Krisztián Németh	3	21	71	Unknown	68	73	65	55	0	0	3969000	220000	eu:krisztiannemeth	SEASON_APPS_FIFA11
P	eu_greece	3	Olympiacos	14	Georgios Galitsios	2	24	70	Unknown	66	54	73	55	0	0	3600000	200000	eu:georgiosgalitsios	SEASON_APPS_FIFA11
P	eu_greece	3	Olympiacos	15	José Holebas	1	26	72	Unknown	80	60	63	55	0	0	4356000	240000	eu:joseholebas	SEASON_APPS_FIFA11
P	eu_greece	3	Olympiacos	16	Urko Pardo	0	27	72	Unknown	69	70	70	55	0	0	4356000	240000	eu:urkopardo:28011983	SEASON_ARCHIVE_EST_RATING
P	eu_greece	3	Olympiacos	17	Antonios Nikopolidis	0	39	70	Unknown	64	76	69	55	0	0	3600000	200000	eu:antoniosnikopolidis:14011971	SEASON_ARCHIVE_EST_RATING
P	eu_greece	3	Olympiacos	18	Avraam Papadopoulos	1	25	72	Unknown	74	74	74	55	0	0	4356000	240000	eu:avraampapadopoulos:03121984	SEASON_ARCHIVE_EST_RATING
P	eu_greece	3	Olympiacos	19	Giannis Fetfatzidis	2	19	71	Unknown	77	65	75	55	0	0	3969000	220000	eu:giannisfetfatzidis:21121990	SEASON_ARCHIVE_EST_RATING
P	eu_greece	3	Olympiacos	20	Jaouad Zaïri	2	28	70	Unknown	76	73	65	55	0	0	3600000	200000	eu:jaouadzairi:17041982	SEASON_ARCHIVE_EST_RATING
T	eu_greece	4	PAOK	-1		-1	2010	0	Greece	0	0	0	55	55	2	0	0	eu_greece:4	REGISTRY
P	eu_greece	4	PAOK	0	Dimitris Salpigidis	3	28	79	Unknown	85	78	73	55	0	0	7569000	420000	eu:dimitrissalpigidis	SEASON_APPS_FIFA11
P	eu_greece	4	PAOK	1	Vieirinha	3	24	79	Unknown	83	70	76	55	0	0	7569000	420000	eu:vieirinha	SEASON_APPS_FIFA11
P	eu_greece	4	PAOK	2	Zlatan Muslimović	3	29	77	Unknown	76	76	63	55	0	0	6561000	360000	eu:zlatanmuslimovic	SEASON_APPS_FIFA11
P	eu_greece	4	PAOK	3	Bruno Cirillo	1	33	75	Unknown	80	76	71	55	0	0	5625000	310000	eu:brunocirillo	SEASON_APPS_FIFA11
P	eu_greece	4	PAOK	4	Lino	2	33	74	Unknown	69	79	59	55	0	0	5184000	280000	eu:lino	SEASON_APPS_FIFA11
P	eu_greece	4	PAOK	5	Pablo García	2	33	74	Unknown	61	76	53	55	0	0	5184000	280000	eu:pablogarcia	SEASON_APPS_FIFA11
P	eu_greece	4	PAOK	6	Nabil El Zhar	2	23	73	Unknown	74	68	67	55	0	0	4761000	260000	eu:nabilelzhar	SEASON_APPS_FIFA11
P	eu_greece	4	PAOK	7	Mirko Savini	1	31	72	Unknown	60	83	63	55	0	0	4356000	240000	eu:mirkosavini	SEASON_APPS_FIFA11
P	eu_greece	4	PAOK	8	Vitolo	2	26	72	Unknown	74	44	71	55	0	0	4356000	240000	eu:vitolo	SEASON_APPS_FIFA11
P	eu_greece	4	PAOK	9	Cristiano	3	26	70	Unknown	69	64	66	55	0	0	3600000	200000	eu:cristiano	SEASON_APPS_FIFA11
P	eu_greece	4	PAOK	10	Francisco Zuela	2	26	68	Unknown	84	48	67	55	0	0	2916000	160000	eu:franciscozuela	SEASON_APPS_FIFA11
P	eu_greece	4	PAOK	11	Dario Krešić	0	26	72	Unknown	72	64	65	55	0	0	4356000	240000	eu:dariokresic	SEASON_APPS_EST_RATING
P	eu_greece	4	PAOK	12	Pablo Contreras	1	31	73	Unknown	57	64	68	55	0	0	4761000	260000	eu:pablocontreras	SEASON_APPS_EST_RATING
P	eu_greece	4	PAOK	13	Stelios Malezas	1	25	70	Unknown	64	70	65	55	0	0	3600000	200000	eu:steliosmalezas	SEASON_APPS_EST_RATING
P	eu_greece	4	PAOK	14	Kostas Chalkias	2	26	62	Unknown	62	62	59	55	0	0	1296000	70000	eu:kostaschalkias	ESTIMATED
P	eu_greece	4	PAOK	15	Stefanos Athanasiadis	3	21	70	Unknown	57	69	61	55	0	0	3600000	200000	eu:stefanosathanasiadis	SEASON_APPS_EST_RATING
P	eu_greece	4	PAOK	16	Vladimir Ivić	2	33	72	Unknown	76	75	76	55	0	0	4356000	240000	eu:vladimirivic:07051977	SEASON_ARCHIVE_EST_RATING
P	eu_greece	4	PAOK	17	Mirosław Sznaucner	1	31	71	Unknown	78	68	76	55	0	0	3969000	220000	eu:mirosawsznaucner:09051979	SEASON_ARCHIVE_EST_RATING
P	eu_greece	4	PAOK	18	Georgios Fotakis	2	28	71	Unknown	74	71	73	55	0	0	3969000	220000	eu:georgiosfotakis:29101981	SEASON_ARCHIVE_EST_RATING
P	eu_greece	4	PAOK	19	Stavros Tsoukalas	2	22	69	Unknown	68	72	69	55	0	0	3249000	180000	eu:stavrostsoukalas:28051988	SEASON_ARCHIVE_EST_RATING
P	eu_greece	4	PAOK	20	Anis Boussaïdi	2	29	69	Unknown	67	75	74	55	0	0	3249000	180000	eu:anisboussaidi:10041981	SEASON_ARCHIVE_EST_RATING
T	eu_greece	5	Panathinaikos	-1		-1	2010	0	Greece	0	0	0	55	55	2	0	0	eu_greece:5	REGISTRY
P	eu_greece	5	Panathinaikos	0	Djibril Cissé	3	28	80	Unknown	83	74	79	55	0	0	8100000	450000	eu:djibrilcisse	SEASON_APPS_FIFA11
P	eu_greece	5	Panathinaikos	1	Sidney Govou	3	31	80	Unknown	72	68	79	55	0	0	8100000	450000	eu:sidneygovou	SEASON_APPS_FIFA11
P	eu_greece	5	Panathinaikos	2	Gilberto Silva	2	33	78	Unknown	62	80	58	55	0	0	7056000	390000	eu:gilbertosilva	SEASON_APPS_FIFA11
P	eu_greece	5	Panathinaikos	3	Giorgos Karagounis	2	33	73	Unknown	60	69	61	55	0	0	4761000	260000	eu:giorgoskaragounis	SEASON_APPS_EST_RATING
P	eu_greece	5	Panathinaikos	4	Kostas Katsouranis	2	31	74	Unknown	77	73	65	55	0	0	5184000	280000	eu:kostaskatsouranis	SEASON_APPS_EST_RATING
P	eu_greece	5	Panathinaikos	5	Sebastián Leto	2	23	78	Unknown	67	80	59	55	0	0	7056000	390000	eu:sebastianleto	SEASON_APPS_FIFA11
P	eu_greece	5	Panathinaikos	6	Sotiris Ninis	2	20	77	Unknown	79	66	75	55	0	0	6561000	360000	eu:sotirisninis	SEASON_APPS_FIFA11
P	eu_greece	5	Panathinaikos	7	Jean-Alain Boumsong	1	30	76	Unknown	78	78	70	55	0	0	6084000	330000	eu:jeanalainboumsong	SEASON_APPS_FIFA11
P	eu_greece	5	Panathinaikos	8	Luis García	3	30	74	Unknown	79	64	72	55	0	0	5184000	280000	eu:luisgarcia	FIFA11_RATING_EST_AGE_ECONOMY
P	eu_greece	5	Panathinaikos	9	Giourkas Seitaridis	1	27	73	Unknown	83	65	72	55	0	0	4761000	260000	eu:giourkasseitaridis	FIFA11_RATING_EST_AGE_ECONOMY
P	eu_greece	5	Panathinaikos	10	Loukas Vyntra	1	29	74	Unknown	74	74	66	55	0	0	5184000	280000	eu:loukasvyntra	SEASON_APPS_FIFA11
P	eu_greece	5	Panathinaikos	11	Cédric Kanté	1	31	73	Unknown	64	76	54	55	0	0	4761000	260000	eu:cedrickante	SEASON_APPS_FIFA11
P	eu_greece	5	Panathinaikos	12	Nikos Spyropoulos	1	26	73	Unknown	69	66	70	55	0	0	4761000	260000	eu:nikosspyropoulos	SEASON_APPS_EST_RATING
P	eu_greece	5	Panathinaikos	13	Damien Plessis	2	22	69	Unknown	82	50	65	55	0	0	3249000	180000	eu:damienplessis	SEASON_APPS_FIFA11
P	eu_greece	5	Panathinaikos	14	Alexandros Tzorvas	0	27	76	Unknown	72	74	71	55	0	0	6084000	330000	eu:alexandrostzorvas	SEASON_APPS_EST_RATING
P	eu_greece	5	Panathinaikos	15	Orestis Karnezis	0	25	68	Unknown	63	74	64	55	0	0	2916000	160000	eu:orestiskarnezis	SEASON_APPS_EST_RATING
P	eu_greece	5	Panathinaikos	16	Lazaros Christodoulopoulos	2	23	73	Unknown	76	70	71	55	0	0	4761000	260000	eu:lazaroschristodoulopoulos	SEASON_APPS_EST_RATING
P	eu_greece	5	Panathinaikos	17	Stergos Marinos	1	22	73	Unknown	70	72	72	55	0	0	4761000	260000	eu:stergosmarinos:17091987	SEASON_ARCHIVE_EST_RATING
P	eu_greece	5	Panathinaikos	18	Josu Sarriegi	1	31	72	Unknown	67	76	71	55	0	0	4356000	240000	eu:josusarriegi:19011979	SEASON_ARCHIVE_EST_RATING
P	eu_greece	5	Panathinaikos	19	Luis García Sanz	3	32	71	Unknown	66	70	67	55	0	0	3969000	220000	eu:luisgarciasanz:24061978	SEASON_ARCHIVE_EST_RATING
T	eu_hungary	0	Debreceni VSC	-1		-1	2010	0	Hungary	0	0	0	55	55	2	0	0	eu_hungary:0	REGISTRY
P	eu_hungary	0	Debreceni VSC	0	Vukašin Poleksić	0	27	63	Unknown	57	62	57	55	0	0	1521000	80000	eu:vukasinpoleksic	SEASON_APPS_EST_RATING
P	eu_hungary	0	Debreceni VSC	1	Nenad Novaković	0	28	63	Unknown	62	62	69	55	0	0	1521000	80000	eu:nenadnovakovic	SEASON_APPS_EST_RATING
P	eu_hungary	0	Debreceni VSC	2	Mindaugas Malinauskas	0	26	66	Unknown	67	63	62	55	0	0	2304000	120000	eu:mindaugasmalinauskas	SEASON_APPS_EST_RATING
P	eu_hungary	0	Debreceni VSC	3	László Bodnár	1	28	66	Unknown	64	72	71	55	0	0	2304000	120000	eu:laszlobodnar	ESTIMATED
P	eu_hungary	0	Debreceni VSC	4	Norbert Mészáros	3	29	61	Unknown	56	58	61	55	0	0	1089000	60000	eu:norbertmeszaros	SEASON_APPS_EST_RATING
P	eu_hungary	0	Debreceni VSC	5	Mirsad Mijadinoski	1	28	68	Unknown	71	64	70	55	0	0	2916000	160000	eu:mirsadmijadinoski	SEASON_APPS_EST_RATING
P	eu_hungary	0	Debreceni VSC	6	Ádám Komlósi	1	32	64	Unknown	55	57	55	55	0	0	1764000	90000	eu:adamkomlosi	SEASON_APPS_EST_RATING
P	eu_hungary	0	Debreceni VSC	7	Zoltán Kiss	2	29	65	Unknown	67	57	55	55	0	0	2025000	110000	eu:zoltankiss	SEASON_APPS_EST_RATING
P	eu_hungary	0	Debreceni VSC	8	Péter Szakály	2	23	68	Unknown	64	68	61	55	0	0	2916000	160000	eu:peterszakaly	SEASON_APPS_EST_RATING
P	eu_hungary	0	Debreceni VSC	9	József Varga	2	22	67	Unknown	56	59	60	55	0	0	2601000	140000	eu:jozsefvarga	SEASON_APPS_EST_RATING
P	eu_hungary	0	Debreceni VSC	10	Zoltán Szélesi	2	30	58	Unknown	66	54	62	55	0	0	576000	50000	eu:zoltanszelesi	ESTIMATED
P	eu_hungary	0	Debreceni VSC	11	Adamo Coulibaly	3	28	68	Unknown	57	62	65	55	0	0	2916000	160000	eu:adamocoulibaly	SEASON_APPS_EST_RATING
P	eu_hungary	0	Debreceni VSC	12	Tibor Dombi	2	36	66	Unknown	66	51	62	55	0	0	2304000	120000	eu:tibordombi	SEASON_APPS_EST_RATING
P	eu_hungary	0	Debreceni VSC	13	László Rezes	2	22	65	Unknown	72	69	61	55	0	0	2025000	110000	eu:laszlorezes	SEASON_APPS_EST_RATING
P	eu_hungary	0	Debreceni VSC	14	Yannick Mbengono	2	32	66	Unknown	71	65	61	55	0	0	2304000	120000	eu:yannickmbengono	ESTIMATED
P	eu_hungary	0	Debreceni VSC	15	Péter Czvitkovics	2	27	68	Unknown	65	72	68	55	0	0	2916000	160000	eu:peterczvitkovics	SEASON_APPS_EST_RATING
P	eu_hungary	0	Debreceni VSC	16	Péter Kabát	3	32	66	Unknown	59	51	56	55	0	0	2304000	120000	eu:peterkabat	SEASON_APPS_EST_RATING
P	eu_hungary	0	Debreceni VSC	17	Balázs Farkas	3	22	66	Unknown	60	62	66	55	0	0	2304000	120000	eu:balazsfarkas	SEASON_APPS_EST_RATING
P	eu_hungary	0	Debreceni VSC	18	Eugène Salami	3	21	63	Unknown	65	60	57	55	0	0	1521000	80000	eu:eugenesalami	SEASON_APPS_EST_RATING
P	eu_hungary	0	Debreceni VSC	19	Mbengono Yannick	2	23	67	Unknown	65	67	70	55	0	0	2601000	140000	eu:mbengonoyannick:11061987	SEASON_ARCHIVE_EST_RATING
P	eu_hungary	0	Debreceni VSC	20	Ádám Bódi	2	19	66	Unknown	61	60	71	55	0	0	2304000	120000	eu:adambodi:18101990	SEASON_ARCHIVE_EST_RATING
P	eu_hungary	0	Debreceni VSC	21	Dajan Šimac	1	28	66	Unknown	62	66	68	55	0	0	2304000	120000	eu:dajansimac:04011982	SEASON_ARCHIVE_EST_RATING
P	eu_hungary	0	Debreceni VSC	22	Zoltán Nagy	1	24	65	Unknown	61	61	60	55	0	0	2025000	110000	eu:zoltannagy:25101985	SEASON_ARCHIVE_EST_RATING
P	eu_hungary	0	Debreceni VSC	23	Marcell Fodor	1	22	65	Unknown	60	71	69	55	0	0	2025000	110000	eu:marcellfodor:27101987	SEASON_ARCHIVE_EST_RATING
P	eu_hungary	0	Debreceni VSC	24	Zsolt Laczkó	1	23	65	Unknown	66	60	67	55	0	0	2025000	110000	eu:zsoltlaczko:18121986	SEASON_ARCHIVE_EST_RATING
P	eu_hungary	0	Debreceni VSC	25	Csaba Bernáth	1	31	65	Unknown	65	60	65	55	0	0	2025000	110000	eu:csababernath:26031979	SEASON_ARCHIVE_EST_RATING
T	eu_hungary	1	Videoton FC	-1		-1	2010	0	Hungary	0	0	0	55	55	2	0	0	eu_hungary:1	REGISTRY
P	eu_hungary	1	Videoton FC	0	Mladen Božović	0	26	68	Unknown	58	60	63	55	0	0	2916000	160000	eu:mladenbozovic	SEASON_APPS_EST_RATING
P	eu_hungary	1	Videoton FC	1	Zsolt Sebők	0	31	64	Unknown	73	68	62	55	0	0	1764000	90000	eu:zsoltsebok	SEASON_APPS_EST_RATING
P	eu_hungary	1	Videoton FC	2	Tomáš Tujvel	0	26	62	Unknown	68	67	67	55	0	0	1296000	70000	eu:tomastujvel	SEASON_APPS_EST_RATING
P	eu_hungary	1	Videoton FC	3	Gábor Horváth	1	25	64	Unknown	73	57	59	55	0	0	1764000	90000	eu:gaborhorvath	SEASON_APPS_EST_RATING
P	eu_hungary	1	Videoton FC	4	Zoltán Lipták	1	25	68	Unknown	61	72	60	55	0	0	2916000	160000	eu:zoltanliptak	SEASON_APPS_EST_RATING
P	eu_hungary	1	Videoton FC	5	Tamás Vaskó	1	26	67	Unknown	58	68	56	55	0	0	2601000	140000	eu:tamasvasko	SEASON_APPS_EST_RATING
P	eu_hungary	1	Videoton FC	6	Marko Andić	1	26	66	Unknown	73	65	69	55	0	0	2304000	120000	eu:markoandic	SEASON_APPS_EST_RATING
P	eu_hungary	1	Videoton FC	7	Ádám Présinger	1	21	61	Unknown	70	55	66	55	0	0	1089000	60000	eu:adampresinger	SEASON_APPS_EST_RATING
P	eu_hungary	1	Videoton FC	8	András Gosztonyi	2	19	67	Unknown	50	65	57	55	0	0	2601000	140000	eu:andrasgosztonyi	SEASON_APPS_EST_RATING
P	eu_hungary	1	Videoton FC	9	Ákos Elek	2	22	67	Unknown	52	65	64	55	0	0	2601000	140000	eu:akoselek	SEASON_APPS_EST_RATING
P	eu_hungary	1	Videoton FC	10	György Sándor	2	26	68	Unknown	66	65	56	55	0	0	2916000	160000	eu:gyorgysandor	SEASON_APPS_EST_RATING
P	eu_hungary	1	Videoton FC	11	Attila Polonkai	2	31	67	Unknown	58	69	67	55	0	0	2601000	140000	eu:attilapolonkai	SEASON_APPS_EST_RATING
P	eu_hungary	1	Videoton FC	12	Dénes Szakály	2	22	65	Unknown	59	62	61	55	0	0	2025000	110000	eu:denesszakaly	SEASON_APPS_EST_RATING
P	eu_hungary	1	Videoton FC	13	Dušan Vasiljević	2	28	67	Unknown	67	65	61	55	0	0	2601000	140000	eu:dusanvasiljevic	SEASON_APPS_EST_RATING
P	eu_hungary	1	Videoton FC	14	Andre Alves	3	26	68	Unknown	64	58	65	55	0	0	2916000	160000	eu:andrealves	SEASON_APPS_EST_RATING
P	eu_hungary	1	Videoton FC	15	Nemanja Nikolić	3	22	67	Unknown	66	68	63	55	0	0	2601000	140000	eu:nemanjanikolic	SEASON_APPS_EST_RATING
P	eu_hungary	1	Videoton FC	16	László Lencse	3	22	66	Unknown	57	59	72	55	0	0	2304000	120000	eu:laszlolencse	SEASON_APPS_EST_RATING
P	eu_hungary	1	Videoton FC	17	Goran Vujović	3	23	63	Unknown	62	65	65	55	0	0	1521000	80000	eu:goranvujovic	SEASON_APPS_EST_RATING
P	eu_hungary	1	Videoton FC	18	Martin Kayongo-Mutumba	2	25	65	Unknown	72	63	65	55	0	0	2025000	110000	eu:martinkayongomutumba	SEASON_APPS_EST_RATING
P	eu_hungary	1	Videoton FC	19	Pál Lázár	1	22	68	Unknown	69	73	67	55	0	0	2916000	160000	eu:pallazar:11031988	SEASON_ARCHIVE_EST_RATING
P	eu_hungary	1	Videoton FC	20	Daniel Nagy	2	25	65	Unknown	69	70	60	55	0	0	2025000	110000	eu:danielnagy:22111984	SEASON_ARCHIVE_EST_RATING
T	eu_hungary	2	Ferencváros	-1		-1	2010	0	Hungary	0	0	0	55	55	2	0	0	eu_hungary:2	REGISTRY
P	eu_hungary	2	Ferencváros	0	Marko Ranilović	0	23	70	Unknown	66	66	63	55	0	0	3600000	200000	eu:markoranilovic	SEASON_APPS_EST_RATING
P	eu_hungary	2	Ferencváros	1	Justin Haber	0	29	68	Unknown	77	74	67	55	0	0	2916000	160000	eu:justinhaber	SEASON_APPS_EST_RATING
P	eu_hungary	2	Ferencváros	2	Levente Jova	1	27	65	Unknown	58	60	64	55	0	0	2025000	110000	eu:leventejova	ESTIMATED
P	eu_hungary	2	Ferencváros	3	Csaba Csizmadia	1	25	71	Unknown	73	72	68	55	0	0	3969000	220000	eu:csabacsizmadia	SEASON_APPS_EST_RATING
P	eu_hungary	2	Ferencváros	4	Zoltán Balog	1	32	70	Unknown	79	64	71	55	0	0	3600000	200000	eu:zoltanbalog	SEASON_APPS_EST_RATING
P	eu_hungary	2	Ferencváros	5	Attila Dragóner	1	35	67	Unknown	66	66	65	55	0	0	2601000	140000	eu:attiladragoner	SEASON_APPS_EST_RATING
P	eu_hungary	2	Ferencváros	6	Dávid Kulcsár	2	22	66	Unknown	66	62	72	55	0	0	2304000	120000	eu:davidkulcsar	SEASON_APPS_EST_RATING
P	eu_hungary	2	Ferencváros	7	István Rodenbücher	1	26	70	Unknown	67	68	67	55	0	0	3600000	200000	eu:istvanrodenbucher	SEASON_APPS_EST_RATING
P	eu_hungary	2	Ferencváros	8	Junior	3	23	68	Unknown	62	56	59	55	0	0	2916000	160000	eu:junior	SEASON_APPS_EST_RATING
P	eu_hungary	2	Ferencváros	9	Andrezinho	2	24	69	Unknown	67	68	68	55	0	0	3249000	180000	eu:andrezinho	SEASON_APPS_EST_RATING
P	eu_hungary	2	Ferencváros	10	Béla Maróti	2	31	70	Unknown	56	56	66	55	0	0	3600000	200000	eu:belamaroti	SEASON_APPS_EST_RATING
P	eu_hungary	2	Ferencváros	11	György Józsi	1	27	70	Unknown	76	73	72	55	0	0	3600000	200000	eu:gyorgyjozsi	SEASON_APPS_EST_RATING
P	eu_hungary	2	Ferencváros	12	Dénes Rósa	2	33	71	Unknown	72	75	70	55	0	0	3969000	220000	eu:denesrosa	SEASON_APPS_EST_RATING
P	eu_hungary	2	Ferencváros	13	József Tóth	2	32	65	Unknown	59	60	62	55	0	0	2025000	110000	eu:jozseftoth	ESTIMATED
P	eu_hungary	2	Ferencváros	14	André Schembri	3	24	70	Unknown	73	73	70	55	0	0	3600000	200000	eu:andreschembri	SEASON_APPS_EST_RATING
P	eu_hungary	2	Ferencváros	15	Marek Heinz	3	32	70	Unknown	62	71	66	55	0	0	3600000	200000	eu:marekheinz	SEASON_APPS_EST_RATING
P	eu_hungary	2	Ferencváros	16	Liban Abdi	3	21	68	Unknown	54	68	59	55	0	0	2916000	160000	eu:libanabdi	SEASON_APPS_EST_RATING
P	eu_hungary	2	Ferencváros	17	Emil Miljkovic	3	22	68	Unknown	73	71	72	55	0	0	2916000	160000	eu:emilmiljkovic	SEASON_APPS_EST_RATING
P	eu_hungary	2	Ferencváros	18	Srdjan Stanic	2	28	69	Unknown	58	56	67	55	0	0	3249000	180000	eu:srdjanstanic	SEASON_APPS_EST_RATING
P	eu_hungary	2	Ferencváros	19	Bence Tóth	2	21	69	Unknown	67	67	73	55	0	0	3249000	180000	eu:bencetoth:27071989	SEASON_ARCHIVE_EST_RATING
P	eu_hungary	2	Ferencváros	20	Đorđe Tutorić	1	27	68	Unknown	68	63	67	55	0	0	2916000	160000	eu:oretutoric:05031983	SEASON_ARCHIVE_EST_RATING
P	eu_hungary	2	Ferencváros	21	Héctor Morales	2	20	68	Unknown	64	65	70	55	0	0	2916000	160000	eu:hectormorales:30111989	SEASON_ARCHIVE_EST_RATING
T	eu_ireland	0	Shamrock Rovers	-1		-1	2010	0	Ireland	0	0	0	55	55	2	0	0	eu_ireland:0	REGISTRY
P	eu_ireland	0	Shamrock Rovers	0	Gary Twigg	3	25	64	Unknown	72	74	58	55	0	0	1764000	90000	eu:garytwigg	SEASON_APPS_FIFA11
P	eu_ireland	0	Shamrock Rovers	1	Dan Murray	1	27	63	Unknown	70	62	63	55	0	0	1521000	80000	eu:danmurray	SEASON_APPS_FIFA11
P	eu_ireland	0	Shamrock Rovers	2	Danny Murphy	1	27	62	Unknown	73	52	64	55	0	0	1296000	70000	eu:dannymurphy	SEASON_APPS_FIFA11
P	eu_ireland	0	Shamrock Rovers	3	Patrick Kavanagh	3	29	61	Unknown	66	45	59	55	0	0	1089000	60000	eu:patrickkavanagh	FIFA11_RATING_EST_AGE_ECONOMY
P	eu_ireland	0	Shamrock Rovers	4	William Dennehy	2	33	61	Unknown	64	56	55	55	0	0	1089000	60000	eu:williamdennehy	FIFA11_RATING_EST_AGE_ECONOMY
P	eu_ireland	0	Shamrock Rovers	5	Aidan Price	1	23	60	Unknown	61	60	58	55	0	0	900000	50000	eu:aidanprice	FIFA11_RATING_EST_AGE_ECONOMY
P	eu_ireland	0	Shamrock Rovers	6	Craig Sives	1	23	61	Unknown	58	57	53	55	0	0	1089000	60000	eu:craigsives	SEASON_APPS_FIFA11
P	eu_ireland	0	Shamrock Rovers	7	Chris Turner	2	31	59	Unknown	56	52	58	55	0	0	729000	50000	eu:christurner	FIFA11_RATING_EST_AGE_ECONOMY
P	eu_ireland	0	Shamrock Rovers	8	Stephen Rice	2	29	59	Unknown	66	66	43	55	0	0	729000	50000	eu:stephenrice	FIFA11_RATING_EST_AGE_ECONOMY
P	eu_ireland	0	Shamrock Rovers	9	Thomas Stewart	3	22	59	Unknown	69	57	43	55	0	0	729000	50000	eu:thomasstewart	FIFA11_RATING_EST_AGE_ECONOMY
P	eu_ireland	0	Shamrock Rovers	10	Graham Barrett	3	28	61	Unknown	70	48	56	55	0	0	1089000	60000	eu:grahambarrett	SEASON_APPS_FIFA11
P	eu_ireland	0	Shamrock Rovers	11	Pat Flynn	1	31	58	Unknown	66	59	45	55	0	0	576000	50000	eu:patflynn	FIFA11_RATING_EST_AGE_ECONOMY
P	eu_ireland	0	Shamrock Rovers	12	Patrick Sullivan	1	21	58	Unknown	65	51	55	55	0	0	576000	50000	eu:patricksullivan	FIFA11_RATING_EST_AGE_ECONOMY
P	eu_ireland	0	Shamrock Rovers	13	Robert Bayly	2	27	58	Unknown	70	52	58	55	0	0	576000	50000	eu:robertbayly	FIFA11_RATING_EST_AGE_ECONOMY
P	eu_ireland	0	Shamrock Rovers	14	Sean O'Connor	3	32	58	Unknown	56	63	55	55	0	0	576000	50000	eu:seanoconnor	FIFA11_RATING_EST_AGE_ECONOMY
P	eu_ireland	0	Shamrock Rovers	15	Aidan Downes	3	24	57	Unknown	64	52	53	55	0	0	441000	50000	eu:aidandownes	FIFA11_RATING_EST_AGE_ECONOMY
P	eu_ireland	0	Shamrock Rovers	16	Dessie Baker	3	24	57	Unknown	60	51	57	55	0	0	441000	50000	eu:dessiebaker	FIFA11_RATING_EST_AGE_ECONOMY
P	eu_ireland	0	Shamrock Rovers	17	Stephen Bradley	2	29	57	Unknown	64	49	55	55	0	0	441000	50000	eu:stephenbradley	FIFA11_RATING_EST_AGE_ECONOMY
P	eu_ireland	0	Shamrock Rovers	18	Enda Stevens	1	19	61	Unknown	69	39	45	55	0	0	1089000	60000	eu:endastevens	SEASON_APPS_FIFA11
P	eu_ireland	0	Shamrock Rovers	19	Alan Mannus	0	27	62	Unknown	69	67	67	55	0	0	1296000	70000	eu:alanmannus:19051982	SEASON_ARCHIVE_EST_RATING
T	eu_israel	0	Hapoel Tel Aviv	-1		-1	2010	0	Israel	0	0	0	55	55	2	0	0	eu_israel:0	REGISTRY
P	eu_israel	0	Hapoel Tel Aviv	0	Vincent Enyeama	0	27	68	Unknown	63	59	58	55	0	0	2916000	160000	eu:vincentenyeama	SEASON_APPS_EST_RATING
P	eu_israel	0	Hapoel Tel Aviv	1	Itamar Nitzan	0	29	62	Unknown	71	61	60	55	0	0	1296000	70000	eu:itamarnitzan	ESTIMATED
P	eu_israel	0	Hapoel Tel Aviv	2	Bevan Fransman	1	26	70	Unknown	68	70	75	55	0	0	3600000	200000	eu:bevanfransman	SEASON_APPS_EST_RATING
P	eu_israel	0	Hapoel Tel Aviv	3	Dedi Ben-Dayan	1	31	66	Unknown	68	69	60	55	0	0	2304000	120000	eu:dedibendayan	SEASON_APPS_EST_RATING
P	eu_israel	0	Hapoel Tel Aviv	4	Dani Bondar	1	23	66	Unknown	62	67	61	55	0	0	2304000	120000	eu:danibondar	SEASON_APPS_EST_RATING
P	eu_israel	0	Hapoel Tel Aviv	5	Gal Shish	1	21	67	Unknown	66	65	71	55	0	0	2601000	140000	eu:galshish	SEASON_APPS_EST_RATING
P	eu_israel	0	Hapoel Tel Aviv	6	Eran Zahavi	3	23	67	Unknown	62	72	66	55	0	0	2601000	140000	eu:eranzahavi	SEASON_APPS_EST_RATING
P	eu_israel	0	Hapoel Tel Aviv	7	Gil Vermouth	2	24	67	Unknown	63	70	66	55	0	0	2601000	140000	eu:gilvermouth	SEASON_APPS_EST_RATING
P	eu_israel	0	Hapoel Tel Aviv	8	Avihai Yadin	2	23	66	Unknown	60	70	65	55	0	0	2304000	120000	eu:avihaiyadin	SEASON_APPS_EST_RATING
P	eu_israel	0	Hapoel Tel Aviv	9	Walid Badir	2	36	70	Unknown	61	66	64	55	0	0	3600000	200000	eu:walidbadir	SEASON_APPS_EST_RATING
P	eu_israel	0	Hapoel Tel Aviv	10	Yossi Shivhon	2	28	66	Unknown	63	63	62	55	0	0	2304000	120000	eu:yossishivhon	SEASON_APPS_EST_RATING
P	eu_israel	0	Hapoel Tel Aviv	11	Elroey Cohen	2	21	69	Unknown	71	76	68	55	0	0	3249000	180000	eu:elroeycohen	SEASON_APPS_EST_RATING
P	eu_israel	0	Hapoel Tel Aviv	12	Roei Gordana	2	20	70	Unknown	66	69	65	55	0	0	3600000	200000	eu:roeigordana	ESTIMATED
P	eu_israel	0	Hapoel Tel Aviv	13	Ben Sahar	3	20	67	Unknown	72	74	65	55	0	0	2601000	140000	eu:bensahar	SEASON_APPS_EST_RATING
P	eu_israel	0	Hapoel Tel Aviv	14	Toto Tamuz	3	22	66	Unknown	68	66	61	55	0	0	2304000	120000	eu:tototamuz	SEASON_APPS_EST_RATING
P	eu_israel	0	Hapoel Tel Aviv	15	Salim Toama	2	30	65	Unknown	68	69	63	55	0	0	2025000	110000	eu:salimtoama	SEASON_APPS_EST_RATING
P	eu_israel	0	Hapoel Tel Aviv	16	Itay Shechter	3	23	66	Unknown	69	62	64	55	0	0	2304000	120000	eu:itayshechter	SEASON_APPS_EST_RATING
T	eu_israel	1	Maccabi Haifa	-1		-1	2010	0	Israel	0	0	0	55	55	2	0	0	eu_israel:1	REGISTRY
P	eu_israel	1	Maccabi Haifa	0	Nir Davidovich	0	33	66	Unknown	55	58	63	55	0	0	2304000	120000	eu:nirdavidovich	SEASON_APPS_EST_RATING
P	eu_israel	1	Maccabi Haifa	1	Amir Edri	0	25	68	Unknown	74	73	67	55	0	0	2916000	160000	eu:amiredri	SEASON_APPS_EST_RATING
P	eu_israel	1	Maccabi Haifa	2	Eyal Meshumar	1	26	65	Unknown	59	67	62	55	0	0	2025000	110000	eu:eyalmeshumar	SEASON_APPS_EST_RATING
P	eu_israel	1	Maccabi Haifa	3	Arik Benado	1	36	68	Unknown	75	75	64	55	0	0	2916000	160000	eu:arikbenado	SEASON_APPS_EST_RATING
P	eu_israel	1	Maccabi Haifa	4	Shay Maimon	1	24	68	Unknown	62	68	73	55	0	0	2916000	160000	eu:shaymaimon	SEASON_APPS_EST_RATING
P	eu_israel	1	Maccabi Haifa	5	Tsepo Masilela	1	25	69	Unknown	61	67	63	55	0	0	3249000	180000	eu:tsepomasilela	SEASON_APPS_EST_RATING
P	eu_israel	1	Maccabi Haifa	6	Taleb Tawatha	1	18	65	Unknown	65	62	57	55	0	0	2025000	110000	eu:talebtawatha	SEASON_APPS_EST_RATING
P	eu_israel	1	Maccabi Haifa	7	Andriy Pylyavskyi	1	25	66	Unknown	58	68	65	55	0	0	2304000	120000	eu:andriypylyavskyi	ESTIMATED
P	eu_israel	1	Maccabi Haifa	8	Ali Ottman	2	29	65	Unknown	72	67	59	55	0	0	2025000	110000	eu:aliottman	ESTIMATED
P	eu_israel	1	Maccabi Haifa	9	Ignacio Canuto	1	24	69	Unknown	78	76	70	55	0	0	3249000	180000	eu:ignaciocanuto	SEASON_APPS_EST_RATING
P	eu_israel	1	Maccabi Haifa	10	Idan Vered	2	21	69	Unknown	60	68	64	55	0	0	3249000	180000	eu:idanvered	SEASON_APPS_EST_RATING
P	eu_israel	1	Maccabi Haifa	11	Lior Refaelov	2	24	65	Unknown	60	60	66	55	0	0	2025000	110000	eu:liorrefaelov	SEASON_APPS_EST_RATING
P	eu_israel	1	Maccabi Haifa	12	Yaniv Katan	3	29	69	Unknown	74	72	72	55	0	0	3249000	180000	eu:yanivkatan	SEASON_APPS_EST_RATING
P	eu_israel	1	Maccabi Haifa	13	Eyal Golasa	2	18	68	Unknown	69	71	62	55	0	0	2916000	160000	eu:eyalgolasa	SEASON_APPS_EST_RATING
P	eu_israel	1	Maccabi Haifa	14	Adrien Silva	2	21	65	Unknown	67	63	67	55	0	0	2025000	110000	eu:adriensilva	SEASON_APPS_EST_RATING
P	eu_israel	1	Maccabi Haifa	15	Tomer Hemed	3	23	65	Unknown	70	64	68	55	0	0	2025000	110000	eu:tomerhemed	SEASON_APPS_EST_RATING
P	eu_israel	1	Maccabi Haifa	16	Vladimer Dvalishvili	3	24	66	Unknown	62	59	71	55	0	0	2304000	120000	eu:vladimerdvalishvili	SEASON_APPS_EST_RATING
P	eu_israel	1	Maccabi Haifa	17	Mohammad Ghadir	3	19	68	Unknown	74	74	66	55	0	0	2916000	160000	eu:mohammadghadir	SEASON_APPS_EST_RATING
T	eu_israel	2	Maccabi Tel Aviv	-1		-1	2010	0	Israel	0	0	0	55	55	2	0	0	eu_israel:2	REGISTRY
P	eu_israel	2	Maccabi Tel Aviv	0	Liran Strauber	0	35	65	Unknown	68	72	63	55	0	0	2025000	110000	eu:liranstrauber	SEASON_APPS_EST_RATING
P	eu_israel	2	Maccabi Tel Aviv	1	Guy Solomon	0	22	67	Unknown	62	63	64	55	0	0	2601000	140000	eu:guysolomon	ESTIMATED
P	eu_israel	2	Maccabi Tel Aviv	2	Yoav Ziv	1	29	66	Unknown	66	68	66	55	0	0	2304000	120000	eu:yoavziv	SEASON_APPS_EST_RATING
P	eu_israel	2	Maccabi Tel Aviv	3	Nivaldo	1	30	63	Unknown	57	63	63	55	0	0	1521000	80000	eu:nivaldo	SEASON_APPS_EST_RATING
P	eu_israel	2	Maccabi Tel Aviv	4	Savo Pavićević	1	29	67	Unknown	62	66	71	55	0	0	2601000	140000	eu:savopavicevic	SEASON_APPS_EST_RATING
P	eu_israel	2	Maccabi Tel Aviv	5	Avi Strool	1	28	64	Unknown	57	71	62	55	0	0	1764000	90000	eu:avistrool	ESTIMATED
P	eu_israel	2	Maccabi Tel Aviv	6	Rony Gafni	1	30	67	Unknown	60	68	73	55	0	0	2601000	140000	eu:ronygafni	SEASON_APPS_EST_RATING
P	eu_israel	2	Maccabi Tel Aviv	7	Gal Alberman	2	27	65	Unknown	59	62	70	55	0	0	2025000	110000	eu:galalberman	SEASON_APPS_EST_RATING
P	eu_israel	2	Maccabi Tel Aviv	8	Haris Medunjanin	2	25	64	Unknown	58	67	70	55	0	0	1764000	90000	eu:harismedunjanin	SEASON_APPS_EST_RATING
P	eu_israel	2	Maccabi Tel Aviv	9	Maor Buzaglo	2	22	64	Unknown	65	68	65	55	0	0	1764000	90000	eu:maorbuzaglo	SEASON_APPS_EST_RATING
P	eu_israel	2	Maccabi Tel Aviv	10	Dor Micha	2	28	60	Unknown	56	62	54	55	0	0	900000	50000	eu:dormicha	ESTIMATED
P	eu_israel	2	Maccabi Tel Aviv	11	Sheran Yeini	2	23	67	Unknown	76	72	61	55	0	0	2601000	140000	eu:sheranyeini	SEASON_APPS_EST_RATING
P	eu_israel	2	Maccabi Tel Aviv	12	Eliran Atar	3	23	63	Unknown	63	65	56	55	0	0	1521000	80000	eu:eliranatar	SEASON_APPS_EST_RATING
P	eu_israel	2	Maccabi Tel Aviv	13	Barak Yitzhaki	3	25	65	Unknown	68	59	65	55	0	0	2025000	110000	eu:barakyitzhaki	SEASON_APPS_EST_RATING
P	eu_israel	2	Maccabi Tel Aviv	14	Roberto Colautti	3	28	64	Unknown	72	59	60	55	0	0	1764000	90000	eu:robertocolautti	SEASON_APPS_EST_RATING
P	eu_israel	2	Maccabi Tel Aviv	15	Rangelov	3	22	64	Unknown	62	63	69	55	0	0	1764000	90000	eu:rangelov	ESTIMATED
P	eu_israel	2	Maccabi Tel Aviv	16	Moshe Logasi	3	29	62	Unknown	67	63	62	55	0	0	1296000	70000	eu:moshelogasi	ESTIMATED
P	eu_israel	2	Maccabi Tel Aviv	17	Tamir Kahlon	2	22	68	Unknown	59	62	67	55	0	0	2916000	160000	eu:tamirkahlon	SEASON_APPS_EST_RATING
T	eu_moldova	0	Sheriff Tiraspol	-1		-1	2010	0	Moldova	0	0	0	55	55	2	0	0	eu_moldova:0	REGISTRY
P	eu_moldova	0	Sheriff Tiraspol	0	Vladislav Stoyanov	0	23	63	Unknown	58	58	63	55	0	0	1521000	80000	eu:vladislavstoyanov	SEASON_APPS_EST_RATING
P	eu_moldova	0	Sheriff Tiraspol	1	Dmitri Stajila	0	18	62	Unknown	63	52	55	55	0	0	1296000	70000	eu:dmitristajila	SEASON_APPS_EST_RATING
P	eu_moldova	0	Sheriff Tiraspol	2	Benjamin Balima	1	26	65	Unknown	62	66	65	55	0	0	2025000	110000	eu:benjaminbalima	ESTIMATED
P	eu_moldova	0	Sheriff Tiraspol	3	Artiom Hacaturov	2	18	66	Unknown	66	70	72	55	0	0	2304000	120000	eu:artiomhacaturov	SEASON_APPS_EST_RATING
P	eu_moldova	0	Sheriff Tiraspol	4	Miral Samardžić	1	23	62	Unknown	61	61	58	55	0	0	1296000	70000	eu:miralsamardzic	SEASON_APPS_EST_RATING
P	eu_moldova	0	Sheriff Tiraspol	5	Alexandru Suvorov	1	30	66	Unknown	61	67	68	55	0	0	2304000	120000	eu:alexandrusuvorov	ESTIMATED
P	eu_moldova	0	Sheriff Tiraspol	6	Vladimir Volkov	1	24	63	Unknown	58	62	57	55	0	0	1521000	80000	eu:vladimirvolkov	SEASON_APPS_EST_RATING
P	eu_moldova	0	Sheriff Tiraspol	7	Jymmy França	3	26	62	Unknown	53	57	54	55	0	0	1296000	70000	eu:jymmyfranca	SEASON_APPS_EST_RATING
P	eu_moldova	0	Sheriff Tiraspol	8	Marko Đalović	2	31	62	Unknown	70	68	59	55	0	0	1296000	70000	eu:markoalovic	ESTIMATED
P	eu_moldova	0	Sheriff Tiraspol	9	Fred Benson	2	30	64	Unknown	55	71	69	55	0	0	1764000	90000	eu:fredbenson	ESTIMATED
P	eu_moldova	0	Sheriff Tiraspol	10	Florent Rouamba	2	23	62	Unknown	63	61	57	55	0	0	1296000	70000	eu:florentrouamba	SEASON_APPS_EST_RATING
P	eu_moldova	0	Sheriff Tiraspol	11	Nadson	1	25	63	Unknown	58	62	61	55	0	0	1521000	80000	eu:nadson	SEASON_APPS_EST_RATING
P	eu_moldova	0	Sheriff Tiraspol	12	Wilfried Balima	2	25	62	Unknown	55	63	64	55	0	0	1296000	70000	eu:wilfriedbalima	SEASON_APPS_EST_RATING
P	eu_moldova	0	Sheriff Tiraspol	13	Stanislav Ivanov	2	31	58	Unknown	59	63	63	55	0	0	576000	50000	eu:stanislavivanov	ESTIMATED
P	eu_moldova	0	Sheriff Tiraspol	14	Aleksandr Erokhin	2	20	62	Unknown	53	69	66	55	0	0	1296000	70000	eu:aleksandrerokhin	SEASON_APPS_EST_RATING
P	eu_moldova	0	Sheriff Tiraspol	15	Mahamadou Traoré	3	25	64	Unknown	67	60	62	55	0	0	1764000	90000	eu:mahamadoutraore	ESTIMATED
P	eu_moldova	0	Sheriff Tiraspol	16	Constantin Mandricenco	3	19	63	Unknown	72	69	64	55	0	0	1521000	80000	eu:constantinmandricenco	SEASON_APPS_EST_RATING
P	eu_moldova	0	Sheriff Tiraspol	17	Serghei Gheorghiev	2	18	62	Unknown	65	64	58	55	0	0	1296000	70000	eu:sergheigheorghiev	SEASON_APPS_EST_RATING
T	eu_netherlands	0	AZ Alkmaar	-1		-1	2010	0	Netherlands	0	0	0	55	55	2	0	0	eu_netherlands:0	REGISTRY
P	eu_netherlands	0	AZ Alkmaar	0	Héctor Moreno	1	22	75	Unknown	68	82	62	55	0	0	5625000	310000	eu:hectormoreno	SEASON_APPS_FIFA11
P	eu_netherlands	0	AZ Alkmaar	1	Stijn Schaars	2	26	75	Unknown	67	59	79	55	0	0	5625000	310000	eu:stijnschaars	SEASON_APPS_FIFA11
P	eu_netherlands	0	AZ Alkmaar	2	Kolbeinn Sigþórsson	3	20	75	Unknown	75	71	77	55	0	0	5625000	310000	eu:kolbeinnsigorsson	SEASON_APPS_EST_RATING
P	eu_netherlands	0	AZ Alkmaar	3	Niklas Moisander	1	24	75	Unknown	74	88	54	55	0	0	5625000	310000	eu:niklasmoisander	SEASON_APPS_FIFA11
P	eu_netherlands	0	AZ Alkmaar	4	Pontus Wernbloom	2	24	75	Unknown	68	72	76	55	0	0	5625000	310000	eu:pontuswernbloom	SEASON_APPS_FIFA11
P	eu_netherlands	0	AZ Alkmaar	5	Ragnar Klavan	1	24	74	Unknown	73	81	66	55	0	0	5184000	280000	eu:ragnarklavan	SEASON_APPS_FIFA11
P	eu_netherlands	0	AZ Alkmaar	6	Rasmus Elm	2	22	74	Unknown	71	69	70	55	0	0	5184000	280000	eu:rasmuselm	SEASON_APPS_FIFA11
P	eu_netherlands	0	AZ Alkmaar	7	Dirk Marcellis	1	22	75	Unknown	69	52	73	55	0	0	5625000	310000	eu:dirkmarcellis	SEASON_APPS_FIFA11
P	eu_netherlands	0	AZ Alkmaar	8	Erik Falkenburg	2	22	73	Unknown	73	75	58	55	0	0	4761000	260000	eu:erikfalkenburg	SEASON_APPS_FIFA11
P	eu_netherlands	0	AZ Alkmaar	9	Kew Jaliens	1	31	70	Unknown	62	67	65	55	0	0	3600000	200000	eu:kewjaliens	SEASON_APPS_FIFA11
P	eu_netherlands	0	AZ Alkmaar	10	Maarten Martens	2	26	74	Unknown	71	63	68	55	0	0	5184000	280000	eu:maartenmartens	SEASON_APPS_FIFA11
P	eu_netherlands	0	AZ Alkmaar	11	Brett Holman	2	26	74	Unknown	80	54	66	55	0	0	5184000	280000	eu:brettholman	SEASON_APPS_FIFA11
P	eu_netherlands	0	AZ Alkmaar	12	Jóhann Berg Guðmundsson	3	19	73	Unknown	78	65	75	55	0	0	4761000	260000	eu:johannberggumundsson	SEASON_APPS_EST_RATING
P	eu_netherlands	0	AZ Alkmaar	13	Simon Poulsen	1	25	70	Unknown	70	60	70	55	0	0	3600000	200000	eu:simonpoulsen	SEASON_APPS_FIFA11
P	eu_netherlands	0	AZ Alkmaar	14	Gill Swerts	1	27	67	Unknown	65	64	61	55	0	0	2601000	140000	eu:gillswerts	SEASON_APPS_FIFA11
P	eu_netherlands	0	AZ Alkmaar	15	Graziano Pellè	3	25	71	Unknown	79	50	67	55	0	0	3969000	220000	eu:grazianopelle	SEASON_APPS_FIFA11
P	eu_netherlands	0	AZ Alkmaar	16	Jonathas	3	21	70	Unknown	78	58	66	55	0	0	3600000	200000	eu:jonathas	SEASON_APPS_FIFA11
P	eu_netherlands	0	AZ Alkmaar	17	Nick van der Velden	2	28	70	Unknown	65	64	67	55	0	0	3600000	200000	eu:nickvandervelden	SEASON_APPS_FIFA11
P	eu_netherlands	0	AZ Alkmaar	18	Nick Viergever	1	20	70	Unknown	67	65	59	55	0	0	3600000	200000	eu:nickviergever	SEASON_APPS_FIFA11
P	eu_netherlands	0	AZ Alkmaar	19	Celso Ortiz	2	21	70	Unknown	67	68	57	55	0	0	3600000	200000	eu:celsoortiz	SEASON_APPS_FIFA11
P	eu_netherlands	0	AZ Alkmaar	20	Sergio Romero	0	23	74	Unknown	78	78	70	55	0	0	5184000	280000	eu:sergioromero:22021987	SEASON_ARCHIVE_EST_RATING
P	eu_netherlands	0	AZ Alkmaar	21	Joey Didulica	0	32	70	Unknown	66	74	71	55	0	0	3600000	200000	eu:joeydidulica:14101977	SEASON_ARCHIVE_EST_RATING
P	eu_netherlands	0	AZ Alkmaar	22	Charlison Benschop	3	20	70	Unknown	63	64	72	55	0	0	3600000	200000	eu:charlisonbenschop:21081989	SEASON_ARCHIVE_EST_RATING
T	eu_netherlands	1	Ajax	-1		-1	2010	0	Netherlands	0	0	0	55	55	2	0	0	eu_netherlands:1	REGISTRY
P	eu_netherlands	1	Ajax	0	Maarten Stekelenburg	0	27	78	Unknown	73	73	65	55	0	0	7056000	390000	eu:maartenstekelenburg	SEASON_APPS_EST_RATING
P	eu_netherlands	1	Ajax	1	Kenneth Vermeer	0	24	72	Unknown	69	69	73	55	0	0	4356000	240000	eu:kennethvermeer	SEASON_APPS_EST_RATING
P	eu_netherlands	1	Ajax	2	Luis Suárez	3	23	86	Unknown	75	57	83	55	0	0	11664000	640000	eu:luissuarez	SEASON_APPS_FIFA11
P	eu_netherlands	1	Ajax	3	Jan Vertonghen	1	23	82	Unknown	76	80	78	55	0	0	9216000	510000	eu:janvertonghen	SEASON_APPS_FIFA11
P	eu_netherlands	1	Ajax	4	Gregory van der Wiel	1	22	80	Unknown	84	83	70	55	0	0	8100000	450000	eu:gregoryvanderwiel	SEASON_APPS_FIFA11
P	eu_netherlands	1	Ajax	5	Siem de Jong	2	21	80	Unknown	75	65	82	55	0	0	8100000	450000	eu:siemdejong	SEASON_APPS_FIFA11
P	eu_netherlands	1	Ajax	6	Christian Eriksen	2	18	79	Unknown	80	78	75	55	0	0	7569000	420000	eu:christianeriksen	SEASON_APPS_FIFA11
P	eu_netherlands	1	Ajax	7	Mounir El Hamdaoui	3	26	79	Unknown	68	82	68	55	0	0	7569000	420000	eu:mounirelhamdaoui	SEASON_APPS_FIFA11
P	eu_netherlands	1	Ajax	8	Toby Alderweireld	1	21	79	Unknown	80	52	80	55	0	0	7569000	420000	eu:tobyalderweireld	SEASON_APPS_FIFA11
P	eu_netherlands	1	Ajax	9	Demy de Zeeuw	2	27	77	Unknown	82	70	76	55	0	0	6561000	360000	eu:demydezeeuw	SEASON_APPS_FIFA11
P	eu_netherlands	1	Ajax	10	Urby Emanuelson	2	24	76	Unknown	75	66	75	55	0	0	6084000	330000	eu:urbyemanuelson	SEASON_APPS_FIFA11
P	eu_netherlands	1	Ajax	11	Eyong Enoh	2	24	77	Unknown	71	66	70	55	0	0	6561000	360000	eu:eyongenoh	SEASON_APPS_EST_RATING
P	eu_netherlands	1	Ajax	12	Miralem Sulejmani	3	21	77	Unknown	79	58	68	55	0	0	6561000	360000	eu:miralemsulejmani	SEASON_APPS_FIFA11
P	eu_netherlands	1	Ajax	13	André Ooijer	1	36	73	Unknown	59	68	60	55	0	0	4761000	260000	eu:andreooijer	SEASON_APPS_FIFA11
P	eu_netherlands	1	Ajax	14	Nicolás Lodeiro	2	21	72	Unknown	83	68	71	55	0	0	4356000	240000	eu:nicolaslodeiro	SEASON_APPS_FIFA11
P	eu_netherlands	1	Ajax	15	Oleguer	1	30	72	Unknown	61	78	56	55	0	0	4356000	240000	eu:oleguer	SEASON_APPS_FIFA11
P	eu_netherlands	1	Ajax	16	Teemu Tainio	2	30	72	Unknown	67	68	59	55	0	0	4356000	240000	eu:teemutainio	SEASON_APPS_FIFA11
P	eu_netherlands	1	Ajax	17	Rasmus Lindgren	2	25	74	Unknown	76	67	71	55	0	0	5184000	280000	eu:rasmuslindgren	SEASON_APPS_FIFA11
P	eu_netherlands	1	Ajax	18	Vurnon Anita	1	21	77	Unknown	65	48	71	55	0	0	6561000	360000	eu:vurnonanita	SEASON_APPS_FIFA11
P	eu_netherlands	1	Ajax	19	Daley Blind	1	20	72	Unknown	73	56	67	55	0	0	4356000	240000	eu:daleyblind	SEASON_APPS_FIFA11
P	eu_netherlands	1	Ajax	20	Lorenzo Ebecilio	3	18	73	Unknown	70	79	71	55	0	0	4761000	260000	eu:lorenzoebecilio:24091991	SEASON_ARCHIVE_EST_RATING
P	eu_netherlands	1	Ajax	21	Aras Özbiliz	3	20	73	Unknown	78	78	78	55	0	0	4761000	260000	eu:arasozbiliz:09031990	SEASON_ARCHIVE_EST_RATING
T	eu_netherlands	2	FC Twente	-1		-1	2010	0	Netherlands	0	0	0	55	55	2	0	0	eu_netherlands:2	REGISTRY
P	eu_netherlands	2	FC Twente	0	Bryan Ruiz	3	24	81	Unknown	78	85	71	55	0	0	8649000	480000	eu:bryanruiz	SEASON_APPS_FIFA11
P	eu_netherlands	2	FC Twente	1	Theo Janssen	2	29	81	Unknown	85	80	74	55	0	0	8649000	480000	eu:theojanssen	SEASON_APPS_FIFA11
P	eu_netherlands	2	FC Twente	2	Marc Janko	3	27	75	Unknown	75	80	73	55	0	0	5625000	310000	eu:marcjanko	SEASON_APPS_FIFA11
P	eu_netherlands	2	FC Twente	3	Peter Wisgerhof	1	30	75	Unknown	75	66	72	55	0	0	5625000	310000	eu:peterwisgerhof	SEASON_APPS_FIFA11
P	eu_netherlands	2	FC Twente	4	Roberto Rosales	1	21	75	Unknown	75	82	64	55	0	0	5625000	310000	eu:robertorosales	SEASON_APPS_FIFA11
P	eu_netherlands	2	FC Twente	5	Wout Brama	2	23	75	Unknown	75	68	76	55	0	0	5625000	310000	eu:woutbrama	SEASON_APPS_FIFA11
P	eu_netherlands	2	FC Twente	6	Emir Bajrami	2	22	73	Unknown	70	74	63	55	0	0	4761000	260000	eu:emirbajrami	SEASON_APPS_FIFA11
P	eu_netherlands	2	FC Twente	7	Denny Landzaat	2	34	75	Unknown	66	82	60	55	0	0	5625000	310000	eu:dennylandzaat	SEASON_APPS_FIFA11
P	eu_netherlands	2	FC Twente	8	Luuk de Jong	3	19	75	Unknown	67	48	74	55	0	0	5625000	310000	eu:luukdejong	SEASON_APPS_FIFA11
P	eu_netherlands	2	FC Twente	9	Bernard Parker	3	24	70	Unknown	77	64	68	55	0	0	3600000	200000	eu:bernardparker	SEASON_APPS_FIFA11
P	eu_netherlands	2	FC Twente	10	Dwight Tiendalli	1	24	72	Unknown	73	68	69	55	0	0	4356000	240000	eu:dwighttiendalli	SEASON_APPS_FIFA11
P	eu_netherlands	2	FC Twente	11	Rasmus Bengtsson	1	24	70	Unknown	74	68	58	55	0	0	3600000	200000	eu:rasmusbengtsson	SEASON_APPS_FIFA11
P	eu_netherlands	2	FC Twente	12	Bart Buysse	1	23	71	Unknown	68	64	60	55	0	0	3969000	220000	eu:bartbuysse	SEASON_APPS_FIFA11
P	eu_netherlands	2	FC Twente	13	Dario Vujicevic	2	20	68	Unknown	71	69	54	55	0	0	2916000	160000	eu:dariovujicevic	SEASON_APPS_FIFA11
P	eu_netherlands	2	FC Twente	14	Nicky Kuiper	1	21	68	Unknown	75	58	66	55	0	0	2916000	160000	eu:nickykuiper	SEASON_APPS_FIFA11
P	eu_netherlands	2	FC Twente	15	Nikolaj Mihajlov	0	22	76	Unknown	70	82	78	55	0	0	6084000	330000	eu:nikolajmihajlov:28061988	SEASON_ARCHIVE_EST_RATING
P	eu_netherlands	2	FC Twente	16	Sander Boschker	0	39	70	Unknown	63	67	67	55	0	0	3600000	200000	eu:sanderboschker:20101970	SEASON_ARCHIVE_EST_RATING
P	eu_netherlands	2	FC Twente	17	Nacer Chadli	2	20	75	Unknown	80	77	71	55	0	0	5625000	310000	eu:nacerchadli:02081989	SEASON_ARCHIVE_EST_RATING
P	eu_netherlands	2	FC Twente	18	Douglas	1	22	75	Unknown	77	75	78	55	0	0	5625000	310000	eu:douglas:12011988	SEASON_ARCHIVE_EST_RATING
T	eu_netherlands	3	FC Utrecht	-1		-1	2010	0	Netherlands	0	0	0	55	55	2	0	0	eu_netherlands:3	REGISTRY
P	eu_netherlands	3	FC Utrecht	0	Dries Mertens	3	23	81	Unknown	73	74	76	55	0	0	8649000	480000	eu:driesmertens	SEASON_APPS_FIFA11
P	eu_netherlands	3	FC Utrecht	1	Ricky van Wolfswinkel	3	21	73	Unknown	68	48	74	55	0	0	4761000	260000	eu:rickyvanwolfswinkel	SEASON_APPS_FIFA11
P	eu_netherlands	3	FC Utrecht	2	Michael Silberbauer	2	29	73	Unknown	75	60	71	55	0	0	4761000	260000	eu:michaelsilberbauer	SEASON_APPS_FIFA11
P	eu_netherlands	3	FC Utrecht	3	Nana Asare	2	24	70	Unknown	74	64	72	55	0	0	3600000	200000	eu:nanaasare	SEASON_APPS_EST_RATING
P	eu_netherlands	3	FC Utrecht	4	Jacob Mulenga	3	26	71	Unknown	65	69	59	55	0	0	3969000	220000	eu:jacobmulenga	SEASON_APPS_FIFA11
P	eu_netherlands	3	FC Utrecht	5	Jan Wuytens	1	25	73	Unknown	69	75	57	55	0	0	4761000	260000	eu:janwuytens	SEASON_APPS_FIFA11
P	eu_netherlands	3	FC Utrecht	6	Alje Schut	1	29	73	Unknown	74	61	67	55	0	0	4761000	260000	eu:aljeschut	SEASON_APPS_FIFA11
P	eu_netherlands	3	FC Utrecht	7	Jacob Lensky	2	21	72	Unknown	69	60	67	55	0	0	4356000	240000	eu:jacoblensky	SEASON_APPS_FIFA11
P	eu_netherlands	3	FC Utrecht	8	Mihai Neşu	1	27	73	Unknown	75	60	68	55	0	0	4761000	260000	eu:mihainesu	SEASON_APPS_FIFA11
P	eu_netherlands	3	FC Utrecht	9	Tim Cornelisse	1	32	73	Unknown	69	66	70	55	0	0	4761000	260000	eu:timcornelisse	SEASON_APPS_FIFA11
P	eu_netherlands	3	FC Utrecht	10	Sander Keller	1	30	69	Unknown	72	66	69	55	0	0	3249000	180000	eu:sanderkeller	SEASON_APPS_FIFA11
P	eu_netherlands	3	FC Utrecht	11	Barry Maguire	2	20	70	Unknown	72	58	65	55	0	0	3600000	200000	eu:barrymaguire	SEASON_APPS_FIFA11
P	eu_netherlands	3	FC Utrecht	12	Frank Demouge	3	28	70	Unknown	64	70	51	55	0	0	3600000	200000	eu:frankdemouge	SEASON_APPS_FIFA11
P	eu_netherlands	3	FC Utrecht	13	Gianluca Nijholt	2	20	71	Unknown	77	68	53	55	0	0	3969000	220000	eu:gianlucanijholt	SEASON_APPS_FIFA11
P	eu_netherlands	3	FC Utrecht	14	Tommy Oar	3	18	67	Unknown	63	63	57	55	0	0	2601000	140000	eu:tommyoar	SEASON_APPS_FIFA11
P	eu_netherlands	3	FC Utrecht	15	Mark van der Maarel	1	20	66	Unknown	56	84	56	55	0	0	2304000	120000	eu:markvandermaarel	SEASON_APPS_FIFA11
P	eu_netherlands	3	FC Utrecht	16	Erixon Danso	3	21	66	Unknown	63	49	65	55	0	0	2304000	120000	eu:erixondanso	SEASON_APPS_FIFA11
P	eu_netherlands	3	FC Utrecht	17	Michael Zullo	2	21	66	Unknown	76	64	60	55	0	0	2304000	120000	eu:michaelzullo	SEASON_APPS_FIFA11
P	eu_netherlands	3	FC Utrecht	18	Ismo Vorstermans	1	21	67	Unknown	53	70	47	55	0	0	2601000	140000	eu:ismovorstermans	SEASON_APPS_FIFA11
P	eu_netherlands	3	FC Utrecht	19	Adam Sarota	2	21	66	Unknown	71	59	50	55	0	0	2304000	120000	eu:adamsarota	SEASON_APPS_FIFA11
P	eu_netherlands	3	FC Utrecht	20	Michel Vorm	0	26	74	Unknown	70	70	75	55	0	0	5184000	280000	eu:michelvorm:20101983	SEASON_ARCHIVE_EST_RATING
P	eu_netherlands	3	FC Utrecht	21	Khalid Sinouh	0	35	66	Unknown	62	61	63	55	0	0	2304000	120000	eu:khalidsinouh:02051975	SEASON_ARCHIVE_EST_RATING
P	eu_netherlands	3	FC Utrecht	22	Édouard Duplan	2	27	73	Unknown	74	77	70	55	0	0	4761000	260000	eu:edouardduplan:13051983	SEASON_ARCHIVE_EST_RATING
T	eu_netherlands	4	Feyenoord	-1		-1	2010	0	Netherlands	0	0	0	55	55	2	0	0	eu_netherlands:4	REGISTRY
P	eu_netherlands	4	Feyenoord	0	Georginio Wijnaldum	2	19	82	Unknown	83	73	84	55	0	0	9216000	510000	eu:georginiowijnaldum	SEASON_APPS_FIFA11
P	eu_netherlands	4	Feyenoord	1	Ron Vlaar	1	25	80	Unknown	78	71	81	55	0	0	8100000	450000	eu:ronvlaar	SEASON_APPS_FIFA11
P	eu_netherlands	4	Feyenoord	2	André Bahia	1	26	73	Unknown	74	44	73	55	0	0	4761000	260000	eu:andrebahia	SEASON_APPS_FIFA11
P	eu_netherlands	4	Feyenoord	3	Jon Dahl Tomasson	3	33	73	Unknown	72	74	64	55	0	0	4761000	260000	eu:jondahltomasson	SEASON_APPS_FIFA11
P	eu_netherlands	4	Feyenoord	4	Leroy Fer	2	20	73	Unknown	76	84	65	55	0	0	4761000	260000	eu:leroyfer	SEASON_APPS_FIFA11
P	eu_netherlands	4	Feyenoord	5	Karim El Ahmadi	2	25	72	Unknown	82	72	66	55	0	0	4356000	240000	eu:karimelahmadi	SEASON_APPS_FIFA11
P	eu_netherlands	4	Feyenoord	6	Fedor Smolov	3	20	70	Unknown	46	86	51	55	0	0	3600000	200000	eu:fedorsmolov	SEASON_APPS_FIFA11
P	eu_netherlands	4	Feyenoord	7	Luigi Bruins	2	23	71	Unknown	69	83	64	55	0	0	3969000	220000	eu:luigibruins	SEASON_APPS_FIFA11
P	eu_netherlands	4	Feyenoord	8	Sekou Cissé	3	25	70	Unknown	71	66	67	55	0	0	3600000	200000	eu:sekoucisse	SEASON_APPS_FIFA11
P	eu_netherlands	4	Feyenoord	9	Diego Biseswar	3	22	71	Unknown	71	64	69	55	0	0	3969000	220000	eu:diegobiseswar	SEASON_APPS_FIFA11
P	eu_netherlands	4	Feyenoord	10	Ruben Schaken	3	28	69	Unknown	75	57	68	55	0	0	3249000	180000	eu:rubenschaken	SEASON_APPS_FIFA11
P	eu_netherlands	4	Feyenoord	11	Stefan de Vrij	1	18	73	Unknown	77	66	60	55	0	0	4761000	260000	eu:stefandevrij	SEASON_APPS_FIFA11
P	eu_netherlands	4	Feyenoord	12	Michael Lumb	1	22	68	Unknown	70	68	68	55	0	0	2916000	160000	eu:michaellumb	SEASON_APPS_FIFA11
P	eu_netherlands	4	Feyenoord	13	Tim de Cler	1	31	73	Unknown	64	70	57	55	0	0	4761000	260000	eu:timdecler	SEASON_APPS_FIFA11
P	eu_netherlands	4	Feyenoord	14	Dani Fernández	1	27	67	Unknown	83	42	66	55	0	0	2601000	140000	eu:danifernandez	SEASON_APPS_FIFA11
P	eu_netherlands	4	Feyenoord	15	Kelvin Leerdam	2	20	71	Unknown	67	62	66	55	0	0	3969000	220000	eu:kelvinleerdam	SEASON_APPS_FIFA11
P	eu_netherlands	4	Feyenoord	16	Adil Auassar	2	23	67	Unknown	68	66	61	55	0	0	2601000	140000	eu:adilauassar	SEASON_APPS_FIFA11
P	eu_netherlands	4	Feyenoord	17	Manteiga	2	20	67	Unknown	75	66	65	55	0	0	2601000	140000	eu:manteiga	SEASON_APPS_FIFA11
P	eu_netherlands	4	Feyenoord	18	Erwin Mulder	0	21	71	Unknown	77	75	76	55	0	0	3969000	220000	eu:erwinmulder:03031989	SEASON_ARCHIVE_EST_RATING
P	eu_netherlands	4	Feyenoord	19	Rob van Dijk	0	41	71	Unknown	68	66	69	55	0	0	3969000	220000	eu:robvandijk:15011969	SEASON_ARCHIVE_EST_RATING
P	eu_netherlands	4	Feyenoord	20	Luc Castaignos	3	17	74	Unknown	76	73	75	55	0	0	5184000	280000	eu:luccastaignos:27091992	SEASON_ARCHIVE_EST_RATING
P	eu_netherlands	4	Feyenoord	21	Jerson Cabral	3	19	72	Unknown	77	75	76	55	0	0	4356000	240000	eu:jersoncabral:03011991	SEASON_ARCHIVE_EST_RATING
T	eu_netherlands	5	NEC Nijmegen	-1		-1	2010	0	Netherlands	0	0	0	55	55	2	0	0	eu_netherlands:5	REGISTRY
P	eu_netherlands	5	NEC Nijmegen	0	Lasse Schöne	2	24	72	Unknown	82	62	72	55	0	0	4356000	240000	eu:lasseschone	SEASON_APPS_FIFA11
P	eu_netherlands	5	NEC Nijmegen	1	Thomas Chatelle	2	29	71	Unknown	56	76	62	55	0	0	3969000	220000	eu:thomaschatelle	SEASON_APPS_FIFA11
P	eu_netherlands	5	NEC Nijmegen	2	Leroy George	3	23	70	Unknown	73	72	66	55	0	0	3600000	200000	eu:leroygeorge	SEASON_APPS_FIFA11
P	eu_netherlands	5	NEC Nijmegen	3	Ramon Zomer	1	27	72	Unknown	74	53	70	55	0	0	4356000	240000	eu:ramonzomer	SEASON_APPS_FIFA11
P	eu_netherlands	5	NEC Nijmegen	4	Bas Sibum	2	27	71	Unknown	63	74	57	55	0	0	3969000	220000	eu:bassibum	SEASON_APPS_FIFA11
P	eu_netherlands	5	NEC Nijmegen	5	John Goossens	3	22	71	Unknown	66	62	68	55	0	0	3969000	220000	eu:johngoossens	SEASON_APPS_FIFA11
P	eu_netherlands	5	NEC Nijmegen	6	Lorenzo Davids	2	23	71	Unknown	76	68	62	55	0	0	3969000	220000	eu:lorenzodavids	SEASON_APPS_FIFA11
P	eu_netherlands	5	NEC Nijmegen	7	Rens van Eijden	1	22	68	Unknown	67	66	58	55	0	0	2916000	160000	eu:rensvaneijden	SEASON_APPS_FIFA11
P	eu_netherlands	5	NEC Nijmegen	8	Erton Fejzullahu	3	22	68	Unknown	68	70	63	55	0	0	2916000	160000	eu:ertonfejzullahu	SEASON_APPS_FIFA11
P	eu_netherlands	5	NEC Nijmegen	9	Niels Wellenberg	1	27	66	Unknown	73	70	54	55	0	0	2304000	120000	eu:nielswellenberg	SEASON_APPS_FIFA11
P	eu_netherlands	5	NEC Nijmegen	10	Mark Otten	1	24	69	Unknown	70	70	57	55	0	0	3249000	180000	eu:markotten	SEASON_APPS_FIFA11
P	eu_netherlands	5	NEC Nijmegen	11	Rick ten Voorde	3	19	68	Unknown	65	67	47	55	0	0	2916000	160000	eu:ricktenvoorde	SEASON_APPS_FIFA11
P	eu_netherlands	5	NEC Nijmegen	12	Adnan Secerovic	2	33	56	Unknown	72	74	45	55	0	0	324000	50000	eu:adnansecerovic	FIFA11_RATING_EST_AGE_ECONOMY
P	eu_netherlands	5	NEC Nijmegen	13	Jasper Cillessen	0	21	72	Unknown	67	64	62	55	0	0	4356000	240000	eu:jaspercillessen	SEASON_APPS_EST_RATING
P	eu_netherlands	5	NEC Nijmegen	14	Björn Vleminckx	3	24	71	Unknown	73	70	67	55	0	0	3969000	220000	eu:bjornvleminckx	SEASON_APPS_EST_RATING
P	eu_netherlands	5	NEC Nijmegen	15	Bram Nuytinck	1	20	71	Unknown	77	75	74	55	0	0	3969000	220000	eu:bramnuytinck:04051990	SEASON_ARCHIVE_EST_RATING
P	eu_netherlands	5	NEC Nijmegen	16	Nathaniel Will	1	21	70	Unknown	74	75	69	55	0	0	3600000	200000	eu:nathanielwill:16021989	SEASON_ARCHIVE_EST_RATING
P	eu_netherlands	5	NEC Nijmegen	17	Niki Zimling	2	25	70	Unknown	64	69	69	55	0	0	3600000	200000	eu:nikizimling:19041985	SEASON_ARCHIVE_EST_RATING
P	eu_netherlands	5	NEC Nijmegen	18	Rémy Amieux	1	23	69	Unknown	69	63	65	55	0	0	3249000	180000	eu:remyamieux:05091986	SEASON_ARCHIVE_EST_RATING
T	eu_netherlands	6	PSV Eindhoven	-1		-1	2010	0	Netherlands	0	0	0	55	55	2	0	0	eu_netherlands:6	REGISTRY
P	eu_netherlands	6	PSV Eindhoven	0	Balázs Dzsudzsák	2	23	86	Unknown	91	80	82	55	0	0	11664000	640000	eu:balazsdzsudzsak	SEASON_APPS_FIFA11
P	eu_netherlands	6	PSV Eindhoven	1	Jeremain Lens	3	22	82	Unknown	82	56	79	55	0	0	9216000	510000	eu:jeremainlens	SEASON_APPS_FIFA11
P	eu_netherlands	6	PSV Eindhoven	2	Ibrahim Afellay	2	24	78	Unknown	74	78	64	55	0	0	7056000	390000	eu:ibrahimafellay	SEASON_APPS_FIFA11
P	eu_netherlands	6	PSV Eindhoven	3	Ola Toivonen	3	24	77	Unknown	70	74	62	55	0	0	6561000	360000	eu:olatoivonen	SEASON_APPS_FIFA11
P	eu_netherlands	6	PSV Eindhoven	4	Francisco Rodríguez	1	28	76	Unknown	91	48	70	55	0	0	6084000	330000	eu:franciscorodriguez	SEASON_APPS_FIFA11
P	eu_netherlands	6	PSV Eindhoven	5	Orlando Engelaar	2	30	77	Unknown	70	78	65	55	0	0	6561000	360000	eu:orlandoengelaar	SEASON_APPS_FIFA11
P	eu_netherlands	6	PSV Eindhoven	6	Danny Koevermans	3	31	74	Unknown	70	91	65	55	0	0	5184000	280000	eu:dannykoevermans	SEASON_APPS_FIFA11
P	eu_netherlands	6	PSV Eindhoven	7	Otman Bakkal	2	25	76	Unknown	74	76	58	55	0	0	6084000	330000	eu:otmanbakkal	SEASON_APPS_FIFA11
P	eu_netherlands	6	PSV Eindhoven	8	Atiba Hutchinson	2	27	77	Unknown	72	50	73	55	0	0	6561000	360000	eu:atibahutchinson	SEASON_APPS_FIFA11
P	eu_netherlands	6	PSV Eindhoven	9	Stanislav Manolev	1	24	75	Unknown	83	52	72	55	0	0	5625000	310000	eu:stanislavmanolev	SEASON_APPS_FIFA11
P	eu_netherlands	6	PSV Eindhoven	10	Wilfred Bouma	1	32	76	Unknown	73	74	47	55	0	0	6084000	330000	eu:wilfredbouma	SEASON_APPS_FIFA11
P	eu_netherlands	6	PSV Eindhoven	11	Nordin Amrabat	3	23	72	Unknown	67	69	66	55	0	0	4356000	240000	eu:nordinamrabat	SEASON_APPS_FIFA11
P	eu_netherlands	6	PSV Eindhoven	12	Erik Pieters	1	21	77	Unknown	73	70	67	55	0	0	6561000	360000	eu:erikpieters	SEASON_APPS_FIFA11
P	eu_netherlands	6	PSV Eindhoven	13	Jagoš Vuković	1	22	70	Unknown	63	78	55	55	0	0	3600000	200000	eu:jagosvukovic	SEASON_APPS_FIFA11
P	eu_netherlands	6	PSV Eindhoven	14	Stefan Nijland	3	21	70	Unknown	76	65	66	55	0	0	3600000	200000	eu:stefannijland	SEASON_APPS_FIFA11
P	eu_netherlands	6	PSV Eindhoven	15	Jan Kromkamp	1	29	69	Unknown	72	45	70	55	0	0	3249000	180000	eu:jankromkamp	SEASON_APPS_FIFA11
P	eu_netherlands	6	PSV Eindhoven	16	Funso Ojo	2	18	69	Unknown	68	70	60	55	0	0	3249000	180000	eu:funsoojo	SEASON_APPS_FIFA11
P	eu_netherlands	6	PSV Eindhoven	17	Stijn Wuytens	2	20	72	Unknown	73	56	63	55	0	0	4356000	240000	eu:stijnwuytens	SEASON_APPS_FIFA11
P	eu_netherlands	6	PSV Eindhoven	18	Andreas Isaksson	0	28	78	Unknown	75	75	76	55	0	0	7056000	390000	eu:andreasisaksson	SEASON_APPS_EST_RATING
P	eu_netherlands	6	PSV Eindhoven	19	Marcus Berg	3	23	77	Unknown	73	76	74	55	0	0	6561000	360000	eu:marcusberg:17081986	SEASON_ARCHIVE_EST_RATING
T	eu_netherlands	7	SC Heerenveen	-1		-1	2010	0	Netherlands	0	0	0	55	55	2	0	0	eu_netherlands:7	REGISTRY
P	eu_netherlands	7	SC Heerenveen	0	Roy Beerens	3	22	75	Unknown	74	68	77	55	0	0	5625000	310000	eu:roybeerens	SEASON_APPS_FIFA11
P	eu_netherlands	7	SC Heerenveen	1	Michel Breuer	1	30	74	Unknown	75	49	77	55	0	0	5184000	280000	eu:michelbreuer	SEASON_APPS_FIFA11
P	eu_netherlands	7	SC Heerenveen	2	Oussama Assaidi	3	21	74	Unknown	83	59	71	55	0	0	5184000	280000	eu:oussamaassaidi	SEASON_APPS_FIFA11
P	eu_netherlands	7	SC Heerenveen	3	Viktor Elm	2	24	74	Unknown	74	58	73	55	0	0	5184000	280000	eu:viktorelm	SEASON_APPS_FIFA11
P	eu_netherlands	7	SC Heerenveen	4	Filip Đuričić	2	18	73	Unknown	78	70	68	55	0	0	4761000	260000	eu:filipuricic	SEASON_APPS_FIFA11
P	eu_netherlands	7	SC Heerenveen	5	Christian Grindheim	2	27	72	Unknown	80	59	71	55	0	0	4356000	240000	eu:christiangrindheim	SEASON_APPS_FIFA11
P	eu_netherlands	7	SC Heerenveen	6	Arnold Kruiswijk	1	25	71	Unknown	62	76	60	55	0	0	3969000	220000	eu:arnoldkruiswijk	SEASON_APPS_FIFA11
P	eu_netherlands	7	SC Heerenveen	7	Bas Dost	3	21	71	Unknown	77	62	68	55	0	0	3969000	220000	eu:basdost	SEASON_APPS_FIFA11
P	eu_netherlands	7	SC Heerenveen	8	Michal Papadopulos	3	25	70	Unknown	77	55	69	55	0	0	3600000	200000	eu:michalpapadopulos	SEASON_APPS_FIFA11
P	eu_netherlands	7	SC Heerenveen	9	Mika Väyrynen	2	28	71	Unknown	74	64	63	55	0	0	3969000	220000	eu:mikavayrynen	SEASON_APPS_FIFA11
P	eu_netherlands	7	SC Heerenveen	10	Geert Arend Roorda	2	22	69	Unknown	77	62	68	55	0	0	3249000	180000	eu:geertarendroorda	SEASON_APPS_FIFA11
P	eu_netherlands	7	SC Heerenveen	11	Philip Haglund	2	23	69	Unknown	78	68	67	55	0	0	3249000	180000	eu:philiphaglund	SEASON_APPS_FIFA11
P	eu_netherlands	7	SC Heerenveen	12	Youssef El-Akchaoui	1	29	69	Unknown	68	68	61	55	0	0	3249000	180000	eu:youssefelakchaoui	SEASON_APPS_FIFA11
P	eu_netherlands	7	SC Heerenveen	13	Daryl Janmaat	1	21	70	Unknown	67	75	67	55	0	0	3600000	200000	eu:daryljanmaat	SEASON_APPS_FIFA11
P	eu_netherlands	7	SC Heerenveen	14	Michal Švec	2	23	69	Unknown	63	51	67	55	0	0	3249000	180000	eu:michalsvec	SEASON_APPS_FIFA11
P	eu_netherlands	7	SC Heerenveen	15	Tarik Elyounoussi	3	22	68	Unknown	67	59	59	55	0	0	2916000	160000	eu:tarikelyounoussi	SEASON_APPS_FIFA11
P	eu_netherlands	7	SC Heerenveen	16	Calvin Jong-A-Pin	2	24	71	Unknown	79	59	65	55	0	0	3969000	220000	eu:calvinjongapin	SEASON_APPS_FIFA11
P	eu_netherlands	7	SC Heerenveen	17	Milan Kopic	1	24	67	Unknown	73	52	64	55	0	0	2601000	140000	eu:milankopic	SEASON_APPS_FIFA11
P	eu_netherlands	7	SC Heerenveen	18	Igor Đurić	1	25	66	Unknown	69	70	57	55	0	0	2304000	120000	eu:igoruric	SEASON_APPS_FIFA11
P	eu_netherlands	7	SC Heerenveen	19	Samir Fazli	3	19	67	Unknown	78	58	62	55	0	0	2601000	140000	eu:samirfazli	SEASON_APPS_FIFA11
P	eu_netherlands	7	SC Heerenveen	20	Kevin Stuhr Ellegaard	0	27	72	Unknown	71	68	67	55	0	0	4356000	240000	eu:kevinstuhrellegaard:23051983	SEASON_ARCHIVE_EST_RATING
P	eu_netherlands	7	SC Heerenveen	21	Kenny Steppe	0	21	67	Unknown	62	72	71	55	0	0	2601000	140000	eu:kennysteppe:14111988	SEASON_ARCHIVE_EST_RATING
T	eu_norway	0	Molde FK	-1		-1	2010	0	Norway	0	0	0	55	55	2	0	0	eu_norway:0	REGISTRY
P	eu_norway	0	Molde FK	0	Pape Paté Diouf	3	23	79	Unknown	67	76	76	55	0	0	7569000	420000	eu:papepatediouf	SEASON_APPS_FIFA11
P	eu_norway	0	Molde FK	1	Magne Hoseth	2	29	72	Unknown	79	64	72	55	0	0	4356000	240000	eu:magnehoseth	SEASON_APPS_FIFA11
P	eu_norway	0	Molde FK	2	Baye Djiby Fall	3	30	71	Unknown	77	83	64	55	0	0	3969000	220000	eu:bayedjibyfall	FIFA11_RATING_EST_AGE_ECONOMY
P	eu_norway	0	Molde FK	3	Emil Johansson	1	23	68	Unknown	75	62	66	55	0	0	2916000	160000	eu:emiljohansson	SEASON_APPS_FIFA11
P	eu_norway	0	Molde FK	4	Makhtar Thioune	2	23	68	Unknown	71	66	62	55	0	0	2916000	160000	eu:makhtarthioune	SEASON_APPS_FIFA11
P	eu_norway	0	Molde FK	5	Björn Runström	3	26	67	Unknown	69	69	62	55	0	0	2601000	140000	eu:bjornrunstrom	SEASON_APPS_FIFA11
P	eu_norway	0	Molde FK	6	Daniel Berg Hestad	2	34	68	Unknown	73	77	67	55	0	0	2916000	160000	eu:danielberghestad	SEASON_APPS_FIFA11
P	eu_norway	0	Molde FK	7	Mattias Moström	2	27	68	Unknown	79	49	61	55	0	0	2916000	160000	eu:mattiasmostrom	SEASON_APPS_FIFA11
P	eu_norway	0	Molde FK	8	Thomas Holm	2	29	68	Unknown	79	66	65	55	0	0	2916000	160000	eu:thomasholm	SEASON_APPS_FIFA11
P	eu_norway	0	Molde FK	9	Magne Simonsen	2	21	67	Unknown	66	70	62	55	0	0	2601000	140000	eu:magnesimonsen	SEASON_APPS_FIFA11
P	eu_norway	0	Molde FK	10	Vegard Forren	1	22	68	Unknown	68	39	62	55	0	0	2916000	160000	eu:vegardforren	SEASON_APPS_FIFA11
P	eu_norway	0	Molde FK	11	Aksel Berget Skjølsvik	2	22	68	Unknown	67	58	57	55	0	0	2916000	160000	eu:akselbergetskjlsvik	SEASON_APPS_FIFA11
P	eu_norway	0	Molde FK	12	Christian Steen	1	32	65	Unknown	62	55	48	55	0	0	2025000	110000	eu:christiansteen	SEASON_APPS_FIFA11
P	eu_norway	0	Molde FK	13	Kristoffer Vatshaug	1	28	67	Unknown	65	34	58	55	0	0	2601000	140000	eu:kristoffervatshaug	SEASON_APPS_FIFA11
P	eu_norway	0	Molde FK	14	Marcus Andreasson	1	31	67	Unknown	84	32	55	55	0	0	2601000	140000	eu:marcusandreasson	SEASON_APPS_FIFA11
P	eu_norway	0	Molde FK	15	Øyvind Gjerde	1	32	64	Unknown	62	65	46	55	0	0	1764000	90000	eu:yvindgjerde	SEASON_APPS_FIFA11
P	eu_norway	0	Molde FK	16	Kristian Strandhagen	2	20	63	Unknown	67	30	46	55	0	0	1521000	80000	eu:kristianstrandhagen	SEASON_APPS_FIFA11
P	eu_norway	0	Molde FK	17	Espen Pettersen	0	29	66	Unknown	69	66	64	55	0	0	2304000	120000	eu:espenpettersen:10051980	SEASON_ARCHIVE_EST_RATING
P	eu_norway	0	Molde FK	18	Ben Amos	0	19	65	Unknown	72	66	66	55	0	0	2025000	110000	eu:benamos:10041990	SEASON_ARCHIVE_EST_RATING
P	eu_norway	0	Molde FK	19	Djiby Fall	3	24	68	Unknown	61	71	72	55	0	0	2916000	160000	eu:djibyfall:20041985	SEASON_ARCHIVE_EST_RATING
T	eu_norway	1	Rosenborg BK	-1		-1	2010	0	Norway	0	0	0	55	55	2	0	0	eu_norway:1	REGISTRY
P	eu_norway	1	Rosenborg BK	0	Per Ciljan Skjelbred	2	30	80	Unknown	73	81	78	55	0	0	8100000	450000	eu:perciljanskjelbred	FIFA11_RATING_EST_AGE_ECONOMY
P	eu_norway	1	Rosenborg BK	1	Anthony Annan	2	23	78	Unknown	73	80	61	55	0	0	7056000	390000	eu:anthonyannan	SEASON_APPS_FIFA11
P	eu_norway	1	Rosenborg BK	2	Mikael Lustig	1	23	74	Unknown	83	68	74	55	0	0	5184000	280000	eu:mikaellustig	SEASON_APPS_FIFA11
P	eu_norway	1	Rosenborg BK	3	Rade Prica	3	29	74	Unknown	76	72	69	55	0	0	5184000	280000	eu:radeprica	SEASON_APPS_FIFA11
P	eu_norway	1	Rosenborg BK	4	Steffen Iversen	3	33	74	Unknown	74	76	68	55	0	0	5184000	280000	eu:steffeniversen	SEASON_APPS_FIFA11
P	eu_norway	1	Rosenborg BK	5	Vadim Demidov	1	23	74	Unknown	83	66	72	55	0	0	5184000	280000	eu:vadimdemidov	SEASON_APPS_FIFA11
P	eu_norway	1	Rosenborg BK	6	Markus Henriksen	2	17	73	Unknown	76	67	71	55	0	0	4761000	260000	eu:markushenriksen	SEASON_APPS_FIFA11
P	eu_norway	1	Rosenborg BK	7	Mikael Dorsin	1	28	73	Unknown	66	73	71	55	0	0	4761000	260000	eu:mikaeldorsin	SEASON_APPS_FIFA11
P	eu_norway	1	Rosenborg BK	8	Mattias Bjärsmyr	1	24	71	Unknown	69	72	63	55	0	0	3969000	220000	eu:mattiasbjarsmyr	SEASON_APPS_FIFA11
P	eu_norway	1	Rosenborg BK	9	Bakary Sare	2	26	69	Unknown	80	54	68	55	0	0	3249000	180000	eu:bakarysare	FIFA11_RATING_EST_AGE_ECONOMY
P	eu_norway	1	Rosenborg BK	10	Trond Olsen	2	26	70	Unknown	68	73	51	55	0	0	3600000	200000	eu:trondolsen	SEASON_APPS_FIFA11
P	eu_norway	1	Rosenborg BK	11	Fredrik Winsnes	2	34	70	Unknown	69	65	65	55	0	0	3600000	200000	eu:fredrikwinsnes	SEASON_APPS_FIFA11
P	eu_norway	1	Rosenborg BK	12	Morten Moldskred	3	29	69	Unknown	63	76	65	55	0	0	3249000	180000	eu:mortenmoldskred	SEASON_APPS_FIFA11
P	eu_norway	1	Rosenborg BK	13	Simen Wangberg	1	18	65	Unknown	66	59	64	55	0	0	2025000	110000	eu:simenwangberg	SEASON_APPS_EST_RATING
P	eu_norway	1	Rosenborg BK	14	Alejandro Lago	1	30	66	Unknown	63	62	66	55	0	0	2304000	120000	eu:alejandrolago	SEASON_APPS_FIFA11
P	eu_norway	1	Rosenborg BK	15	Mushaga Bakenga	3	17	66	Unknown	80	49	62	55	0	0	2304000	120000	eu:mushagabakenga	SEASON_APPS_FIFA11
P	eu_norway	1	Rosenborg BK	16	Roar Strand	2	40	68	Unknown	61	56	51	55	0	0	2916000	160000	eu:roarstrand	SEASON_APPS_FIFA11
P	eu_norway	1	Rosenborg BK	17	Gjermund Åsen	2	18	66	Unknown	58	70	55	55	0	0	2304000	120000	eu:gjermundasen	SEASON_APPS_FIFA11
P	eu_norway	1	Rosenborg BK	18	Michael Jamtfall	3	22	67	Unknown	58	62	61	55	0	0	2601000	140000	eu:michaeljamtfall	SEASON_APPS_EST_RATING
P	eu_norway	1	Rosenborg BK	19	Erik Brathen	0	22	66	Unknown	67	72	68	55	0	0	2304000	120000	eu:erikbrathen:16091987	SEASON_ARCHIVE_EST_RATING
P	eu_norway	1	Rosenborg BK	20	Kris Stadsgaard	1	24	72	Unknown	71	69	72	55	0	0	4356000	240000	eu:krisstadsgaard:01081985	SEASON_ARCHIVE_EST_RATING
T	eu_norway	2	Tromsø IL	-1		-1	2010	0	Norway	0	0	0	55	55	2	0	0	eu_norway:2	REGISTRY
P	eu_norway	2	Tromsø IL	0	Kara Mbodji	1	20	81	Unknown	75	62	81	55	0	0	8649000	480000	eu:karambodji	SEASON_APPS_FIFA11
P	eu_norway	2	Tromsø IL	1	Sigurd Rushfeldt	3	37	74	Unknown	67	76	73	55	0	0	5184000	280000	eu:sigurdrushfeldt	SEASON_APPS_FIFA11
P	eu_norway	2	Tromsø IL	2	Tom Høgli	2	26	74	Unknown	78	58	75	55	0	0	5184000	280000	eu:tomhgli	SEASON_APPS_FIFA11
P	eu_norway	2	Tromsø IL	3	Ruben Yttergård Jenssen	2	32	72	Unknown	62	70	65	55	0	0	4356000	240000	eu:rubenyttergardjenssen	FIFA11_RATING_EST_AGE_ECONOMY
P	eu_norway	2	Tromsø IL	4	Miika Koppinen	1	31	68	Unknown	65	63	56	55	0	0	2916000	160000	eu:miikakoppinen	SEASON_APPS_FIFA11
P	eu_norway	2	Tromsø IL	5	Kayke	3	21	67	Unknown	73	48	66	55	0	0	2601000	140000	eu:kayke	SEASON_APPS_FIFA11
P	eu_norway	2	Tromsø IL	6	Fredrik Björck	1	30	68	Unknown	74	66	60	55	0	0	2916000	160000	eu:fredrikbjorck	SEASON_APPS_FIFA11
P	eu_norway	2	Tromsø IL	7	Remi Johansen	2	19	68	Unknown	66	65	59	55	0	0	2916000	160000	eu:remijohansen	SEASON_APPS_FIFA11
P	eu_norway	2	Tromsø IL	8	George Mourad	3	27	68	Unknown	77	56	61	55	0	0	2916000	160000	eu:georgemourad	SEASON_APPS_FIFA11
P	eu_norway	2	Tromsø IL	9	Kevin Larsen	1	23	63	Unknown	69	55	58	55	0	0	1521000	80000	eu:kevinlarsen	SEASON_APPS_FIFA11
P	eu_norway	2	Tromsø IL	10	Mohammed Ahamed	3	24	68	Unknown	75	68	57	55	0	0	2916000	160000	eu:mohammedahamed	SEASON_APPS_FIFA11
P	eu_norway	2	Tromsø IL	11	Hans Åge Yndestad	1	29	68	Unknown	68	74	53	55	0	0	2916000	160000	eu:hansageyndestad	SEASON_APPS_FIFA11
P	eu_norway	2	Tromsø IL	12	Helge Haugen	2	28	67	Unknown	79	58	57	55	0	0	2601000	140000	eu:helgehaugen	SEASON_APPS_FIFA11
P	eu_norway	2	Tromsø IL	13	Stevan Bates	1	28	63	Unknown	58	67	60	55	0	0	1521000	80000	eu:stevanbates	SEASON_APPS_FIFA11
P	eu_norway	2	Tromsø IL	14	Tommy Knarvik	2	30	67	Unknown	49	72	52	55	0	0	2601000	140000	eu:tommyknarvik	SEASON_APPS_FIFA11
P	eu_norway	2	Tromsø IL	15	Mads Reginiussen	2	22	65	Unknown	56	60	54	55	0	0	2025000	110000	eu:madsreginiussen	SEASON_APPS_FIFA11
P	eu_norway	2	Tromsø IL	16	Saliou Ciss	1	20	65	Unknown	58	58	45	55	0	0	2025000	110000	eu:saliouciss	SEASON_APPS_FIFA11
P	eu_norway	2	Tromsø IL	17	Thomas Drage	2	29	57	Unknown	62	53	57	55	0	0	441000	50000	eu:thomasdrage	FIFA11_RATING_EST_AGE_ECONOMY
P	eu_norway	2	Tromsø IL	18	Hans Julius Norbye	1	33	53	Unknown	51	54	43	55	0	0	250000	50000	eu:hansjuliusnorbye	FIFA11_RATING_EST_AGE_ECONOMY
P	eu_norway	2	Tromsø IL	19	Marcus Sahlman	0	25	68	Unknown	75	70	64	55	0	0	2916000	160000	eu:marcussahlman:02011985	SEASON_ARCHIVE_EST_RATING
P	eu_norway	2	Tromsø IL	20	Sead Ramović	0	30	65	Unknown	66	68	61	55	0	0	2025000	110000	eu:seadramovic:14031979	SEASON_ARCHIVE_EST_RATING
P	eu_norway	2	Tromsø IL	21	Ruben Jenssen	2	21	69	Unknown	75	63	74	55	0	0	3249000	180000	eu:rubenjenssen:04051988	SEASON_ARCHIVE_EST_RATING
T	eu_norway	3	Vålerenga	-1		-1	2010	0	Norway	0	0	0	55	55	2	0	0	eu_norway:3	REGISTRY
P	eu_norway	3	Vålerenga	0	Mohammed Fellah	2	20	75	Unknown	78	66	74	55	0	0	5625000	310000	eu:mohammedfellah	SEASON_APPS_FIFA11
P	eu_norway	3	Vålerenga	1	André Muri	1	28	74	Unknown	75	60	72	55	0	0	5184000	280000	eu:andremuri	SEASON_APPS_FIFA11
P	eu_norway	3	Vålerenga	2	Kristofer Hæstad	2	26	73	Unknown	75	61	73	55	0	0	4761000	260000	eu:kristoferhstad	SEASON_APPS_FIFA11
P	eu_norway	3	Vålerenga	3	Luton Shelton	3	24	73	Unknown	75	68	69	55	0	0	4761000	260000	eu:lutonshelton	SEASON_APPS_FIFA11
P	eu_norway	3	Vålerenga	4	Bojan Zajić	2	29	72	Unknown	69	58	72	55	0	0	4356000	240000	eu:bojanzajic	SEASON_APPS_FIFA11
P	eu_norway	3	Vålerenga	5	Harmeet Singh	2	19	72	Unknown	70	74	59	55	0	0	4356000	240000	eu:harmeetsingh	SEASON_APPS_FIFA11
P	eu_norway	3	Vålerenga	6	Bengt Sæternes	3	35	70	Unknown	75	65	62	55	0	0	3600000	200000	eu:bengtsternes	SEASON_APPS_FIFA11
P	eu_norway	3	Vålerenga	7	Andreas Nordvik	1	22	70	Unknown	72	48	66	55	0	0	3600000	200000	eu:andreasnordvik	SEASON_APPS_FIFA11
P	eu_norway	3	Vålerenga	8	Morten Berre	3	34	71	Unknown	55	64	63	55	0	0	3969000	220000	eu:mortenberre	SEASON_APPS_FIFA11
P	eu_norway	3	Vålerenga	9	Stefan Strandberg	1	19	70	Unknown	55	71	51	55	0	0	3600000	200000	eu:stefanstrandberg	SEASON_APPS_FIFA11
P	eu_norway	3	Vålerenga	10	Freddy dos Santos	2	33	70	Unknown	68	64	51	55	0	0	3600000	200000	eu:freddydossantos	SEASON_APPS_FIFA11
P	eu_norway	3	Vålerenga	11	Dawda Leigh	2	23	66	Unknown	68	53	59	55	0	0	2304000	120000	eu:dawdaleigh	SEASON_APPS_FIFA11
P	eu_norway	3	Vålerenga	12	Amin Nouri	1	20	68	Unknown	69	62	58	55	0	0	2916000	160000	eu:aminnouri	SEASON_APPS_FIFA11
P	eu_norway	3	Vålerenga	13	Kristian Brix	2	19	66	Unknown	67	44	54	55	0	0	2304000	120000	eu:kristianbrix	SEASON_APPS_FIFA11
P	eu_norway	3	Vålerenga	14	Birger Madsen	1	27	66	Unknown	64	58	50	55	0	0	2304000	120000	eu:birgermadsen	SEASON_APPS_FIFA11
P	eu_norway	3	Vålerenga	15	Mostafa Abdellaoue	3	23	59	Unknown	57	59	48	55	0	0	729000	50000	eu:mostafaabdellaoue	FIFA11_RATING_EST_AGE_ECONOMY
P	eu_norway	3	Vålerenga	16	Lars Iver Strand	2	29	58	Unknown	69	65	51	55	0	0	576000	50000	eu:larsiverstrand	FIFA11_RATING_EST_AGE_ECONOMY
P	eu_norway	3	Vålerenga	17	Adnan Haidar	2	20	65	Unknown	57	59	53	55	0	0	2025000	110000	eu:adnanhaidar	SEASON_APPS_FIFA11
P	eu_norway	3	Vålerenga	18	Lars Hirschfeld	0	31	72	Unknown	73	73	75	55	0	0	4356000	240000	eu:larshirschfeld:17101978	SEASON_ARCHIVE_EST_RATING
P	eu_norway	3	Vålerenga	19	Gudmund Kongshavn	0	19	66	Unknown	70	68	67	55	0	0	2304000	120000	eu:gudmundkongshavn:23011991	SEASON_ARCHIVE_EST_RATING
P	eu_norway	3	Vålerenga	20	Mohammed Abdellaoue	3	24	76	Unknown	83	73	72	55	0	0	6084000	330000	eu:mohammedabdellaoue:23101985	SEASON_ARCHIVE_EST_RATING
P	eu_norway	3	Vålerenga	21	Mos	3	21	68	Unknown	66	74	69	55	0	0	2916000	160000	eu:mos:01081988	SEASON_ARCHIVE_EST_RATING
T	eu_poland	0	Lech Poznań	-1		-1	2010	0	Poland	0	0	0	55	55	2	0	0	eu_poland:0	REGISTRY
P	eu_poland	0	Lech Poznań	0	Krzysztof Kotorowski	0	33	72	Unknown	66	67	64	55	0	0	4356000	240000	eu:krzysztofkotorowski	SEASON_APPS_EST_RATING
P	eu_poland	0	Lech Poznań	1	Jasmin Burić	0	23	69	Unknown	64	66	64	55	0	0	3249000	180000	eu:jasminburic	SEASON_APPS_EST_RATING
P	eu_poland	0	Lech Poznań	2	Bartosz Bosacki	1	34	72	Unknown	72	64	59	55	0	0	4356000	240000	eu:bartoszbosacki	SEASON_APPS_FIFA11
P	eu_poland	0	Lech Poznań	3	Manuel Arboleda	1	30	72	Unknown	64	60	61	55	0	0	4356000	240000	eu:manuelarboleda	SEASON_APPS_EST_RATING
P	eu_poland	0	Lech Poznań	4	Grzegorz Wojtkowiak	1	26	69	Unknown	62	73	65	55	0	0	3249000	180000	eu:grzegorzwojtkowiak	SEASON_APPS_FIFA11
P	eu_poland	0	Lech Poznań	5	Seweryn Gancarczyk	1	28	67	Unknown	62	67	55	55	0	0	2601000	140000	eu:seweryngancarczyk	SEASON_APPS_FIFA11
P	eu_poland	0	Lech Poznań	6	Luis Henriquez	1	28	72	Unknown	76	63	70	55	0	0	4356000	240000	eu:luishenriquez	SEASON_APPS_EST_RATING
P	eu_poland	0	Lech Poznań	7	Marcin Kikut	1	27	71	Unknown	63	51	52	55	0	0	3969000	220000	eu:marcinkikut	SEASON_APPS_FIFA11
P	eu_poland	0	Lech Poznań	8	Dimitrije Injac	2	29	73	Unknown	74	64	64	55	0	0	4761000	260000	eu:dimitrijeinjac	SEASON_APPS_EST_RATING
P	eu_poland	0	Lech Poznań	9	Tomasz Bandrowski	2	25	66	Unknown	57	72	40	55	0	0	2304000	120000	eu:tomaszbandrowski	SEASON_APPS_FIFA11
P	eu_poland	0	Lech Poznań	10	Semir Štilić	2	22	73	Unknown	62	65	65	55	0	0	4761000	260000	eu:semirstilic	SEASON_APPS_EST_RATING
P	eu_poland	0	Lech Poznań	11	Sergei Krivets	2	29	70	Unknown	74	66	75	55	0	0	3600000	200000	eu:sergeikrivets	ESTIMATED
P	eu_poland	0	Lech Poznań	12	Sławomir Peszko	2	25	70	Unknown	57	58	58	55	0	0	3600000	200000	eu:sawomirpeszko	SEASON_APPS_EST_RATING
P	eu_poland	0	Lech Poznań	13	Artjoms Rudņevs	3	22	72	Unknown	65	74	63	55	0	0	4356000	240000	eu:artjomsrudnevs	SEASON_APPS_EST_RATING
P	eu_poland	0	Lech Poznań	14	Joel Tshibamba	3	21	68	Unknown	68	60	68	55	0	0	2916000	160000	eu:joeltshibamba	SEASON_APPS_EST_RATING
P	eu_poland	0	Lech Poznań	15	Artur Wichniarek	3	33	68	Unknown	69	73	58	55	0	0	2916000	160000	eu:arturwichniarek	SEASON_APPS_FIFA11
P	eu_poland	0	Lech Poznań	16	Jakub Wilk	2	25	72	Unknown	61	59	62	55	0	0	4356000	240000	eu:jakubwilk	SEASON_APPS_EST_RATING
P	eu_poland	0	Lech Poznań	17	Mateusz Możdżeń	2	19	70	Unknown	78	63	69	55	0	0	3600000	200000	eu:mateuszmozdzen	SEASON_APPS_EST_RATING
P	eu_poland	0	Lech Poznań	18	Sjarhej Kryvec	2	24	73	Unknown	77	71	77	55	0	0	4761000	260000	eu:sjarhejkryvec:08061986	SEASON_ARCHIVE_EST_RATING
P	eu_poland	0	Lech Poznań	19	Ivan Đurđević	1	33	71	Unknown	75	75	76	55	0	0	3969000	220000	eu:ivanurevic:05021977	SEASON_ARCHIVE_EST_RATING
P	eu_poland	0	Lech Poznań	20	Jacek Kiełb	2	22	70	Unknown	71	75	72	55	0	0	3600000	200000	eu:jacekkieb:10011988	SEASON_ARCHIVE_EST_RATING
T	eu_poland	1	Legia Warsaw	-1		-1	2010	0	Poland	0	0	0	55	55	2	0	0	eu_poland:1	REGISTRY
P	eu_poland	1	Legia Warsaw	0	Marijan Antolović	0	21	67	Unknown	57	61	59	55	0	0	2601000	140000	eu:marijanantolovic	SEASON_APPS_EST_RATING
P	eu_poland	1	Legia Warsaw	1	Wojciech Skaba	0	26	70	Unknown	60	65	64	55	0	0	3600000	200000	eu:wojciechskaba	SEASON_APPS_EST_RATING
P	eu_poland	1	Legia Warsaw	2	Dickson Choto	1	29	69	Unknown	68	76	65	55	0	0	3249000	180000	eu:dicksonchoto	SEASON_APPS_EST_RATING
P	eu_poland	1	Legia Warsaw	3	Iñaki Astiz	1	26	69	Unknown	69	71	74	55	0	0	3249000	180000	eu:inakiastiz	SEASON_APPS_EST_RATING
P	eu_poland	1	Legia Warsaw	4	Jakub Rzeźniczak	1	23	70	Unknown	68	62	75	55	0	0	3600000	200000	eu:jakubrzezniczak	SEASON_APPS_EST_RATING
P	eu_poland	1	Legia Warsaw	5	Marcin Komorowski	1	26	70	Unknown	61	65	69	55	0	0	3600000	200000	eu:marcinkomorowski	SEASON_APPS_EST_RATING
P	eu_poland	1	Legia Warsaw	6	Tomasz Kiełbowicz	1	34	70	Unknown	65	64	73	55	0	0	3600000	200000	eu:tomaszkiebowicz	SEASON_APPS_EST_RATING
P	eu_poland	1	Legia Warsaw	7	Jakub Wawrzyniak	1	27	70	Unknown	78	70	70	55	0	0	3600000	200000	eu:jakubwawrzyniak	SEASON_APPS_EST_RATING
P	eu_poland	1	Legia Warsaw	8	Ivica Vrdoljak	2	26	71	Unknown	78	70	74	55	0	0	3969000	220000	eu:ivicavrdoljak	SEASON_APPS_EST_RATING
P	eu_poland	1	Legia Warsaw	9	Ariel Borysiuk	2	19	71	Unknown	69	62	69	55	0	0	3969000	220000	eu:arielborysiuk	SEASON_APPS_EST_RATING
P	eu_poland	1	Legia Warsaw	10	Maciej Iwański	2	29	67	Unknown	58	59	62	55	0	0	2601000	140000	eu:maciejiwanski	SEASON_APPS_EST_RATING
P	eu_poland	1	Legia Warsaw	11	Miroslav Radović	2	26	71	Unknown	65	62	66	55	0	0	3969000	220000	eu:miroslavradovic	SEASON_APPS_EST_RATING
P	eu_poland	1	Legia Warsaw	12	Sebastian Szałachowski	2	26	67	Unknown	60	56	61	55	0	0	2601000	140000	eu:sebastianszaachowski	SEASON_APPS_EST_RATING
P	eu_poland	1	Legia Warsaw	13	Michał Kucharczyk	3	19	71	Unknown	71	66	63	55	0	0	3969000	220000	eu:michakucharczyk	SEASON_APPS_EST_RATING
P	eu_poland	1	Legia Warsaw	14	Takesure Chinyama	3	27	67	Unknown	62	68	70	55	0	0	2601000	140000	eu:takesurechinyama	SEASON_APPS_EST_RATING
P	eu_poland	1	Legia Warsaw	15	Bruno Mezenga	3	21	68	Unknown	71	65	67	55	0	0	2916000	160000	eu:brunomezenga	SEASON_APPS_EST_RATING
P	eu_poland	1	Legia Warsaw	16	Alejandro Cabral	2	22	70	Unknown	68	64	70	55	0	0	3600000	200000	eu:alejandrocabral:11091987	SEASON_ARCHIVE_EST_RATING
P	eu_poland	1	Legia Warsaw	17	Maciej Rybus	2	20	69	Unknown	69	65	67	55	0	0	3249000	180000	eu:maciejrybus:19081989	SEASON_ARCHIVE_EST_RATING
T	eu_poland	2	Wisła Kraków	-1		-1	2010	0	Poland	0	0	0	55	55	2	0	0	eu_poland:2	REGISTRY
P	eu_poland	2	Wisła Kraków	0	Mariusz Pawełek	0	29	68	Unknown	74	58	65	55	0	0	2916000	160000	eu:mariuszpaweek	SEASON_APPS_EST_RATING
P	eu_poland	2	Wisła Kraków	1	Sergei Pareiko	0	20	68	Unknown	70	62	68	55	0	0	2916000	160000	eu:sergeipareiko	ESTIMATED
P	eu_poland	2	Wisła Kraków	2	Gordan Bunoza	1	22	68	Unknown	58	71	61	55	0	0	2916000	160000	eu:gordanbunoza	SEASON_APPS_EST_RATING
P	eu_poland	2	Wisła Kraków	3	Osman Chávez	1	26	70	Unknown	74	77	71	55	0	0	3600000	200000	eu:osmanchavez	SEASON_APPS_EST_RATING
P	eu_poland	2	Wisła Kraków	4	Dragan Paljić	1	27	71	Unknown	62	63	57	55	0	0	3969000	220000	eu:draganpaljic	SEASON_APPS_FIFA11
P	eu_poland	2	Wisła Kraków	5	Cezary Wilk	2	24	69	Unknown	58	67	64	55	0	0	3249000	180000	eu:cezarywilk	SEASON_APPS_EST_RATING
P	eu_poland	2	Wisła Kraków	6	Radosław Sobolewski	2	33	71	Unknown	75	68	69	55	0	0	3969000	220000	eu:radosawsobolewski	SEASON_APPS_FIFA11
P	eu_poland	2	Wisła Kraków	7	Łukasz Garguła	2	29	72	Unknown	73	68	68	55	0	0	4356000	240000	eu:ukaszgargua	SEASON_APPS_FIFA11
P	eu_poland	2	Wisła Kraków	8	Andraž Kirm	2	25	72	Unknown	72	76	54	55	0	0	4356000	240000	eu:andrazkirm	SEASON_APPS_FIFA11
P	eu_poland	2	Wisła Kraków	9	Patryk Małecki	3	22	71	Unknown	66	67	66	55	0	0	3969000	220000	eu:patrykmaecki	SEASON_APPS_FIFA11
P	eu_poland	2	Wisła Kraków	10	Tomáš Jirsák	2	26	69	Unknown	63	66	47	55	0	0	3249000	180000	eu:tomasjirsak	SEASON_APPS_FIFA11
P	eu_poland	2	Wisła Kraków	11	Maor Melikson	2	25	68	Unknown	62	67	68	55	0	0	2916000	160000	eu:maormelikson	SEASON_APPS_EST_RATING
P	eu_poland	2	Wisła Kraków	12	Rafał Boguski	3	26	67	Unknown	83	53	60	55	0	0	2601000	140000	eu:rafaboguski	SEASON_APPS_FIFA11
P	eu_poland	2	Wisła Kraków	13	Paweł Brożek	3	27	74	Unknown	77	74	69	55	0	0	5184000	280000	eu:pawebrozek	SEASON_APPS_FIFA11
P	eu_poland	2	Wisła Kraków	14	Maciej Żurawski	3	33	74	Unknown	78	64	74	55	0	0	5184000	280000	eu:maciejzurawski	SEASON_APPS_FIFA11
P	eu_poland	2	Wisła Kraków	15	Nourdin Boukhari	3	30	68	Unknown	62	63	68	55	0	0	2916000	160000	eu:nourdinboukhari	SEASON_APPS_FIFA11
P	eu_poland	2	Wisła Kraków	16	Andrés Ríos	3	21	68	Unknown	73	70	71	55	0	0	2916000	160000	eu:andresrios:08011989	SEASON_ARCHIVE_EST_RATING
T	eu_portugal	0	CD Nacional	-1		-1	2010	0	Portugal	0	0	0	55	55	2	0	0	eu_portugal:0	REGISTRY
P	eu_portugal	0	CD Nacional	0	Felipe Lopes	1	28	73	Unknown	74	68	67	55	0	0	4761000	260000	eu:felipelopes	FIFA11_RATING_EST_AGE_ECONOMY
P	eu_portugal	0	CD Nacional	1	Luís Alberto	2	26	71	Unknown	71	74	69	55	0	0	3969000	220000	eu:luisalberto	SEASON_APPS_FIFA11
P	eu_portugal	0	CD Nacional	2	Thiago Gentil	3	30	71	Unknown	72	54	70	55	0	0	3969000	220000	eu:thiagogentil	SEASON_APPS_FIFA11
P	eu_portugal	0	CD Nacional	3	Nejc Pečnik	2	24	70	Unknown	70	62	62	55	0	0	3600000	200000	eu:nejcpecnik	SEASON_APPS_FIFA11
P	eu_portugal	0	CD Nacional	4	Patacas	1	24	70	Unknown	74	73	68	55	0	0	3600000	200000	eu:patacas	FIFA11_RATING_EST_AGE_ECONOMY
P	eu_portugal	0	CD Nacional	5	Mateus	3	26	70	Unknown	78	50	69	55	0	0	3600000	200000	eu:mateus	SEASON_APPS_FIFA11
P	eu_portugal	0	CD Nacional	6	João Aurélio	2	21	69	Unknown	66	74	60	55	0	0	3249000	180000	eu:joaoaurelio	SEASON_APPS_FIFA11
P	eu_portugal	0	CD Nacional	7	Kevin Amuneke	3	24	68	Unknown	66	70	66	55	0	0	2916000	160000	eu:kevinamuneke	SEASON_APPS_FIFA11
P	eu_portugal	0	CD Nacional	8	Zarco Tomašević	1	20	68	Unknown	62	72	67	55	0	0	2916000	160000	eu:zarcotomasevic	SEASON_APPS_FIFA11
P	eu_portugal	0	CD Nacional	9	Danielson	1	29	71	Unknown	66	62	64	55	0	0	3969000	220000	eu:danielson	SEASON_APPS_FIFA11
P	eu_portugal	0	CD Nacional	10	Bruno Amaro	2	27	70	Unknown	77	62	59	55	0	0	3600000	200000	eu:brunoamaro	SEASON_APPS_FIFA11
P	eu_portugal	0	CD Nacional	11	Rene Mihelič	2	22	68	Unknown	64	71	49	55	0	0	2916000	160000	eu:renemihelic	SEASON_APPS_FIFA11
P	eu_portugal	0	CD Nacional	12	Bracalli	2	22	70	Unknown	77	76	74	55	0	0	3600000	200000	eu:bracalli	ESTIMATED
P	eu_portugal	0	CD Nacional	13	Diego Barcelos	3	25	70	Unknown	65	58	64	55	0	0	3600000	200000	eu:diegobarcelos	SEASON_APPS_EST_RATING
P	eu_portugal	0	CD Nacional	14	Edgar Costa	2	23	70	Unknown	64	69	68	55	0	0	3600000	200000	eu:edgarcosta	SEASON_APPS_EST_RATING
P	eu_portugal	0	CD Nacional	15	Skolnik	3	32	68	Unknown	69	67	64	55	0	0	2916000	160000	eu:skolnik	ESTIMATED
P	eu_portugal	0	CD Nacional	16	Rafael Bracali	0	29	72	Unknown	66	70	75	55	0	0	4356000	240000	eu:rafaelbracali:05051981	SEASON_ARCHIVE_EST_RATING
P	eu_portugal	0	CD Nacional	17	Elisson	0	23	66	Unknown	66	71	71	55	0	0	2304000	120000	eu:elisson:26031987	SEASON_ARCHIVE_EST_RATING
P	eu_portugal	0	CD Nacional	18	Anselmo	3	26	68	Unknown	68	74	71	55	0	0	2916000	160000	eu:anselmo:06011984	SEASON_ARCHIVE_EST_RATING
P	eu_portugal	0	CD Nacional	19	Nuno Pinto	2	23	68	Unknown	62	65	72	55	0	0	2916000	160000	eu:nunopinto:06081986	SEASON_ARCHIVE_EST_RATING
P	eu_portugal	0	CD Nacional	20	Orlando Sá	3	22	68	Unknown	68	65	63	55	0	0	2916000	160000	eu:orlandosa:26051988	SEASON_ARCHIVE_EST_RATING
T	eu_portugal	1	CS Marítimo	-1		-1	2010	0	Portugal	0	0	0	55	55	2	0	0	eu_portugal:1	REGISTRY
P	eu_portugal	1	CS Marítimo	0	Peçanha	0	30	70	Unknown	65	66	69	55	0	0	3600000	200000	eu:pecanha	SEASON_APPS_EST_RATING
P	eu_portugal	1	CS Marítimo	1	Marcelo Boeck	0	25	72	Unknown	63	65	70	55	0	0	4356000	240000	eu:marceloboeck	SEASON_APPS_EST_RATING
P	eu_portugal	1	CS Marítimo	2	Robson	1	27	71	Unknown	58	58	65	55	0	0	3969000	220000	eu:robson	SEASON_APPS_EST_RATING
P	eu_portugal	1	CS Marítimo	3	João Guilherme	1	24	70	Unknown	79	74	71	55	0	0	3600000	200000	eu:joaoguilherme	SEASON_APPS_EST_RATING
P	eu_portugal	1	CS Marítimo	4	Briguel	1	31	70	Unknown	76	71	73	55	0	0	3600000	200000	eu:briguel	SEASON_APPS_EST_RATING
P	eu_portugal	1	CS Marítimo	5	Rafael Miranda	2	25	72	Unknown	68	58	61	55	0	0	4356000	240000	eu:rafaelmiranda	SEASON_APPS_EST_RATING
P	eu_portugal	1	CS Marítimo	6	Roberto Sousa	2	25	70	Unknown	68	68	72	55	0	0	3600000	200000	eu:robertosousa	SEASON_APPS_EST_RATING
P	eu_portugal	1	CS Marítimo	7	Djalma	3	23	71	Unknown	60	66	65	55	0	0	3969000	220000	eu:djalma	SEASON_APPS_EST_RATING
P	eu_portugal	1	CS Marítimo	8	Baba Diawara	2	24	65	Unknown	56	59	67	55	0	0	2025000	110000	eu:babadiawara	ESTIMATED
P	eu_portugal	1	CS Marítimo	9	Marquinho	2	33	65	Unknown	66	68	67	55	0	0	2025000	110000	eu:marquinho	ESTIMATED
P	eu_portugal	1	CS Marítimo	10	Kléber	3	20	69	Unknown	63	70	65	55	0	0	3249000	180000	eu:kleber	SEASON_APPS_EST_RATING
P	eu_portugal	1	CS Marítimo	11	Tchô	2	23	69	Unknown	67	66	69	55	0	0	3249000	180000	eu:tcho	SEASON_APPS_EST_RATING
P	eu_portugal	1	CS Marítimo	12	André Vilas Boas	2	27	70	Unknown	65	71	75	55	0	0	3600000	200000	eu:andrevilasboas	SEASON_APPS_EST_RATING
P	eu_portugal	1	CS Marítimo	13	Ricardo Esteves	2	30	69	Unknown	62	69	70	55	0	0	3249000	180000	eu:ricardoesteves	SEASON_APPS_EST_RATING
P	eu_portugal	1	CS Marítimo	14	Evangelos Mantzios	3	27	68	Unknown	60	67	69	55	0	0	2916000	160000	eu:evangelosmantzios	SEASON_APPS_EST_RATING
P	eu_portugal	1	CS Marítimo	15	Babá	3	22	71	Unknown	65	73	73	55	0	0	3969000	220000	eu:baba:05011988	SEASON_ARCHIVE_EST_RATING
P	eu_portugal	1	CS Marítimo	16	Valentin Roberge	1	23	70	Unknown	70	72	70	55	0	0	3600000	200000	eu:valentinroberge:09061987	SEASON_ARCHIVE_EST_RATING
P	eu_portugal	1	CS Marítimo	17	Luciano Amaral	1	27	70	Unknown	77	75	74	55	0	0	3600000	200000	eu:lucianoamaral:20101982	SEASON_ARCHIVE_EST_RATING
P	eu_portugal	1	CS Marítimo	18	Danilo Dias	3	24	70	Unknown	76	66	75	55	0	0	3600000	200000	eu:danilodias:06111985	SEASON_ARCHIVE_EST_RATING
P	eu_portugal	1	CS Marítimo	19	Héldon	2	21	68	Unknown	62	66	66	55	0	0	2916000	160000	eu:heldon:14111988	SEASON_ARCHIVE_EST_RATING
T	eu_portugal	2	Estoril Praia	-1		-1	2010	0	Portugal	0	0	0	55	55	2	0	0	eu_portugal:2	REGISTRY
P	eu_portugal	2	Estoril Praia	0	Mário Matos	0	27	68	Unknown	60	64	64	55	0	0	2916000	160000	eu:mariomatos	ESTIMATED
P	eu_portugal	2	Estoril Praia	1	Cléber	0	27	66	Unknown	72	73	61	55	0	0	2304000	120000	eu:cleber	ESTIMATED
P	eu_portugal	2	Estoril Praia	2	Lameirão	1	23	70	Unknown	75	73	67	55	0	0	3600000	200000	eu:lameirao	ESTIMATED
P	eu_portugal	2	Estoril Praia	3	Filipe da Costa	1	23	65	Unknown	67	58	64	55	0	0	2025000	110000	eu:filipedacosta	ESTIMATED
P	eu_portugal	2	Estoril Praia	4	Vinícius Reche	1	24	63	Unknown	57	59	60	55	0	0	1521000	80000	eu:viniciusreche	ESTIMATED
P	eu_portugal	2	Estoril Praia	5	Alex Afonso	1	21	69	Unknown	64	66	65	55	0	0	3249000	180000	eu:alexafonso	ESTIMATED
P	eu_portugal	2	Estoril Praia	6	Marco Silva	1	29	64	Unknown	66	57	69	55	0	0	1764000	90000	eu:marcosilva	ESTIMATED
P	eu_portugal	2	Estoril Praia	7	Tiago Gomes	1	31	70	Unknown	69	65	67	55	0	0	3600000	200000	eu:tiagogomes	ESTIMATED
P	eu_portugal	2	Estoril Praia	8	André Castro	2	28	64	Unknown	61	59	68	55	0	0	1764000	90000	eu:andrecastro	ESTIMATED
P	eu_portugal	2	Estoril Praia	9	Jefferson	2	31	62	Unknown	54	63	58	55	0	0	1296000	70000	eu:jefferson	ESTIMATED
P	eu_portugal	2	Estoril Praia	10	Luís Carlos	2	29	64	Unknown	62	57	67	55	0	0	1764000	90000	eu:luiscarlos	ESTIMATED
P	eu_portugal	2	Estoril Praia	11	Steven Vitória	2	28	68	Unknown	73	75	71	55	0	0	2916000	160000	eu:stevenvitoria	ESTIMATED
P	eu_portugal	2	Estoril Praia	12	João Coimbra	2	24	65	Unknown	66	65	60	55	0	0	2025000	110000	eu:joaocoimbra	SEASON_APPS_EST_RATING
P	eu_portugal	2	Estoril Praia	13	Luís Leal	2	33	69	Unknown	63	62	68	55	0	0	3249000	180000	eu:luisleal	ESTIMATED
P	eu_portugal	2	Estoril Praia	14	Licá	2	27	69	Unknown	67	75	65	55	0	0	3249000	180000	eu:lica	ESTIMATED
T	eu_portugal	3	FC Porto	-1		-1	2010	0	Portugal	0	0	0	55	55	2	0	0	eu_portugal:3	REGISTRY
P	eu_portugal	3	FC Porto	0	Helton	0	32	78	Unknown	76	76	79	55	0	0	7056000	390000	eu:helton	SEASON_APPS_EST_RATING
P	eu_portugal	3	FC Porto	1	Beto	0	28	71	Unknown	62	65	69	55	0	0	3969000	220000	eu:beto	SEASON_APPS_EST_RATING
P	eu_portugal	3	FC Porto	2	Falcao	3	24	88	Unknown	85	95	84	55	0	0	12996000	720000	eu:falcao	SEASON_APPS_FIFA11
P	eu_portugal	3	FC Porto	3	Hulk	3	24	87	Unknown	86	90	82	55	0	0	12321000	680000	eu:hulk	SEASON_APPS_FIFA11
P	eu_portugal	3	FC Porto	4	João Moutinho	2	23	85	Unknown	78	62	90	55	0	0	11025000	610000	eu:joaomoutinho	SEASON_APPS_FIFA11
P	eu_portugal	3	FC Porto	5	Álvaro Pereira	1	24	82	Unknown	72	87	68	55	0	0	9216000	510000	eu:alvaropereira	SEASON_APPS_FIFA11
P	eu_portugal	3	FC Porto	6	Rolando	1	24	82	Unknown	77	73	83	55	0	0	9216000	510000	eu:rolando	SEASON_APPS_FIFA11
P	eu_portugal	3	FC Porto	7	James Rodríguez	2	19	81	Unknown	75	86	79	55	0	0	8649000	480000	eu:jamesrodriguez	SEASON_APPS_FIFA11
P	eu_portugal	3	FC Porto	8	Cristian Rodríguez	2	24	80	Unknown	80	78	70	55	0	0	8100000	450000	eu:cristianrodriguez	SEASON_APPS_FIFA11
P	eu_portugal	3	FC Porto	9	Freddy Guarín	2	24	80	Unknown	78	87	72	55	0	0	8100000	450000	eu:freddyguarin	SEASON_APPS_FIFA11
P	eu_portugal	3	FC Porto	10	Rúben Micael	2	23	79	Unknown	86	66	81	55	0	0	7569000	420000	eu:rubenmicael	SEASON_APPS_FIFA11
P	eu_portugal	3	FC Porto	11	Silvestre Varela	3	25	77	Unknown	80	73	75	55	0	0	6561000	360000	eu:silvestrevarela	SEASON_APPS_EST_RATING
P	eu_portugal	3	FC Porto	12	Fernando Belluschi	2	26	77	Unknown	66	86	54	55	0	0	6561000	360000	eu:fernandobelluschi	SEASON_APPS_FIFA11
P	eu_portugal	3	FC Porto	13	Jorge Fucile	1	25	77	Unknown	79	56	77	55	0	0	6561000	360000	eu:jorgefucile	SEASON_APPS_FIFA11
P	eu_portugal	3	FC Porto	14	Walter	3	21	76	Unknown	76	71	75	55	0	0	6084000	330000	eu:walter	SEASON_APPS_FIFA11
P	eu_portugal	3	FC Porto	15	Mariano González	2	29	75	Unknown	77	65	73	55	0	0	5625000	310000	eu:marianogonzalez	SEASON_APPS_FIFA11
P	eu_portugal	3	FC Porto	16	Sereno	1	30	75	Unknown	86	62	75	55	0	0	5625000	310000	eu:sereno	FIFA11_RATING_EST_AGE_ECONOMY
P	eu_portugal	3	FC Porto	17	Ukra	2	22	74	Unknown	84	68	72	55	0	0	5184000	280000	eu:ukra	SEASON_APPS_FIFA11
P	eu_portugal	3	FC Porto	18	Cristian Săpunaru	1	26	76	Unknown	68	74	57	55	0	0	6084000	330000	eu:cristiansapunaru	SEASON_APPS_FIFA11
P	eu_portugal	3	FC Porto	19	Nicolás Otamendi	1	22	75	Unknown	68	70	77	55	0	0	5625000	310000	eu:nicolasotamendi:12021988	SEASON_ARCHIVE_EST_RATING
P	eu_portugal	3	FC Porto	20	Josef Souza	2	21	73	Unknown	71	76	68	55	0	0	4761000	260000	eu:josefsouza:11021989	SEASON_ARCHIVE_EST_RATING
T	eu_portugal	4	Paços de Ferreira	-1		-1	2010	0	Portugal	0	0	0	55	55	2	0	0	eu_portugal:4	REGISTRY
P	eu_portugal	4	Paços de Ferreira	0	Cássio	0	29	72	Unknown	60	68	64	55	0	0	4356000	240000	eu:cassio	SEASON_APPS_EST_RATING
P	eu_portugal	4	Paços de Ferreira	1	Coelho	0	26	66	Unknown	56	69	64	55	0	0	2304000	120000	eu:coelho	SEASON_APPS_EST_RATING
P	eu_portugal	4	Paços de Ferreira	2	Baiano	1	23	71	Unknown	67	69	62	55	0	0	3969000	220000	eu:baiano	SEASON_APPS_EST_RATING
P	eu_portugal	4	Paços de Ferreira	3	Ozeia	1	28	68	Unknown	69	65	67	55	0	0	2916000	160000	eu:ozeia	SEASON_APPS_EST_RATING
P	eu_portugal	4	Paços de Ferreira	4	Ricardo Dias	1	23	63	Unknown	63	68	61	55	0	0	1521000	80000	eu:ricardodias	ESTIMATED
P	eu_portugal	4	Paços de Ferreira	5	Maykon	2	26	70	Unknown	68	60	61	55	0	0	3600000	200000	eu:maykon	SEASON_APPS_EST_RATING
P	eu_portugal	4	Paços de Ferreira	6	André Leão	2	25	71	Unknown	71	68	64	55	0	0	3969000	220000	eu:andreleao	SEASON_APPS_EST_RATING
P	eu_portugal	4	Paços de Ferreira	7	Manuel José	2	29	71	Unknown	53	63	68	55	0	0	3969000	220000	eu:manueljose	SEASON_APPS_EST_RATING
P	eu_portugal	4	Paços de Ferreira	8	Filipe Anunciação	2	31	69	Unknown	73	68	71	55	0	0	3249000	180000	eu:filipeanunciacao	SEASON_APPS_EST_RATING
P	eu_portugal	4	Paços de Ferreira	9	David Simão	2	20	70	Unknown	57	66	71	55	0	0	3600000	200000	eu:davidsimao	SEASON_APPS_EST_RATING
P	eu_portugal	4	Paços de Ferreira	10	Nélson Oliveira	3	18	70	Unknown	61	63	69	55	0	0	3600000	200000	eu:nelsonoliveira	SEASON_APPS_EST_RATING
P	eu_portugal	4	Paços de Ferreira	11	Pizzi	3	20	71	Unknown	64	60	56	55	0	0	3969000	220000	eu:pizzi	SEASON_APPS_EST_RATING
P	eu_portugal	4	Paços de Ferreira	12	William	2	20	69	Unknown	61	75	64	55	0	0	3249000	180000	eu:william	ESTIMATED
P	eu_portugal	4	Paços de Ferreira	13	Mario Rondón	3	24	71	Unknown	59	66	65	55	0	0	3969000	220000	eu:mariorondon	SEASON_APPS_EST_RATING
P	eu_portugal	4	Paços de Ferreira	14	Leonel Olímpio	2	28	71	Unknown	70	69	69	55	0	0	3969000	220000	eu:leonelolimpio:07071982	SEASON_ARCHIVE_EST_RATING
P	eu_portugal	4	Paços de Ferreira	15	Javier Cohene	1	23	70	Unknown	71	70	68	55	0	0	3600000	200000	eu:javiercohene:03051987	SEASON_ARCHIVE_EST_RATING
T	eu_portugal	5	Rio Ave	-1		-1	2010	0	Portugal	0	0	0	55	55	2	0	0	eu_portugal:5	REGISTRY
P	eu_portugal	5	Rio Ave	0	Paulo Santos	0	37	70	Unknown	75	65	62	55	0	0	3600000	200000	eu:paulosantos	SEASON_APPS_EST_RATING
P	eu_portugal	5	Rio Ave	1	Gaspar	1	35	70	Unknown	65	50	68	55	0	0	3600000	200000	eu:gaspar	SEASON_APPS_FIFA11
P	eu_portugal	5	Rio Ave	2	Ricardo Chaves	2	32	67	Unknown	69	66	61	55	0	0	2601000	140000	eu:ricardochaves	SEASON_APPS_FIFA11
P	eu_portugal	5	Rio Ave	3	Tiago Pinto	1	22	69	Unknown	73	61	66	55	0	0	3249000	180000	eu:tiagopinto	SEASON_APPS_FIFA11
P	eu_portugal	5	Rio Ave	4	José Gomes	1	32	65	Unknown	62	71	70	55	0	0	2025000	110000	eu:josegomes	ESTIMATED
P	eu_portugal	5	Rio Ave	5	Braga	2	27	71	Unknown	79	61	69	55	0	0	3969000	220000	eu:braga	SEASON_APPS_FIFA11
P	eu_portugal	5	Rio Ave	6	Tarantini	2	26	70	Unknown	67	66	56	55	0	0	3600000	200000	eu:tarantini	SEASON_APPS_EST_RATING
P	eu_portugal	5	Rio Ave	7	Wires	1	27	70	Unknown	54	55	65	55	0	0	3600000	200000	eu:wires	SEASON_APPS_EST_RATING
P	eu_portugal	5	Rio Ave	8	Bruno Gama	3	22	74	Unknown	79	57	75	55	0	0	5184000	280000	eu:brunogama	SEASON_APPS_FIFA11
P	eu_portugal	5	Rio Ave	9	Saulo	3	28	68	Unknown	68	68	53	55	0	0	2916000	160000	eu:saulo	SEASON_APPS_FIFA11
P	eu_portugal	5	Rio Ave	10	João Tomás	3	35	73	Unknown	65	76	59	55	0	0	4761000	260000	eu:joaotomas	SEASON_APPS_FIFA11
P	eu_portugal	5	Rio Ave	11	Yazalde	3	21	78	Unknown	79	64	77	55	0	0	7056000	390000	eu:yazalde	SEASON_APPS_FIFA11
P	eu_portugal	5	Rio Ave	12	Tiago Targino	2	23	70	Unknown	70	66	65	55	0	0	3600000	200000	eu:tiagotargino	ESTIMATED
P	eu_portugal	5	Rio Ave	13	Kelvin	2	32	63	Unknown	66	65	68	55	0	0	1521000	80000	eu:kelvin	ESTIMATED
P	eu_portugal	5	Rio Ave	14	Zé Gomes	1	33	69	Unknown	68	73	64	55	0	0	3249000	180000	eu:zegomes:24091976	SEASON_ARCHIVE_EST_RATING
P	eu_portugal	5	Rio Ave	15	Jeferson	1	24	69	Unknown	76	73	64	55	0	0	3249000	180000	eu:jeferson:15011986	SEASON_ARCHIVE_EST_RATING
P	eu_portugal	5	Rio Ave	16	Vítor Gomes	2	22	68	Unknown	72	69	67	55	0	0	2916000	160000	eu:vitorgomes:25121987	SEASON_ARCHIVE_EST_RATING
T	eu_portugal	6	SC Braga	-1		-1	2010	0	Portugal	0	0	0	55	55	2	0	0	eu_portugal:6	REGISTRY
P	eu_portugal	6	SC Braga	0	Artur Moraes	0	29	74	Unknown	65	64	69	55	0	0	5184000	280000	eu:arturmoraes	SEASON_APPS_EST_RATING
P	eu_portugal	6	SC Braga	1	Quim	0	34	68	Unknown	57	64	65	55	0	0	2916000	160000	eu:quim	SEASON_APPS_EST_RATING
P	eu_portugal	6	SC Braga	2	Alberto Rodríguez	1	26	74	Unknown	80	73	75	55	0	0	5184000	280000	eu:albertorodriguez	SEASON_APPS_EST_RATING
P	eu_portugal	6	SC Braga	3	Moisés	1	31	71	Unknown	62	71	63	55	0	0	3969000	220000	eu:moises	SEASON_APPS_EST_RATING
P	eu_portugal	6	SC Braga	4	Miguel Garcia	1	27	74	Unknown	70	71	68	55	0	0	5184000	280000	eu:miguelgarcia	SEASON_APPS_EST_RATING
P	eu_portugal	6	SC Braga	5	Elderson Echiejile	1	22	72	Unknown	71	59	65	55	0	0	4356000	240000	eu:eldersonechiejile	SEASON_APPS_EST_RATING
P	eu_portugal	6	SC Braga	6	Salino	2	22	71	Unknown	77	75	70	55	0	0	3969000	220000	eu:salino	FIFA11_RATING_EST_AGE_ECONOMY
P	eu_portugal	6	SC Braga	7	Custódio	2	27	71	Unknown	58	78	46	55	0	0	3969000	220000	eu:custodio	SEASON_APPS_FIFA11
P	eu_portugal	6	SC Braga	8	Hugo Viana	2	27	75	Unknown	70	76	64	55	0	0	5625000	310000	eu:hugoviana	SEASON_APPS_FIFA11
P	eu_portugal	6	SC Braga	9	Luís Aguiar	2	24	72	Unknown	79	67	76	55	0	0	4356000	240000	eu:luisaguiar	SEASON_APPS_EST_RATING
P	eu_portugal	6	SC Braga	10	Mossoró	2	31	72	Unknown	65	69	78	55	0	0	4356000	240000	eu:mossoro	ESTIMATED
P	eu_portugal	6	SC Braga	11	Alan	3	30	78	Unknown	75	78	77	55	0	0	7056000	390000	eu:alan	SEASON_APPS_FIFA11
P	eu_portugal	6	SC Braga	12	Hélder Barbosa	3	23	75	Unknown	74	81	70	55	0	0	5625000	310000	eu:helderbarbosa	SEASON_APPS_FIFA11
P	eu_portugal	6	SC Braga	13	Paulo César	3	30	74	Unknown	66	66	62	55	0	0	5184000	280000	eu:paulocesar	SEASON_APPS_EST_RATING
P	eu_portugal	6	SC Braga	14	Albert Meyong	3	29	72	Unknown	78	75	76	55	0	0	4356000	240000	eu:albertmeyong	SEASON_APPS_EST_RATING
P	eu_portugal	6	SC Braga	15	Lima	3	27	75	Unknown	73	73	61	55	0	0	5625000	310000	eu:lima	SEASON_APPS_EST_RATING
P	eu_portugal	6	SC Braga	16	Vandinho	2	32	75	Unknown	76	74	74	55	0	0	5625000	310000	eu:vandinho:15011978	SEASON_ARCHIVE_EST_RATING
P	eu_portugal	6	SC Braga	17	Sílvio	1	22	74	Unknown	67	74	72	55	0	0	5184000	280000	eu:silvio:28091987	SEASON_ARCHIVE_EST_RATING
P	eu_portugal	6	SC Braga	18	Paulão	1	27	73	Unknown	66	70	75	55	0	0	4761000	260000	eu:paulao:06081982	SEASON_ARCHIVE_EST_RATING
T	eu_portugal	7	SL Benfica	-1		-1	2010	0	Portugal	0	0	0	55	55	2	0	0	eu_portugal:7	REGISTRY
P	eu_portugal	7	SL Benfica	0	Júlio César	0	23	71	Unknown	72	69	63	55	0	0	3969000	220000	eu:juliocesar	SEASON_APPS_EST_RATING
P	eu_portugal	7	SL Benfica	1	Luisão	1	29	85	Unknown	87	66	85	55	0	0	11025000	610000	eu:luisao	SEASON_APPS_FIFA11
P	eu_portugal	7	SL Benfica	2	David Luiz	1	23	84	Unknown	79	85	84	55	0	0	10404000	570000	eu:davidluiz	SEASON_APPS_FIFA11
P	eu_portugal	7	SL Benfica	3	Fábio Coentrão	1	22	83	Unknown	86	60	81	55	0	0	9801000	540000	eu:fabiocoentrao	SEASON_APPS_FIFA11
P	eu_portugal	7	SL Benfica	4	Maxi Pereira	1	21	71	Unknown	64	78	75	55	0	0	3969000	220000	eu:maxipereira	ESTIMATED
P	eu_portugal	7	SL Benfica	5	César Peixoto	2	30	75	Unknown	74	72	54	55	0	0	5625000	310000	eu:cesarpeixoto	SEASON_APPS_FIFA11
P	eu_portugal	7	SL Benfica	6	Javi García	2	23	79	Unknown	79	60	80	55	0	0	7569000	420000	eu:javigarcia	SEASON_APPS_FIFA11
P	eu_portugal	7	SL Benfica	7	Carlos Martins	2	28	79	Unknown	86	62	79	55	0	0	7569000	420000	eu:carlosmartins	SEASON_APPS_FIFA11
P	eu_portugal	7	SL Benfica	8	Pablo Aimar	2	30	83	Unknown	73	72	78	55	0	0	9801000	540000	eu:pabloaimar	SEASON_APPS_FIFA11
P	eu_portugal	7	SL Benfica	9	Nicolás Gaitán	2	22	82	Unknown	65	89	72	55	0	0	9216000	510000	eu:nicolasgaitan	SEASON_APPS_FIFA11
P	eu_portugal	7	SL Benfica	10	Eduardo Salvio	3	20	76	Unknown	75	67	72	55	0	0	6084000	330000	eu:eduardosalvio	SEASON_APPS_FIFA11
P	eu_portugal	7	SL Benfica	11	Rúben Amorim	2	25	77	Unknown	76	76	74	55	0	0	6561000	360000	eu:rubenamorim	SEASON_APPS_FIFA11
P	eu_portugal	7	SL Benfica	12	Airton	2	20	76	Unknown	72	84	69	55	0	0	6084000	330000	eu:airton	SEASON_APPS_FIFA11
P	eu_portugal	7	SL Benfica	13	Javier Saviola	3	28	81	Unknown	74	89	77	55	0	0	8649000	480000	eu:javiersaviola	SEASON_APPS_FIFA11
P	eu_portugal	7	SL Benfica	14	Óscar Cardozo	3	27	84	Unknown	84	70	78	55	0	0	10404000	570000	eu:oscarcardozo	SEASON_APPS_FIFA11
P	eu_portugal	7	SL Benfica	15	Nuno Gomes	3	34	75	Unknown	72	69	69	55	0	0	5625000	310000	eu:nunogomes	SEASON_APPS_FIFA11
P	eu_portugal	7	SL Benfica	16	Alan Kardec	3	21	74	Unknown	74	58	72	55	0	0	5184000	280000	eu:alankardec	SEASON_APPS_FIFA11
P	eu_portugal	7	SL Benfica	17	Weldon	3	29	75	Unknown	75	70	70	55	0	0	5625000	310000	eu:weldon	SEASON_APPS_FIFA11
P	eu_portugal	7	SL Benfica	18	Fábio Faria	1	21	72	Unknown	81	62	69	55	0	0	4356000	240000	eu:fabiofaria	SEASON_APPS_FIFA11
P	eu_portugal	7	SL Benfica	19	Maximiliano Pereira	2	26	77	Unknown	79	79	74	55	0	0	6561000	360000	eu:maximilianopereira:08061984	SEASON_ARCHIVE_EST_RATING
P	eu_portugal	7	SL Benfica	20	Franco Jara	3	22	77	Unknown	71	83	72	55	0	0	6561000	360000	eu:francojara:15071988	SEASON_ARCHIVE_EST_RATING
P	eu_portugal	7	SL Benfica	21	Sidnei	1	20	74	Unknown	69	78	74	55	0	0	5184000	280000	eu:sidnei:23081989	SEASON_ARCHIVE_EST_RATING
T	eu_portugal	8	Sporting CP	-1		-1	2010	0	Portugal	0	0	0	55	55	2	0	0	eu_portugal:8	REGISTRY
P	eu_portugal	8	Sporting CP	0	Rui Patrício	0	22	76	Unknown	63	68	72	55	0	0	6084000	330000	eu:ruipatricio	SEASON_APPS_EST_RATING
P	eu_portugal	8	Sporting CP	1	Timo Hildebrand	0	31	79	Unknown	82	65	79	55	0	0	7569000	420000	eu:timohildebrand	SEASON_APPS_FIFA11
P	eu_portugal	8	Sporting CP	2	João Pereira	1	26	81	Unknown	80	81	66	55	0	0	8649000	480000	eu:joaopereira	SEASON_APPS_FIFA11
P	eu_portugal	8	Sporting CP	3	Daniel Carriço	1	21	78	Unknown	82	69	76	55	0	0	7056000	390000	eu:danielcarrico	SEASON_APPS_FIFA11
P	eu_portugal	8	Sporting CP	4	Anderson Polga	1	31	77	Unknown	78	77	71	55	0	0	6561000	360000	eu:andersonpolga	SEASON_APPS_FIFA11
P	eu_portugal	8	Sporting CP	5	Evaldo	1	28	75	Unknown	71	61	59	55	0	0	5625000	310000	eu:evaldo	SEASON_APPS_EST_RATING
P	eu_portugal	8	Sporting CP	6	Caneira	1	22	72	Unknown	65	69	66	55	0	0	4356000	240000	eu:caneira	FIFA11_RATING_EST_AGE_ECONOMY
P	eu_portugal	8	Sporting CP	7	Pedro Mendes	2	31	76	Unknown	83	51	75	55	0	0	6084000	330000	eu:pedromendes	SEASON_APPS_FIFA11
P	eu_portugal	8	Sporting CP	8	Maniche	2	32	75	Unknown	74	68	74	55	0	0	5625000	310000	eu:maniche	SEASON_APPS_FIFA11
P	eu_portugal	8	Sporting CP	9	Matías Fernández	2	24	78	Unknown	72	81	63	55	0	0	7056000	390000	eu:matiasfernandez	SEASON_APPS_FIFA11
P	eu_portugal	8	Sporting CP	10	Jaime Valdés	2	29	78	Unknown	70	84	61	55	0	0	7056000	390000	eu:jaimevaldes	SEASON_APPS_FIFA11
P	eu_portugal	8	Sporting CP	11	Marat Izmailov	2	27	79	Unknown	72	61	81	55	0	0	7569000	420000	eu:maratizmailov	SEASON_APPS_FIFA11
P	eu_portugal	8	Sporting CP	12	Simon Vukčević	2	24	78	Unknown	80	71	76	55	0	0	7056000	390000	eu:simonvukcevic	SEASON_APPS_FIFA11
P	eu_portugal	8	Sporting CP	13	Zapater	2	20	73	Unknown	71	84	67	55	0	0	4761000	260000	eu:zapater	FIFA11_RATING_EST_AGE_ECONOMY
P	eu_portugal	8	Sporting CP	14	Liedson	3	32	84	Unknown	86	60	83	55	0	0	10404000	570000	eu:liedson	SEASON_APPS_FIFA11
P	eu_portugal	8	Sporting CP	15	Hélder Postiga	3	27	75	Unknown	75	77	70	55	0	0	5625000	310000	eu:helderpostiga	SEASON_APPS_FIFA11
P	eu_portugal	8	Sporting CP	16	Yannick Djaló	3	24	76	Unknown	75	64	71	55	0	0	6084000	330000	eu:yannickdjalo	SEASON_APPS_FIFA11
P	eu_portugal	8	Sporting CP	17	Carlos Saleiro	3	24	74	Unknown	78	73	74	55	0	0	5184000	280000	eu:carlossaleiro:25021986	SEASON_ARCHIVE_EST_RATING
P	eu_portugal	8	Sporting CP	18	Abel Ferreira	1	31	71	Unknown	78	70	73	55	0	0	3969000	220000	eu:abelferreira:22121978	SEASON_ARCHIVE_EST_RATING
P	eu_portugal	8	Sporting CP	19	Marco Torsiglieri	1	22	71	Unknown	67	75	69	55	0	0	3969000	220000	eu:marcotorsiglieri:12011988	SEASON_ARCHIVE_EST_RATING
P	eu_portugal	8	Sporting CP	20	Diogo Salomão	2	21	71	Unknown	70	76	73	55	0	0	3969000	220000	eu:diogosalomao:14091988	SEASON_ARCHIVE_EST_RATING
T	eu_portugal	9	Vitória SC	-1		-1	2010	0	Portugal	0	0	0	55	55	2	0	0	eu_portugal:9	REGISTRY
P	eu_portugal	9	Vitória SC	0	Nilson	0	34	73	Unknown	69	74	65	55	0	0	4761000	260000	eu:nilson	SEASON_APPS_EST_RATING
P	eu_portugal	9	Vitória SC	1	João Paulo	1	29	70	Unknown	72	69	59	55	0	0	3600000	200000	eu:joaopaulo	SEASON_APPS_FIFA11
P	eu_portugal	9	Vitória SC	2	Anderson Santana	1	24	67	Unknown	62	65	72	55	0	0	2601000	140000	eu:andersonsantana	SEASON_APPS_EST_RATING
P	eu_portugal	9	Vitória SC	3	Flávio Meireles	2	33	70	Unknown	78	56	70	55	0	0	3600000	200000	eu:flaviomeireles	SEASON_APPS_FIFA11
P	eu_portugal	9	Vitória SC	4	João Alves	2	29	71	Unknown	80	64	70	55	0	0	3969000	220000	eu:joaoalves	SEASON_APPS_FIFA11
P	eu_portugal	9	Vitória SC	5	Rui Miguel	2	26	72	Unknown	68	76	62	55	0	0	4356000	240000	eu:ruimiguel	SEASON_APPS_FIFA11
P	eu_portugal	9	Vitória SC	6	Pereirinha	2	27	75	Unknown	72	52	77	55	0	0	5625000	310000	eu:pereirinha	FIFA11_RATING_EST_AGE_ECONOMY
P	eu_portugal	9	Vitória SC	7	Jorge Ribeiro	1	28	74	Unknown	62	74	66	55	0	0	5184000	280000	eu:jorgeribeiro	SEASON_APPS_FIFA11
P	eu_portugal	9	Vitória SC	8	Targino	3	26	73	Unknown	76	62	74	55	0	0	4761000	260000	eu:targino	FIFA11_RATING_EST_AGE_ECONOMY
P	eu_portugal	9	Vitória SC	9	Edgar Silva	3	23	72	Unknown	67	67	72	55	0	0	4356000	240000	eu:edgarsilva	SEASON_APPS_EST_RATING
P	eu_portugal	9	Vitória SC	10	Maranhão	3	25	67	Unknown	55	56	67	55	0	0	2601000	140000	eu:maranhao	SEASON_APPS_EST_RATING
P	eu_portugal	9	Vitória SC	11	Toscano	2	32	70	Unknown	61	73	71	55	0	0	3600000	200000	eu:toscano	ESTIMATED
P	eu_portugal	9	Vitória SC	12	Bruno Teles	1	24	71	Unknown	62	64	70	55	0	0	3969000	220000	eu:brunoteles	SEASON_APPS_EST_RATING
P	eu_portugal	9	Vitória SC	13	João Ribeiro	2	22	71	Unknown	67	77	76	55	0	0	3969000	220000	eu:joaoribeiro:13081987	SEASON_ARCHIVE_EST_RATING
P	eu_portugal	9	Vitória SC	14	Cléber Monteiro	2	30	70	Unknown	63	76	72	55	0	0	3600000	200000	eu:clebermonteiro:23051980	SEASON_ARCHIVE_EST_RATING
P	eu_portugal	9	Vitória SC	15	Abdelghani Faouzi	3	25	69	Unknown	69	63	72	55	0	0	3249000	180000	eu:abdelghanifaouzi:13071985	SEASON_ARCHIVE_EST_RATING
T	eu_portugal	10	Vitória Setúbal	-1		-1	2010	0	Portugal	0	0	0	55	55	2	0	0	eu_portugal:10	REGISTRY
P	eu_portugal	10	Vitória Setúbal	0	Ricardo Batista	0	32	66	Unknown	67	71	62	55	0	0	2304000	120000	eu:ricardobatista	ESTIMATED
P	eu_portugal	10	Vitória Setúbal	1	Aurélien Collin	1	24	73	Unknown	73	68	73	55	0	0	4761000	260000	eu:aureliencollin	SEASON_APPS_FIFA11
P	eu_portugal	10	Vitória Setúbal	2	Ricardo Silva	1	34	70	Unknown	70	70	58	55	0	0	3600000	200000	eu:ricardosilva	SEASON_APPS_EST_RATING
P	eu_portugal	10	Vitória Setúbal	3	Miguelito	2	29	71	Unknown	72	71	71	55	0	0	3969000	220000	eu:miguelito	SEASON_APPS_EST_RATING
P	eu_portugal	10	Vitória Setúbal	4	Joãozinho	2	33	57	Unknown	63	48	57	55	0	0	441000	50000	eu:joaozinho	FIFA11_RATING_EST_AGE_ECONOMY
P	eu_portugal	10	Vitória Setúbal	5	Hugo Leal	2	30	70	Unknown	72	69	68	55	0	0	3600000	200000	eu:hugoleal	SEASON_APPS_FIFA11
P	eu_portugal	10	Vitória Setúbal	6	Bruno Gallo	2	22	67	Unknown	65	62	62	55	0	0	2601000	140000	eu:brunogallo	SEASON_APPS_FIFA11
P	eu_portugal	10	Vitória Setúbal	7	Zé Pedro	1	21	63	Unknown	66	67	68	55	0	0	1521000	80000	eu:zepedro	ESTIMATED
P	eu_portugal	10	Vitória Setúbal	8	Paulo Regula	2	21	65	Unknown	63	69	60	55	0	0	2025000	110000	eu:pauloregula	SEASON_APPS_FIFA11
P	eu_portugal	10	Vitória Setúbal	9	Jaílson	3	29	69	Unknown	71	58	58	55	0	0	3249000	180000	eu:jailson	SEASON_APPS_FIFA11
P	eu_portugal	10	Vitória Setúbal	10	Leandro Branco	2	31	64	Unknown	60	60	69	55	0	0	1764000	90000	eu:leandrobranco	ESTIMATED
P	eu_portugal	10	Vitória Setúbal	11	Valdomiro	1	31	69	Unknown	58	55	61	55	0	0	3249000	180000	eu:valdomiro	SEASON_APPS_EST_RATING
P	eu_portugal	10	Vitória Setúbal	12	Ney Santos	1	29	70	Unknown	71	64	70	55	0	0	3600000	200000	eu:neysantos	SEASON_APPS_EST_RATING
P	eu_portugal	10	Vitória Setúbal	13	Zeca	2	21	70	Unknown	77	70	67	55	0	0	3600000	200000	eu:zeca:31081988	SEASON_ARCHIVE_EST_RATING
P	eu_portugal	10	Vitória Setúbal	14	Cláudio Pitbull	3	28	70	Unknown	67	67	72	55	0	0	3600000	200000	eu:claudiopitbull:08011982	SEASON_ARCHIVE_EST_RATING
P	eu_portugal	10	Vitória Setúbal	15	Neca	2	30	70	Unknown	68	69	67	55	0	0	3600000	200000	eu:neca:31121979	SEASON_ARCHIVE_EST_RATING
P	eu_portugal	10	Vitória Setúbal	16	Sassá	3	22	69	Unknown	74	68	69	55	0	0	3249000	180000	eu:sassa:26011988	SEASON_ARCHIVE_EST_RATING
P	eu_portugal	10	Vitória Setúbal	17	Anderson do Ó	1	29	68	Unknown	61	74	71	55	0	0	2916000	160000	eu:andersondoo:14121980	SEASON_ARCHIVE_EST_RATING
T	eu_romania	0	Astra Ploiești	-1		-1	2010	0	Romania	0	0	0	55	55	2	0	0	eu_romania:0	REGISTRY
P	eu_romania	0	Astra Ploiești	0	Silviu Lung Jr.	0	21	63	Unknown	69	68	61	55	0	0	1521000	80000	eu:silviulungjr	ESTIMATED
P	eu_romania	0	Astra Ploiești	1	Miron	0	21	65	Unknown	61	64	62	55	0	0	2025000	110000	eu:miron	ESTIMATED
P	eu_romania	0	Astra Ploiești	2	Ovidiu Mihalache	1	26	62	Unknown	59	62	67	55	0	0	1296000	70000	eu:ovidiumihalache	ESTIMATED
P	eu_romania	0	Astra Ploiești	3	Alexandru Mățel	1	20	68	Unknown	61	70	61	55	0	0	2916000	160000	eu:alexandrumatel	SEASON_APPS_EST_RATING
P	eu_romania	0	Astra Ploiești	4	Takayuki Seto	2	24	69	Unknown	67	70	69	55	0	0	3249000	180000	eu:takayukiseto	SEASON_APPS_EST_RATING
P	eu_romania	0	Astra Ploiești	5	Florin Lovin	1	31	62	Unknown	59	67	56	55	0	0	1296000	70000	eu:florinlovin	ESTIMATED
P	eu_romania	0	Astra Ploiești	6	Nicolae Grigore	1	33	60	Unknown	68	59	59	55	0	0	900000	50000	eu:nicolaegrigore	ESTIMATED
P	eu_romania	0	Astra Ploiești	7	Gabriel Enache	1	22	60	Unknown	68	66	60	55	0	0	900000	50000	eu:gabrielenache	ESTIMATED
P	eu_romania	0	Astra Ploiești	8	Fatai Kehinde	2	32	64	Unknown	66	67	60	55	0	0	1764000	90000	eu:fataikehinde	ESTIMATED
P	eu_romania	0	Astra Ploiești	9	Mirko Ivanovski	2	27	60	Unknown	59	57	66	55	0	0	900000	50000	eu:mirkoivanovski	ESTIMATED
P	eu_romania	0	Astra Ploiești	10	Bogdan Chipirliu	2	32	65	Unknown	63	68	66	55	0	0	2025000	110000	eu:bogdanchipirliu	ESTIMATED
P	eu_romania	0	Astra Ploiești	11	Marian Cristescu	2	26	64	Unknown	60	64	62	55	0	0	1764000	90000	eu:mariancristescu	ESTIMATED
P	eu_romania	0	Astra Ploiești	12	Paulinho	2	25	66	Unknown	65	61	72	55	0	0	2304000	120000	eu:paulinho	SEASON_APPS_EST_RATING
P	eu_romania	0	Astra Ploiești	13	Marius Mihalache	1	25	69	Unknown	65	64	71	55	0	0	3249000	180000	eu:mariusmihalache:14121984	SEASON_ARCHIVE_EST_RATING
P	eu_romania	0	Astra Ploiești	14	Sorin Strătilă	2	23	69	Unknown	67	75	67	55	0	0	3249000	180000	eu:sorinstratila:20101986	SEASON_ARCHIVE_EST_RATING
P	eu_romania	0	Astra Ploiești	15	Kehinde Fatai	3	20	68	Unknown	67	73	72	55	0	0	2916000	160000	eu:kehindefatai:19021990	SEASON_ARCHIVE_EST_RATING
P	eu_romania	0	Astra Ploiești	16	Lucian Goian	1	27	67	Unknown	73	63	64	55	0	0	2601000	140000	eu:luciangoian:10021983	SEASON_ARCHIVE_EST_RATING
P	eu_romania	0	Astra Ploiești	17	Osvaldo Miranda	3	26	67	Unknown	62	71	69	55	0	0	2601000	140000	eu:osvaldomiranda:24061984	SEASON_ARCHIVE_EST_RATING
P	eu_romania	0	Astra Ploiești	18	Radek Opršal	1	32	67	Unknown	62	62	70	55	0	0	2601000	140000	eu:radekoprsal:09051978	SEASON_ARCHIVE_EST_RATING
P	eu_romania	0	Astra Ploiești	19	Marius Tigoianu	2	20	67	Unknown	69	66	67	55	0	0	2601000	140000	eu:mariustigoianu:22091989	SEASON_ARCHIVE_EST_RATING
P	eu_romania	0	Astra Ploiești	20	Alexandru Stan	2	21	66	Unknown	63	67	63	55	0	0	2304000	120000	eu:alexandrustan:07021989	SEASON_ARCHIVE_EST_RATING
T	eu_romania	1	CFR Cluj	-1		-1	2010	0	Romania	0	0	0	55	55	2	0	0	eu_romania:1	REGISTRY
P	eu_romania	1	CFR Cluj	0	Nuno Claro	0	33	71	Unknown	64	65	70	55	0	0	3969000	220000	eu:nunoclaro	SEASON_APPS_EST_RATING
P	eu_romania	1	CFR Cluj	1	Mihai Mincă	0	25	67	Unknown	72	56	67	55	0	0	2601000	140000	eu:mihaiminca	SEASON_APPS_EST_RATING
P	eu_romania	1	CFR Cluj	2	Boris Pešković	0	34	69	Unknown	76	72	75	55	0	0	3249000	180000	eu:borispeskovic	SEASON_APPS_EST_RATING
P	eu_romania	1	CFR Cluj	3	Eduard Stăncioiu	0	29	67	Unknown	67	73	70	55	0	0	2601000	140000	eu:eduardstancioiu	SEASON_APPS_EST_RATING
P	eu_romania	1	CFR Cluj	4	Tony	1	29	67	Unknown	67	56	61	55	0	0	2601000	140000	eu:tony	SEASON_APPS_EST_RATING
P	eu_romania	1	CFR Cluj	5	Edimar	1	24	68	Unknown	64	59	64	55	0	0	2916000	160000	eu:edimar	SEASON_APPS_EST_RATING
P	eu_romania	1	CFR Cluj	6	Cristian Panin	1	32	71	Unknown	61	68	61	55	0	0	3969000	220000	eu:cristianpanin	SEASON_APPS_EST_RATING
P	eu_romania	1	CFR Cluj	7	Felice Piccolo	1	26	69	Unknown	72	64	65	55	0	0	3249000	180000	eu:felicepiccolo	SEASON_APPS_EST_RATING
P	eu_romania	1	CFR Cluj	8	Ionuț Rada	1	28	70	Unknown	67	64	70	55	0	0	3600000	200000	eu:ionutrada	SEASON_APPS_EST_RATING
P	eu_romania	1	CFR Cluj	9	Emmanuel Culio	2	26	70	Unknown	77	62	66	55	0	0	3600000	200000	eu:emmanuelculio	SEASON_APPS_EST_RATING
P	eu_romania	1	CFR Cluj	10	Sixto Peralta	2	31	70	Unknown	54	64	61	55	0	0	3600000	200000	eu:sixtoperalta	SEASON_APPS_EST_RATING
P	eu_romania	1	CFR Cluj	11	Roberto De Zerbi	2	31	69	Unknown	69	66	69	55	0	0	3249000	180000	eu:robertodezerbi	SEASON_APPS_EST_RATING
P	eu_romania	1	CFR Cluj	12	Rafael Bastos	2	25	71	Unknown	75	69	63	55	0	0	3969000	220000	eu:rafaelbastos	SEASON_APPS_EST_RATING
P	eu_romania	1	CFR Cluj	13	Gabriel Mureșan	1	28	68	Unknown	70	67	61	55	0	0	2916000	160000	eu:gabrielmuresan	SEASON_APPS_EST_RATING
P	eu_romania	1	CFR Cluj	14	Dominique Kivuvu	1	22	70	Unknown	75	65	64	55	0	0	3600000	200000	eu:dominiquekivuvu	SEASON_APPS_EST_RATING
P	eu_romania	1	CFR Cluj	15	Ioan Hora	3	21	70	Unknown	60	65	66	55	0	0	3600000	200000	eu:ioanhora	SEASON_APPS_EST_RATING
P	eu_romania	1	CFR Cluj	16	Emmanuel Koné	2	23	70	Unknown	72	72	71	55	0	0	3600000	200000	eu:emmanuelkone	SEASON_APPS_EST_RATING
P	eu_romania	1	CFR Cluj	17	Emil Dică	2	28	69	Unknown	75	60	62	55	0	0	3249000	180000	eu:emildica	SEASON_APPS_EST_RATING
P	eu_romania	1	CFR Cluj	18	Tomás Costa	2	25	67	Unknown	74	70	65	55	0	0	2601000	140000	eu:tomascosta	SEASON_APPS_EST_RATING
P	eu_romania	1	CFR Cluj	19	Ricardo Cadú	1	28	72	Unknown	74	70	68	55	0	0	4356000	240000	eu:ricardocadu:21121981	SEASON_ARCHIVE_EST_RATING
P	eu_romania	1	CFR Cluj	20	Cristian Bud	3	25	69	Unknown	75	75	65	55	0	0	3249000	180000	eu:cristianbud:26061985	SEASON_ARCHIVE_EST_RATING
P	eu_romania	1	CFR Cluj	21	Saša Bjelanović	3	31	68	Unknown	61	68	73	55	0	0	2916000	160000	eu:sasabjelanovic:11061979	SEASON_ARCHIVE_EST_RATING
T	eu_romania	2	Dinamo București	-1		-1	2010	0	Romania	0	0	0	55	55	2	0	0	eu_romania:2	REGISTRY
P	eu_romania	2	Dinamo București	0	Emilian Dolha	0	30	69	Unknown	67	70	70	55	0	0	3249000	180000	eu:emiliandolha	SEASON_APPS_EST_RATING
P	eu_romania	2	Dinamo București	1	Cristian Bălgrădean	0	22	69	Unknown	63	62	74	55	0	0	3249000	180000	eu:cristianbalgradean	SEASON_APPS_EST_RATING
P	eu_romania	2	Dinamo București	2	Kristijan Naumovski	0	21	67	Unknown	65	67	63	55	0	0	2601000	140000	eu:kristijannaumovski	SEASON_APPS_EST_RATING
P	eu_romania	2	Dinamo București	3	Cosmin Moți	1	25	71	Unknown	73	59	63	55	0	0	3969000	220000	eu:cosminmoti	SEASON_APPS_EST_RATING
P	eu_romania	2	Dinamo București	4	Dragoș Grigore	1	23	69	Unknown	75	69	69	55	0	0	3249000	180000	eu:dragosgrigore	SEASON_APPS_EST_RATING
P	eu_romania	2	Dinamo București	5	Cristian Pulhac	1	25	68	Unknown	70	71	71	55	0	0	2916000	160000	eu:cristianpulhac	SEASON_APPS_EST_RATING
P	eu_romania	2	Dinamo București	6	Cătălin Munteanu	2	31	71	Unknown	79	72	73	55	0	0	3969000	220000	eu:catalinmunteanu	SEASON_APPS_EST_RATING
P	eu_romania	2	Dinamo București	7	Djakaridja Koné	2	24	71	Unknown	66	62	70	55	0	0	3969000	220000	eu:djakaridjakone	SEASON_APPS_EST_RATING
P	eu_romania	2	Dinamo București	8	Andrei Mărgăritescu	2	30	69	Unknown	69	61	65	55	0	0	3249000	180000	eu:andreimargaritescu	SEASON_APPS_EST_RATING
P	eu_romania	2	Dinamo București	9	Elis Bakaj	2	23	68	Unknown	71	68	69	55	0	0	2916000	160000	eu:elisbakaj	SEASON_APPS_EST_RATING
P	eu_romania	2	Dinamo București	10	Bogdan Pătrașcu	2	31	67	Unknown	59	61	60	55	0	0	2601000	140000	eu:bogdanpatrascu	SEASON_APPS_EST_RATING
P	eu_romania	2	Dinamo București	11	Gabriel Torje	2	20	71	Unknown	63	65	64	55	0	0	3969000	220000	eu:gabrieltorje	SEASON_APPS_EST_RATING
P	eu_romania	2	Dinamo București	12	Ionel Dănciulescu	3	33	71	Unknown	58	68	64	55	0	0	3969000	220000	eu:ioneldanciulescu	SEASON_APPS_EST_RATING
P	eu_romania	2	Dinamo București	13	Marius Alexe	3	20	70	Unknown	69	65	68	55	0	0	3600000	200000	eu:mariusalexe	SEASON_APPS_EST_RATING
P	eu_romania	2	Dinamo București	14	Adrian Cristea	2	26	69	Unknown	57	67	65	55	0	0	3249000	180000	eu:adriancristea	SEASON_APPS_EST_RATING
P	eu_romania	2	Dinamo București	15	Marius Niculae	3	29	70	Unknown	75	75	70	55	0	0	3600000	200000	eu:mariusniculae	SEASON_APPS_EST_RATING
P	eu_romania	2	Dinamo București	16	Andrei Cristea	3	26	67	Unknown	57	57	66	55	0	0	2601000	140000	eu:andreicristea	SEASON_APPS_EST_RATING
P	eu_romania	2	Dinamo București	17	George Țucudean	3	19	67	Unknown	62	70	61	55	0	0	2601000	140000	eu:georgetucudean	SEASON_APPS_EST_RATING
P	eu_romania	2	Dinamo București	18	Liviu Ganea	3	22	72	Unknown	70	69	75	55	0	0	4356000	240000	eu:liviuganea:23021988	SEASON_ARCHIVE_EST_RATING
P	eu_romania	2	Dinamo București	19	Valeriu Bordeanu	1	33	69	Unknown	62	65	66	55	0	0	3249000	180000	eu:valeriubordeanu:02021977	SEASON_ARCHIVE_EST_RATING
P	eu_romania	2	Dinamo București	20	Oscar Rubio	1	26	69	Unknown	67	74	74	55	0	0	3249000	180000	eu:oscarrubio:14051984	SEASON_ARCHIVE_EST_RATING
T	eu_romania	3	Oțelul Galați	-1		-1	2010	0	Romania	0	0	0	55	55	2	0	0	eu_romania:3	REGISTRY
P	eu_romania	3	Oțelul Galați	0	Branko Grahovac	0	27	70	Unknown	60	72	61	55	0	0	3600000	200000	eu:brankograhovac	SEASON_APPS_EST_RATING
P	eu_romania	3	Oțelul Galați	1	Cornel Râpă	1	20	69	Unknown	65	66	65	55	0	0	3249000	180000	eu:cornelrapa	SEASON_APPS_EST_RATING
P	eu_romania	3	Oțelul Galați	2	Adrian Sălăgeanu	2	27	68	Unknown	55	66	64	55	0	0	2916000	160000	eu:adriansalageanu	SEASON_APPS_EST_RATING
P	eu_romania	3	Oțelul Galați	3	Cristian Sârghi	1	23	68	Unknown	76	61	62	55	0	0	2916000	160000	eu:cristiansarghi	SEASON_APPS_EST_RATING
P	eu_romania	3	Oțelul Galați	4	Sergiu Costin	2	31	69	Unknown	71	64	71	55	0	0	3249000	180000	eu:sergiucostin	SEASON_APPS_EST_RATING
P	eu_romania	3	Oțelul Galați	5	Cornel Cernea	1	31	64	Unknown	62	60	66	55	0	0	1764000	90000	eu:cornelcernea	ESTIMATED
P	eu_romania	3	Oțelul Galați	6	Gabriel Giurgiu	2	27	68	Unknown	51	58	61	55	0	0	2916000	160000	eu:gabrielgiurgiu	SEASON_APPS_EST_RATING
P	eu_romania	3	Oțelul Galați	7	Ionuț Neagu	2	20	68	Unknown	74	67	63	55	0	0	2916000	160000	eu:ionutneagu	SEASON_APPS_EST_RATING
P	eu_romania	3	Oțelul Galați	8	Gabriel Paraschiv	2	32	68	Unknown	53	55	58	55	0	0	2916000	160000	eu:gabrielparaschiv	SEASON_APPS_EST_RATING
P	eu_romania	3	Oțelul Galați	9	Silviu Ilie	2	22	69	Unknown	57	66	59	55	0	0	3249000	180000	eu:silviuilie	SEASON_APPS_EST_RATING
P	eu_romania	3	Oțelul Galați	10	Liviu Antal	2	21	68	Unknown	56	68	68	55	0	0	2916000	160000	eu:liviuantal	SEASON_APPS_EST_RATING
P	eu_romania	3	Oțelul Galați	11	Laurențiu Buș	2	22	65	Unknown	56	60	67	55	0	0	2025000	110000	eu:laurentiubus	SEASON_APPS_EST_RATING
P	eu_romania	3	Oțelul Galați	12	Marius Pena	3	25	68	Unknown	70	64	64	55	0	0	2916000	160000	eu:mariuspena	SEASON_APPS_EST_RATING
P	eu_romania	3	Oțelul Galați	13	Bratislav Punoševac	3	23	65	Unknown	63	59	63	55	0	0	2025000	110000	eu:bratislavpunosevac	SEASON_APPS_EST_RATING
P	eu_romania	3	Oțelul Galați	14	Marius Matei	2	23	63	Unknown	55	62	68	55	0	0	1521000	80000	eu:mariusmatei	ESTIMATED
P	eu_romania	3	Oțelul Galați	15	John Ibeh	2	24	65	Unknown	61	60	67	55	0	0	2025000	110000	eu:johnibeh	SEASON_APPS_EST_RATING
P	eu_romania	3	Oțelul Galați	16	Cristian Ochiroșii	3	25	60	Unknown	58	65	63	55	0	0	900000	50000	eu:cristianochirosii	ESTIMATED
P	eu_romania	3	Oțelul Galați	17	Gabriel Viglianti	2	30	68	Unknown	70	64	60	55	0	0	2916000	160000	eu:gabrielviglianti	SEASON_APPS_EST_RATING
P	eu_romania	3	Oțelul Galați	18	Milan Perendija	1	24	67	Unknown	60	72	63	55	0	0	2601000	140000	eu:milanperendija:05011986	SEASON_ARCHIVE_EST_RATING
T	eu_romania	4	Rapid București	-1		-1	2010	0	Romania	0	0	0	55	55	2	0	0	eu_romania:4	REGISTRY
P	eu_romania	4	Rapid București	0	Mircea Bornescu	0	30	70	Unknown	65	73	64	55	0	0	3600000	200000	eu:mirceabornescu	SEASON_APPS_EST_RATING
P	eu_romania	4	Rapid București	1	Dănuț Coman	0	31	68	Unknown	76	71	61	55	0	0	2916000	160000	eu:danutcoman	SEASON_APPS_EST_RATING
P	eu_romania	4	Rapid București	2	Marcos António	1	27	71	Unknown	68	73	68	55	0	0	3969000	220000	eu:marcosantonio	SEASON_APPS_EST_RATING
P	eu_romania	4	Rapid București	3	Marius Constantin	1	25	68	Unknown	70	74	72	55	0	0	2916000	160000	eu:mariusconstantin	SEASON_APPS_EST_RATING
P	eu_romania	4	Rapid București	4	Ovidiu Herea	2	25	71	Unknown	61	56	58	55	0	0	3969000	220000	eu:ovidiuherea	SEASON_APPS_EST_RATING
P	eu_romania	4	Rapid București	5	Vladimir Božović	2	28	71	Unknown	60	64	75	55	0	0	3969000	220000	eu:vladimirbozovic	SEASON_APPS_EST_RATING
P	eu_romania	4	Rapid București	6	Rui Duarte	1	29	70	Unknown	64	56	66	55	0	0	3600000	200000	eu:ruiduarte	SEASON_APPS_EST_RATING
P	eu_romania	4	Rapid București	7	Ezequias	1	28	65	Unknown	62	58	67	55	0	0	2025000	110000	eu:ezequias	ESTIMATED
P	eu_romania	4	Rapid București	8	Glauber	1	26	70	Unknown	63	64	70	55	0	0	3600000	200000	eu:glauber	SEASON_APPS_EST_RATING
P	eu_romania	4	Rapid București	9	Costin Lazăr	2	29	69	Unknown	57	67	69	55	0	0	3249000	180000	eu:costinlazar	SEASON_APPS_EST_RATING
P	eu_romania	4	Rapid București	10	Dan Alexa	2	29	68	Unknown	76	65	62	55	0	0	2916000	160000	eu:danalexa	ESTIMATED
P	eu_romania	4	Rapid București	11	Juliano Spadacio	2	29	70	Unknown	62	68	68	55	0	0	3600000	200000	eu:julianospadacio	SEASON_APPS_EST_RATING
P	eu_romania	4	Rapid București	12	Mihai Roman	2	25	71	Unknown	64	70	69	55	0	0	3969000	220000	eu:mihairoman	SEASON_APPS_EST_RATING
P	eu_romania	4	Rapid București	13	Cesinha	3	30	69	Unknown	71	60	57	55	0	0	3249000	180000	eu:cesinha	SEASON_APPS_EST_RATING
P	eu_romania	4	Rapid București	14	Ștefan Grigorie	2	28	69	Unknown	75	66	75	55	0	0	3249000	180000	eu:stefangrigorie	SEASON_APPS_EST_RATING
P	eu_romania	4	Rapid București	15	Cassio Vargas	3	23	68	Unknown	72	63	66	55	0	0	2916000	160000	eu:cassiovargas	ESTIMATED
P	eu_romania	4	Rapid București	16	Sabrin Sburlea	3	21	70	Unknown	64	60	67	55	0	0	3600000	200000	eu:sabrinsburlea	SEASON_APPS_EST_RATING
P	eu_romania	4	Rapid București	17	Sorin Frunză	2	32	70	Unknown	72	66	69	55	0	0	3600000	200000	eu:sorinfrunza:29031978	SEASON_ARCHIVE_EST_RATING
T	eu_romania	5	Steaua București	-1		-1	2010	0	Romania	0	0	0	55	55	2	0	0	eu_romania:5	REGISTRY
P	eu_romania	5	Steaua București	0	Ciprian Tătărușanu	0	24	76	Unknown	78	74	74	55	0	0	6084000	330000	eu:cipriantatarusanu	SEASON_APPS_EST_RATING
P	eu_romania	5	Steaua București	1	Răzvan Stanca	0	30	68	Unknown	66	58	62	55	0	0	2916000	160000	eu:razvanstanca	SEASON_APPS_EST_RATING
P	eu_romania	5	Steaua București	2	Iasmin Latovlevici	1	24	74	Unknown	58	59	62	55	0	0	5184000	280000	eu:iasminlatovlevici	SEASON_APPS_EST_RATING
P	eu_romania	5	Steaua București	3	Florin Gardoș	1	21	73	Unknown	72	68	77	55	0	0	4761000	260000	eu:floringardos	SEASON_APPS_EST_RATING
P	eu_romania	5	Steaua București	4	Ifeanyi Emeghara	1	26	70	Unknown	62	72	62	55	0	0	3600000	200000	eu:ifeanyiemeghara	SEASON_APPS_EST_RATING
P	eu_romania	5	Steaua București	5	George Galamaz	1	29	69	Unknown	65	59	71	55	0	0	3249000	180000	eu:georgegalamaz	SEASON_APPS_EST_RATING
P	eu_romania	5	Steaua București	6	Geraldo Alves	1	29	74	Unknown	74	68	70	55	0	0	5184000	280000	eu:geraldoalves	SEASON_APPS_EST_RATING
P	eu_romania	5	Steaua București	7	Pablo Brandán	1	27	72	Unknown	70	72	63	55	0	0	4356000	240000	eu:pablobrandan	SEASON_APPS_EST_RATING
P	eu_romania	5	Steaua București	8	Bănel Nicoliță	2	25	74	Unknown	61	64	63	55	0	0	5184000	280000	eu:banelnicolita	SEASON_APPS_EST_RATING
P	eu_romania	5	Steaua București	9	Cristian Tănase	1	23	74	Unknown	79	70	75	55	0	0	5184000	280000	eu:cristiantanase	SEASON_APPS_EST_RATING
P	eu_romania	5	Steaua București	10	Mihai Răduț	2	20	72	Unknown	63	63	67	55	0	0	4356000	240000	eu:mihairadut	SEASON_APPS_EST_RATING
P	eu_romania	5	Steaua București	11	Eric Bicfalvi	2	22	72	Unknown	63	64	69	55	0	0	4356000	240000	eu:ericbicfalvi	SEASON_APPS_EST_RATING
P	eu_romania	5	Steaua București	12	Ricardo Gomes	2	29	71	Unknown	73	73	69	55	0	0	3969000	220000	eu:ricardogomes	SEASON_APPS_EST_RATING
P	eu_romania	5	Steaua București	13	Janos Székely	2	27	70	Unknown	76	63	72	55	0	0	3600000	200000	eu:janosszekely	SEASON_APPS_EST_RATING
P	eu_romania	5	Steaua București	14	Bogdan Stancu	3	23	72	Unknown	69	66	66	55	0	0	4356000	240000	eu:bogdanstancu	SEASON_APPS_EST_RATING
P	eu_romania	5	Steaua București	15	Pantelis Kapetanos	3	27	70	Unknown	69	64	70	55	0	0	3600000	200000	eu:panteliskapetanos	SEASON_APPS_EST_RATING
P	eu_romania	5	Steaua București	16	Romeo Surdu	3	26	73	Unknown	71	69	76	55	0	0	4761000	260000	eu:romeosurdu:12011984	SEASON_ARCHIVE_EST_RATING
P	eu_romania	5	Steaua București	17	Marius Bilaşco	3	29	73	Unknown	70	75	71	55	0	0	4761000	260000	eu:mariusbilasco:13071981	SEASON_ARCHIVE_EST_RATING
P	eu_romania	5	Steaua București	18	Éder Bonfim	1	29	72	Unknown	79	70	70	55	0	0	4356000	240000	eu:ederbonfim:03041981	SEASON_ARCHIVE_EST_RATING
P	eu_romania	5	Steaua București	19	Laurenţiu Marinescu	2	25	71	Unknown	65	75	69	55	0	0	3969000	220000	eu:laurentiumarinescu:25081984	SEASON_ARCHIVE_EST_RATING
T	eu_romania	6	FC Timișoara	-1		-1	2010	0	Romania	0	0	0	55	55	2	0	0	eu_romania:6	REGISTRY
P	eu_romania	6	FC Timișoara	0	Costel Pantilimon	0	23	67	Unknown	74	67	62	55	0	0	2601000	140000	eu:costelpantilimon	SEASON_APPS_EST_RATING
P	eu_romania	6	FC Timișoara	1	Pedro Taborda	0	24	68	Unknown	66	61	72	55	0	0	2916000	160000	eu:pedrotaborda	ESTIMATED
P	eu_romania	6	FC Timișoara	2	Cosmin Contra	1	23	70	Unknown	78	64	67	55	0	0	3600000	200000	eu:cosmincontra	ESTIMATED
P	eu_romania	6	FC Timișoara	3	Ioan Mera	1	32	65	Unknown	72	65	65	55	0	0	2025000	110000	eu:ioanmera	ESTIMATED
P	eu_romania	6	FC Timișoara	4	Cristian Scutaru	1	31	66	Unknown	66	68	72	55	0	0	2304000	120000	eu:cristianscutaru	ESTIMATED
P	eu_romania	6	FC Timișoara	5	Marian Cisovsky	1	27	67	Unknown	69	67	63	55	0	0	2601000	140000	eu:mariancisovsky	ESTIMATED
P	eu_romania	6	FC Timișoara	6	Laszlo Sepsi	1	30	69	Unknown	66	76	69	55	0	0	3249000	180000	eu:laszlosepsi	ESTIMATED
P	eu_romania	6	FC Timișoara	7	Alexandru Bourceanu	1	21	69	Unknown	62	64	69	55	0	0	3249000	180000	eu:alexandrubourceanu	ESTIMATED
P	eu_romania	6	FC Timișoara	8	Iulian Tameș	2	23	70	Unknown	66	65	71	55	0	0	3600000	200000	eu:iuliantames	ESTIMATED
P	eu_romania	6	FC Timișoara	9	Alexandru Curtean	2	26	66	Unknown	71	68	69	55	0	0	2304000	120000	eu:alexandrucurtean	ESTIMATED
P	eu_romania	6	FC Timișoara	10	Dare Vršič	2	28	68	Unknown	75	62	66	55	0	0	2916000	160000	eu:darevrsic	ESTIMATED
P	eu_romania	6	FC Timișoara	11	Ianis Zicu	2	31	68	Unknown	75	72	71	55	0	0	2916000	160000	eu:ianiszicu	ESTIMATED
P	eu_romania	6	FC Timișoara	12	Dorin Goga	2	33	69	Unknown	74	64	63	55	0	0	3249000	180000	eu:doringoga	ESTIMATED
P	eu_romania	6	FC Timișoara	13	Lukáš Magera	2	30	67	Unknown	63	70	69	55	0	0	2601000	140000	eu:lukasmagera	ESTIMATED
P	eu_romania	6	FC Timișoara	14	Mircea Axente	2	29	66	Unknown	58	63	69	55	0	0	2304000	120000	eu:mirceaaxente	ESTIMATED
P	eu_romania	6	FC Timișoara	15	Mansour Gueye	3	21	64	Unknown	65	58	70	55	0	0	1764000	90000	eu:mansourgueye	ESTIMATED
P	eu_romania	6	FC Timișoara	16	Alexandru Popovici	3	21	67	Unknown	74	68	64	55	0	0	2601000	140000	eu:alexandrupopovici	ESTIMATED
P	eu_romania	6	FC Timișoara	17	Adrian Poparadu	3	22	67	Unknown	65	72	69	55	0	0	2601000	140000	eu:adrianpoparadu	ESTIMATED
P	eu_romania	6	FC Timișoara	18	Cosmin Matei	3	23	66	Unknown	68	59	66	55	0	0	2304000	120000	eu:cosminmatei	ESTIMATED
T	eu_romania	7	SC Vaslui	-1		-1	2010	0	Romania	0	0	0	55	55	2	0	0	eu_romania:7	REGISTRY
P	eu_romania	7	SC Vaslui	0	Dušan Kuciak	0	25	72	Unknown	56	69	68	55	0	0	4356000	240000	eu:dusankuciak	SEASON_APPS_EST_RATING
P	eu_romania	7	SC Vaslui	1	Vytautas Černiauskas	0	21	66	Unknown	59	62	71	55	0	0	2304000	120000	eu:vytautascerniauskas	SEASON_APPS_EST_RATING
P	eu_romania	7	SC Vaslui	2	Claudiu Puia	0	23	66	Unknown	72	64	65	55	0	0	2304000	120000	eu:claudiupuia	SEASON_APPS_EST_RATING
P	eu_romania	7	SC Vaslui	3	Paul Papp	1	20	71	Unknown	69	68	69	55	0	0	3969000	220000	eu:paulpapp	SEASON_APPS_EST_RATING
P	eu_romania	7	SC Vaslui	4	David Rivas	1	31	67	Unknown	57	60	60	55	0	0	2601000	140000	eu:davidrivas	SEASON_APPS_EST_RATING
P	eu_romania	7	SC Vaslui	5	Richard Annang	2	19	68	Unknown	64	68	73	55	0	0	2916000	160000	eu:richardannang	SEASON_APPS_EST_RATING
P	eu_romania	7	SC Vaslui	6	Silviu Bălace	1	31	68	Unknown	71	67	68	55	0	0	2916000	160000	eu:silviubalace	SEASON_APPS_EST_RATING
P	eu_romania	7	SC Vaslui	7	Zhivko Milanov	1	26	71	Unknown	64	64	65	55	0	0	3969000	220000	eu:zhivkomilanov	SEASON_APPS_EST_RATING
P	eu_romania	7	SC Vaslui	8	Pavol Farkaš	1	25	67	Unknown	68	62	66	55	0	0	2601000	140000	eu:pavolfarkas	SEASON_APPS_EST_RATING
P	eu_romania	7	SC Vaslui	9	Lucian Sânmărtean	2	30	71	Unknown	61	71	72	55	0	0	3969000	220000	eu:luciansanmartean	SEASON_APPS_EST_RATING
P	eu_romania	7	SC Vaslui	10	Raul Costin	2	25	70	Unknown	62	60	66	55	0	0	3600000	200000	eu:raulcostin	SEASON_APPS_EST_RATING
P	eu_romania	7	SC Vaslui	11	Alejandro Campano	2	31	68	Unknown	71	61	65	55	0	0	2916000	160000	eu:alejandrocampano	SEASON_APPS_EST_RATING
P	eu_romania	7	SC Vaslui	12	Yero Bello	3	22	70	Unknown	71	60	68	55	0	0	3600000	200000	eu:yerobello	SEASON_APPS_EST_RATING
P	eu_romania	7	SC Vaslui	13	Mike Temwanjera	3	28	69	Unknown	71	76	66	55	0	0	3249000	180000	eu:miketemwanjera	SEASON_APPS_EST_RATING
P	eu_romania	7	SC Vaslui	14	Christian Pouga	3	24	69	Unknown	69	67	72	55	0	0	3249000	180000	eu:christianpouga	SEASON_APPS_EST_RATING
P	eu_romania	7	SC Vaslui	15	Genchev	3	20	67	Unknown	63	72	70	55	0	0	2601000	140000	eu:genchev	ESTIMATED
P	eu_romania	7	SC Vaslui	16	Gladstone	1	25	66	Unknown	72	61	70	55	0	0	2304000	120000	eu:gladstone	SEASON_APPS_EST_RATING
P	eu_romania	7	SC Vaslui	17	Stanislav Genčev	2	29	70	Unknown	72	64	75	55	0	0	3600000	200000	eu:stanislavgencev:20031981	SEASON_ARCHIVE_EST_RATING
P	eu_romania	7	SC Vaslui	18	Nemanja Milisavljević	2	25	70	Unknown	74	65	72	55	0	0	3600000	200000	eu:nemanjamilisavljevic:01111984	SEASON_ARCHIVE_EST_RATING
P	eu_romania	7	SC Vaslui	19	Gabriel Cânu	1	29	69	Unknown	70	65	73	55	0	0	3249000	180000	eu:gabrielcanu:18011981	SEASON_ARCHIVE_EST_RATING
T	eu_russia	0	Anzhi Makhachkala	-1		-1	2010	0	Russia	0	0	0	55	55	2	0	0	eu_russia:0	REGISTRY
P	eu_russia	0	Anzhi Makhachkala	0	Nicolae Josan	2	26	69	Unknown	72	59	66	55	0	0	3249000	180000	eu:nicolaejosan	SEASON_APPS_FIFA11
P	eu_russia	0	Anzhi Makhachkala	1	Igor Strelkov	3	27	67	Unknown	67	54	66	55	0	0	2601000	140000	eu:igorstrelkov	SEASON_APPS_FIFA11
P	eu_russia	0	Anzhi Makhachkala	2	Baye Ali Ibra Kébé	1	25	65	Unknown	69	79	57	55	0	0	2025000	110000	eu:bayealiibrakebe	FIFA11_RATING_EST_AGE_ECONOMY
P	eu_russia	0	Anzhi Makhachkala	3	Otar Khizaneishvili	1	30	64	Unknown	78	56	60	55	0	0	1764000	90000	eu:otarkhizaneishvili	FIFA11_RATING_EST_AGE_ECONOMY
P	eu_russia	0	Anzhi Makhachkala	4	Rasim Tagirbekov	1	25	70	Unknown	71	56	61	55	0	0	3600000	200000	eu:rasimtagirbekov	SEASON_APPS_FIFA11
P	eu_russia	0	Anzhi Makhachkala	5	Dmitriy Ivanov	2	23	67	Unknown	71	48	61	55	0	0	2601000	140000	eu:dmitriyivanov	SEASON_APPS_FIFA11
P	eu_russia	0	Anzhi Makhachkala	6	Mikhail Bakaev	2	22	70	Unknown	42	72	55	55	0	0	3600000	200000	eu:mikhailbakaev	SEASON_APPS_FIFA11
P	eu_russia	0	Anzhi Makhachkala	7	Zurabi Arziani	2	29	60	Unknown	52	66	42	55	0	0	900000	50000	eu:zurabiarziani	FIFA11_RATING_EST_AGE_ECONOMY
P	eu_russia	0	Anzhi Makhachkala	8	Isah Eliakwu	3	24	65	Unknown	68	69	65	55	0	0	2025000	110000	eu:isaheliakwu	SEASON_APPS_EST_RATING
P	eu_russia	0	Anzhi Makhachkala	9	Magomed Magomedov	3	21	58	Unknown	67	66	46	55	0	0	576000	50000	eu:magomedmagomedov	FIFA11_RATING_EST_AGE_ECONOMY
P	eu_russia	0	Anzhi Makhachkala	10	David Tsoraev	2	31	63	Unknown	67	67	60	55	0	0	1521000	80000	eu:davidtsoraev	ESTIMATED
P	eu_russia	0	Anzhi Makhachkala	11	Ali Gadzhibekov	1	20	69	Unknown	75	65	66	55	0	0	3249000	180000	eu:aligadzhibekov	SEASON_APPS_EST_RATING
P	eu_russia	0	Anzhi Makhachkala	12	Jan Holenda	3	24	68	Unknown	58	61	72	55	0	0	2916000	160000	eu:janholenda	SEASON_APPS_EST_RATING
P	eu_russia	0	Anzhi Makhachkala	13	Eldar Nizamutdinov	2	26	65	Unknown	69	65	71	55	0	0	2025000	110000	eu:eldarnizamutdinov	ESTIMATED
P	eu_russia	0	Anzhi Makhachkala	14	Andrey Streltsov	2	20	69	Unknown	65	66	74	55	0	0	3249000	180000	eu:andreystreltsov	ESTIMATED
P	eu_russia	0	Anzhi Makhachkala	15	Alexandr Prudnikov	3	21	70	Unknown	66	63	66	55	0	0	3600000	200000	eu:alexandrprudnikov	SEASON_APPS_EST_RATING
P	eu_russia	0	Anzhi Makhachkala	16	Ilja Abajev	0	28	69	Unknown	66	64	69	55	0	0	3249000	180000	eu:iljaabajev:02081981	SEASON_ARCHIVE_EST_RATING
P	eu_russia	0	Anzhi Makhachkala	17	Nukri Revišvili	0	22	68	Unknown	66	64	69	55	0	0	2916000	160000	eu:nukrirevisvili:02031987	SEASON_ARCHIVE_EST_RATING
P	eu_russia	0	Anzhi Makhachkala	18	David Corajev	2	26	70	Unknown	70	68	70	55	0	0	3600000	200000	eu:davidcorajev:07051983	SEASON_ARCHIVE_EST_RATING
P	eu_russia	0	Anzhi Makhachkala	19	Kamil Agalarov	2	21	70	Unknown	64	74	75	55	0	0	3600000	200000	eu:kamilagalarov:11061988	SEASON_ARCHIVE_EST_RATING
P	eu_russia	0	Anzhi Makhachkala	20	Ibra Kébé	2	31	69	Unknown	69	70	71	55	0	0	3249000	180000	eu:ibrakebe:29121978	SEASON_ARCHIVE_EST_RATING
P	eu_russia	0	Anzhi Makhachkala	21	Mahir Şükürov	1	27	69	Unknown	66	73	67	55	0	0	3249000	180000	eu:mahirsukurov:12121982	SEASON_ARCHIVE_EST_RATING
P	eu_russia	0	Anzhi Makhachkala	22	Mitar Peković	1	28	68	Unknown	66	72	69	55	0	0	2916000	160000	eu:mitarpekovic:28091981	SEASON_ARCHIVE_EST_RATING
T	eu_russia	1	CSKA Moscow	-1		-1	2010	0	Russia	0	0	0	55	55	2	0	0	eu_russia:1	REGISTRY
P	eu_russia	1	CSKA Moscow	0	Igor Akinfeev	0	23	75	Unknown	74	77	73	55	0	0	5625000	310000	eu:igorakinfeev	SEASON_APPS_EST_RATING
P	eu_russia	1	CSKA Moscow	1	Keisuke Honda	2	23	83	Unknown	88	58	80	55	0	0	9801000	540000	eu:keisukehonda	SEASON_APPS_FIFA11
P	eu_russia	1	CSKA Moscow	2	Seydou Doumbia	3	22	83	Unknown	86	75	82	55	0	0	9801000	540000	eu:seydoudoumbia	SEASON_APPS_FIFA11
P	eu_russia	1	CSKA Moscow	3	Sergey Ignashevich	1	30	80	Unknown	79	72	79	55	0	0	8100000	450000	eu:sergeyignashevich	SEASON_APPS_FIFA11
P	eu_russia	1	CSKA Moscow	4	Vágner Love	3	25	80	Unknown	69	82	58	55	0	0	8100000	450000	eu:vagnerlove	SEASON_APPS_FIFA11
P	eu_russia	1	CSKA Moscow	5	Zoran Tošić	2	22	80	Unknown	87	70	79	55	0	0	8100000	450000	eu:zorantosic	SEASON_APPS_FIFA11
P	eu_russia	1	CSKA Moscow	6	Alan Dzagoev	2	19	79	Unknown	79	73	78	55	0	0	7569000	420000	eu:alandzagoev	SEASON_APPS_FIFA11
P	eu_russia	1	CSKA Moscow	7	Mark González	2	25	78	Unknown	78	71	72	55	0	0	7056000	390000	eu:markgonzalez	SEASON_APPS_FIFA11
P	eu_russia	1	CSKA Moscow	8	Vasiliy Berezutskiy	1	33	76	Unknown	74	68	77	55	0	0	6084000	330000	eu:vasiliyberezutskiy	FIFA11_RATING_EST_AGE_ECONOMY
P	eu_russia	1	CSKA Moscow	9	Alexey Berezutskiy	1	27	75	Unknown	69	83	64	55	0	0	5625000	310000	eu:alexeyberezutskiy	FIFA11_RATING_EST_AGE_ECONOMY
P	eu_russia	1	CSKA Moscow	10	Tomáš Necid	3	20	75	Unknown	62	69	73	55	0	0	5625000	310000	eu:tomasnecid	SEASON_APPS_FIFA11
P	eu_russia	1	CSKA Moscow	11	Deividas Šemberas	2	31	74	Unknown	75	60	76	55	0	0	5184000	280000	eu:deividassemberas	SEASON_APPS_FIFA11
P	eu_russia	1	CSKA Moscow	12	Georgiy Schennikov	1	18	74	Unknown	77	72	65	55	0	0	5184000	280000	eu:georgiyschennikov	SEASON_APPS_FIFA11
P	eu_russia	1	CSKA Moscow	13	Chidi Odiah	1	26	72	Unknown	68	57	65	55	0	0	4356000	240000	eu:chidiodiah	SEASON_APPS_FIFA11
P	eu_russia	1	CSKA Moscow	14	Pavel Mamaev	2	21	74	Unknown	75	68	67	55	0	0	5184000	280000	eu:pavelmamaev	SEASON_APPS_FIFA11
P	eu_russia	1	CSKA Moscow	15	Evgeniy Aldonin	2	30	71	Unknown	70	48	66	55	0	0	3969000	220000	eu:evgeniyaldonin	SEASON_APPS_FIFA11
P	eu_russia	1	CSKA Moscow	16	Elvir Rahimić	2	33	71	Unknown	78	54	65	55	0	0	3969000	220000	eu:elvirrahimic	SEASON_APPS_FIFA11
P	eu_russia	1	CSKA Moscow	17	Kirill Nababkin	1	23	71	Unknown	66	68	57	55	0	0	3969000	220000	eu:kirillnababkin	SEASON_APPS_FIFA11
P	eu_russia	1	CSKA Moscow	18	Aleksej Berezuckij	1	27	73	Unknown	71	72	74	55	0	0	4761000	260000	eu:aleksejberezuckij:20061982	SEASON_ARCHIVE_EST_RATING
P	eu_russia	1	CSKA Moscow	19	Vasilij Berezuckij	1	27	73	Unknown	69	70	71	55	0	0	4761000	260000	eu:vasilijberezuckij:20061982	SEASON_ARCHIVE_EST_RATING
T	eu_russia	2	FC Krasnodar	-1		-1	2011	0	Russia	0	0	0	55	55	2	0	0	eu_russia:2	REGISTRY
P	eu_russia	2	FC Krasnodar	0	Evgeniy Gorodov	0	24	66	Unknown	55	57	66	55	0	0	2304000	120000	eu:evgeniygorodov	SEASON_APPS_EST_RATING
P	eu_russia	2	FC Krasnodar	1	Aleksandr Amisulashvili	0	24	62	Unknown	68	64	59	55	0	0	1296000	70000	eu:aleksandramisulashvili	ESTIMATED
P	eu_russia	2	FC Krasnodar	2	Aleksandr Kulchiy	1	32	68	Unknown	68	62	65	55	0	0	2916000	160000	eu:aleksandrkulchiy	ESTIMATED
P	eu_russia	2	FC Krasnodar	3	Yura Movsisyan	1	31	62	Unknown	63	62	59	55	0	0	1296000	70000	eu:yuramovsisyan	ESTIMATED
P	eu_russia	2	FC Krasnodar	4	Marcos Pizzelli	1	32	64	Unknown	59	71	64	55	0	0	1764000	90000	eu:marcospizzelli	ESTIMATED
P	eu_russia	2	FC Krasnodar	5	Oleg Samsonov	2	22	69	Unknown	67	72	75	55	0	0	3249000	180000	eu:olegsamsonov	SEASON_APPS_EST_RATING
P	eu_russia	2	FC Krasnodar	6	Dušan Anđelković	1	27	68	Unknown	74	61	71	55	0	0	2916000	160000	eu:dusananelkovic	SEASON_APPS_EST_RATING
P	eu_russia	2	FC Krasnodar	7	Vladimir Tatarchuk Jr.	1	22	69	Unknown	74	74	69	55	0	0	3249000	180000	eu:vladimirtatarchukjr	ESTIMATED
P	eu_russia	2	FC Krasnodar	8	Igor Picuşceac	3	26	69	Unknown	75	75	68	55	0	0	3249000	180000	eu:igorpicusceac	SEASON_APPS_EST_RATING
P	eu_russia	2	FC Krasnodar	9	Andrey Mikhaylov	2	22	64	Unknown	60	62	60	55	0	0	1764000	90000	eu:andreymikhaylov	ESTIMATED
P	eu_russia	2	FC Krasnodar	10	Aleksandr Martynovich	1	22	65	Unknown	58	70	66	55	0	0	2025000	110000	eu:aleksandrmartynovich	SEASON_APPS_EST_RATING
P	eu_russia	2	FC Krasnodar	11	Marcio Abreu	2	25	66	Unknown	61	62	67	55	0	0	2304000	120000	eu:marcioabreu	ESTIMATED
P	eu_russia	2	FC Krasnodar	12	Wanderson	2	20	69	Unknown	69	71	63	55	0	0	3249000	180000	eu:wanderson	ESTIMATED
P	eu_russia	2	FC Krasnodar	13	Vladimir Koman	2	25	66	Unknown	68	62	64	55	0	0	2304000	120000	eu:vladimirkoman	ESTIMATED
T	eu_russia	3	Kuban Krasnodar	-1		-1	2011	0	Russia	0	0	0	55	55	2	0	0	eu_russia:3	REGISTRY
P	eu_russia	3	Kuban Krasnodar	0	Aleksandr Belenov	0	26	70	Unknown	73	70	64	55	0	0	3600000	200000	eu:aleksandrbelenov	ESTIMATED
P	eu_russia	3	Kuban Krasnodar	1	Aleksandr Budakov	0	25	67	Unknown	65	65	73	55	0	0	2601000	140000	eu:aleksandrbudakov	SEASON_APPS_EST_RATING
P	eu_russia	3	Kuban Krasnodar	2	Zelao	1	23	65	Unknown	55	61	58	55	0	0	2025000	110000	eu:zelao	SEASON_APPS_EST_RATING
P	eu_russia	3	Kuban Krasnodar	3	Igor Armaș	1	22	65	Unknown	58	64	69	55	0	0	2025000	110000	eu:igorarmas	SEASON_APPS_EST_RATING
P	eu_russia	3	Kuban Krasnodar	4	Aleksey Kozlov	1	28	68	Unknown	76	69	67	55	0	0	2916000	160000	eu:alekseykozlov	ESTIMATED
P	eu_russia	3	Kuban Krasnodar	5	Roman Bugaev	1	21	65	Unknown	71	58	71	55	0	0	2025000	110000	eu:romanbugaev	SEASON_APPS_EST_RATING
P	eu_russia	3	Kuban Krasnodar	6	Vladislav Kulik	2	25	69	Unknown	69	65	75	55	0	0	3249000	180000	eu:vladislavkulik	SEASON_APPS_EST_RATING
P	eu_russia	3	Kuban Krasnodar	7	Gheorghe Bucur	3	29	68	Unknown	67	61	71	55	0	0	2916000	160000	eu:gheorghebucur	SEASON_APPS_EST_RATING
P	eu_russia	3	Kuban Krasnodar	8	Lacina Traoré	2	20	70	Unknown	76	63	68	55	0	0	3600000	200000	eu:lacinatraore	ESTIMATED
P	eu_russia	3	Kuban Krasnodar	9	Sergei Davydov	2	27	63	Unknown	59	63	66	55	0	0	1521000	80000	eu:sergeidavydov	ESTIMATED
P	eu_russia	3	Kuban Krasnodar	10	Dacian Varga	2	25	68	Unknown	62	75	64	55	0	0	2916000	160000	eu:dacianvarga	SEASON_APPS_EST_RATING
P	eu_russia	3	Kuban Krasnodar	11	Maksim Zhavnerchik	2	31	66	Unknown	66	69	62	55	0	0	2304000	120000	eu:maksimzhavnerchik	ESTIMATED
P	eu_russia	3	Kuban Krasnodar	12	Aleksandr Kasaev	2	26	69	Unknown	67	62	70	55	0	0	3249000	180000	eu:aleksandrkasaev	ESTIMATED
P	eu_russia	3	Kuban Krasnodar	13	Dmitri Khomich	2	20	64	Unknown	56	59	65	55	0	0	1764000	90000	eu:dmitrikhomich	ESTIMATED
P	eu_russia	3	Kuban Krasnodar	14	Denis Zubko	2	31	66	Unknown	69	70	65	55	0	0	2304000	120000	eu:deniszubko	ESTIMATED
P	eu_russia	3	Kuban Krasnodar	15	Nikola Nikezić	3	28	65	Unknown	55	63	66	55	0	0	2025000	110000	eu:nikolanikezic	SEASON_APPS_EST_RATING
T	eu_russia	4	Lokomotiv Moscow	-1		-1	2010	0	Russia	0	0	0	55	55	2	0	0	eu_russia:4	REGISTRY
P	eu_russia	4	Lokomotiv Moscow	0	Guilherme	0	24	74	Unknown	62	58	66	55	0	0	5184000	280000	eu:guilherme	SEASON_APPS_EST_RATING
P	eu_russia	4	Lokomotiv Moscow	1	Oleksandr Aliyev	2	25	79	Unknown	82	77	73	55	0	0	7569000	420000	eu:oleksandraliyev	SEASON_APPS_FIFA11
P	eu_russia	4	Lokomotiv Moscow	2	Dmitriy Sychev	3	26	75	Unknown	64	80	67	55	0	0	5625000	310000	eu:dmitriysychev	SEASON_APPS_FIFA11
P	eu_russia	4	Lokomotiv Moscow	3	Dmitriy Loskov	2	36	74	Unknown	76	74	69	55	0	0	5184000	280000	eu:dmitriyloskov	SEASON_APPS_FIFA11
P	eu_russia	4	Lokomotiv Moscow	4	Roman Shishkin	1	23	74	Unknown	84	65	71	55	0	0	5184000	280000	eu:romanshishkin	SEASON_APPS_FIFA11
P	eu_russia	4	Lokomotiv Moscow	5	Wagner	2	25	74	Unknown	75	71	67	55	0	0	5184000	280000	eu:wagner	SEASON_APPS_FIFA11
P	eu_russia	4	Lokomotiv Moscow	6	Dmitriy Torbinskiy	2	25	73	Unknown	60	75	70	55	0	0	4761000	260000	eu:dmitriytorbinskiy	SEASON_APPS_FIFA11
P	eu_russia	4	Lokomotiv Moscow	7	Renat Yanbaev	1	25	73	Unknown	66	81	63	55	0	0	4761000	260000	eu:renatyanbaev	SEASON_APPS_FIFA11
P	eu_russia	4	Lokomotiv Moscow	8	Rodolfo	1	27	73	Unknown	75	78	66	55	0	0	4761000	260000	eu:rodolfo	SEASON_APPS_FIFA11
P	eu_russia	4	Lokomotiv Moscow	9	Denis Glushakov	2	23	72	Unknown	77	56	70	55	0	0	4356000	240000	eu:denisglushakov	SEASON_APPS_FIFA11
P	eu_russia	4	Lokomotiv Moscow	10	Dmitriy Sennikov	1	33	71	Unknown	73	46	69	55	0	0	3969000	220000	eu:dmitriysennikov	SEASON_APPS_FIFA11
P	eu_russia	4	Lokomotiv Moscow	11	Malkhaz Asatiani	1	28	71	Unknown	61	56	72	55	0	0	3969000	220000	eu:malkhazasatiani	SEASON_APPS_FIFA11
P	eu_russia	4	Lokomotiv Moscow	12	Dmitriy Tarasov	2	22	72	Unknown	69	52	71	55	0	0	4356000	240000	eu:dmitriytarasov	SEASON_APPS_FIFA11
P	eu_russia	4	Lokomotiv Moscow	13	Alan Gatagov	1	19	70	Unknown	75	68	67	55	0	0	3600000	200000	eu:alangatagov	SEASON_APPS_FIFA11
P	eu_russia	4	Lokomotiv Moscow	14	Dramane Traoré	3	27	70	Unknown	74	66	67	55	0	0	3600000	200000	eu:dramanetraore	SEASON_APPS_FIFA11
P	eu_russia	4	Lokomotiv Moscow	15	Haminu Draman	2	23	68	Unknown	77	59	66	55	0	0	2916000	160000	eu:haminudraman	SEASON_APPS_FIFA11
P	eu_russia	4	Lokomotiv Moscow	16	Igor Smolnikov	1	21	69	Unknown	81	58	62	55	0	0	3249000	180000	eu:igorsmolnikov	SEASON_APPS_FIFA11
P	eu_russia	4	Lokomotiv Moscow	17	Branko Ilič	1	27	67	Unknown	69	54	66	55	0	0	2601000	140000	eu:brankoilic	SEASON_APPS_FIFA11
P	eu_russia	4	Lokomotiv Moscow	18	Marko Baša	1	27	71	Unknown	77	70	73	55	0	0	3969000	220000	eu:markobasa:29121982	SEASON_ARCHIVE_EST_RATING
T	eu_russia	5	Rubin Kazan	-1		-1	2010	0	Russia	0	0	0	55	55	2	0	0	eu_russia:5	REGISTRY
P	eu_russia	5	Rubin Kazan	0	Sergey Ryzhikov	0	29	73	Unknown	61	66	75	55	0	0	4761000	260000	eu:sergeyryzhikov	SEASON_APPS_EST_RATING
P	eu_russia	5	Rubin Kazan	1	Obafemi Martins	3	25	80	Unknown	74	80	72	55	0	0	8100000	450000	eu:obafemimartins	SEASON_APPS_FIFA11
P	eu_russia	5	Rubin Kazan	2	Aleksandr Ryazantsev	2	23	71	Unknown	77	70	71	55	0	0	3969000	220000	eu:aleksandrryazantsev	SEASON_APPS_EST_RATING
P	eu_russia	5	Rubin Kazan	3	Carlos Eduardo	2	22	79	Unknown	85	61	72	55	0	0	7569000	420000	eu:carloseduardo	SEASON_APPS_FIFA11
P	eu_russia	5	Rubin Kazan	4	Cristian Ansaldi	1	23	78	Unknown	72	50	80	55	0	0	7056000	390000	eu:cristianansaldi	SEASON_APPS_FIFA11
P	eu_russia	5	Rubin Kazan	5	Salvatore Bocchetti	1	23	77	Unknown	81	70	75	55	0	0	6561000	360000	eu:salvatorebocchetti	SEASON_APPS_FIFA11
P	eu_russia	5	Rubin Kazan	6	Alan Kasaev	2	23	76	Unknown	72	77	68	55	0	0	6084000	330000	eu:alankasaev	SEASON_APPS_FIFA11
P	eu_russia	5	Rubin Kazan	7	Gökdeniz Karadeniz	2	30	76	Unknown	84	64	73	55	0	0	6084000	330000	eu:gokdenizkaradeniz	SEASON_APPS_FIFA11
P	eu_russia	5	Rubin Kazan	8	Sergey Kornilenko	3	30	76	Unknown	63	73	62	55	0	0	6084000	330000	eu:sergeykornilenko	FIFA11_RATING_EST_AGE_ECONOMY
P	eu_russia	5	Rubin Kazan	9	César Navas	1	30	75	Unknown	74	67	76	55	0	0	5625000	310000	eu:cesarnavas	SEASON_APPS_FIFA11
P	eu_russia	5	Rubin Kazan	10	Christian Noboa	2	24	75	Unknown	72	74	57	55	0	0	5625000	310000	eu:christiannoboa	SEASON_APPS_FIFA11
P	eu_russia	5	Rubin Kazan	11	Aleksey Medvedev	3	33	69	Unknown	70	68	64	55	0	0	3249000	180000	eu:alekseymedvedev	SEASON_APPS_EST_RATING
P	eu_russia	5	Rubin Kazan	12	Macbeth Sibaya	2	32	73	Unknown	68	82	63	55	0	0	4761000	260000	eu:macbethsibaya	SEASON_APPS_FIFA11
P	eu_russia	5	Rubin Kazan	13	Roman Sharonov	1	34	72	Unknown	74	71	61	55	0	0	4356000	240000	eu:romansharonov	SEASON_APPS_FIFA11
P	eu_russia	5	Rubin Kazan	14	Oleg Kuzmin	1	28	71	Unknown	67	74	65	55	0	0	3969000	220000	eu:olegkuzmin	SEASON_APPS_FIFA11
P	eu_russia	5	Rubin Kazan	15	Rafał Murawski	2	28	71	Unknown	80	64	64	55	0	0	3969000	220000	eu:rafamurawski	SEASON_APPS_FIFA11
P	eu_russia	5	Rubin Kazan	16	Vitaliy Kaleshin	1	29	70	Unknown	72	69	69	55	0	0	3600000	200000	eu:vitaliykaleshin	SEASON_APPS_FIFA11
P	eu_russia	5	Rubin Kazan	17	Bibras Natkho	2	31	65	Unknown	62	57	65	55	0	0	2025000	110000	eu:bibrasnatkho	FIFA11_RATING_EST_AGE_ECONOMY
P	eu_russia	5	Rubin Kazan	18	Aleksandr Orechov	1	26	71	Unknown	64	68	69	55	0	0	3969000	220000	eu:aleksandrorechov:29111983	SEASON_ARCHIVE_EST_RATING
P	eu_russia	5	Rubin Kazan	19	Petr Bystrov	2	30	70	Unknown	75	65	68	55	0	0	3600000	200000	eu:petrbystrov:15071979	SEASON_ARCHIVE_EST_RATING
P	eu_russia	5	Rubin Kazan	20	Andrej Gorbaněc	2	24	70	Unknown	65	71	69	55	0	0	3600000	200000	eu:andrejgorbanec:24081985	SEASON_ARCHIVE_EST_RATING
T	eu_russia	6	Spartak Moscow	-1		-1	2010	0	Russia	0	0	0	55	55	2	0	0	eu_russia:6	REGISTRY
P	eu_russia	6	Spartak Moscow	0	Andriy Dykan	0	25	66	Unknown	68	73	68	55	0	0	2304000	120000	eu:andriydykan	ESTIMATED
P	eu_russia	6	Spartak Moscow	1	Welliton	3	23	86	Unknown	70	88	65	55	0	0	11664000	640000	eu:welliton	SEASON_APPS_FIFA11
P	eu_russia	6	Spartak Moscow	2	Aiden McGeady	2	23	80	Unknown	68	80	58	55	0	0	8100000	450000	eu:aidenmcgeady	SEASON_APPS_FIFA11
P	eu_russia	6	Spartak Moscow	3	Nicolás Pareja	1	26	77	Unknown	62	84	57	55	0	0	6561000	360000	eu:nicolaspareja	SEASON_APPS_FIFA11
P	eu_russia	6	Spartak Moscow	4	Dmitriy Kombarov	2	23	75	Unknown	72	84	66	55	0	0	5625000	310000	eu:dmitriykombarov	SEASON_APPS_FIFA11
P	eu_russia	6	Spartak Moscow	5	Ari	3	32	74	Unknown	74	79	61	55	0	0	5184000	280000	eu:ari	FIFA11_RATING_EST_AGE_ECONOMY
P	eu_russia	6	Spartak Moscow	6	Ibson	2	26	74	Unknown	75	62	70	55	0	0	5184000	280000	eu:ibson	SEASON_APPS_FIFA11
P	eu_russia	6	Spartak Moscow	7	Martin Stranzl	1	29	74	Unknown	78	68	73	55	0	0	5184000	280000	eu:martinstranzl	SEASON_APPS_FIFA11
P	eu_russia	6	Spartak Moscow	8	Kirill Kombarov	2	23	73	Unknown	74	64	73	55	0	0	4761000	260000	eu:kirillkombarov	SEASON_APPS_FIFA11
P	eu_russia	6	Spartak Moscow	9	Marek Suchý	1	21	73	Unknown	67	78	57	55	0	0	4761000	260000	eu:mareksuchy	SEASON_APPS_FIFA11
P	eu_russia	6	Spartak Moscow	10	Nikola Drinčić	2	25	73	Unknown	83	68	71	55	0	0	4761000	260000	eu:nikoladrincic	SEASON_APPS_FIFA11
P	eu_russia	6	Spartak Moscow	11	Sergey Parshivlyuk	1	32	73	Unknown	81	72	67	55	0	0	4761000	260000	eu:sergeyparshivlyuk	FIFA11_RATING_EST_AGE_ECONOMY
P	eu_russia	6	Spartak Moscow	12	Ivan Saenko	2	26	71	Unknown	69	64	71	55	0	0	3969000	220000	eu:ivansaenko	SEASON_APPS_FIFA11
P	eu_russia	6	Spartak Moscow	13	Aleks	2	25	72	Unknown	71	69	67	55	0	0	4356000	240000	eu:aleks	ESTIMATED
P	eu_russia	6	Spartak Moscow	14	Rafael Carioca	2	32	68	Unknown	64	65	67	55	0	0	2916000	160000	eu:rafaelcarioca	ESTIMATED
P	eu_russia	6	Spartak Moscow	15	Evgeniy Makeev	3	31	67	Unknown	74	69	70	55	0	0	2601000	140000	eu:evgeniymakeev	ESTIMATED
P	eu_russia	6	Spartak Moscow	16	Sergei Pesyakov	3	33	69	Unknown	72	72	69	55	0	0	3249000	180000	eu:sergeipesyakov	ESTIMATED
P	eu_russia	6	Spartak Moscow	17	Nikita Bazhenov	3	25	69	Unknown	57	66	58	55	0	0	3249000	180000	eu:nikitabazhenov	SEASON_APPS_EST_RATING
P	eu_russia	6	Spartak Moscow	18	Ari Ferreira	3	24	71	Unknown	68	75	66	55	0	0	3969000	220000	eu:ariferreira:11121985	SEASON_ARCHIVE_EST_RATING
P	eu_russia	6	Spartak Moscow	19	Žano Ananidze	2	17	71	Unknown	66	65	71	55	0	0	3969000	220000	eu:zanoananidze:10101992	SEASON_ARCHIVE_EST_RATING
P	eu_russia	6	Spartak Moscow	20	Aleksandr Šešukov	2	26	71	Unknown	64	76	66	55	0	0	3969000	220000	eu:aleksandrsesukov:15041983	SEASON_ARCHIVE_EST_RATING
T	eu_russia	7	Zenit St Petersburg	-1		-1	2010	0	Russia	0	0	0	55	55	2	0	0	eu_russia:7	REGISTRY
P	eu_russia	7	Zenit St Petersburg	0	Vyacheslav Malafeev	0	30	78	Unknown	76	76	69	55	0	0	7056000	390000	eu:vyacheslavmalafeev	SOFIFA11_SEASON_APPS
P	eu_russia	7	Zenit St Petersburg	1	Danny	2	26	87	Unknown	88	64	87	55	0	0	12321000	680000	eu:danny	SEASON_APPS_FIFA11
P	eu_russia	7	Zenit St Petersburg	2	Aleksandr Kerzhakov	3	27	78	Unknown	67	78	68	55	0	0	7056000	390000	eu:aleksandrkerzhakov	FIFA11_ALIAS_SEASON_APPS
P	eu_russia	7	Zenit St Petersburg	3	Bruno Alves	1	28	82	Unknown	79	66	84	55	0	0	9216000	510000	eu:brunoalves	SEASON_APPS_FIFA11
P	eu_russia	7	Zenit St Petersburg	4	Nicolas Lombaerts	1	24	82	Unknown	90	80	78	55	0	0	9216000	510000	eu:nicolaslombaerts	SEASON_APPS_FIFA11
P	eu_russia	7	Zenit St Petersburg	5	Aleksandr Anyukov	1	27	80	Unknown	62	69	69	55	0	0	8100000	450000	eu:aleksandranyukov	FIFA11_ALIAS_SEASON_APPS
P	eu_russia	7	Zenit St Petersburg	6	Fernando Meira	1	31	79	Unknown	83	68	69	55	0	0	7569000	420000	eu:fernandomeira	SEASON_APPS_FIFA11
P	eu_russia	7	Zenit St Petersburg	7	Tomáš Hubočan	1	24	79	Unknown	72	81	78	55	0	0	7569000	420000	eu:tomashubocan	SEASON_APPS_FIFA11
P	eu_russia	7	Zenit St Petersburg	8	Vladimir Bystrov	2	26	79	Unknown	83	74	74	55	0	0	7569000	420000	eu:vladimirbystrov	SEASON_APPS_FIFA11
P	eu_russia	7	Zenit St Petersburg	9	Aleksandr Bukharov	3	24	71	Unknown	72	73	66	55	0	0	3969000	220000	eu:aleksandrbukharov	SEASON_APPS_EST_RATING
P	eu_russia	7	Zenit St Petersburg	10	Konstantin Zyryanov	2	32	78	Unknown	76	67	76	55	0	0	7056000	390000	eu:konstantinzyryanov	SEASON_APPS_FIFA11
P	eu_russia	7	Zenit St Petersburg	11	Sergey Semak	2	34	78	Unknown	83	83	68	55	0	0	7056000	390000	eu:sergeysemak	SEASON_APPS_FIFA11
P	eu_russia	7	Zenit St Petersburg	12	Danko Lazović	3	26	77	Unknown	74	63	76	55	0	0	6561000	360000	eu:dankolazovic	SEASON_APPS_FIFA11
P	eu_russia	7	Zenit St Petersburg	13	Alessandro Rosina	2	26	76	Unknown	88	43	74	55	0	0	6084000	330000	eu:alessandrorosina	SEASON_APPS_FIFA11
P	eu_russia	7	Zenit St Petersburg	14	Igor Denisov	2	25	76	Unknown	73	81	75	55	0	0	6084000	330000	eu:igordenisov	SEASON_APPS_FIFA11
P	eu_russia	7	Zenit St Petersburg	15	Roman Shirokov	2	28	75	Unknown	72	64	75	55	0	0	5625000	310000	eu:romanshirokov	SEASON_APPS_FIFA11
P	eu_russia	7	Zenit St Petersburg	16	Szabolcs Huszti	2	26	75	Unknown	61	78	51	55	0	0	5625000	310000	eu:szabolcshuszti	SEASON_APPS_FIFA11
P	eu_russia	7	Zenit St Petersburg	17	Aleksandar Luković	1	27	73	Unknown	75	63	71	55	0	0	4761000	260000	eu:aleksandarlukovic	SEASON_APPS_FIFA11
P	eu_russia	7	Zenit St Petersburg	18	Ivica Križanac	1	30	72	Unknown	84	66	64	55	0	0	4356000	240000	eu:ivicakrizanac	SEASON_APPS_FIFA11
P	eu_russia	7	Zenit St Petersburg	19	Viktor Fayzulin	2	23	72	Unknown	77	64	72	55	0	0	4356000	240000	eu:viktorfayzulin	SEASON_APPS_FIFA11
T	eu_russia	8	Dynamo Moscow	-1		-1	2010	0	Russia	0	0	0	55	55	2	0	0	eu_russia:8	REGISTRY
P	eu_russia	8	Dynamo Moscow	0	Vladimir Gabulov	0	26	70	Unknown	57	72	69	55	0	0	3600000	200000	eu:vladimirgabulov	SEASON_APPS_EST_RATING
P	eu_russia	8	Dynamo Moscow	1	Igor Semshov	2	31	82	Unknown	78	81	74	55	0	0	9216000	510000	eu:igorsemshov	SEASON_APPS_FIFA11
P	eu_russia	8	Dynamo Moscow	2	Andriy Voronin	3	30	81	Unknown	69	80	70	55	0	0	8649000	480000	eu:andriyvoronin	SEASON_APPS_FIFA11
P	eu_russia	8	Dynamo Moscow	3	Kevin Kuranyi	3	27	81	Unknown	68	60	82	55	0	0	8649000	480000	eu:kevinkuranyi	SEASON_APPS_FIFA11
P	eu_russia	8	Dynamo Moscow	4	Denis Kolodin	1	28	75	Unknown	73	65	75	55	0	0	5625000	310000	eu:deniskolodin	SEASON_APPS_FIFA11
P	eu_russia	8	Dynamo Moscow	5	Aleksandr Samedov	2	25	70	Unknown	60	58	66	55	0	0	3600000	200000	eu:aleksandrsamedov	SEASON_APPS_EST_RATING
P	eu_russia	8	Dynamo Moscow	6	Dmitriy Khokhlov	2	28	74	Unknown	73	84	71	55	0	0	5184000	280000	eu:dmitriykhokhlov	FIFA11_RATING_EST_AGE_ECONOMY
P	eu_russia	8	Dynamo Moscow	7	Leandro Fernández	1	27	73	Unknown	84	64	68	55	0	0	4761000	260000	eu:leandrofernandez	SEASON_APPS_FIFA11
P	eu_russia	8	Dynamo Moscow	8	Luke Wilkshire	1	28	72	Unknown	67	79	68	55	0	0	4356000	240000	eu:lukewilkshire	SEASON_APPS_FIFA11
P	eu_russia	8	Dynamo Moscow	9	Aleksandr Kokorin	3	18	69	Unknown	68	61	71	55	0	0	3249000	180000	eu:aleksandrkokorin	SEASON_APPS_EST_RATING
P	eu_russia	8	Dynamo Moscow	10	Aleksey Rebko	2	23	68	Unknown	59	70	63	55	0	0	2916000	160000	eu:alekseyrebko	SEASON_APPS_EST_RATING
P	eu_russia	8	Dynamo Moscow	11	Tomislav Dujmović	2	29	69	Unknown	69	69	57	55	0	0	3249000	180000	eu:tomislavdujmovic	SEASON_APPS_FIFA11
P	eu_russia	8	Dynamo Moscow	12	Adrian Ropotan	2	23	69	Unknown	67	57	66	55	0	0	3249000	180000	eu:adrianropotan	SEASON_APPS_FIFA11
P	eu_russia	8	Dynamo Moscow	13	Alexandru Epureanu	1	23	69	Unknown	79	48	65	55	0	0	3249000	180000	eu:alexandruepureanu	SEASON_APPS_FIFA11
P	eu_russia	8	Dynamo Moscow	14	Edgaras Česnauskis	2	26	69	Unknown	70	72	65	55	0	0	3249000	180000	eu:edgarascesnauskis	SEASON_APPS_FIFA11
P	eu_russia	8	Dynamo Moscow	15	Marko Lomić	1	26	67	Unknown	66	62	69	55	0	0	2601000	140000	eu:markolomic	SEASON_APPS_FIFA11
P	eu_russia	8	Dynamo Moscow	16	Vladimir Granat	1	22	69	Unknown	66	60	61	55	0	0	3249000	180000	eu:vladimirgranat	SEASON_APPS_FIFA11
P	eu_russia	8	Dynamo Moscow	17	Marcin Kowalczyk	1	24	68	Unknown	76	62	69	55	0	0	2916000	160000	eu:marcinkowalczyk	SEASON_APPS_FIFA11
P	eu_russia	8	Dynamo Moscow	18	Dmitrij Chochlov	2	34	69	Unknown	69	66	69	55	0	0	3249000	180000	eu:dmitrijchochlov:22121975	SEASON_ARCHIVE_EST_RATING
T	eu_scotland	0	Aberdeen	-1		-1	2010	0	Scotland	0	0	0	55	55	2	0	0	eu_scotland:0	REGISTRY
P	eu_scotland	0	Aberdeen	0	Paul Hartley	2	33	76	Unknown	73	68	70	55	0	0	6084000	330000	eu:paulhartley	SEASON_APPS_FIFA11
P	eu_scotland	0	Aberdeen	1	Zander Diamond	1	25	71	Unknown	82	62	66	55	0	0	3969000	220000	eu:zanderdiamond	SEASON_APPS_FIFA11
P	eu_scotland	0	Aberdeen	2	Andrius Velička	3	31	69	Unknown	64	72	66	55	0	0	3249000	180000	eu:andriusvelicka	SEASON_APPS_FIFA11
P	eu_scotland	0	Aberdeen	3	Sone Aluko	3	21	69	Unknown	65	81	58	55	0	0	3249000	180000	eu:sonealuko	SEASON_APPS_FIFA11
P	eu_scotland	0	Aberdeen	4	Rory McArdle	1	23	69	Unknown	64	62	58	55	0	0	3249000	180000	eu:rorymcardle	SEASON_APPS_FIFA11
P	eu_scotland	0	Aberdeen	5	Chris Maguire	3	21	70	Unknown	71	53	57	55	0	0	3600000	200000	eu:chrismaguire	SEASON_APPS_FIFA11
P	eu_scotland	0	Aberdeen	6	Josh Magennis	3	19	69	Unknown	59	70	57	55	0	0	3249000	180000	eu:joshmagennis	SEASON_APPS_FIFA11
P	eu_scotland	0	Aberdeen	7	Yoann Folly	2	25	66	Unknown	75	57	61	55	0	0	2304000	120000	eu:yoannfolly	SEASON_APPS_FIFA11
P	eu_scotland	0	Aberdeen	8	Andrew Considine	1	23	69	Unknown	69	62	64	55	0	0	3249000	180000	eu:andrewconsidine	SEASON_APPS_FIFA11
P	eu_scotland	0	Aberdeen	9	Darren Mackie	3	28	65	Unknown	56	80	56	55	0	0	2025000	110000	eu:darrenmackie	SEASON_APPS_FIFA11
P	eu_scotland	0	Aberdeen	10	Fraser Fyvie	2	17	64	Unknown	58	64	49	55	0	0	1764000	90000	eu:fraserfyvie	SEASON_APPS_FIFA11
P	eu_scotland	0	Aberdeen	11	Jerel Ifil	1	28	66	Unknown	70	56	62	55	0	0	2304000	120000	eu:jerelifil	SEASON_APPS_FIFA11
P	eu_scotland	0	Aberdeen	12	Michael Paton	3	21	65	Unknown	66	56	60	55	0	0	2025000	110000	eu:michaelpaton	SEASON_APPS_FIFA11
P	eu_scotland	0	Aberdeen	13	Derek Young	3	30	69	Unknown	58	65	50	55	0	0	3249000	180000	eu:derekyoung	SEASON_APPS_FIFA11
P	eu_scotland	0	Aberdeen	14	Scott Vernon	3	26	70	Unknown	67	50	60	55	0	0	3600000	200000	eu:scottvernon	SEASON_APPS_FIFA11
P	eu_scotland	0	Aberdeen	15	Mitchell Megginson	2	18	64	Unknown	66	56	53	55	0	0	1764000	90000	eu:mitchellmegginson	SEASON_APPS_FIFA11
P	eu_scotland	0	Aberdeen	16	Ryan Jack	2	18	69	Unknown	61	57	51	55	0	0	3249000	180000	eu:ryanjack	SEASON_APPS_FIFA11
P	eu_scotland	0	Aberdeen	17	James Langfield	0	30	71	Unknown	68	75	70	55	0	0	3969000	220000	eu:jameslangfield:22121979	SEASON_ARCHIVE_EST_RATING
P	eu_scotland	0	Aberdeen	18	Mark Howard	0	23	65	Unknown	58	68	61	55	0	0	2025000	110000	eu:markhoward:21091986	SEASON_ARCHIVE_EST_RATING
P	eu_scotland	0	Aberdeen	19	Nikola Vujadinović	1	24	67	Unknown	73	63	72	55	0	0	2601000	140000	eu:nikolavujadinovic:31071986	SEASON_ARCHIVE_EST_RATING
P	eu_scotland	0	Aberdeen	20	Robert Milsom	2	23	67	Unknown	61	65	63	55	0	0	2601000	140000	eu:robertmilsom:02011987	SEASON_ARCHIVE_EST_RATING
T	eu_scotland	1	Celtic	-1		-1	2010	0	Scotland	0	0	0	55	55	2	0	0	eu_scotland:1	REGISTRY
P	eu_scotland	1	Celtic	0	Fraser Forster	0	22	76	Unknown	75	70	71	55	0	0	6084000	330000	eu:fraserforster	SEASON_APPS_EST_RATING
P	eu_scotland	1	Celtic	1	Gary Hooper	3	22	80	Unknown	84	81	73	55	0	0	8100000	450000	eu:garyhooper	SEASON_APPS_FIFA11
P	eu_scotland	1	Celtic	2	Georgios Samaras	3	25	80	Unknown	73	86	70	55	0	0	8100000	450000	eu:georgiossamaras	SEASON_APPS_FIFA11
P	eu_scotland	1	Celtic	3	Ki Sung-yueng	1	23	65	Unknown	66	66	65	55	0	0	2025000	110000	eu:kisungyueng	ESTIMATED
P	eu_scotland	1	Celtic	4	Anthony Stokes	3	22	77	Unknown	86	62	73	55	0	0	6561000	360000	eu:anthonystokes	SEASON_APPS_FIFA11
P	eu_scotland	1	Celtic	5	Niall McGinn	2	23	77	Unknown	76	54	78	55	0	0	6561000	360000	eu:niallmcginn	SEASON_APPS_FIFA11
P	eu_scotland	1	Celtic	6	Joe Ledley	2	23	76	Unknown	78	61	75	55	0	0	6084000	330000	eu:joeledley	SEASON_APPS_FIFA11
P	eu_scotland	1	Celtic	7	Andreas Hinkel	1	28	75	Unknown	76	56	77	55	0	0	5625000	310000	eu:andreashinkel	SEASON_APPS_FIFA11
P	eu_scotland	1	Celtic	8	Shaun Maloney	2	27	74	Unknown	74	70	66	55	0	0	5184000	280000	eu:shaunmaloney	SEASON_APPS_FIFA11
P	eu_scotland	1	Celtic	9	Scott Brown	2	25	74	Unknown	73	73	67	55	0	0	5184000	280000	eu:scottbrown	SEASON_APPS_FIFA11
P	eu_scotland	1	Celtic	10	Cha Du-ri	2	23	68	Unknown	62	71	72	55	0	0	2916000	160000	eu:chaduri	ESTIMATED
P	eu_scotland	1	Celtic	11	Glenn Loovens	1	26	72	Unknown	67	82	61	55	0	0	4356000	240000	eu:glennloovens	SEASON_APPS_FIFA11
P	eu_scotland	1	Celtic	12	Jos Hooiveld	1	27	72	Unknown	73	72	68	55	0	0	4356000	240000	eu:joshooiveld	SEASON_APPS_FIFA11
P	eu_scotland	1	Celtic	13	Paddy McCourt	2	26	73	Unknown	80	64	69	55	0	0	4761000	260000	eu:paddymccourt	SEASON_APPS_FIFA11
P	eu_scotland	1	Celtic	14	Charlie Mulgrew	1	24	73	Unknown	74	64	69	55	0	0	4761000	260000	eu:charliemulgrew	SEASON_APPS_FIFA11
P	eu_scotland	1	Celtic	15	Thomas Rogne	1	20	70	Unknown	51	68	47	55	0	0	3600000	200000	eu:thomasrogne	SEASON_APPS_FIFA11
P	eu_scotland	1	Celtic	16	Daryl Murphy	3	27	71	Unknown	67	65	64	55	0	0	3969000	220000	eu:darylmurphy	SEASON_APPS_FIFA11
P	eu_scotland	1	Celtic	17	Mark Wilson	1	26	73	Unknown	75	64	64	55	0	0	4761000	260000	eu:markwilson	SEASON_APPS_FIFA11
P	eu_scotland	1	Celtic	18	Emilio Izaguirre	1	24	75	Unknown	63	66	73	55	0	0	5625000	310000	eu:emilioizaguirre	SEASON_APPS_EST_RATING
P	eu_scotland	1	Celtic	19	Daniel Majstorović	1	33	75	Unknown	79	81	73	55	0	0	5625000	310000	eu:danielmajstorovic:05041977	SEASON_ARCHIVE_EST_RATING
P	eu_scotland	1	Celtic	20	Sung-yueng Ki	2	21	74	Unknown	76	77	70	55	0	0	5184000	280000	eu:sungyuengki:24011989	SEASON_ARCHIVE_EST_RATING
P	eu_scotland	1	Celtic	21	Biram Kayal	2	22	72	Unknown	68	78	71	55	0	0	4356000	240000	eu:biramkayal:02051988	SEASON_ARCHIVE_EST_RATING
P	eu_scotland	1	Celtic	22	James Forrest	3	19	71	Unknown	70	73	67	55	0	0	3969000	220000	eu:jamesforrest:07071991	SEASON_ARCHIVE_EST_RATING
P	eu_scotland	1	Celtic	23	Kris Commons	2	26	73	Unknown	76	75	70	55	0	0	4761000	260000	eu:kriscommons:30081983	SEASON_ARCHIVE_EST_RATING
P	eu_scotland	1	Celtic	24	Efraín Juárez	2	22	71	Unknown	71	72	67	55	0	0	3969000	220000	eu:efrainjuarez:22021988	SEASON_ARCHIVE_EST_RATING
T	eu_scotland	2	Rangers	-1		-1	2010	0	Scotland	0	0	0	55	55	2	0	0	eu_scotland:2	REGISTRY
P	eu_scotland	2	Rangers	0	Allan McGregor	0	28	76	Unknown	68	63	63	55	0	0	6084000	330000	eu:allanmcgregor	SEASON_APPS_EST_RATING
P	eu_scotland	2	Rangers	1	Kenny Miller	3	30	83	Unknown	80	91	67	55	0	0	9801000	540000	eu:kennymiller	SEASON_APPS_FIFA11
P	eu_scotland	2	Rangers	2	Steven Naismith	3	23	81	Unknown	75	85	70	55	0	0	8649000	480000	eu:stevennaismith	SEASON_APPS_FIFA11
P	eu_scotland	2	Rangers	3	Madjid Bougherra	1	27	79	Unknown	82	48	81	55	0	0	7569000	420000	eu:madjidbougherra	SEASON_APPS_FIFA11
P	eu_scotland	2	Rangers	4	Nikica Jelavić	3	24	79	Unknown	87	51	80	55	0	0	7569000	420000	eu:nikicajelavic	SEASON_APPS_FIFA11
P	eu_scotland	2	Rangers	5	Steven Davis	2	25	79	Unknown	80	70	75	55	0	0	7569000	420000	eu:stevendavis	SEASON_APPS_FIFA11
P	eu_scotland	2	Rangers	6	Steven Whittaker	1	26	76	Unknown	64	76	72	55	0	0	6084000	330000	eu:stevenwhittaker	SEASON_APPS_FIFA11
P	eu_scotland	2	Rangers	7	Vladimir Weiss	2	20	76	Unknown	77	65	77	55	0	0	6084000	330000	eu:vladimirweiss	SEASON_APPS_FIFA11
P	eu_scotland	2	Rangers	8	Kyle Lafferty	3	22	75	Unknown	80	68	66	55	0	0	5625000	310000	eu:kylelafferty	SEASON_APPS_FIFA11
P	eu_scotland	2	Rangers	9	Saša Papac	1	30	75	Unknown	80	76	64	55	0	0	5625000	310000	eu:sasapapac	SEASON_APPS_FIFA11
P	eu_scotland	2	Rangers	10	Maurice Edu	2	24	75	Unknown	80	66	70	55	0	0	5625000	310000	eu:mauriceedu	SEASON_APPS_FIFA11
P	eu_scotland	2	Rangers	11	Andrew Webster	1	20	72	Unknown	62	81	57	55	0	0	4356000	240000	eu:andrewwebster	FIFA11_RATING_EST_AGE_ECONOMY
P	eu_scotland	2	Rangers	12	David Weir	1	40	75	Unknown	72	72	67	55	0	0	5625000	310000	eu:davidweir	SEASON_APPS_FIFA11
P	eu_scotland	2	Rangers	13	James Beattie	3	32	70	Unknown	57	70	57	55	0	0	3600000	200000	eu:jamesbeattie	SEASON_APPS_FIFA11
P	eu_scotland	2	Rangers	14	Lee McCulloch	3	32	72	Unknown	69	74	52	55	0	0	4356000	240000	eu:leemcculloch	SEASON_APPS_FIFA11
P	eu_scotland	2	Rangers	15	John Fleck	3	18	70	Unknown	67	74	55	55	0	0	3600000	200000	eu:johnfleck	SEASON_APPS_FIFA11
P	eu_scotland	2	Rangers	16	Kirk Broadfoot	1	25	69	Unknown	74	80	64	55	0	0	3249000	180000	eu:kirkbroadfoot	SEASON_APPS_FIFA11
P	eu_scotland	2	Rangers	17	Richard Foster	1	32	63	Unknown	69	60	56	55	0	0	1521000	80000	eu:richardfoster	FIFA11_RATING_EST_AGE_ECONOMY
P	eu_scotland	2	Rangers	18	Gregg Wylde	1	19	71	Unknown	62	48	45	55	0	0	3969000	220000	eu:greggwylde	SEASON_APPS_FIFA11
P	eu_scotland	2	Rangers	19	Steven Smith	3	20	65	Unknown	65	69	70	55	0	0	2025000	110000	eu:stevensmith	ESTIMATED
P	eu_scotland	2	Rangers	20	Ricky Foster	1	25	71	Unknown	73	75	72	55	0	0	3969000	220000	eu:rickyfoster:31071985	SEASON_ARCHIVE_EST_RATING
T	eu_scotland	3	Heart of Midlothian	-1		-1	2010	0	Scotland	0	0	0	55	55	2	0	0	eu_scotland:3	REGISTRY
P	eu_scotland	3	Heart of Midlothian	0	Marian Kello	0	27	72	Unknown	72	58	66	55	0	0	4356000	240000	eu:mariankello	SEASON_APPS_EST_RATING
P	eu_scotland	3	Heart of Midlothian	1	Andrew Driver	2	22	75	Unknown	84	47	75	55	0	0	5625000	310000	eu:andrewdriver	SEASON_APPS_FIFA11
P	eu_scotland	3	Heart of Midlothian	2	David Templeton	3	21	74	Unknown	69	78	51	55	0	0	5184000	280000	eu:davidtempleton	SEASON_APPS_FIFA11
P	eu_scotland	3	Heart of Midlothian	3	Marius Žaliukas	1	26	74	Unknown	76	58	78	55	0	0	5184000	280000	eu:mariuszaliukas	SEASON_APPS_FIFA11
P	eu_scotland	3	Heart of Midlothian	4	Lee Wallace	1	22	73	Unknown	78	53	72	55	0	0	4761000	260000	eu:leewallace	SEASON_APPS_FIFA11
P	eu_scotland	3	Heart of Midlothian	5	Kevin Kyle	3	29	70	Unknown	72	63	72	55	0	0	3600000	200000	eu:kevinkyle	SEASON_APPS_FIFA11
P	eu_scotland	3	Heart of Midlothian	6	Suso Santana	2	25	70	Unknown	69	70	60	55	0	0	3600000	200000	eu:susosantana	SEASON_APPS_FIFA11
P	eu_scotland	3	Heart of Midlothian	7	Darren Barr	1	25	68	Unknown	64	72	64	55	0	0	2916000	160000	eu:darrenbarr	SEASON_APPS_FIFA11
P	eu_scotland	3	Heart of Midlothian	8	Eggert Jónsson	2	21	71	Unknown	63	72	62	55	0	0	3969000	220000	eu:eggertjonsson	SEASON_APPS_FIFA11
P	eu_scotland	3	Heart of Midlothian	9	Ismaël Bouzid	1	27	71	Unknown	63	72	64	55	0	0	3969000	220000	eu:ismaelbouzid	SEASON_APPS_FIFA11
P	eu_scotland	3	Heart of Midlothian	10	Stephen Elliott	3	26	71	Unknown	82	68	64	55	0	0	3969000	220000	eu:stephenelliott	SEASON_APPS_FIFA11
P	eu_scotland	3	Heart of Midlothian	11	Rubén Palazuelos	2	27	71	Unknown	63	67	62	55	0	0	3969000	220000	eu:rubenpalazuelos	SEASON_APPS_EST_RATING
P	eu_scotland	3	Heart of Midlothian	12	Calum Elliot	3	23	69	Unknown	59	74	56	55	0	0	3249000	180000	eu:calumelliot	SEASON_APPS_FIFA11
P	eu_scotland	3	Heart of Midlothian	13	Ian Black	2	25	71	Unknown	78	56	62	55	0	0	3969000	220000	eu:ianblack	SEASON_APPS_FIFA11
P	eu_scotland	3	Heart of Midlothian	14	Ryan Stevenson	2	25	71	Unknown	77	48	56	55	0	0	3969000	220000	eu:ryanstevenson	SEASON_APPS_FIFA11
P	eu_scotland	3	Heart of Midlothian	15	Arvydas Novikovas	2	19	66	Unknown	80	58	62	55	0	0	2304000	120000	eu:arvydasnovikovas	SEASON_APPS_FIFA11
P	eu_scotland	3	Heart of Midlothian	16	Craig Thomson	1	19	70	Unknown	64	66	55	55	0	0	3600000	200000	eu:craigthomson	SEASON_APPS_FIFA11
P	eu_scotland	3	Heart of Midlothian	17	David Obua	2	26	68	Unknown	66	65	61	55	0	0	2916000	160000	eu:davidobua	SEASON_APPS_FIFA11
P	eu_scotland	3	Heart of Midlothian	18	Dawid Kucharski	1	25	65	Unknown	71	55	60	55	0	0	2025000	110000	eu:dawidkucharski	SEASON_APPS_FIFA11
P	eu_scotland	3	Heart of Midlothian	19	Jason Thomson	1	33	61	Unknown	73	58	56	55	0	0	1089000	60000	eu:jasonthomson	FIFA11_RATING_EST_AGE_ECONOMY
P	eu_scotland	3	Heart of Midlothian	20	Gary Glen	3	20	67	Unknown	55	60	57	55	0	0	2601000	140000	eu:garyglen	SEASON_APPS_FIFA11
P	eu_scotland	3	Heart of Midlothian	21	Adrian Mrowiec	2	26	71	Unknown	78	69	69	55	0	0	3969000	220000	eu:adrianmrowiec:01121983	SEASON_ARCHIVE_EST_RATING
P	eu_scotland	3	Heart of Midlothian	22	Rudolf Skácel	2	31	70	Unknown	69	67	65	55	0	0	3600000	200000	eu:rudolfskacel:17071979	SEASON_ARCHIVE_EST_RATING
T	eu_serbia	0	Partizan Belgrade	-1		-1	2010	0	Serbia	0	0	0	55	55	2	0	0	eu_serbia:0	REGISTRY
P	eu_serbia	0	Partizan Belgrade	0	Vladimir Stojković	0	27	74	Unknown	66	65	70	55	0	0	5184000	280000	eu:vladimirstojkovic	SEASON_APPS_EST_RATING
P	eu_serbia	0	Partizan Belgrade	1	Radiša Ilić	0	32	70	Unknown	78	72	72	55	0	0	3600000	200000	eu:radisailic	SEASON_APPS_EST_RATING
P	eu_serbia	0	Partizan Belgrade	2	Mladen Krstajić	1	36	73	Unknown	62	67	77	55	0	0	4761000	260000	eu:mladenkrstajic	SEASON_APPS_EST_RATING
P	eu_serbia	0	Partizan Belgrade	3	Stefan Savić	1	19	72	Unknown	72	67	70	55	0	0	4356000	240000	eu:stefansavic	SEASON_APPS_EST_RATING
P	eu_serbia	0	Partizan Belgrade	4	Ivan Stevanović	1	29	69	Unknown	60	71	68	55	0	0	3249000	180000	eu:ivanstevanovic	SEASON_APPS_EST_RATING
P	eu_serbia	0	Partizan Belgrade	5	Aleksandar Miljković	1	20	72	Unknown	71	77	70	55	0	0	4356000	240000	eu:aleksandarmiljkovic	SEASON_APPS_EST_RATING
P	eu_serbia	0	Partizan Belgrade	6	Marko Jovanović	1	22	72	Unknown	67	68	63	55	0	0	4356000	240000	eu:markojovanovic	SEASON_APPS_EST_RATING
P	eu_serbia	0	Partizan Belgrade	7	Zvonimir Vukić	2	31	69	Unknown	58	60	64	55	0	0	3249000	180000	eu:zvonimirvukic	SEASON_APPS_EST_RATING
P	eu_serbia	0	Partizan Belgrade	8	Almami Moreira	2	32	69	Unknown	71	70	73	55	0	0	3249000	180000	eu:almamimoreira	SEASON_APPS_EST_RATING
P	eu_serbia	0	Partizan Belgrade	9	Aleksandar Davidov	2	26	70	Unknown	71	74	67	55	0	0	3600000	200000	eu:aleksandardavidov	SEASON_APPS_EST_RATING
P	eu_serbia	0	Partizan Belgrade	10	Darko Brašanac	2	18	68	Unknown	66	73	62	55	0	0	2916000	160000	eu:darkobrasanac	SEASON_APPS_EST_RATING
P	eu_serbia	0	Partizan Belgrade	11	Ljubomir Fejsa	2	21	68	Unknown	63	75	63	55	0	0	2916000	160000	eu:ljubomirfejsa	SEASON_APPS_EST_RATING
P	eu_serbia	0	Partizan Belgrade	12	Saša Ilić	2	32	74	Unknown	70	71	65	55	0	0	5184000	280000	eu:sasailic	SEASON_APPS_EST_RATING
P	eu_serbia	0	Partizan Belgrade	13	Nemanja Tomić	2	22	73	Unknown	70	76	71	55	0	0	4761000	260000	eu:nemanjatomic	SEASON_APPS_EST_RATING
P	eu_serbia	0	Partizan Belgrade	14	Ivica Iliev	2	30	74	Unknown	63	60	68	55	0	0	5184000	280000	eu:ivicailiev	SEASON_APPS_EST_RATING
P	eu_serbia	0	Partizan Belgrade	15	Marko Šćepović	3	19	71	Unknown	59	61	72	55	0	0	3969000	220000	eu:markoscepovic	SEASON_APPS_EST_RATING
P	eu_serbia	0	Partizan Belgrade	16	Prince Tagoe	3	23	70	Unknown	71	64	65	55	0	0	3600000	200000	eu:princetagoe	SEASON_APPS_EST_RATING
P	eu_serbia	0	Partizan Belgrade	17	Pierre Boya	3	26	70	Unknown	73	71	70	55	0	0	3600000	200000	eu:pierreboya	SEASON_APPS_EST_RATING
P	eu_serbia	0	Partizan Belgrade	18	Dominic Adiyiah	3	20	68	Unknown	70	63	62	55	0	0	2916000	160000	eu:dominicadiyiah	SEASON_APPS_EST_RATING
P	eu_serbia	0	Partizan Belgrade	19	Lazar Marković	3	16	67	Unknown	57	62	67	55	0	0	2601000	140000	eu:lazarmarkovic	SEASON_APPS_EST_RATING
P	eu_serbia	0	Partizan Belgrade	20	Radosav Petrović	2	21	74	Unknown	77	72	70	55	0	0	5184000	280000	eu:radosavpetrovic:08031989	SEASON_ARCHIVE_EST_RATING
P	eu_serbia	0	Partizan Belgrade	21	Stefan Babović	2	23	72	Unknown	77	74	74	55	0	0	4356000	240000	eu:stefanbabovic:07011987	SEASON_ARCHIVE_EST_RATING
P	eu_serbia	0	Partizan Belgrade	22	Aleksandar Lazevski	1	22	72	Unknown	69	68	75	55	0	0	4356000	240000	eu:aleksandarlazevski:21011988	SEASON_ARCHIVE_EST_RATING
P	eu_serbia	0	Partizan Belgrade	23	Cléo	3	24	71	Unknown	77	67	69	55	0	0	3969000	220000	eu:cleo:09081985	SEASON_ARCHIVE_EST_RATING
T	eu_serbia	1	Red Star Belgrade	-1		-1	2010	0	Serbia	0	0	0	55	55	2	0	0	eu_serbia:1	REGISTRY
P	eu_serbia	1	Red Star Belgrade	0	Boban Bajković	0	25	68	Unknown	76	61	61	55	0	0	2916000	160000	eu:bobanbajkovic	SEASON_APPS_EST_RATING
P	eu_serbia	1	Red Star Belgrade	1	Marko Dmitrović	0	33	68	Unknown	76	63	67	55	0	0	2916000	160000	eu:markodmitrovic	ESTIMATED
P	eu_serbia	1	Red Star Belgrade	2	Duško Tošić	1	25	70	Unknown	77	67	75	55	0	0	3600000	200000	eu:duskotosic	SEASON_APPS_EST_RATING
P	eu_serbia	1	Red Star Belgrade	3	Marko Vešović	2	18	70	Unknown	57	55	68	55	0	0	3600000	200000	eu:markovesovic	SEASON_APPS_EST_RATING
P	eu_serbia	1	Red Star Belgrade	4	Pavle Ninkov	1	25	70	Unknown	60	67	67	55	0	0	3600000	200000	eu:pavleninkov	SEASON_APPS_EST_RATING
P	eu_serbia	1	Red Star Belgrade	5	Lee Addy	1	20	68	Unknown	66	64	66	55	0	0	2916000	160000	eu:leeaddy	SEASON_APPS_EST_RATING
P	eu_serbia	1	Red Star Belgrade	6	Milan Vilotić	1	23	67	Unknown	73	70	65	55	0	0	2601000	140000	eu:milanvilotic	SEASON_APPS_EST_RATING
P	eu_serbia	1	Red Star Belgrade	7	Nikola Mikić	1	24	68	Unknown	59	66	71	55	0	0	2916000	160000	eu:nikolamikic	SEASON_APPS_EST_RATING
P	eu_serbia	1	Red Star Belgrade	8	Ognjen Koroman	2	31	70	Unknown	68	76	76	55	0	0	3600000	200000	eu:ognjenkoroman	SEASON_APPS_EST_RATING
P	eu_serbia	1	Red Star Belgrade	9	Dejan Milovanović	2	26	70	Unknown	74	74	64	55	0	0	3600000	200000	eu:dejanmilovanovic	SEASON_APPS_EST_RATING
P	eu_serbia	1	Red Star Belgrade	10	Darko Lazović	2	19	69	Unknown	67	71	70	55	0	0	3249000	180000	eu:darkolazovic	SEASON_APPS_EST_RATING
P	eu_serbia	1	Red Star Belgrade	11	Srđan Mijailović	2	16	70	Unknown	79	64	68	55	0	0	3600000	200000	eu:sranmijailovic	SEASON_APPS_EST_RATING
P	eu_serbia	1	Red Star Belgrade	12	Evandro	2	23	67	Unknown	74	61	61	55	0	0	2601000	140000	eu:evandro	SEASON_APPS_EST_RATING
P	eu_serbia	1	Red Star Belgrade	13	Slavko Perović	3	21	67	Unknown	64	73	66	55	0	0	2601000	140000	eu:slavkoperovic	SEASON_APPS_EST_RATING
P	eu_serbia	1	Red Star Belgrade	14	Andrija Kaluđerović	3	23	71	Unknown	73	74	75	55	0	0	3969000	220000	eu:andrijakaluerovic	SEASON_APPS_EST_RATING
P	eu_serbia	1	Red Star Belgrade	15	Aleksandar Jevtić	3	25	70	Unknown	59	65	64	55	0	0	3600000	200000	eu:aleksandarjevtic	SEASON_APPS_EST_RATING
P	eu_serbia	1	Red Star Belgrade	16	Miloš Trifunović	3	25	68	Unknown	64	64	71	55	0	0	2916000	160000	eu:milostrifunovic	SEASON_APPS_EST_RATING
P	eu_serbia	1	Red Star Belgrade	17	Cadú	2	23	71	Unknown	71	71	71	55	0	0	3969000	220000	eu:cadu:31081986	SEASON_ARCHIVE_EST_RATING
P	eu_serbia	1	Red Star Belgrade	18	Awal Issah	2	24	70	Unknown	67	69	68	55	0	0	3600000	200000	eu:awalissah:04041986	SEASON_ARCHIVE_EST_RATING
T	eu_serbia	2	Vojvodina Novi Sad	-1		-1	2010	0	Serbia	0	0	0	55	55	2	0	0	eu_serbia:2	REGISTRY
P	eu_serbia	2	Vojvodina Novi Sad	0	Željko Brkić	0	24	72	Unknown	63	69	66	55	0	0	4356000	240000	eu:zeljkobrkic	SEASON_APPS_EST_RATING
P	eu_serbia	2	Vojvodina Novi Sad	1	Miroslav Vulićević	1	25	71	Unknown	62	68	68	55	0	0	3969000	220000	eu:miroslavvulicevic	SEASON_APPS_EST_RATING
P	eu_serbia	2	Vojvodina Novi Sad	2	Daniel Mojsov	1	22	69	Unknown	64	62	56	55	0	0	3249000	180000	eu:danielmojsov	SEASON_APPS_EST_RATING
P	eu_serbia	2	Vojvodina Novi Sad	3	Branislav Trajković	1	20	69	Unknown	61	70	60	55	0	0	3249000	180000	eu:branislavtrajkovic	SEASON_APPS_EST_RATING
P	eu_serbia	2	Vojvodina Novi Sad	4	Milovan Milović	1	29	68	Unknown	64	66	73	55	0	0	2916000	160000	eu:milovanmilovic	SEASON_APPS_EST_RATING
P	eu_serbia	2	Vojvodina Novi Sad	5	Janko Tumbasević	2	25	70	Unknown	55	66	63	55	0	0	3600000	200000	eu:jankotumbasevic	SEASON_APPS_EST_RATING
P	eu_serbia	2	Vojvodina Novi Sad	6	Giorgi Merebashvili	2	23	70	Unknown	69	67	56	55	0	0	3600000	200000	eu:giorgimerebashvili	SEASON_APPS_EST_RATING
P	eu_serbia	2	Vojvodina Novi Sad	7	Miroslav Stevanović	2	20	70	Unknown	59	60	59	55	0	0	3600000	200000	eu:miroslavstevanovic	SEASON_APPS_EST_RATING
P	eu_serbia	2	Vojvodina Novi Sad	8	Aleksandar Katai	3	19	70	Unknown	64	62	65	55	0	0	3600000	200000	eu:aleksandarkatai	SEASON_APPS_EST_RATING
P	eu_serbia	2	Vojvodina Novi Sad	9	Nikola Lazetić	2	32	70	Unknown	63	73	65	55	0	0	3600000	200000	eu:nikolalazetic	SEASON_APPS_EST_RATING
P	eu_serbia	2	Vojvodina Novi Sad	10	Mario Đurovski	2	24	66	Unknown	71	66	67	55	0	0	2304000	120000	eu:mariourovski	SEASON_APPS_EST_RATING
P	eu_serbia	2	Vojvodina Novi Sad	11	Nebojša Kosović	2	32	66	Unknown	75	61	63	55	0	0	2304000	120000	eu:nebojsakosovic	SEASON_APPS_EST_RATING
P	eu_serbia	2	Vojvodina Novi Sad	12	Aboubakar Oumarou	3	23	70	Unknown	59	70	68	55	0	0	3600000	200000	eu:aboubakaroumarou	SEASON_APPS_EST_RATING
P	eu_serbia	2	Vojvodina Novi Sad	13	Brana Ilić	3	25	70	Unknown	65	71	73	55	0	0	3600000	200000	eu:branailic	SEASON_APPS_EST_RATING
P	eu_serbia	2	Vojvodina Novi Sad	14	Nemanja Bilbija	3	19	69	Unknown	65	63	65	55	0	0	3249000	180000	eu:nemanjabilbija	SEASON_APPS_EST_RATING
P	eu_serbia	2	Vojvodina Novi Sad	15	Yaw Antwi	3	25	68	Unknown	61	68	70	55	0	0	2916000	160000	eu:yawantwi	SEASON_APPS_EST_RATING
P	eu_serbia	2	Vojvodina Novi Sad	16	Slobodan Medojević	2	19	71	Unknown	73	65	66	55	0	0	3969000	220000	eu:slobodanmedojevic:20101990	SEASON_ARCHIVE_EST_RATING
P	eu_serbia	2	Vojvodina Novi Sad	17	Vladan Pavlović	2	26	69	Unknown	62	65	67	55	0	0	3249000	180000	eu:vladanpavlovic:24021984	SEASON_ARCHIVE_EST_RATING
P	eu_serbia	2	Vojvodina Novi Sad	18	Vuk Mitošević	2	19	69	Unknown	62	65	70	55	0	0	3249000	180000	eu:vukmitosevic:12021991	SEASON_ARCHIVE_EST_RATING
T	eu_slovakia	0	MŠK Žilina	-1		-1	2010	0	Slovakia	0	0	0	55	55	2	0	0	eu_slovakia:0	REGISTRY
P	eu_slovakia	0	MŠK Žilina	0	Martin Dúbravka	0	21	69	Unknown	61	58	64	55	0	0	3249000	180000	eu:martindubravka	SEASON_APPS_EST_RATING
P	eu_slovakia	0	MŠK Žilina	1	Ľubomír Guldan	1	27	68	Unknown	63	68	69	55	0	0	2916000	160000	eu:lubomirguldan	SEASON_APPS_EST_RATING
P	eu_slovakia	0	MŠK Žilina	2	Jozef Piaček	1	27	66	Unknown	61	54	57	55	0	0	2304000	120000	eu:jozefpiacek	SEASON_APPS_EST_RATING
P	eu_slovakia	0	MŠK Žilina	3	Vladimír Leitner	1	36	64	Unknown	59	58	65	55	0	0	1764000	90000	eu:vladimirleitner	SEASON_APPS_EST_RATING
P	eu_slovakia	0	MŠK Žilina	4	Ernest Mabouka	1	22	63	Unknown	54	69	64	55	0	0	1521000	80000	eu:ernestmabouka	SEASON_APPS_EST_RATING
P	eu_slovakia	0	MŠK Žilina	5	Bello Babatounde	2	20	67	Unknown	50	52	62	55	0	0	2601000	140000	eu:bellobabatounde	SEASON_APPS_EST_RATING
P	eu_slovakia	0	MŠK Žilina	6	Roman Gergel	2	22	66	Unknown	53	51	53	55	0	0	2304000	120000	eu:romangergel	SEASON_APPS_EST_RATING
P	eu_slovakia	0	MŠK Žilina	7	Róbert Jež	2	29	66	Unknown	61	64	61	55	0	0	2304000	120000	eu:robertjez	SEASON_APPS_EST_RATING
P	eu_slovakia	0	MŠK Žilina	8	Michal Škvarka	2	17	65	Unknown	61	64	71	55	0	0	2025000	110000	eu:michalskvarka	SEASON_APPS_EST_RATING
P	eu_slovakia	0	MŠK Žilina	9	Zdeno Štrba	2	34	62	Unknown	64	69	57	55	0	0	1296000	70000	eu:zdenostrba	SEASON_APPS_EST_RATING
P	eu_slovakia	0	MŠK Žilina	10	Artūrs Zjuzins	2	19	66	Unknown	75	66	65	55	0	0	2304000	120000	eu:arturszjuzins	SEASON_APPS_EST_RATING
P	eu_slovakia	0	MŠK Žilina	11	Momodou Ceesay	3	21	68	Unknown	57	55	56	55	0	0	2916000	160000	eu:momodouceesay	SEASON_APPS_EST_RATING
P	eu_slovakia	0	MŠK Žilina	12	Tomáš Oravec	3	30	65	Unknown	71	64	64	55	0	0	2025000	110000	eu:tomasoravec	SEASON_APPS_EST_RATING
P	eu_slovakia	0	MŠK Žilina	13	Admir Vladavić	2	28	64	Unknown	68	56	63	55	0	0	1764000	90000	eu:admirvladavic	SEASON_APPS_EST_RATING
P	eu_slovakia	0	MŠK Žilina	14	Tomáš Majtán	3	23	69	Unknown	70	59	64	55	0	0	3249000	180000	eu:tomasmajtan	SEASON_APPS_EST_RATING
P	eu_slovakia	0	MŠK Žilina	15	Emil Rilke	2	26	65	Unknown	64	61	57	55	0	0	2025000	110000	eu:emilrilke	SEASON_APPS_EST_RATING
P	eu_slovakia	0	MŠK Žilina	16	Stanislav Angelovič	1	28	67	Unknown	65	65	64	55	0	0	2601000	140000	eu:stanislavangelovic:26031982	SEASON_ARCHIVE_EST_RATING
P	eu_slovakia	0	MŠK Žilina	17	Ondřej Šourek	1	27	67	Unknown	61	61	65	55	0	0	2601000	140000	eu:ondrejsourek:26041983	SEASON_ARCHIVE_EST_RATING
P	eu_slovakia	0	MŠK Žilina	18	Štefan Zošák	2	26	67	Unknown	68	73	70	55	0	0	2601000	140000	eu:stefanzosak:03041984	SEASON_ARCHIVE_EST_RATING
P	eu_slovakia	0	MŠK Žilina	19	Patrik Mráz	1	23	66	Unknown	73	68	68	55	0	0	2304000	120000	eu:patrikmraz:01021987	SEASON_ARCHIVE_EST_RATING
P	eu_slovakia	0	MŠK Žilina	20	Pavol Poliaček	2	22	65	Unknown	61	64	66	55	0	0	2025000	110000	eu:pavolpoliacek:02041988	SEASON_ARCHIVE_EST_RATING
P	eu_slovakia	0	MŠK Žilina	21	Mário Pečalka	1	29	64	Unknown	65	64	60	55	0	0	1764000	90000	eu:mariopecalka:28121980	SEASON_ARCHIVE_EST_RATING
T	eu_slovakia	1	Slovan Bratislava	-1		-1	2010	0	Slovakia	0	0	0	55	55	2	0	0	eu_slovakia:1	REGISTRY
P	eu_slovakia	1	Slovan Bratislava	0	Matúš Putnocký	0	25	69	Unknown	63	67	71	55	0	0	3249000	180000	eu:matusputnocky	SEASON_APPS_EST_RATING
P	eu_slovakia	1	Slovan Bratislava	1	Martin Dobrotka	1	25	67	Unknown	66	65	68	55	0	0	2601000	140000	eu:martindobrotka	SEASON_APPS_EST_RATING
P	eu_slovakia	1	Slovan Bratislava	2	Kornel Saláta	1	25	65	Unknown	58	59	65	55	0	0	2025000	110000	eu:kornelsalata	SEASON_APPS_EST_RATING
P	eu_slovakia	1	Slovan Bratislava	3	Lukáš Pauschek	1	17	63	Unknown	54	61	60	55	0	0	1521000	80000	eu:lukaspauschek	SEASON_APPS_EST_RATING
P	eu_slovakia	1	Slovan Bratislava	4	Erik Čikoš	1	22	64	Unknown	57	58	61	55	0	0	1764000	90000	eu:erikcikos	SEASON_APPS_EST_RATING
P	eu_slovakia	1	Slovan Bratislava	5	Radek Dosoudil	1	27	66	Unknown	71	59	68	55	0	0	2304000	120000	eu:radekdosoudil	SEASON_APPS_EST_RATING
P	eu_slovakia	1	Slovan Bratislava	6	Martin Šebo	1	21	61	Unknown	69	55	63	55	0	0	1089000	60000	eu:martinsebo	ESTIMATED
P	eu_slovakia	1	Slovan Bratislava	7	Juraj Halenár	3	27	63	Unknown	66	56	68	55	0	0	1521000	80000	eu:jurajhalenar	SEASON_APPS_EST_RATING
P	eu_slovakia	1	Slovan Bratislava	8	Karim Guédé	2	25	68	Unknown	61	60	68	55	0	0	2916000	160000	eu:karimguede	SEASON_APPS_EST_RATING
P	eu_slovakia	1	Slovan Bratislava	9	Marko Milinković	2	22	65	Unknown	61	59	66	55	0	0	2025000	110000	eu:markomilinkovic	SEASON_APPS_EST_RATING
P	eu_slovakia	1	Slovan Bratislava	10	Filip Kiss	2	19	67	Unknown	67	57	69	55	0	0	2601000	140000	eu:filipkiss	SEASON_APPS_EST_RATING
P	eu_slovakia	1	Slovan Bratislava	11	Mamadou Bagayoko	1	20	67	Unknown	68	54	56	55	0	0	2601000	140000	eu:mamadoubagayoko	SEASON_APPS_EST_RATING
P	eu_slovakia	1	Slovan Bratislava	12	Lester Peltier	2	30	59	Unknown	60	66	65	55	0	0	729000	50000	eu:lesterpeltier	ESTIMATED
P	eu_slovakia	1	Slovan Bratislava	13	Róbert Vittek	2	27	61	Unknown	61	62	55	55	0	0	1089000	60000	eu:robertvittek	ESTIMATED
P	eu_slovakia	1	Slovan Bratislava	14	Branislav Obžera	2	28	64	Unknown	65	68	61	55	0	0	1764000	90000	eu:branislavobzera	SEASON_APPS_EST_RATING
P	eu_slovakia	1	Slovan Bratislava	15	Samuel Slovák	2	34	62	Unknown	58	65	53	55	0	0	1296000	70000	eu:samuelslovak	SEASON_APPS_EST_RATING
P	eu_slovakia	1	Slovan Bratislava	16	Erik Grendel	2	21	68	Unknown	71	66	69	55	0	0	2916000	160000	eu:erikgrendel:13101988	SEASON_ARCHIVE_EST_RATING
P	eu_slovakia	1	Slovan Bratislava	17	Mario Božič	2	27	66	Unknown	71	63	68	55	0	0	2304000	120000	eu:mariobozic:25051983	SEASON_ARCHIVE_EST_RATING
P	eu_slovakia	1	Slovan Bratislava	18	Milan Ivana	3	26	66	Unknown	62	63	63	55	0	0	2304000	120000	eu:milanivana:26111983	SEASON_ARCHIVE_EST_RATING
P	eu_slovakia	1	Slovan Bratislava	19	Filip Šebo	3	26	65	Unknown	60	66	63	55	0	0	2025000	110000	eu:filipsebo:24021984	SEASON_ARCHIVE_EST_RATING
P	eu_slovakia	1	Slovan Bratislava	20	Peter Štepanovský	2	22	65	Unknown	65	71	61	55	0	0	2025000	110000	eu:peterstepanovsky:12011988	SEASON_ARCHIVE_EST_RATING
P	eu_slovakia	1	Slovan Bratislava	21	Peter Jánošík	1	22	65	Unknown	65	66	69	55	0	0	2025000	110000	eu:peterjanosik:02011988	SEASON_ARCHIVE_EST_RATING
T	eu_slovenia	0	NK Maribor	-1		-1	2010	0	Slovenia	0	0	0	55	55	2	0	0	eu_slovenia:0	REGISTRY
P	eu_slovenia	0	NK Maribor	0	Jasmin Handanović	0	26	62	Unknown	61	63	65	55	0	0	1296000	70000	eu:jasminhandanovic	ESTIMATED
P	eu_slovenia	0	NK Maribor	1	Marko Pridigar	0	25	65	Unknown	72	62	66	55	0	0	2025000	110000	eu:markopridigar	SEASON_APPS_EST_RATING
P	eu_slovenia	0	NK Maribor	2	Aleksander Rajčević	1	23	63	Unknown	62	62	57	55	0	0	1521000	80000	eu:aleksanderrajcevic	SEASON_APPS_EST_RATING
P	eu_slovenia	0	NK Maribor	3	Arghus	1	23	65	Unknown	73	60	69	55	0	0	2025000	110000	eu:arghus	ESTIMATED
P	eu_slovenia	0	NK Maribor	4	Mitja Viler	1	23	66	Unknown	71	65	68	55	0	0	2304000	120000	eu:mitjaviler	SEASON_APPS_EST_RATING
P	eu_slovenia	0	NK Maribor	5	Dejan Trajkovski	1	32	66	Unknown	65	66	71	55	0	0	2304000	120000	eu:dejantrajkovski	ESTIMATED
P	eu_slovenia	0	NK Maribor	6	Martin Milec	1	29	66	Unknown	73	71	69	55	0	0	2304000	120000	eu:martinmilec	ESTIMATED
P	eu_slovenia	0	NK Maribor	7	Aleš Mejač	1	27	62	Unknown	51	54	54	55	0	0	1296000	70000	eu:alesmejac	SEASON_APPS_EST_RATING
P	eu_slovenia	0	NK Maribor	8	Marcos Tavares	2	29	61	Unknown	65	64	55	55	0	0	1089000	60000	eu:marcostavares	ESTIMATED
P	eu_slovenia	0	NK Maribor	9	Dejan Mezga	2	25	62	Unknown	58	62	65	55	0	0	1296000	70000	eu:dejanmezga	SEASON_APPS_EST_RATING
P	eu_slovenia	0	NK Maribor	10	Goran Cvijanović	2	23	65	Unknown	58	61	69	55	0	0	2025000	110000	eu:gorancvijanovic	SEASON_APPS_EST_RATING
P	eu_slovenia	0	NK Maribor	11	Aleš Mertelj	2	23	63	Unknown	72	56	57	55	0	0	1521000	80000	eu:alesmertelj	SEASON_APPS_EST_RATING
P	eu_slovenia	0	NK Maribor	12	Robert Berić	3	19	66	Unknown	62	71	65	55	0	0	2304000	120000	eu:robertberic	SEASON_APPS_EST_RATING
P	eu_slovenia	0	NK Maribor	13	Etien Velikonja	2	21	59	Unknown	63	57	56	55	0	0	729000	50000	eu:etienvelikonja	ESTIMATED
P	eu_slovenia	0	NK Maribor	14	Dalibor Volaš	3	23	62	Unknown	71	59	68	55	0	0	1296000	70000	eu:daliborvolas	SEASON_APPS_EST_RATING
P	eu_slovenia	0	NK Maribor	15	Agim Ibraimi	3	26	59	Unknown	50	62	62	55	0	0	729000	50000	eu:agimibraimi	ESTIMATED
P	eu_slovenia	0	NK Maribor	16	Željko Filipović	2	21	65	Unknown	58	71	64	55	0	0	2025000	110000	eu:zeljkofilipovic	SEASON_APPS_EST_RATING
P	eu_slovenia	0	NK Maribor	17	Nejc Potokar	3	22	63	Unknown	71	66	68	55	0	0	1521000	80000	eu:nejcpotokar	ESTIMATED
T	eu_sweden	0	AIK	-1		-1	2010	0	Sweden	0	0	0	55	55	2	0	0	eu_sweden:0	REGISTRY
P	eu_sweden	0	AIK	0	Ivan Turina	0	29	70	Unknown	69	66	76	55	0	0	3600000	200000	eu:ivanturina	SEASON_APPS_EST_RATING
P	eu_sweden	0	AIK	1	Daniel Örlund	0	20	65	Unknown	63	67	68	55	0	0	2025000	110000	eu:danielorlund	ESTIMATED
P	eu_sweden	0	AIK	2	Nils-Eric Johansson	1	30	70	Unknown	68	56	63	55	0	0	3600000	200000	eu:nilsericjohansson	SEASON_APPS_EST_RATING
P	eu_sweden	0	AIK	3	Per Karlsson	1	24	70	Unknown	72	69	74	55	0	0	3600000	200000	eu:perkarlsson	SEASON_APPS_EST_RATING
P	eu_sweden	0	AIK	4	Niklas Backman	1	21	70	Unknown	76	65	71	55	0	0	3600000	200000	eu:niklasbackman	SEASON_APPS_EST_RATING
P	eu_sweden	0	AIK	5	Martin Lorentzson	1	25	68	Unknown	60	57	65	55	0	0	2916000	160000	eu:martinlorentzson	SEASON_APPS_EST_RATING
P	eu_sweden	0	AIK	6	Helgi Valur Daníelsson	1	33	64	Unknown	55	64	58	55	0	0	1764000	90000	eu:helgivalurdanielsson	ESTIMATED
P	eu_sweden	0	AIK	7	Robert Åhman Persson	2	22	70	Unknown	71	74	68	55	0	0	3600000	200000	eu:robertahmanpersson	SEASON_APPS_EST_RATING
P	eu_sweden	0	AIK	8	Daniel Tjernström	2	36	69	Unknown	72	72	65	55	0	0	3249000	180000	eu:danieltjernstrom	SEASON_APPS_EST_RATING
P	eu_sweden	0	AIK	9	Dulee Johnson	2	25	69	Unknown	61	62	65	55	0	0	3249000	180000	eu:duleejohnson	SEASON_APPS_EST_RATING
P	eu_sweden	0	AIK	10	Viktor Lundberg	2	18	69	Unknown	63	68	71	55	0	0	3249000	180000	eu:viktorlundberg	SEASON_APPS_EST_RATING
P	eu_sweden	0	AIK	11	Mohamed Bangura	3	20	67	Unknown	63	61	68	55	0	0	2601000	140000	eu:mohamedbangura	SEASON_APPS_EST_RATING
P	eu_sweden	0	AIK	12	Teteh Bangura	2	26	70	Unknown	67	69	76	55	0	0	3600000	200000	eu:tetehbangura	ESTIMATED
P	eu_sweden	0	AIK	13	Goran Ljubojević	3	26	69	Unknown	63	66	70	55	0	0	3249000	180000	eu:goranljubojevic	SEASON_APPS_EST_RATING
P	eu_sweden	0	AIK	14	Kenny Pavey	2	30	70	Unknown	58	62	65	55	0	0	3600000	200000	eu:kennypavey	SEASON_APPS_EST_RATING
P	eu_sweden	0	AIK	15	Antônio Flávio	3	23	70	Unknown	70	64	69	55	0	0	3600000	200000	eu:antonioflavio:05011987	SEASON_ARCHIVE_EST_RATING
P	eu_sweden	0	AIK	16	Pontus Engblom	3	18	68	Unknown	75	73	63	55	0	0	2916000	160000	eu:pontusengblom:03111991	SEASON_ARCHIVE_EST_RATING
T	eu_sweden	1	Helsingborgs IF	-1		-1	2010	0	Sweden	0	0	0	55	55	2	0	0	eu_sweden:1	REGISTRY
P	eu_sweden	1	Helsingborgs IF	0	Erik Edman	1	31	72	Unknown	84	42	69	55	0	0	4356000	240000	eu:erikedman	SEASON_APPS_FIFA11
P	eu_sweden	1	Helsingborgs IF	1	Marcus Lantz	2	34	71	Unknown	73	70	70	55	0	0	3969000	220000	eu:marcuslantz	SEASON_APPS_FIFA11
P	eu_sweden	1	Helsingborgs IF	2	Alexander Gerndt	3	23	70	Unknown	69	76	62	55	0	0	3600000	200000	eu:alexandergerndt	SEASON_APPS_FIFA11
P	eu_sweden	1	Helsingborgs IF	3	Ardian Gashi	3	28	69	Unknown	66	69	57	55	0	0	3249000	180000	eu:ardiangashi	SEASON_APPS_FIFA11
P	eu_sweden	1	Helsingborgs IF	4	Joel Ekstrand	2	21	68	Unknown	67	62	65	55	0	0	2916000	160000	eu:joelekstrand	SEASON_APPS_FIFA11
P	eu_sweden	1	Helsingborgs IF	5	Mattias Lindström	2	29	69	Unknown	68	68	59	55	0	0	3249000	180000	eu:mattiaslindstrom	SEASON_APPS_FIFA11
P	eu_sweden	1	Helsingborgs IF	6	Christoffer Andersson	2	31	69	Unknown	68	72	64	55	0	0	3249000	180000	eu:christofferandersson	SEASON_APPS_FIFA11
P	eu_sweden	1	Helsingborgs IF	7	Marcus Nilsson	1	22	69	Unknown	70	59	63	55	0	0	3249000	180000	eu:marcusnilsson	SEASON_APPS_FIFA11
P	eu_sweden	1	Helsingborgs IF	8	Rasmus Jönsson	3	20	69	Unknown	69	74	57	55	0	0	3249000	180000	eu:rasmusjonsson	SEASON_APPS_FIFA11
P	eu_sweden	1	Helsingborgs IF	9	Erik Sundin	2	31	69	Unknown	67	64	61	55	0	0	3249000	180000	eu:eriksundin	SEASON_APPS_FIFA11
P	eu_sweden	1	Helsingborgs IF	10	Hannu Patronen	2	25	65	Unknown	79	64	58	55	0	0	2025000	110000	eu:hannupatronen	SEASON_APPS_FIFA11
P	eu_sweden	1	Helsingborgs IF	11	Markus Holgersson	1	24	69	Unknown	59	60	54	55	0	0	3249000	180000	eu:markusholgersson	SEASON_APPS_FIFA11
P	eu_sweden	1	Helsingborgs IF	12	May Mahlangu	2	20	67	Unknown	51	62	54	55	0	0	2601000	140000	eu:maymahlangu	SEASON_APPS_FIFA11
P	eu_sweden	1	Helsingborgs IF	13	Erik Wahlstedt	1	33	65	Unknown	66	58	61	55	0	0	2025000	110000	eu:erikwahlstedt	SEASON_APPS_FIFA11
P	eu_sweden	1	Helsingborgs IF	14	Porcellis	3	25	59	Unknown	63	53	49	55	0	0	729000	50000	eu:porcellis	FIFA11_RATING_EST_AGE_ECONOMY
P	eu_sweden	1	Helsingborgs IF	15	Fredrik Liverstam	1	21	63	Unknown	72	54	53	55	0	0	1521000	80000	eu:fredrikliverstam	SEASON_APPS_FIFA11
P	eu_sweden	1	Helsingborgs IF	16	Pär Hansson	0	23	70	Unknown	64	66	73	55	0	0	3600000	200000	eu:parhansson:22061986	SEASON_ARCHIVE_EST_RATING
P	eu_sweden	1	Helsingborgs IF	17	Oscar Berglund	0	25	64	Unknown	70	64	64	55	0	0	1764000	90000	eu:oscarberglund:13041984	SEASON_ARCHIVE_EST_RATING
T	eu_sweden	2	IF Elfsborg	-1		-1	2010	0	Sweden	0	0	0	55	55	2	0	0	eu_sweden:2	REGISTRY
P	eu_sweden	2	IF Elfsborg	0	Stefan Ishizaki	2	27	74	Unknown	76	55	74	55	0	0	5184000	280000	eu:stefanishizaki	SEASON_APPS_FIFA11
P	eu_sweden	2	IF Elfsborg	1	Anders Svensson	2	33	73	Unknown	77	61	73	55	0	0	4761000	260000	eu:anderssvensson	SEASON_APPS_FIFA11
P	eu_sweden	2	IF Elfsborg	2	Daniel Nordmark	2	22	72	Unknown	72	80	65	55	0	0	4356000	240000	eu:danielnordmark	SEASON_APPS_FIFA11
P	eu_sweden	2	IF Elfsborg	3	Denni Avdic	3	21	71	Unknown	74	68	65	55	0	0	3969000	220000	eu:denniavdic	SEASON_APPS_FIFA11
P	eu_sweden	2	IF Elfsborg	4	Jon Jönsson	1	26	67	Unknown	76	52	63	55	0	0	2601000	140000	eu:jonjonsson	SEASON_APPS_FIFA11
P	eu_sweden	2	IF Elfsborg	5	Martin Ericsson	2	29	67	Unknown	68	74	63	55	0	0	2601000	140000	eu:martinericsson	SEASON_APPS_FIFA11
P	eu_sweden	2	IF Elfsborg	6	Johan Larsson	2	19	69	Unknown	68	72	61	55	0	0	3249000	180000	eu:johanlarsson	SEASON_APPS_FIFA11
P	eu_sweden	2	IF Elfsborg	7	Mathias Florén	1	33	68	Unknown	66	72	50	55	0	0	2916000	160000	eu:mathiasfloren	SEASON_APPS_FIFA11
P	eu_sweden	2	IF Elfsborg	8	Teddy Lučić	1	36	65	Unknown	66	54	66	55	0	0	2025000	110000	eu:teddylucic	SEASON_APPS_FIFA11
P	eu_sweden	2	IF Elfsborg	9	Amadou Jawo	2	25	67	Unknown	60	62	58	55	0	0	2601000	140000	eu:amadoujawo	SEASON_APPS_FIFA11
P	eu_sweden	2	IF Elfsborg	10	Daniel Mobaeck	2	29	68	Unknown	79	76	57	55	0	0	2916000	160000	eu:danielmobaeck	SEASON_APPS_FIFA11
P	eu_sweden	2	IF Elfsborg	11	James Keene	3	24	68	Unknown	70	59	59	55	0	0	2916000	160000	eu:jameskeene	SEASON_APPS_FIFA11
P	eu_sweden	2	IF Elfsborg	12	Johan Karlsson	1	34	67	Unknown	68	52	61	55	0	0	2601000	140000	eu:johankarlsson	SEASON_APPS_FIFA11
P	eu_sweden	2	IF Elfsborg	13	Andreas Klarström	2	32	65	Unknown	67	58	60	55	0	0	2025000	110000	eu:andreasklarstrom	SEASON_APPS_FIFA11
P	eu_sweden	2	IF Elfsborg	14	Niklas Hult	2	20	64	Unknown	65	64	47	55	0	0	1764000	90000	eu:niklashult	SEASON_APPS_FIFA11
P	eu_sweden	2	IF Elfsborg	15	Anders Wikström	1	28	66	Unknown	66	48	58	55	0	0	2304000	120000	eu:anderswikstrom	SEASON_APPS_FIFA11
P	eu_sweden	2	IF Elfsborg	16	Fredrik Berglund	3	30	65	Unknown	63	56	58	55	0	0	2025000	110000	eu:fredrikberglund	SEASON_APPS_FIFA11
P	eu_sweden	2	IF Elfsborg	17	Jari Ilola	2	31	63	Unknown	68	56	58	55	0	0	1521000	80000	eu:jariilola	SEASON_APPS_FIFA11
P	eu_sweden	2	IF Elfsborg	18	Ante Čović	0	34	67	Unknown	74	72	66	55	0	0	2601000	140000	eu:antecovic:13061975	SEASON_ARCHIVE_EST_RATING
P	eu_sweden	2	IF Elfsborg	19	Joakim Wulff	0	31	65	Unknown	63	64	66	55	0	0	2025000	110000	eu:joakimwulff:06021979	SEASON_ARCHIVE_EST_RATING
T	eu_sweden	3	Malmö FF	-1		-1	2010	0	Sweden	0	0	0	55	55	2	0	0	eu_sweden:3	REGISTRY
P	eu_sweden	3	Malmö FF	0	Johan Dahlin	0	23	71	Unknown	69	71	60	55	0	0	3969000	220000	eu:johandahlin	SEASON_APPS_EST_RATING
P	eu_sweden	3	Malmö FF	1	Daniel Andersson	2	32	71	Unknown	71	62	72	55	0	0	3969000	220000	eu:danielandersson	SEASON_APPS_FIFA11
P	eu_sweden	3	Malmö FF	2	Guillermo Molins	3	21	70	Unknown	66	76	53	55	0	0	3600000	200000	eu:guillermomolins	SEASON_APPS_FIFA11
P	eu_sweden	3	Malmö FF	3	Wilton Figueiredo	3	27	70	Unknown	70	65	67	55	0	0	3600000	200000	eu:wiltonfigueiredo	SEASON_APPS_FIFA11
P	eu_sweden	3	Malmö FF	4	Daniel Larsson	3	23	70	Unknown	69	70	62	55	0	0	3600000	200000	eu:daniellarsson	SEASON_APPS_FIFA11
P	eu_sweden	3	Malmö FF	5	Ivo Pekalski	2	19	70	Unknown	82	62	59	55	0	0	3600000	200000	eu:ivopekalski	SEASON_APPS_FIFA11
P	eu_sweden	3	Malmö FF	6	Jiloan Hamad	3	19	70	Unknown	71	52	65	55	0	0	3600000	200000	eu:jiloanhamad	SEASON_APPS_FIFA11
P	eu_sweden	3	Malmö FF	7	Jimmy Durmaz	2	20	70	Unknown	75	64	65	55	0	0	3600000	200000	eu:jimmydurmaz	SEASON_APPS_FIFA11
P	eu_sweden	3	Malmö FF	8	Ricardinho	1	25	69	Unknown	80	64	59	55	0	0	3249000	180000	eu:ricardinho	SEASON_APPS_FIFA11
P	eu_sweden	3	Malmö FF	9	Agon Mehmeti	3	20	70	Unknown	61	71	55	55	0	0	3600000	200000	eu:agonmehmeti	SEASON_APPS_FIFA11
P	eu_sweden	3	Malmö FF	10	Jasmin Sudić	1	19	66	Unknown	56	70	55	55	0	0	2304000	120000	eu:jasminsudic	SEASON_APPS_FIFA11
P	eu_sweden	3	Malmö FF	11	Miljan Mutavdžić	2	24	67	Unknown	70	58	61	55	0	0	2601000	140000	eu:miljanmutavdzic	SEASON_APPS_FIFA11
P	eu_sweden	3	Malmö FF	12	Rick Kruys	2	24	65	Unknown	66	56	62	55	0	0	2025000	110000	eu:rickkruys	SEASON_APPS_FIFA11
P	eu_sweden	3	Malmö FF	13	Markus Halsti	1	25	66	Unknown	61	72	48	55	0	0	2304000	120000	eu:markushalsti	SEASON_APPS_FIFA11
P	eu_sweden	3	Malmö FF	14	Jeffrey Aubynn	3	32	69	Unknown	67	32	62	55	0	0	3249000	180000	eu:jeffreyaubynn	SEASON_APPS_FIFA11
P	eu_sweden	3	Malmö FF	15	Joseph Elanga	1	30	67	Unknown	74	52	56	55	0	0	2601000	140000	eu:josephelanga	SEASON_APPS_FIFA11
P	eu_sweden	3	Malmö FF	16	Pontus Jansson	3	19	68	Unknown	58	64	39	55	0	0	2916000	160000	eu:pontusjansson	SEASON_APPS_FIFA11
P	eu_sweden	3	Malmö FF	17	Alexander Nilsson	3	17	65	Unknown	56	53	58	55	0	0	2025000	110000	eu:alexandernilsson	SEASON_APPS_FIFA11
P	eu_sweden	3	Malmö FF	18	Ulrich Vinzents	1	33	71	Unknown	69	74	75	55	0	0	3969000	220000	eu:ulrichvinzents:04111976	SEASON_ARCHIVE_EST_RATING
T	eu_sweden	4	IFK Göteborg	-1		-1	2010	0	Sweden	0	0	0	55	55	2	0	0	eu_sweden:4	REGISTRY
P	eu_sweden	4	IFK Göteborg	0	Kim Christensen	0	30	70	Unknown	78	73	76	55	0	0	3600000	200000	eu:kimchristensen	SEASON_APPS_EST_RATING
P	eu_sweden	4	IFK Göteborg	1	Stefan Selakovic	2	33	78	Unknown	68	78	77	55	0	0	7056000	390000	eu:stefanselakovic	SEASON_APPS_FIFA11
P	eu_sweden	4	IFK Göteborg	2	Ragnar Sigurdsson	1	23	74	Unknown	82	60	74	55	0	0	5184000	280000	eu:ragnarsigurdsson	SEASON_APPS_FIFA11
P	eu_sweden	4	IFK Göteborg	3	Tobias Hysén	3	27	71	Unknown	69	70	63	55	0	0	3969000	220000	eu:tobiashysen	SEASON_APPS_FIFA11
P	eu_sweden	4	IFK Göteborg	4	Adam Johansson	1	27	70	Unknown	76	70	63	55	0	0	3600000	200000	eu:adamjohansson	SEASON_APPS_FIFA11
P	eu_sweden	4	IFK Göteborg	5	Mikael Dyrestam	1	18	65	Unknown	74	71	52	55	0	0	2025000	110000	eu:mikaeldyrestam	SEASON_APPS_FIFA11
P	eu_sweden	4	IFK Göteborg	6	Robin Söder	3	18	67	Unknown	75	61	61	55	0	0	2601000	140000	eu:robinsoder	SEASON_APPS_FIFA11
P	eu_sweden	4	IFK Göteborg	7	Sebastian Eriksson	1	21	70	Unknown	65	66	51	55	0	0	3600000	200000	eu:sebastianeriksson	SEASON_APPS_FIFA11
P	eu_sweden	4	IFK Göteborg	8	Theódór Elmar Bjarnason	2	32	63	Unknown	71	68	55	55	0	0	1521000	80000	eu:theodorelmarbjarnason	FIFA11_RATING_EST_AGE_ECONOMY
P	eu_sweden	4	IFK Göteborg	9	Thomas Olsson	2	34	70	Unknown	64	72	57	55	0	0	3600000	200000	eu:thomasolsson	SEASON_APPS_FIFA11
P	eu_sweden	4	IFK Göteborg	10	Hannes Stiller	3	31	67	Unknown	70	60	62	55	0	0	2601000	140000	eu:hannesstiller	SEASON_APPS_FIFA11
P	eu_sweden	4	IFK Göteborg	11	Hjálmar Jónsson	1	29	70	Unknown	73	64	52	55	0	0	3600000	200000	eu:hjalmarjonsson	SEASON_APPS_FIFA11
P	eu_sweden	4	IFK Göteborg	12	Jakob Johansson	2	19	70	Unknown	68	69	41	55	0	0	3600000	200000	eu:jakobjohansson	SEASON_APPS_FIFA11
P	eu_sweden	4	IFK Göteborg	13	Karl Svensson	1	25	66	Unknown	64	60	59	55	0	0	2304000	120000	eu:karlsvensson	SEASON_APPS_FIFA11
P	eu_sweden	4	IFK Göteborg	14	Tobias Sana	2	20	67	Unknown	49	72	49	55	0	0	2601000	140000	eu:tobiassana	SEASON_APPS_FIFA11
P	eu_sweden	4	IFK Göteborg	15	Nicklas Carlsson	1	30	67	Unknown	59	56	54	55	0	0	2601000	140000	eu:nicklascarlsson	SEASON_APPS_FIFA11
P	eu_sweden	4	IFK Göteborg	16	Pär Ericsson	3	21	67	Unknown	64	67	48	55	0	0	2601000	140000	eu:parericsson	SEASON_APPS_FIFA11
P	eu_sweden	4	IFK Göteborg	17	Erik Lund	1	21	69	Unknown	66	50	60	55	0	0	3249000	180000	eu:eriklund	SEASON_APPS_FIFA11
P	eu_sweden	4	IFK Göteborg	18	Niklas Bärkroth	3	18	68	Unknown	68	45	56	55	0	0	2916000	160000	eu:niklasbarkroth	SEASON_APPS_FIFA11
P	eu_sweden	4	IFK Göteborg	19	Alexander Faltsetas	2	22	68	Unknown	63	51	47	55	0	0	2916000	160000	eu:alexanderfaltsetas	SEASON_APPS_FIFA11
P	eu_sweden	4	IFK Göteborg	20	Marcus Sandberg	0	19	69	Unknown	70	75	71	55	0	0	3249000	180000	eu:marcussandberg:07111990	SEASON_ARCHIVE_EST_RATING
P	eu_sweden	4	IFK Göteborg	21	Elmar Bjarnason	2	22	69	Unknown	62	65	68	55	0	0	3249000	180000	eu:elmarbjarnason:04031987	SEASON_ARCHIVE_EST_RATING
T	eu_switzerland	0	BSC Young Boys	-1		-1	2010	0	Switzerland	0	0	0	55	55	2	0	0	eu_switzerland:0	REGISTRY
P	eu_switzerland	0	BSC Young Boys	0	Marco Wölfli	0	27	74	Unknown	59	67	64	55	0	0	5184000	280000	eu:marcowolfli	SEASON_APPS_EST_RATING
P	eu_switzerland	0	BSC Young Boys	1	Christoph Spycher	1	32	72	Unknown	71	51	71	55	0	0	4356000	240000	eu:christophspycher	SEASON_APPS_FIFA11
P	eu_switzerland	0	BSC Young Boys	2	David Degen	2	27	73	Unknown	55	72	69	55	0	0	4761000	260000	eu:daviddegen	SEASON_APPS_FIFA11
P	eu_switzerland	0	BSC Young Boys	3	Alberto Regazzoni	2	27	68	Unknown	86	54	65	55	0	0	2916000	160000	eu:albertoregazzoni	SEASON_APPS_FIFA11
P	eu_switzerland	0	BSC Young Boys	4	Mario Raimondi	2	30	72	Unknown	84	48	63	55	0	0	4356000	240000	eu:marioraimondi	SEASON_APPS_FIFA11
P	eu_switzerland	0	BSC Young Boys	5	Emiliano Dudar	1	28	69	Unknown	73	59	65	55	0	0	3249000	180000	eu:emilianodudar	SEASON_APPS_FIFA11
P	eu_switzerland	0	BSC Young Boys	6	Moreno Costanzo	3	22	73	Unknown	62	70	61	55	0	0	4761000	260000	eu:morenocostanzo	SEASON_APPS_FIFA11
P	eu_switzerland	0	BSC Young Boys	7	Alain Nef	1	28	72	Unknown	61	64	60	55	0	0	4356000	240000	eu:alainnef	SEASON_APPS_EST_RATING
P	eu_switzerland	0	BSC Young Boys	8	Marco Schneuwly	3	25	69	Unknown	73	52	60	55	0	0	3249000	180000	eu:marcoschneuwly	SEASON_APPS_FIFA11
P	eu_switzerland	0	BSC Young Boys	9	Xavier Hochstrasser	2	22	69	Unknown	70	52	63	55	0	0	3249000	180000	eu:xavierhochstrasser	SEASON_APPS_FIFA11
P	eu_switzerland	0	BSC Young Boys	10	François Affolter	1	19	73	Unknown	61	69	47	55	0	0	4761000	260000	eu:francoisaffolter	SEASON_APPS_FIFA11
P	eu_switzerland	0	BSC Young Boys	11	Scott Sutter	2	24	73	Unknown	72	62	59	55	0	0	4761000	260000	eu:scottsutter	SEASON_APPS_FIFA11
P	eu_switzerland	0	BSC Young Boys	12	Senad Lulić	2	24	73	Unknown	64	66	54	55	0	0	4761000	260000	eu:senadlulic	SEASON_APPS_FIFA11
P	eu_switzerland	0	BSC Young Boys	13	Thierry Doubai	2	22	73	Unknown	75	54	60	55	0	0	4761000	260000	eu:thierrydoubai	SEASON_APPS_FIFA11
P	eu_switzerland	0	BSC Young Boys	14	Christian Schneuwly	2	22	69	Unknown	55	62	47	55	0	0	3249000	180000	eu:christianschneuwly	SEASON_APPS_FIFA11
P	eu_switzerland	0	BSC Young Boys	15	Henri Bienvenu	3	22	73	Unknown	80	73	78	55	0	0	4761000	260000	eu:henribienvenu:05071988	SEASON_ARCHIVE_EST_RATING
P	eu_switzerland	0	BSC Young Boys	16	Ammar Jemal	1	23	72	Unknown	73	69	70	55	0	0	4356000	240000	eu:ammarjemal:20041987	SEASON_ARCHIVE_EST_RATING
P	eu_switzerland	0	BSC Young Boys	17	Emmanuel Mayuka	3	19	72	Unknown	68	76	70	55	0	0	4356000	240000	eu:emmanuelmayuka:21111990	SEASON_ARCHIVE_EST_RATING
T	eu_switzerland	1	FC Basel	-1		-1	2010	0	Switzerland	0	0	0	55	55	2	0	0	eu_switzerland:1	REGISTRY
P	eu_switzerland	1	FC Basel	0	Franco Costanzo	0	29	76	Unknown	67	74	67	55	0	0	6084000	330000	eu:francocostanzo	SEASON_APPS_EST_RATING
P	eu_switzerland	1	FC Basel	1	Alexander Frei	3	31	77	Unknown	74	81	55	55	0	0	6561000	360000	eu:alexanderfrei	SEASON_APPS_FIFA11
P	eu_switzerland	1	FC Basel	2	Xherdan Shaqiri	2	18	75	Unknown	82	71	76	55	0	0	5625000	310000	eu:xherdanshaqiri	SEASON_APPS_FIFA11
P	eu_switzerland	1	FC Basel	3	Benjamin Huggel	2	33	73	Unknown	60	74	53	55	0	0	4761000	260000	eu:benjaminhuggel	SEASON_APPS_FIFA11
P	eu_switzerland	1	FC Basel	4	Gilles Yapi	1	32	67	Unknown	71	71	65	55	0	0	2601000	140000	eu:gillesyapi	ESTIMATED
P	eu_switzerland	1	FC Basel	5	Marco Streller	3	29	73	Unknown	64	52	73	55	0	0	4761000	260000	eu:marcostreller	SEASON_APPS_FIFA11
P	eu_switzerland	1	FC Basel	6	Behrang Safari	1	25	75	Unknown	85	38	70	55	0	0	5625000	310000	eu:behrangsafari	SEASON_APPS_FIFA11
P	eu_switzerland	1	FC Basel	7	Scott Chipperfield	2	34	72	Unknown	74	73	69	55	0	0	4356000	240000	eu:scottchipperfield	SEASON_APPS_FIFA11
P	eu_switzerland	1	FC Basel	8	Valentin Stocker	2	21	74	Unknown	63	83	67	55	0	0	5184000	280000	eu:valentinstocker	SEASON_APPS_FIFA11
P	eu_switzerland	1	FC Basel	9	Çağdaş Atan	1	30	71	Unknown	72	70	68	55	0	0	3969000	220000	eu:cagdasatan	SEASON_APPS_FIFA11
P	eu_switzerland	1	FC Basel	10	Samuel Inkoom	1	21	72	Unknown	74	73	58	55	0	0	4356000	240000	eu:samuelinkoom	SEASON_APPS_FIFA11
P	eu_switzerland	1	FC Basel	11	David Abraham	1	24	75	Unknown	68	70	66	55	0	0	5625000	310000	eu:davidabraham	SEASON_APPS_FIFA11
P	eu_switzerland	1	FC Basel	12	Federico Almerares	3	25	71	Unknown	71	60	61	55	0	0	3969000	220000	eu:federicoalmerares	SEASON_APPS_FIFA11
P	eu_switzerland	1	FC Basel	13	Reto Zanni	1	30	68	Unknown	64	72	55	55	0	0	2916000	160000	eu:retozanni	SEASON_APPS_FIFA11
P	eu_switzerland	1	FC Basel	14	Cabral	2	21	72	Unknown	57	74	51	55	0	0	4356000	240000	eu:cabral	SEASON_APPS_FIFA11
P	eu_switzerland	1	FC Basel	15	Beg Ferati	1	23	71	Unknown	64	50	59	55	0	0	3969000	220000	eu:begferati	SEASON_APPS_FIFA11
P	eu_switzerland	1	FC Basel	16	Pascal Schürpf	2	21	68	Unknown	69	51	60	55	0	0	2916000	160000	eu:pascalschurpf	SEASON_APPS_FIFA11
P	eu_switzerland	1	FC Basel	17	Gilles Yapi-Yapo	2	28	75	Unknown	68	78	80	55	0	0	5625000	310000	eu:gillesyapiyapo:30011982	SEASON_ARCHIVE_EST_RATING
P	eu_switzerland	1	FC Basel	18	Fwayo Tembo	2	21	73	Unknown	79	67	73	55	0	0	4761000	260000	eu:fwayotembo:02051989	SEASON_ARCHIVE_EST_RATING
P	eu_switzerland	1	FC Basel	19	Jacques Zoua	3	18	72	Unknown	66	70	72	55	0	0	4356000	240000	eu:jacqueszoua:06091991	SEASON_ARCHIVE_EST_RATING
P	eu_switzerland	1	FC Basel	20	Granit Xhaka	2	17	72	Unknown	65	67	68	55	0	0	4356000	240000	eu:granitxhaka:27091992	SEASON_ARCHIVE_EST_RATING
P	eu_switzerland	1	FC Basel	21	Markus Steinhöfer	1	24	71	Unknown	68	77	73	55	0	0	3969000	220000	eu:markussteinhofer:07031986	SEASON_ARCHIVE_EST_RATING
T	eu_switzerland	2	FC St. Gallen	-1		-1	2010	0	Switzerland	0	0	0	55	55	2	0	0	eu_switzerland:2	REGISTRY
P	eu_switzerland	2	FC St. Gallen	0	Daniel Lopar	0	25	66	Unknown	56	55	64	55	0	0	2304000	120000	eu:daniellopar	SEASON_APPS_EST_RATING
P	eu_switzerland	2	FC St. Gallen	1	Mario Frick	3	35	67	Unknown	75	54	65	55	0	0	2601000	140000	eu:mariofrick	SEASON_APPS_FIFA11
P	eu_switzerland	2	FC St. Gallen	2	Daniel Imhof	2	32	68	Unknown	73	52	65	55	0	0	2916000	160000	eu:danielimhof	SEASON_APPS_FIFA11
P	eu_switzerland	2	FC St. Gallen	3	Fabian Frei	2	21	70	Unknown	66	65	58	55	0	0	3600000	200000	eu:fabianfrei	SEASON_APPS_FIFA11
P	eu_switzerland	2	FC St. Gallen	4	Tim Bakens	1	27	66	Unknown	67	48	57	55	0	0	2304000	120000	eu:timbakens	SEASON_APPS_FIFA11
P	eu_switzerland	2	FC St. Gallen	5	Philipp Muntwiler	2	23	69	Unknown	74	52	49	55	0	0	3249000	180000	eu:philippmuntwiler	SEASON_APPS_FIFA11
P	eu_switzerland	2	FC St. Gallen	6	Kristian Nushi	2	28	68	Unknown	65	61	55	55	0	0	2916000	160000	eu:kristiannushi	SEASON_APPS_FIFA11
P	eu_switzerland	2	FC St. Gallen	7	Lukas Schenkel	1	26	70	Unknown	60	56	50	55	0	0	3600000	200000	eu:lukasschenkel	SEASON_APPS_FIFA11
P	eu_switzerland	2	FC St. Gallen	8	Nico Abegglen	3	20	68	Unknown	68	56	55	55	0	0	2916000	160000	eu:nicoabegglen	SEASON_APPS_FIFA11
P	eu_switzerland	2	FC St. Gallen	9	Marco Hämmerli	1	25	67	Unknown	52	70	34	55	0	0	2601000	140000	eu:marcohammerli	SEASON_APPS_FIFA11
P	eu_switzerland	2	FC St. Gallen	10	Adrian Winter	2	24	68	Unknown	52	40	46	55	0	0	2916000	160000	eu:adrianwinter	SEASON_APPS_FIFA11
P	eu_switzerland	2	FC St. Gallen	11	Michael Lang	1	19	69	Unknown	54	60	44	55	0	0	3249000	180000	eu:michaellang	SEASON_APPS_FIFA11
P	eu_switzerland	2	FC St. Gallen	12	Pa Modou Jagne	2	20	67	Unknown	73	72	73	55	0	0	2601000	140000	eu:pamodoujagne	SEASON_APPS_EST_RATING
P	eu_switzerland	2	FC St. Gallen	13	Moreno Merenda	2	27	64	Unknown	71	66	68	55	0	0	1764000	90000	eu:morenomerenda	ESTIMATED
P	eu_switzerland	2	FC St. Gallen	14	Germano Vailati	0	29	69	Unknown	68	65	69	55	0	0	3249000	180000	eu:germanovailati:30081980	SEASON_ARCHIVE_EST_RATING
T	eu_switzerland	3	FC Thun	-1		-1	2010	0	Switzerland	0	0	0	55	55	2	0	0	eu_switzerland:3	REGISTRY
P	eu_switzerland	3	FC Thun	0	David da Costa	0	24	71	Unknown	58	61	60	55	0	0	3969000	220000	eu:daviddacosta	SEASON_APPS_EST_RATING
P	eu_switzerland	3	FC Thun	1	Marc Schneider	1	30	67	Unknown	57	74	47	55	0	0	2601000	140000	eu:marcschneider	SEASON_APPS_FIFA11
P	eu_switzerland	3	FC Thun	2	Milaim Rama	3	34	66	Unknown	65	60	56	55	0	0	2304000	120000	eu:milaimrama	SEASON_APPS_FIFA11
P	eu_switzerland	3	FC Thun	3	Roland Bättig	2	31	70	Unknown	71	62	53	55	0	0	3600000	200000	eu:rolandbattig	SEASON_APPS_FIFA11
P	eu_switzerland	3	FC Thun	4	Stipe Matić	1	31	70	Unknown	66	53	53	55	0	0	3600000	200000	eu:stipematic	SEASON_APPS_FIFA11
P	eu_switzerland	3	FC Thun	5	Giuseppe Morello	3	24	66	Unknown	66	62	49	55	0	0	2304000	120000	eu:giuseppemorello	SEASON_APPS_FIFA11
P	eu_switzerland	3	FC Thun	6	Muhamed Demiri	2	24	69	Unknown	49	40	54	55	0	0	3249000	180000	eu:muhameddemiri	SEASON_APPS_FIFA11
P	eu_switzerland	3	FC Thun	7	Stefan Glarner	2	22	69	Unknown	73	52	55	55	0	0	3249000	180000	eu:stefanglarner	SEASON_APPS_FIFA11
P	eu_switzerland	3	FC Thun	8	Benjamin Lüthi	2	21	69	Unknown	82	55	44	55	0	0	3249000	180000	eu:benjaminluthi	SEASON_APPS_FIFA11
P	eu_switzerland	3	FC Thun	9	Ezequiel Scarione	2	25	66	Unknown	66	44	53	55	0	0	2304000	120000	eu:ezequielscarione	SEASON_APPS_FIFA11
P	eu_switzerland	3	FC Thun	10	Stephan Andrist	2	22	67	Unknown	58	48	47	55	0	0	2601000	140000	eu:stephanandrist	SEASON_APPS_FIFA11
P	eu_switzerland	3	FC Thun	11	Dennis Hediger	2	23	67	Unknown	73	67	69	55	0	0	2601000	140000	eu:dennishediger	SEASON_APPS_EST_RATING
P	eu_switzerland	3	FC Thun	12	Nelson Ferreira	2	32	65	Unknown	67	62	65	55	0	0	2025000	110000	eu:nelsonferreira	ESTIMATED
P	eu_switzerland	3	FC Thun	13	Marco Aratore	2	29	61	Unknown	63	66	65	55	0	0	1089000	60000	eu:marcoaratore	ESTIMATED
P	eu_switzerland	3	FC Thun	14	Nick Proschwitz	3	23	69	Unknown	64	67	64	55	0	0	3249000	180000	eu:nickproschwitz:28111986	SEASON_ARCHIVE_EST_RATING
P	eu_switzerland	3	FC Thun	15	Timm Klose	1	22	69	Unknown	75	69	68	55	0	0	3249000	180000	eu:timmklose:09051988	SEASON_ARCHIVE_EST_RATING
P	eu_switzerland	3	FC Thun	16	Andreas Wittwer	1	19	68	Unknown	61	62	71	55	0	0	2916000	160000	eu:andreaswittwer:05101990	SEASON_ARCHIVE_EST_RATING
P	eu_switzerland	3	FC Thun	17	Thomas Reinmann	1	27	66	Unknown	59	60	71	55	0	0	2304000	120000	eu:thomasreinmann:09041983	SEASON_ARCHIVE_EST_RATING
P	eu_switzerland	3	FC Thun	18	Dario Lezcano	2	20	66	Unknown	70	60	70	55	0	0	2304000	120000	eu:dariolezcano:30061990	SEASON_ARCHIVE_EST_RATING
T	eu_switzerland	4	FC Zürich	-1		-1	2010	0	Switzerland	0	0	0	55	55	2	0	0	eu_switzerland:4	REGISTRY
P	eu_switzerland	4	FC Zürich	0	Johnny Leoni	0	26	69	Unknown	58	70	70	55	0	0	3249000	180000	eu:johnnyleoni	SEASON_APPS_EST_RATING
P	eu_switzerland	4	FC Zürich	1	Yassine Chikhaoui	2	23	72	Unknown	76	58	70	55	0	0	4356000	240000	eu:yassinechikhaoui	SEASON_APPS_FIFA11
P	eu_switzerland	4	FC Zürich	2	Ludovic Magnin	1	31	71	Unknown	77	62	71	55	0	0	3969000	220000	eu:ludovicmagnin	SEASON_APPS_FIFA11
P	eu_switzerland	4	FC Zürich	3	Alexandre Alphonse	3	28	70	Unknown	82	66	64	55	0	0	3600000	200000	eu:alexandrealphonse	SEASON_APPS_FIFA11
P	eu_switzerland	4	FC Zürich	4	Eric Hassli	3	29	69	Unknown	66	74	63	55	0	0	3249000	180000	eu:erichassli	SEASON_APPS_FIFA11
P	eu_switzerland	4	FC Zürich	5	Xavier Margairaz	2	26	70	Unknown	74	74	65	55	0	0	3600000	200000	eu:xaviermargairaz	SEASON_APPS_FIFA11
P	eu_switzerland	4	FC Zürich	6	Dušan Djurić	2	25	72	Unknown	64	70	58	55	0	0	4356000	240000	eu:dusandjuric	SEASON_APPS_FIFA11
P	eu_switzerland	4	FC Zürich	7	Alain Rochat	1	27	67	Unknown	67	75	65	55	0	0	2601000	140000	eu:alainrochat	SEASON_APPS_FIFA11
P	eu_switzerland	4	FC Zürich	8	Amine Chermiti	3	22	68	Unknown	66	58	68	55	0	0	2916000	160000	eu:aminechermiti	SEASON_APPS_FIFA11
P	eu_switzerland	4	FC Zürich	9	Florian Stahel	1	25	67	Unknown	69	62	61	55	0	0	2601000	140000	eu:florianstahel	SEASON_APPS_FIFA11
P	eu_switzerland	4	FC Zürich	10	Heinz Barmettler	1	23	65	Unknown	75	64	58	55	0	0	2025000	110000	eu:heinzbarmettler	SEASON_APPS_FIFA11
P	eu_switzerland	4	FC Zürich	11	Silvan Aegerter	2	30	71	Unknown	52	60	48	55	0	0	3969000	220000	eu:silvanaegerter	SEASON_APPS_FIFA11
P	eu_switzerland	4	FC Zürich	12	Marco Schönbächler	3	20	71	Unknown	82	46	60	55	0	0	3969000	220000	eu:marcoschonbachler	SEASON_APPS_FIFA11
P	eu_switzerland	4	FC Zürich	13	Adrian Nikci	3	20	70	Unknown	70	62	58	55	0	0	3600000	200000	eu:adriannikci	SEASON_APPS_FIFA11
P	eu_switzerland	4	FC Zürich	14	Milan Gajić	2	23	66	Unknown	72	47	53	55	0	0	2304000	120000	eu:milangajic	SEASON_APPS_FIFA11
P	eu_switzerland	4	FC Zürich	15	Admir Mehmedi	3	19	72	Unknown	55	31	46	55	0	0	4356000	240000	eu:admirmehmedi	SEASON_APPS_FIFA11
P	eu_switzerland	4	FC Zürich	16	Andrea Guatelli	0	26	70	Unknown	68	75	65	55	0	0	3600000	200000	eu:andreaguatelli:05051984	SEASON_ARCHIVE_EST_RATING
P	eu_switzerland	4	FC Zürich	17	Chaker Zouaghi	2	25	71	Unknown	75	71	66	55	0	0	3969000	220000	eu:chakerzouaghi:10011985	SEASON_ARCHIVE_EST_RATING
P	eu_switzerland	4	FC Zürich	18	Philippe Koch	1	19	70	Unknown	64	64	73	55	0	0	3600000	200000	eu:philippekoch:08021991	SEASON_ARCHIVE_EST_RATING
P	eu_switzerland	4	FC Zürich	19	Jorge Teixeira	1	23	70	Unknown	72	68	65	55	0	0	3600000	200000	eu:jorgeteixeira:27081986	SEASON_ARCHIVE_EST_RATING
P	eu_switzerland	4	FC Zürich	20	Stjepan Kukuruzović	2	21	70	Unknown	69	71	71	55	0	0	3600000	200000	eu:stjepankukuruzovic:07061989	SEASON_ARCHIVE_EST_RATING
T	eu_switzerland	5	Lausanne-Sport	-1		-1	2010	0	Switzerland	0	0	0	55	55	2	0	0	eu_switzerland:5	REGISTRY
P	eu_switzerland	5	Lausanne-Sport	0	Anthony Favre	0	26	66	Unknown	64	62	63	55	0	0	2304000	120000	eu:anthonyfavre	SEASON_APPS_EST_RATING
P	eu_switzerland	5	Lausanne-Sport	1	Guillaume Katz	1	21	65	Unknown	57	62	66	55	0	0	2025000	110000	eu:guillaumekatz	SEASON_APPS_EST_RATING
P	eu_switzerland	5	Lausanne-Sport	2	Jérôme Sonnerat	1	25	65	Unknown	67	54	61	55	0	0	2025000	110000	eu:jeromesonnerat	SEASON_APPS_EST_RATING
P	eu_switzerland	5	Lausanne-Sport	3	Mickaël Castejon	0	25	67	Unknown	64	61	72	55	0	0	2601000	140000	eu:mickaelcastejon	SEASON_APPS_EST_RATING
P	eu_switzerland	5	Lausanne-Sport	4	Abdoulaye Ba	1	29	64	Unknown	58	68	59	55	0	0	1764000	90000	eu:abdoulayeba	ESTIMATED
P	eu_switzerland	5	Lausanne-Sport	5	Stéphane Nater	1	27	67	Unknown	64	62	69	55	0	0	2601000	140000	eu:stephanenater	ESTIMATED
P	eu_switzerland	5	Lausanne-Sport	6	Alexandre Pasche	2	19	64	Unknown	60	64	64	55	0	0	1764000	90000	eu:alexandrepasche	SEASON_APPS_EST_RATING
P	eu_switzerland	5	Lausanne-Sport	7	Nicolas Marazzi	2	29	66	Unknown	73	64	61	55	0	0	2304000	120000	eu:nicolasmarazzi	SEASON_APPS_EST_RATING
P	eu_switzerland	5	Lausanne-Sport	8	Jocelyn Roux	3	23	65	Unknown	53	64	65	55	0	0	2025000	110000	eu:jocelynroux	SEASON_APPS_EST_RATING
P	eu_switzerland	5	Lausanne-Sport	9	Moustapha Tall	2	20	61	Unknown	62	62	55	55	0	0	1089000	60000	eu:moustaphatall	ESTIMATED
P	eu_switzerland	5	Lausanne-Sport	10	Matt Moussilou	3	28	68	Unknown	77	65	74	55	0	0	2916000	160000	eu:mattmoussilou	SEASON_APPS_EST_RATING
P	eu_switzerland	5	Lausanne-Sport	11	Yannis Tafer	2	26	63	Unknown	56	69	57	55	0	0	1521000	80000	eu:yannistafer	ESTIMATED
P	eu_switzerland	5	Lausanne-Sport	12	Yves Miéville	2	24	64	Unknown	68	64	70	55	0	0	1764000	90000	eu:yvesmieville	ESTIMATED
P	eu_switzerland	5	Lausanne-Sport	13	Raphaël Khelifi	2	32	65	Unknown	65	66	62	55	0	0	2025000	110000	eu:raphaelkhelifi	ESTIMATED
P	eu_switzerland	5	Lausanne-Sport	14	Gaëtan Karlen	2	24	62	Unknown	65	57	67	55	0	0	1296000	70000	eu:gaetankarlen	ESTIMATED
T	eu_switzerland	6	Grasshopper Club Zürich	-1		-1	2010	0	Switzerland	0	0	0	55	55	2	0	0	eu_switzerland:6	REGISTRY
P	eu_switzerland	6	Grasshopper Club Zürich	0	Boris Smiljanić	1	33	71	Unknown	80	70	61	55	0	0	3969000	220000	eu:borissmiljanic	SEASON_APPS_FIFA11
P	eu_switzerland	6	Grasshopper Club Zürich	1	Ricardo Cabanas	2	31	69	Unknown	66	78	53	55	0	0	3249000	180000	eu:ricardocabanas	SEASON_APPS_FIFA11
P	eu_switzerland	6	Grasshopper Club Zürich	2	Guillermo Vallori	1	28	72	Unknown	81	52	65	55	0	0	4356000	240000	eu:guillermovallori	SEASON_APPS_FIFA11
P	eu_switzerland	6	Grasshopper Club Zürich	3	Paulo Menezes	1	28	72	Unknown	71	74	64	55	0	0	4356000	240000	eu:paulomenezes	SEASON_APPS_FIFA11
P	eu_switzerland	6	Grasshopper Club Zürich	4	Veroljub Salatić	2	24	71	Unknown	65	62	65	55	0	0	3969000	220000	eu:veroljubsalatic	SEASON_APPS_FIFA11
P	eu_switzerland	6	Grasshopper Club Zürich	5	Davide Callà	2	25	67	Unknown	67	66	57	55	0	0	2601000	140000	eu:davidecalla	SEASON_APPS_FIFA11
P	eu_switzerland	6	Grasshopper Club Zürich	6	Vincenzo Rennella	3	21	69	Unknown	69	36	64	55	0	0	3249000	180000	eu:vincenzorennella	SEASON_APPS_FIFA11
P	eu_switzerland	6	Grasshopper Club Zürich	7	Alessandro Riedle	3	18	66	Unknown	67	64	57	55	0	0	2304000	120000	eu:alessandroriedle	SEASON_APPS_FIFA11
P	eu_switzerland	6	Grasshopper Club Zürich	8	Steven Lang	2	22	70	Unknown	65	58	49	55	0	0	3600000	200000	eu:stevenlang	SEASON_APPS_FIFA11
P	eu_switzerland	6	Grasshopper Club Zürich	9	Innocent Emeghara	3	21	72	Unknown	62	58	49	55	0	0	4356000	240000	eu:innocentemeghara	SEASON_APPS_FIFA11
P	eu_switzerland	6	Grasshopper Club Zürich	10	Kay Voser	1	23	68	Unknown	80	66	47	55	0	0	2916000	160000	eu:kayvoser	SEASON_APPS_FIFA11
P	eu_switzerland	6	Grasshopper Club Zürich	11	Nzuzi Toko	2	19	71	Unknown	62	71	42	55	0	0	3969000	220000	eu:nzuzitoko	SEASON_APPS_FIFA11
P	eu_switzerland	6	Grasshopper Club Zürich	12	Josip Colina	1	29	70	Unknown	72	64	54	55	0	0	3600000	200000	eu:josipcolina	SEASON_APPS_FIFA11
P	eu_switzerland	6	Grasshopper Club Zürich	13	Roman Bürki	0	19	68	Unknown	72	64	62	55	0	0	2916000	160000	eu:romanburki	SEASON_APPS_EST_RATING
P	eu_switzerland	6	Grasshopper Club Zürich	14	Izet Hajrović	2	18	69	Unknown	62	60	57	55	0	0	3249000	180000	eu:izethajrovic	SEASON_APPS_EST_RATING
P	eu_switzerland	6	Grasshopper Club Zürich	15	Amir Abrashi	2	20	71	Unknown	75	60	66	55	0	0	3969000	220000	eu:amirabrashi	SEASON_APPS_EST_RATING
P	eu_switzerland	6	Grasshopper Club Zürich	16	Swen König	0	24	69	Unknown	73	74	65	55	0	0	3249000	180000	eu:swenkonig:03091985	SEASON_ARCHIVE_EST_RATING
P	eu_switzerland	6	Grasshopper Club Zürich	17	Steven Zuber	2	18	72	Unknown	72	71	72	55	0	0	4356000	240000	eu:stevenzuber:17081991	SEASON_ARCHIVE_EST_RATING
P	eu_switzerland	6	Grasshopper Club Zürich	18	Daniel Pavlović	1	22	70	Unknown	73	74	66	55	0	0	3600000	200000	eu:danielpavlovic:22041988	SEASON_ARCHIVE_EST_RATING
T	eu_switzerland	7	FC Sion	-1		-1	2010	0	Switzerland	0	0	0	55	55	2	0	0	eu_switzerland:7	REGISTRY
P	eu_switzerland	7	FC Sion	0	Andris Vaņins	0	30	73	Unknown	69	64	70	55	0	0	4761000	260000	eu:andrisvanins	SEASON_APPS_EST_RATING
P	eu_switzerland	7	FC Sion	1	George Ogăraru	1	30	70	Unknown	60	80	57	55	0	0	3600000	200000	eu:georgeogararu	SEASON_APPS_FIFA11
P	eu_switzerland	7	FC Sion	2	Michael Dingsdag	1	27	72	Unknown	70	70	54	55	0	0	4356000	240000	eu:michaeldingsdag	SEASON_APPS_FIFA11
P	eu_switzerland	7	FC Sion	3	Vilmos Vanczák	1	27	71	Unknown	59	61	59	55	0	0	3969000	220000	eu:vilmosvanczak	SEASON_APPS_FIFA11
P	eu_switzerland	7	FC Sion	4	Adaílton	1	27	71	Unknown	72	61	64	55	0	0	3969000	220000	eu:adailton	SEASON_APPS_FIFA11
P	eu_switzerland	7	FC Sion	5	Goran Obradović	2	34	72	Unknown	72	66	59	55	0	0	4356000	240000	eu:goranobradovic	SEASON_APPS_FIFA11
P	eu_switzerland	7	FC Sion	6	Fabrizio Zambrella	2	24	70	Unknown	78	62	62	55	0	0	3600000	200000	eu:fabriziozambrella	SEASON_APPS_FIFA11
P	eu_switzerland	7	FC Sion	7	Nicolas Marin	3	29	68	Unknown	56	66	52	55	0	0	2916000	160000	eu:nicolasmarin	SEASON_APPS_FIFA11
P	eu_switzerland	7	FC Sion	8	Arnaud Bühler	1	25	72	Unknown	60	64	47	55	0	0	4356000	240000	eu:arnaudbuhler	SEASON_APPS_FIFA11
P	eu_switzerland	7	FC Sion	9	Serey Die	2	23	59	Unknown	61	57	50	55	0	0	729000	50000	eu:sereydie	FIFA11_RATING_EST_AGE_ECONOMY
P	eu_switzerland	7	FC Sion	10	Abdoul Karim Yoda	2	25	58	Unknown	65	58	53	55	0	0	576000	50000	eu:abdoulkarimyoda	FIFA11_RATING_EST_AGE_ECONOMY
P	eu_switzerland	7	FC Sion	11	Enes Fermino	2	23	65	Unknown	56	52	40	55	0	0	2025000	110000	eu:enesfermino	SEASON_APPS_FIFA11
P	eu_switzerland	7	FC Sion	12	Jonas Elmer	1	22	69	Unknown	61	46	45	55	0	0	3249000	180000	eu:jonaselmer	SEASON_APPS_FIFA11
P	eu_switzerland	7	FC Sion	13	Giovanni Sio	2	21	71	Unknown	73	68	70	55	0	0	3969000	220000	eu:giovannisio	SEASON_APPS_EST_RATING
P	eu_switzerland	7	FC Sion	14	Moustapha Dabo	2	25	62	Unknown	57	65	66	55	0	0	1296000	70000	eu:moustaphadabo	ESTIMATED
P	eu_switzerland	7	FC Sion	15	Aleksandar Prijović	3	20	70	Unknown	67	71	68	55	0	0	3600000	200000	eu:aleksandarprijovic	SEASON_APPS_EST_RATING
P	eu_switzerland	7	FC Sion	16	Rodrigo	2	29	71	Unknown	71	68	72	55	0	0	3969000	220000	eu:rodrigo:06101980	SEASON_ARCHIVE_EST_RATING
P	eu_switzerland	7	FC Sion	17	Anthony Sauthier	2	19	70	Unknown	64	72	74	55	0	0	3600000	200000	eu:anthonysauthier:05021991	SEASON_ARCHIVE_EST_RATING
P	eu_switzerland	7	FC Sion	18	Álvaro Domínguez	2	29	70	Unknown	70	74	73	55	0	0	3600000	200000	eu:alvarodominguez:10061981	SEASON_ARCHIVE_EST_RATING
P	eu_switzerland	7	FC Sion	19	Dragan Mrđa	3	26	68	Unknown	62	62	70	55	0	0	2916000	160000	eu:draganmra:23011984	SEASON_ARCHIVE_EST_RATING
T	eu_turkey	0	Beşiktaş	-1		-1	2010	0	Turkey	0	0	0	55	55	2	0	0	eu_turkey:0	REGISTRY
P	eu_turkey	0	Beşiktaş	0	Hakan Arıkan	0	27	71	Unknown	66	68	74	55	0	0	3969000	220000	eu:hakanarkan	SEASON_APPS_EST_RATING
P	eu_turkey	0	Beşiktaş	1	Cenk Gönen	0	22	72	Unknown	66	67	65	55	0	0	4356000	240000	eu:cenkgonen	SEASON_APPS_EST_RATING
P	eu_turkey	0	Beşiktaş	2	Ricardo Quaresma	2	26	73	Unknown	71	61	59	55	0	0	4761000	260000	eu:ricardoquaresma	SEASON_APPS_EST_RATING
P	eu_turkey	0	Beşiktaş	3	Guti	2	33	81	Unknown	89	51	81	55	0	0	8649000	480000	eu:guti	SEASON_APPS_FIFA11
P	eu_turkey	0	Beşiktaş	4	Nihat Kahveci	3	30	70	Unknown	68	65	69	55	0	0	3600000	200000	eu:nihatkahveci	SEASON_APPS_EST_RATING
P	eu_turkey	0	Beşiktaş	5	Fabian Ernst	2	31	79	Unknown	80	48	80	55	0	0	7569000	420000	eu:fabianernst	SEASON_APPS_FIFA11
P	eu_turkey	0	Beşiktaş	6	İbrahim Toraman	1	28	79	Unknown	81	70	79	55	0	0	7569000	420000	eu:ibrahimtoraman	SEASON_APPS_FIFA11
P	eu_turkey	0	Beşiktaş	7	Matteo Ferrari	1	30	78	Unknown	79	68	75	55	0	0	7056000	390000	eu:matteoferrari	SEASON_APPS_FIFA11
P	eu_turkey	0	Beşiktaş	8	Rodrigo Tabata	2	29	77	Unknown	79	76	76	55	0	0	6561000	360000	eu:rodrigotabata	SEASON_APPS_FIFA11
P	eu_turkey	0	Beşiktaş	9	Bobô	3	25	76	Unknown	78	64	76	55	0	0	6084000	330000	eu:bobo	SEASON_APPS_FIFA11
P	eu_turkey	0	Beşiktaş	10	Fatih Tekke	3	32	76	Unknown	69	90	61	55	0	0	6084000	330000	eu:fatihtekke	SEASON_APPS_FIFA11
P	eu_turkey	0	Beşiktaş	11	Filip Hološko	3	26	76	Unknown	79	73	74	55	0	0	6084000	330000	eu:filipholosko	SEASON_APPS_FIFA11
P	eu_turkey	0	Beşiktaş	12	Roberto Hilbert	2	25	75	Unknown	61	62	76	55	0	0	5625000	310000	eu:robertohilbert	SEASON_APPS_FIFA11
P	eu_turkey	0	Beşiktaş	13	Mert Nobre	3	31	74	Unknown	79	70	71	55	0	0	5184000	280000	eu:mertnobre	FIFA11_RATING_EST_AGE_ECONOMY
P	eu_turkey	0	Beşiktaş	14	Michael Fink	2	28	74	Unknown	78	68	76	55	0	0	5184000	280000	eu:michaelfink	SEASON_APPS_FIFA11
P	eu_turkey	0	Beşiktaş	15	Ekrem Dağ	1	29	73	Unknown	83	42	70	55	0	0	4761000	260000	eu:ekremdag	SEASON_APPS_FIFA11
P	eu_turkey	0	Beşiktaş	16	Yusuf Şimşek	2	35	73	Unknown	84	58	71	55	0	0	4761000	260000	eu:yusufsimsek	SEASON_APPS_FIFA11
P	eu_turkey	0	Beşiktaş	17	Mehmet Aurelio	2	32	73	Unknown	77	54	68	55	0	0	4761000	260000	eu:mehmetaurelio	SEASON_APPS_FIFA11
P	eu_turkey	0	Beşiktaş	18	İsmail Köybaşı	1	21	73	Unknown	72	66	63	55	0	0	4761000	260000	eu:ismailkoybas	SEASON_APPS_FIFA11
P	eu_turkey	0	Beşiktaş	19	Necip Uysal	2	19	74	Unknown	66	70	51	55	0	0	5184000	280000	eu:necipuysal	SEASON_APPS_FIFA11
P	eu_turkey	0	Beşiktaş	20	İbrahim Üzülmez	1	36	71	Unknown	72	64	65	55	0	0	3969000	220000	eu:ibrahimuzulmez	SEASON_APPS_FIFA11
P	eu_turkey	0	Beşiktaş	21	Márcio Nobre	3	29	73	Unknown	68	69	78	55	0	0	4761000	260000	eu:marcionobre:06111980	SEASON_ARCHIVE_EST_RATING
P	eu_turkey	0	Beşiktaş	22	Hugo Almeida	3	26	77	Unknown	81	82	80	55	0	0	6561000	360000	eu:hugoalmeida:23051984	SEASON_ARCHIVE_EST_RATING
P	eu_turkey	0	Beşiktaş	23	Manuel Fernandes	2	24	76	Unknown	75	74	79	55	0	0	6084000	330000	eu:manuelfernandes:05021986	SEASON_ARCHIVE_EST_RATING
T	eu_turkey	1	Bursaspor	-1		-1	2010	0	Turkey	0	0	0	55	55	2	0	0	eu_turkey:1	REGISTRY
P	eu_turkey	1	Bursaspor	0	Dimitar Ivankov	0	34	72	Unknown	68	68	63	55	0	0	4356000	240000	eu:dimitarivankov	SEASON_APPS_EST_RATING
P	eu_turkey	1	Bursaspor	1	Sercan Yıldırım	3	20	70	Unknown	70	62	68	55	0	0	3600000	200000	eu:sercanyldrm	SEASON_APPS_EST_RATING
P	eu_turkey	1	Bursaspor	2	Federico Insúa	2	30	75	Unknown	75	64	76	55	0	0	5625000	310000	eu:federicoinsua	SEASON_APPS_FIFA11
P	eu_turkey	1	Bursaspor	3	Milan Stepanov	1	27	74	Unknown	67	81	65	55	0	0	5184000	280000	eu:milanstepanov	SEASON_APPS_FIFA11
P	eu_turkey	1	Bursaspor	4	Ömer Erdoğan	1	33	74	Unknown	78	65	70	55	0	0	5184000	280000	eu:omererdogan	SEASON_APPS_FIFA11
P	eu_turkey	1	Bursaspor	5	Volkan Şen	2	23	73	Unknown	80	64	72	55	0	0	4761000	260000	eu:volkansen	SEASON_APPS_FIFA11
P	eu_turkey	1	Bursaspor	6	Ivan Ergić	2	29	72	Unknown	74	72	59	55	0	0	4356000	240000	eu:ivanergic	SEASON_APPS_FIFA11
P	eu_turkey	1	Bursaspor	7	Gökçek Vederson	1	21	71	Unknown	73	52	74	55	0	0	3969000	220000	eu:gokcekvederson	FIFA11_RATING_EST_AGE_ECONOMY
P	eu_turkey	1	Bursaspor	8	Ozan İpek	2	23	72	Unknown	82	58	67	55	0	0	4356000	240000	eu:ozanipek	SEASON_APPS_FIFA11
P	eu_turkey	1	Bursaspor	9	Ali Tandoğan	2	32	70	Unknown	76	58	67	55	0	0	3600000	200000	eu:alitandogan	SEASON_APPS_FIFA11
P	eu_turkey	1	Bursaspor	10	Gustav Svensson	2	23	69	Unknown	67	74	57	55	0	0	3249000	180000	eu:gustavsvensson	SEASON_APPS_FIFA11
P	eu_turkey	1	Bursaspor	11	Hüseyin Çimşir	2	31	69	Unknown	79	56	63	55	0	0	3249000	180000	eu:huseyincimsir	SEASON_APPS_FIFA11
P	eu_turkey	1	Bursaspor	12	Pablo Batalla	2	26	72	Unknown	73	59	64	55	0	0	4356000	240000	eu:pablobatalla	SEASON_APPS_FIFA11
P	eu_turkey	1	Bursaspor	13	Turgay Bahadır	3	26	71	Unknown	71	67	68	55	0	0	3969000	220000	eu:turgaybahadr	SEASON_APPS_EST_RATING
P	eu_turkey	1	Bursaspor	14	Giani Kiriță	2	33	66	Unknown	78	57	59	55	0	0	2304000	120000	eu:gianikirita	FIFA11_RATING_EST_AGE_ECONOMY
P	eu_turkey	1	Bursaspor	15	Mustafa Keçeli	1	31	69	Unknown	79	55	61	55	0	0	3249000	180000	eu:mustafakeceli	SEASON_APPS_FIFA11
P	eu_turkey	1	Bursaspor	16	Bekir Ozan Has	2	25	69	Unknown	61	56	65	55	0	0	3249000	180000	eu:bekirozanhas	SEASON_APPS_FIFA11
P	eu_turkey	1	Bursaspor	17	İbrahim Öztürk	1	29	69	Unknown	75	66	60	55	0	0	3249000	180000	eu:ibrahimozturk	SEASON_APPS_FIFA11
P	eu_turkey	1	Bursaspor	18	Serdar Aziz	1	19	69	Unknown	62	64	55	55	0	0	3249000	180000	eu:serdaraziz	SEASON_APPS_FIFA11
P	eu_turkey	1	Bursaspor	19	Wederson	1	29	72	Unknown	66	68	74	55	0	0	4356000	240000	eu:wederson:22071981	SEASON_ARCHIVE_EST_RATING
P	eu_turkey	1	Bursaspor	20	Sercan Yildirim	3	20	72	Unknown	78	74	74	55	0	0	4356000	240000	eu:sercanyildirim:05041990	SEASON_ARCHIVE_EST_RATING
P	eu_turkey	1	Bursaspor	21	Leonel Núňez	3	25	68	Unknown	72	67	71	55	0	0	2916000	160000	eu:leonelnunez:13101984	SEASON_ARCHIVE_EST_RATING
T	eu_turkey	2	Fenerbahçe	-1		-1	2010	0	Turkey	0	0	0	55	55	2	0	0	eu_turkey:2	REGISTRY
P	eu_turkey	2	Fenerbahçe	0	Volkan Demirel	0	28	75	Unknown	55	59	65	55	0	0	5625000	310000	eu:volkandemirel	SEASON_APPS_EST_RATING
P	eu_turkey	2	Fenerbahçe	1	Diego Lugano	1	29	85	Unknown	82	51	87	55	0	0	11025000	610000	eu:diegolugano	SEASON_APPS_FIFA11
P	eu_turkey	2	Fenerbahçe	2	Emre Belözoğlu	2	29	73	Unknown	64	69	66	55	0	0	4761000	260000	eu:emrebelozoglu	SEASON_APPS_EST_RATING
P	eu_turkey	2	Fenerbahçe	3	Mamadou Niang	3	30	83	Unknown	87	62	80	55	0	0	9801000	540000	eu:mamadouniang	SEASON_APPS_FIFA11
P	eu_turkey	2	Fenerbahçe	4	Gökhan Ünal	3	28	77	Unknown	83	57	76	55	0	0	6561000	360000	eu:gokhanunal	SEASON_APPS_FIFA11
P	eu_turkey	2	Fenerbahçe	5	Dani Güiza	3	29	67	Unknown	71	74	61	55	0	0	2601000	140000	eu:daniguiza	SEASON_APPS_EST_RATING
P	eu_turkey	2	Fenerbahçe	6	Colin Kâzım-Richards	2	23	68	Unknown	77	74	70	55	0	0	2916000	160000	eu:colinkazmrichards	SEASON_APPS_EST_RATING
P	eu_turkey	2	Fenerbahçe	7	Semih Şentürk	3	27	77	Unknown	81	55	77	55	0	0	6561000	360000	eu:semihsenturk	SEASON_APPS_FIFA11
P	eu_turkey	2	Fenerbahçe	8	Mehmet Topuz	2	26	76	Unknown	70	78	61	55	0	0	6084000	330000	eu:mehmettopuz	SEASON_APPS_FIFA11
P	eu_turkey	2	Fenerbahçe	9	Miroslav Stoch	2	20	76	Unknown	60	58	76	55	0	0	6084000	330000	eu:miroslavstoch	SEASON_APPS_FIFA11
P	eu_turkey	2	Fenerbahçe	10	André Santos	1	27	75	Unknown	60	82	52	55	0	0	5625000	310000	eu:andresantos	SEASON_APPS_FIFA11
P	eu_turkey	2	Fenerbahçe	11	Fabio Bilica	1	31	75	Unknown	71	67	73	55	0	0	5625000	310000	eu:fabiobilica	SEASON_APPS_FIFA11
P	eu_turkey	2	Fenerbahçe	12	Gökhan Gönül	1	25	75	Unknown	72	69	73	55	0	0	5625000	310000	eu:gokhangonul	SEASON_APPS_FIFA11
P	eu_turkey	2	Fenerbahçe	13	Joseph Yobo	1	29	75	Unknown	76	83	63	55	0	0	5625000	310000	eu:josephyobo	SEASON_APPS_FIFA11
P	eu_turkey	2	Fenerbahçe	14	Uğur Boral	1	28	75	Unknown	64	55	74	55	0	0	5625000	310000	eu:ugurboral	SEASON_APPS_FIFA11
P	eu_turkey	2	Fenerbahçe	15	Issiar Dia	3	23	74	Unknown	84	72	71	55	0	0	5184000	280000	eu:issiardia	SEASON_APPS_FIFA11
P	eu_turkey	2	Fenerbahçe	16	Caner Erkin	2	21	72	Unknown	78	57	70	55	0	0	4356000	240000	eu:canererkin	SEASON_APPS_FIFA11
P	eu_turkey	2	Fenerbahçe	17	Özer Hurmacı	2	23	72	Unknown	61	42	68	55	0	0	4356000	240000	eu:ozerhurmac	SEASON_APPS_FIFA11
P	eu_turkey	2	Fenerbahçe	18	Selçuk Şahin	2	29	71	Unknown	87	56	65	55	0	0	3969000	220000	eu:selcuksahin	SEASON_APPS_FIFA11
P	eu_turkey	2	Fenerbahçe	19	Bekir İrtegün	1	26	70	Unknown	77	64	72	55	0	0	3600000	200000	eu:bekirirtegun:20041984	SEASON_ARCHIVE_EST_RATING
T	eu_turkey	3	Galatasaray	-1		-1	2010	0	Turkey	0	0	0	55	55	2	0	0	eu_turkey:3	REGISTRY
P	eu_turkey	3	Galatasaray	0	Ufuk Ceylan	0	24	72	Unknown	57	59	68	55	0	0	4356000	240000	eu:ufukceylan	SEASON_APPS_EST_RATING
P	eu_turkey	3	Galatasaray	1	Aykut Erçetin	0	27	70	Unknown	68	62	66	55	0	0	3600000	200000	eu:aykutercetin	SEASON_APPS_EST_RATING
P	eu_turkey	3	Galatasaray	2	Arda Turan	2	23	85	Unknown	80	68	85	55	0	0	11025000	610000	eu:ardaturan	SEASON_APPS_FIFA11
P	eu_turkey	3	Galatasaray	3	Zvjezdan Misimović	2	28	83	Unknown	82	92	74	55	0	0	9801000	540000	eu:zvjezdanmisimovic	SEASON_APPS_FIFA11
P	eu_turkey	3	Galatasaray	4	Elano	2	29	82	Unknown	75	82	71	55	0	0	9216000	510000	eu:elano	SEASON_APPS_FIFA11
P	eu_turkey	3	Galatasaray	5	Servet Çetin	1	29	82	Unknown	77	74	84	55	0	0	9216000	510000	eu:servetcetin	SEASON_APPS_FIFA11
P	eu_turkey	3	Galatasaray	6	Milan Baroš	3	28	81	Unknown	75	80	77	55	0	0	8649000	480000	eu:milanbaros	SEASON_APPS_FIFA11
P	eu_turkey	3	Galatasaray	7	Lucas Neill	1	32	80	Unknown	74	78	73	55	0	0	8100000	450000	eu:lucasneill	SEASON_APPS_FIFA11
P	eu_turkey	3	Galatasaray	8	Lorik Cana	2	27	78	Unknown	83	65	78	55	0	0	7056000	390000	eu:lorikcana	SEASON_APPS_FIFA11
P	eu_turkey	3	Galatasaray	9	Harry Kewell	2	31	77	Unknown	73	70	76	55	0	0	6561000	360000	eu:harrykewell	SEASON_APPS_FIFA11
P	eu_turkey	3	Galatasaray	10	Juan Pablo Pino	3	23	77	Unknown	82	79	68	55	0	0	6561000	360000	eu:juanpablopino	SEASON_APPS_FIFA11
P	eu_turkey	3	Galatasaray	11	Emiliano Insúa	1	21	75	Unknown	74	32	75	55	0	0	5625000	310000	eu:emilianoinsua	SEASON_APPS_FIFA11
P	eu_turkey	3	Galatasaray	12	Hakan Balta	1	27	75	Unknown	73	76	68	55	0	0	5625000	310000	eu:hakanbalta	SEASON_APPS_FIFA11
P	eu_turkey	3	Galatasaray	13	Sabri Sarıoğlu	1	26	75	Unknown	77	60	75	55	0	0	5625000	310000	eu:sabrisaroglu	SEASON_APPS_FIFA11
P	eu_turkey	3	Galatasaray	14	Gökhan Zan	1	28	74	Unknown	80	45	72	55	0	0	5184000	280000	eu:gokhanzan	SEASON_APPS_FIFA11
P	eu_turkey	3	Galatasaray	15	Serdar Özkan	2	23	74	Unknown	72	77	67	55	0	0	5184000	280000	eu:serdarozkan	SEASON_APPS_FIFA11
P	eu_turkey	3	Galatasaray	16	Barış Özbek	2	23	73	Unknown	74	55	72	55	0	0	4761000	260000	eu:barsozbek	SEASON_APPS_FIFA11
P	eu_turkey	3	Galatasaray	17	Mustafa Sarp	2	29	73	Unknown	64	82	59	55	0	0	4761000	260000	eu:mustafasarp	SEASON_APPS_FIFA11
P	eu_turkey	3	Galatasaray	18	Ayhan Akman	2	33	73	Unknown	69	67	61	55	0	0	4761000	260000	eu:ayhanakman	SEASON_APPS_FIFA11
P	eu_turkey	3	Galatasaray	19	Serkan Kurtuluş	2	20	70	Unknown	70	68	65	55	0	0	3600000	200000	eu:serkankurtulus:01011990	SEASON_ARCHIVE_EST_RATING
T	eu_turkey	4	Trabzonspor	-1		-1	2010	0	Turkey	0	0	0	55	55	2	0	0	eu_turkey:4	REGISTRY
P	eu_turkey	4	Trabzonspor	0	Onur Kıvrak	0	22	73	Unknown	68	71	76	55	0	0	4761000	260000	eu:onurkvrak	SEASON_APPS_EST_RATING
P	eu_turkey	4	Trabzonspor	1	Ibrahima Yattara	2	30	79	Unknown	80	70	79	55	0	0	7569000	420000	eu:ibrahimayattara	SEASON_APPS_FIFA11
P	eu_turkey	4	Trabzonspor	2	Alanzinho	2	27	78	Unknown	80	80	74	55	0	0	7056000	390000	eu:alanzinho	SEASON_APPS_FIFA11
P	eu_turkey	4	Trabzonspor	3	Egemen Korkmaz	1	27	77	Unknown	67	84	58	55	0	0	6561000	360000	eu:egemenkorkmaz	SEASON_APPS_FIFA11
P	eu_turkey	4	Trabzonspor	4	Burak Yılmaz	3	25	74	Unknown	70	66	72	55	0	0	5184000	280000	eu:burakylmaz	SEASON_APPS_FIFA11
P	eu_turkey	4	Trabzonspor	5	Gustavo Colman	2	25	74	Unknown	67	70	73	55	0	0	5184000	280000	eu:gustavocolman	SEASON_APPS_FIFA11
P	eu_turkey	4	Trabzonspor	6	Jajá Coelho	3	22	72	Unknown	66	73	56	55	0	0	4356000	240000	eu:jajacoelho	FIFA11_RATING_EST_AGE_ECONOMY
P	eu_turkey	4	Trabzonspor	7	Serkan Balcı	1	26	74	Unknown	70	68	72	55	0	0	5184000	280000	eu:serkanbalc	SEASON_APPS_FIFA11
P	eu_turkey	4	Trabzonspor	8	Sezer Badur	2	26	71	Unknown	79	46	70	55	0	0	3969000	220000	eu:sezerbadur	SEASON_APPS_FIFA11
P	eu_turkey	4	Trabzonspor	9	Umut Bulut	3	27	74	Unknown	69	57	73	55	0	0	5184000	280000	eu:umutbulut	SEASON_APPS_FIFA11
P	eu_turkey	4	Trabzonspor	10	Arkadiusz Głowacki	1	31	70	Unknown	77	62	68	55	0	0	3600000	200000	eu:arkadiuszgowacki	SEASON_APPS_FIFA11
P	eu_turkey	4	Trabzonspor	11	Giray Kaçar	1	25	73	Unknown	66	72	74	55	0	0	4761000	260000	eu:giraykacar	SEASON_APPS_EST_RATING
P	eu_turkey	4	Trabzonspor	12	Tayfun Cora	1	26	67	Unknown	72	54	64	55	0	0	2601000	140000	eu:tayfuncora	SEASON_APPS_FIFA11
P	eu_turkey	4	Trabzonspor	13	Selçuk İnan	2	25	74	Unknown	75	71	66	55	0	0	5184000	280000	eu:selcukinan	SEASON_APPS_EST_RATING
P	eu_turkey	4	Trabzonspor	14	Engin Baytar	2	27	70	Unknown	75	75	64	55	0	0	3600000	200000	eu:enginbaytar	SEASON_APPS_EST_RATING
P	eu_turkey	4	Trabzonspor	15	Ceyhun Gülselam	2	22	72	Unknown	59	72	68	55	0	0	4356000	240000	eu:ceyhungulselam	SEASON_APPS_EST_RATING
P	eu_turkey	4	Trabzonspor	16	Piotr Brożek	1	27	70	Unknown	66	73	69	55	0	0	3600000	200000	eu:piotrbrozek	SEASON_APPS_EST_RATING
P	eu_turkey	4	Trabzonspor	17	Pawel Brożek	3	27	69	Unknown	69	60	62	55	0	0	3249000	180000	eu:pawelbrozek	SEASON_APPS_EST_RATING
P	eu_turkey	4	Trabzonspor	18	Jajá	3	24	73	Unknown	78	67	74	55	0	0	4761000	260000	eu:jaja:28021986	SEASON_ARCHIVE_EST_RATING
P	eu_turkey	4	Trabzonspor	19	Hrvoje Čale	1	25	72	Unknown	78	77	69	55	0	0	4356000	240000	eu:hrvojecale:04031985	SEASON_ARCHIVE_EST_RATING
P	eu_turkey	4	Trabzonspor	20	Barış Ataş	2	23	70	Unknown	75	72	73	55	0	0	3600000	200000	eu:barsatas:01021987	SEASON_ARCHIVE_EST_RATING
T	eu_ukraine	0	Dynamo Kyiv	-1		-1	2010	0	Ukraine	0	0	0	55	55	2	0	0	eu_ukraine:0	REGISTRY
P	eu_ukraine	0	Dynamo Kyiv	0	Maksym Koval	0	17	71	Unknown	64	59	64	55	0	0	3969000	220000	eu:maksymkoval	SEASON_APPS_EST_RATING
P	eu_ukraine	0	Dynamo Kyiv	1	Oleksandr Shovkovskyi	0	35	72	Unknown	70	63	76	55	0	0	4356000	240000	eu:oleksandrshovkovskyi	SEASON_APPS_EST_RATING
P	eu_ukraine	0	Dynamo Kyiv	2	Denys Boyko	0	22	70	Unknown	66	69	74	55	0	0	3600000	200000	eu:denysboyko	SEASON_APPS_EST_RATING
P	eu_ukraine	0	Dynamo Kyiv	3	Taras Mykhalyk	1	26	72	Unknown	66	70	63	55	0	0	4356000	240000	eu:tarasmykhalyk	SEASON_APPS_EST_RATING
P	eu_ukraine	0	Dynamo Kyiv	4	Badr El Kaddouri	1	29	72	Unknown	77	75	76	55	0	0	4356000	240000	eu:badrelkaddouri	SEASON_APPS_EST_RATING
P	eu_ukraine	0	Dynamo Kyiv	5	Yevhen Khacheridi	1	32	67	Unknown	64	60	64	55	0	0	2601000	140000	eu:yevhenkhacheridi	ESTIMATED
P	eu_ukraine	0	Dynamo Kyiv	6	Goran Popov	1	25	72	Unknown	65	78	67	55	0	0	4356000	240000	eu:goranpopov	SEASON_APPS_EST_RATING
P	eu_ukraine	0	Dynamo Kyiv	7	Yussuf Ayila	1	24	72	Unknown	68	72	73	55	0	0	4356000	240000	eu:yussufayila	ESTIMATED
P	eu_ukraine	0	Dynamo Kyiv	8	Andriy Nesmachnyi	2	32	66	Unknown	60	59	63	55	0	0	2304000	120000	eu:andriynesmachnyi	ESTIMATED
P	eu_ukraine	0	Dynamo Kyiv	9	Ognjen Vukojević	2	26	75	Unknown	62	65	71	55	0	0	5625000	310000	eu:ognjenvukojevic	SEASON_APPS_EST_RATING
P	eu_ukraine	0	Dynamo Kyiv	10	Andriy Yarmolenko	3	20	75	Unknown	68	73	68	55	0	0	5625000	310000	eu:andriyyarmolenko	SEASON_APPS_EST_RATING
P	eu_ukraine	0	Dynamo Kyiv	11	Roman Eremenko	2	23	75	Unknown	70	66	70	55	0	0	5625000	310000	eu:romaneremenko	SEASON_APPS_EST_RATING
P	eu_ukraine	0	Dynamo Kyiv	12	Oleh Husyev	2	27	74	Unknown	66	69	66	55	0	0	5184000	280000	eu:olehhusyev	SEASON_APPS_EST_RATING
P	eu_ukraine	0	Dynamo Kyiv	13	Denys Harmash	2	20	73	Unknown	77	74	65	55	0	0	4761000	260000	eu:denysharmash	SEASON_APPS_EST_RATING
P	eu_ukraine	0	Dynamo Kyiv	14	Miloš Ninković	2	25	71	Unknown	62	60	66	55	0	0	3969000	220000	eu:milosninkovic	SEASON_APPS_EST_RATING
P	eu_ukraine	0	Dynamo Kyiv	15	Facundo Bertoglio	2	20	68	Unknown	63	72	63	55	0	0	2916000	160000	eu:facundobertoglio	SEASON_APPS_EST_RATING
P	eu_ukraine	0	Dynamo Kyiv	16	Artem Milevskyi	3	25	75	Unknown	66	67	70	55	0	0	5625000	310000	eu:artemmilevskyi	SEASON_APPS_EST_RATING
P	eu_ukraine	0	Dynamo Kyiv	17	Andriy Shevchenko	3	33	73	Unknown	68	77	66	55	0	0	4761000	260000	eu:andriyshevchenko	SEASON_APPS_EST_RATING
P	eu_ukraine	0	Dynamo Kyiv	18	Roman Zozulya	3	20	71	Unknown	68	69	75	55	0	0	3969000	220000	eu:romanzozulya	SEASON_APPS_EST_RATING
P	eu_ukraine	0	Dynamo Kyiv	19	Artem Kravets	3	21	70	Unknown	69	61	61	55	0	0	3600000	200000	eu:artemkravets	SEASON_APPS_EST_RATING
P	eu_ukraine	0	Dynamo Kyiv	20	Danilo Silva	1	23	74	Unknown	71	71	71	55	0	0	5184000	280000	eu:danilosilva:24101986	SEASON_ARCHIVE_EST_RATING
P	eu_ukraine	0	Dynamo Kyiv	21	Betão	1	26	74	Unknown	71	73	73	55	0	0	5184000	280000	eu:betao:11111983	SEASON_ARCHIVE_EST_RATING
P	eu_ukraine	0	Dynamo Kyiv	22	Leandro Almeida	1	23	72	Unknown	72	72	74	55	0	0	4356000	240000	eu:leandroalmeida:14031987	SEASON_ARCHIVE_EST_RATING
P	eu_ukraine	0	Dynamo Kyiv	23	Ayila Yussuf	2	25	71	Unknown	68	69	71	55	0	0	3969000	220000	eu:ayilayussuf:04111984	SEASON_ARCHIVE_EST_RATING
T	eu_ukraine	1	Karpaty Lviv	-1		-1	2010	0	Ukraine	0	0	0	55	55	2	0	0	eu_ukraine:1	REGISTRY
P	eu_ukraine	1	Karpaty Lviv	0	Andriy Tlumak	0	31	68	Unknown	74	74	68	55	0	0	2916000	160000	eu:andriytlumak	ESTIMATED
P	eu_ukraine	1	Karpaty Lviv	1	Martin Bogatinov	0	29	62	Unknown	69	62	56	55	0	0	1296000	70000	eu:martinbogatinov	ESTIMATED
P	eu_ukraine	1	Karpaty Lviv	2	Artem Fedetskyi	1	20	64	Unknown	67	60	67	55	0	0	1764000	90000	eu:artemfedetskyi	ESTIMATED
P	eu_ukraine	1	Karpaty Lviv	3	Ivan Milošević	1	32	68	Unknown	71	69	63	55	0	0	2916000	160000	eu:ivanmilosevic	ESTIMATED
P	eu_ukraine	1	Karpaty Lviv	4	Nemanja Tubić	1	32	62	Unknown	63	62	59	55	0	0	1296000	70000	eu:nemanjatubic	ESTIMATED
P	eu_ukraine	1	Karpaty Lviv	5	Igor Oshchipko	1	31	62	Unknown	60	69	60	55	0	0	1296000	70000	eu:igoroshchipko	ESTIMATED
P	eu_ukraine	1	Karpaty Lviv	6	Andriy Tkachuk	1	28	66	Unknown	61	70	64	55	0	0	2304000	120000	eu:andriytkachuk	ESTIMATED
P	eu_ukraine	1	Karpaty Lviv	7	Samson Godwin	1	22	70	Unknown	66	70	66	55	0	0	3600000	200000	eu:samsongodwin	ESTIMATED
P	eu_ukraine	1	Karpaty Lviv	8	Oleg Golodyuk	2	23	69	Unknown	65	68	71	55	0	0	3249000	180000	eu:oleggolodyuk	ESTIMATED
P	eu_ukraine	1	Karpaty Lviv	9	Igor Khudobyak	2	31	64	Unknown	71	64	65	55	0	0	1764000	90000	eu:igorkhudobyak	ESTIMATED
P	eu_ukraine	1	Karpaty Lviv	10	Mikhail Kopolovets	2	20	63	Unknown	59	58	67	55	0	0	1521000	80000	eu:mikhailkopolovets	ESTIMATED
P	eu_ukraine	1	Karpaty Lviv	11	Lucas Pérez	2	32	67	Unknown	61	66	64	55	0	0	2601000	140000	eu:lucasperez	ESTIMATED
P	eu_ukraine	1	Karpaty Lviv	12	Batista	2	30	63	Unknown	65	65	65	55	0	0	1521000	80000	eu:batista	ESTIMATED
P	eu_ukraine	1	Karpaty Lviv	13	Sergei Kuznetsov	2	27	70	Unknown	74	71	68	55	0	0	3600000	200000	eu:sergeikuznetsov	ESTIMATED
P	eu_ukraine	1	Karpaty Lviv	14	Denis Kozhanov	2	28	65	Unknown	70	58	71	55	0	0	2025000	110000	eu:deniskozhanov	ESTIMATED
P	eu_ukraine	1	Karpaty Lviv	15	William Rocha	3	32	62	Unknown	66	55	65	55	0	0	1296000	70000	eu:williamrocha	ESTIMATED
P	eu_ukraine	1	Karpaty Lviv	16	Gregor Balažic	3	23	63	Unknown	71	70	64	55	0	0	1521000	80000	eu:gregorbalazic	ESTIMATED
P	eu_ukraine	1	Karpaty Lviv	17	Danilo Avelar	3	27	69	Unknown	62	64	75	55	0	0	3249000	180000	eu:daniloavelar	ESTIMATED
T	eu_ukraine	2	Metalist Kharkiv	-1		-1	2010	0	Ukraine	0	0	0	55	55	2	0	0	eu_ukraine:2	REGISTRY
P	eu_ukraine	2	Metalist Kharkiv	0	Vladimir Dišljenković	0	29	70	Unknown	68	64	61	55	0	0	3600000	200000	eu:vladimirdisljenkovic	SEASON_APPS_EST_RATING
P	eu_ukraine	2	Metalist Kharkiv	1	Maksym Startsev	0	30	70	Unknown	64	65	67	55	0	0	3600000	200000	eu:maksymstartsev	SEASON_APPS_EST_RATING
P	eu_ukraine	2	Metalist Kharkiv	2	Oleksandr Horyainov	0	35	67	Unknown	63	65	61	55	0	0	2601000	140000	eu:oleksandrhoryainov	SEASON_APPS_EST_RATING
P	eu_ukraine	2	Metalist Kharkiv	3	Milan Obradović	1	32	72	Unknown	58	60	66	55	0	0	4356000	240000	eu:milanobradovic	SEASON_APPS_EST_RATING
P	eu_ukraine	2	Metalist Kharkiv	4	Cristian Villagra	1	24	71	Unknown	59	69	74	55	0	0	3969000	220000	eu:cristianvillagra	SEASON_APPS_EST_RATING
P	eu_ukraine	2	Metalist Kharkiv	5	Oleksandr Romanchuk	1	25	70	Unknown	66	64	69	55	0	0	3600000	200000	eu:oleksandrromanchuk	SEASON_APPS_EST_RATING
P	eu_ukraine	2	Metalist Kharkiv	6	Papa Guèye	1	26	70	Unknown	66	60	63	55	0	0	3600000	200000	eu:papagueye	SEASON_APPS_EST_RATING
P	eu_ukraine	2	Metalist Kharkiv	7	Vitalie Bordian	1	25	69	Unknown	60	69	65	55	0	0	3249000	180000	eu:vitaliebordian	SEASON_APPS_EST_RATING
P	eu_ukraine	2	Metalist Kharkiv	8	Lukáš Štetina	1	19	67	Unknown	70	60	72	55	0	0	2601000	140000	eu:lukasstetina	SEASON_APPS_EST_RATING
P	eu_ukraine	2	Metalist Kharkiv	9	Edmar	2	30	72	Unknown	57	65	59	55	0	0	4356000	240000	eu:edmar	SEASON_APPS_EST_RATING
P	eu_ukraine	2	Metalist Kharkiv	10	Serhiy Valyayev	2	31	63	Unknown	60	57	61	55	0	0	1521000	80000	eu:serhiyvalyayev	ESTIMATED
P	eu_ukraine	2	Metalist Kharkiv	11	Oleh Shelayev	2	33	71	Unknown	64	58	60	55	0	0	3969000	220000	eu:olehshelayev	SEASON_APPS_EST_RATING
P	eu_ukraine	2	Metalist Kharkiv	12	Sani Kaita	2	24	69	Unknown	66	64	74	55	0	0	3249000	180000	eu:sanikaita	SEASON_APPS_EST_RATING
P	eu_ukraine	2	Metalist Kharkiv	13	Denys Oliynyk	2	23	72	Unknown	65	70	60	55	0	0	4356000	240000	eu:denysoliynyk	SEASON_APPS_EST_RATING
P	eu_ukraine	2	Metalist Kharkiv	14	Marko Dević	3	26	71	Unknown	73	63	66	55	0	0	3969000	220000	eu:markodevic	SEASON_APPS_EST_RATING
P	eu_ukraine	2	Metalist Kharkiv	15	Taison	3	22	70	Unknown	63	68	68	55	0	0	3600000	200000	eu:taison	SEASON_APPS_EST_RATING
P	eu_ukraine	2	Metalist Kharkiv	16	Andriy Vorobey	3	27	70	Unknown	76	77	72	55	0	0	3600000	200000	eu:andriyvorobey	ESTIMATED
P	eu_ukraine	2	Metalist Kharkiv	17	Jonathan Cristaldo	3	21	67	Unknown	59	62	69	55	0	0	2601000	140000	eu:jonathancristaldo	SEASON_APPS_EST_RATING
P	eu_ukraine	2	Metalist Kharkiv	18	Sebastián Blanco	2	22	67	Unknown	73	60	69	55	0	0	2601000	140000	eu:sebastianblanco	SEASON_APPS_EST_RATING
P	eu_ukraine	2	Metalist Kharkiv	19	Cleiton Xavier	2	27	72	Unknown	72	67	76	55	0	0	4356000	240000	eu:cleitonxavier:23031983	SEASON_ARCHIVE_EST_RATING
P	eu_ukraine	2	Metalist Kharkiv	20	Serhij Valjajev	2	31	71	Unknown	71	76	70	55	0	0	3969000	220000	eu:serhijvaljajev:16091978	SEASON_ARCHIVE_EST_RATING
P	eu_ukraine	2	Metalist Kharkiv	21	Fininho	2	26	71	Unknown	64	71	69	55	0	0	3969000	220000	eu:fininho:03111983	SEASON_ARCHIVE_EST_RATING
P	eu_ukraine	2	Metalist Kharkiv	22	Serhij Pšeničnych	1	28	69	Unknown	65	63	74	55	0	0	3249000	180000	eu:serhijpsenicnych:09111981	SEASON_ARCHIVE_EST_RATING
T	eu_ukraine	3	Shakhtar Donetsk	-1		-1	2010	0	Ukraine	0	0	0	55	55	2	0	0	eu_ukraine:3	REGISTRY
P	eu_ukraine	3	Shakhtar Donetsk	0	Andriy Pyatov	0	22	74	Unknown	65	67	76	55	0	0	5184000	280000	eu:andriypyatov	ESTIMATED
P	eu_ukraine	3	Shakhtar Donetsk	1	Oleksandr Rybka	0	27	70	Unknown	65	77	76	55	0	0	3600000	200000	eu:oleksandrrybka	ESTIMATED
P	eu_ukraine	3	Shakhtar Donetsk	2	Dmytro Chygrynskiy	1	25	74	Unknown	72	73	79	55	0	0	5184000	280000	eu:dmytrochygrynskiy	ESTIMATED
P	eu_ukraine	3	Shakhtar Donetsk	3	Yaroslav Rakitskiy	1	28	73	Unknown	66	73	71	55	0	0	4761000	260000	eu:yaroslavrakitskiy	ESTIMATED
P	eu_ukraine	3	Shakhtar Donetsk	4	Olexandr Kucher	1	20	72	Unknown	77	78	75	55	0	0	4356000	240000	eu:olexandrkucher	ESTIMATED
P	eu_ukraine	3	Shakhtar Donetsk	5	Darijo Srna	1	28	76	Unknown	61	67	62	55	0	0	6084000	330000	eu:darijosrna	SEASON_APPS_EST_RATING
P	eu_ukraine	3	Shakhtar Donetsk	6	Razvan Raț	1	29	74	Unknown	77	71	67	55	0	0	5184000	280000	eu:razvanrat	SEASON_APPS_EST_RATING
P	eu_ukraine	3	Shakhtar Donetsk	7	Tomáš Hübschman	2	28	74	Unknown	74	68	75	55	0	0	5184000	280000	eu:tomashubschman	SEASON_APPS_EST_RATING
P	eu_ukraine	3	Shakhtar Donetsk	8	Fernandinho	2	25	73	Unknown	78	65	76	55	0	0	4761000	260000	eu:fernandinho	SEASON_APPS_EST_RATING
P	eu_ukraine	3	Shakhtar Donetsk	9	Willian	2	21	77	Unknown	68	66	64	55	0	0	6561000	360000	eu:willian	SEASON_APPS_EST_RATING
P	eu_ukraine	3	Shakhtar Donetsk	10	Jadson	2	26	76	Unknown	80	76	71	55	0	0	6084000	330000	eu:jadson	SEASON_APPS_EST_RATING
P	eu_ukraine	3	Shakhtar Donetsk	11	Douglas Costa	2	19	77	Unknown	67	63	68	55	0	0	6561000	360000	eu:douglascosta	SEASON_APPS_EST_RATING
P	eu_ukraine	3	Shakhtar Donetsk	12	Henrikh Mkhitaryan	2	32	71	Unknown	68	64	77	55	0	0	3969000	220000	eu:henrikhmkhitaryan	ESTIMATED
P	eu_ukraine	3	Shakhtar Donetsk	13	Alex Teixeira	2	20	76	Unknown	57	65	67	55	0	0	6084000	330000	eu:alexteixeira	SEASON_APPS_EST_RATING
P	eu_ukraine	3	Shakhtar Donetsk	14	Luiz Adriano	3	23	76	Unknown	60	60	72	55	0	0	6084000	330000	eu:luizadriano	SEASON_APPS_EST_RATING
P	eu_ukraine	3	Shakhtar Donetsk	15	Eduardo da Silva	3	32	69	Unknown	69	63	67	55	0	0	3249000	180000	eu:eduardodasilva	ESTIMATED
P	eu_ukraine	3	Shakhtar Donetsk	16	Marcelo Moreno	3	23	73	Unknown	75	69	70	55	0	0	4761000	260000	eu:marcelomoreno	SEASON_APPS_EST_RATING
P	eu_ukraine	3	Shakhtar Donetsk	17	Vitaliy Vitsenets	3	24	66	Unknown	58	67	60	55	0	0	2304000	120000	eu:vitaliyvitsenets	ESTIMATED
P	eu_ukraine	3	Shakhtar Donetsk	18	Ilsinho	3	29	72	Unknown	80	78	71	55	0	0	4356000	240000	eu:ilsinho	ESTIMATED
P	eu_ukraine	3	Shakhtar Donetsk	19	Mariusz Lewandowski	3	28	73	Unknown	75	69	70	55	0	0	4761000	260000	eu:mariuszlewandowski	ESTIMATED
P	eu_ukraine	3	Shakhtar Donetsk	20	Jaroslav Rakickyj	1	20	75	Unknown	74	69	71	55	0	0	5625000	310000	eu:jaroslavrakickyj:03081989	SEASON_ARCHIVE_EST_RATING
P	eu_ukraine	3	Shakhtar Donetsk	21	Dmytro Čyhrynskyj	1	23	73	Unknown	68	68	75	55	0	0	4761000	260000	eu:dmytrocyhrynskyj:07111986	SEASON_ARCHIVE_EST_RATING
P	eu_ukraine	3	Shakhtar Donetsk	22	Vitalij Vicenec	2	19	73	Unknown	73	73	75	55	0	0	4761000	260000	eu:vitalijvicenec:03081990	SEASON_ARCHIVE_EST_RATING
P	eu_ukraine	3	Shakhtar Donetsk	23	Taras Stepanenko	2	20	72	Unknown	79	66	76	55	0	0	4356000	240000	eu:tarasstepanenko:08081989	SEASON_ARCHIVE_EST_RATING
P	eu_ukraine	3	Shakhtar Donetsk	24	Oleksij Haj	2	27	72	Unknown	70	75	73	55	0	0	4356000	240000	eu:oleksijhaj:06111982	SEASON_ARCHIVE_EST_RATING
T	eu_ukraine	4	Vorskla Poltava	-1		-1	2010	0	Ukraine	0	0	0	55	55	2	0	0	eu_ukraine:4	REGISTRY
P	eu_ukraine	4	Vorskla Poltava	0	Serhiy Dolhanskyi	0	30	69	Unknown	65	64	69	55	0	0	3249000	180000	eu:serhiydolhanskyi	ESTIMATED
P	eu_ukraine	4	Vorskla Poltava	1	Ahmed Januzi	3	22	69	Unknown	62	58	58	55	0	0	3249000	180000	eu:ahmedjanuzi	SEASON_APPS_EST_RATING
P	eu_ukraine	4	Vorskla Poltava	2	Jovan Markoski	2	30	71	Unknown	65	73	73	55	0	0	3969000	220000	eu:jovanmarkoski	SEASON_APPS_EST_RATING
P	eu_ukraine	4	Vorskla Poltava	3	Roman Bezus	2	19	70	Unknown	74	76	75	55	0	0	3600000	200000	eu:romanbezus	SEASON_APPS_EST_RATING
P	eu_ukraine	4	Vorskla Poltava	4	Armend Dallku	1	26	71	Unknown	68	66	70	55	0	0	3969000	220000	eu:armenddallku	SEASON_APPS_EST_RATING
P	eu_ukraine	4	Vorskla Poltava	5	Volodymyr Chesnakov	1	22	69	Unknown	74	63	64	55	0	0	3249000	180000	eu:volodymyrchesnakov	SEASON_APPS_EST_RATING
P	eu_ukraine	4	Vorskla Poltava	6	Pavlo Rebenok	1	24	69	Unknown	67	70	74	55	0	0	3249000	180000	eu:pavlorebenok	ESTIMATED
P	eu_ukraine	4	Vorskla Poltava	7	Oleh Krasnopyorov	1	30	70	Unknown	70	64	69	55	0	0	3600000	200000	eu:olehkrasnopyorov	SEASON_APPS_EST_RATING
P	eu_ukraine	4	Vorskla Poltava	8	Denis Kulakov	2	24	71	Unknown	59	63	68	55	0	0	3969000	220000	eu:deniskulakov	SEASON_APPS_EST_RATING
P	eu_ukraine	4	Vorskla Poltava	9	Ivan Kryvosheienko	2	32	65	Unknown	73	72	65	55	0	0	2025000	110000	eu:ivankryvosheienko	ESTIMATED
P	eu_ukraine	4	Vorskla Poltava	10	Vasyl Sachko	3	35	70	Unknown	66	71	68	55	0	0	3600000	200000	eu:vasylsachko	SEASON_APPS_EST_RATING
P	eu_ukraine	4	Vorskla Poltava	11	Serhiy Zakarlyuka	2	24	63	Unknown	57	59	58	55	0	0	1521000	80000	eu:serhiyzakarlyuka	ESTIMATED
P	eu_ukraine	4	Vorskla Poltava	12	Yevhen Selin	1	22	70	Unknown	73	59	64	55	0	0	3600000	200000	eu:yevhenselin	SEASON_APPS_EST_RATING
P	eu_ukraine	4	Vorskla Poltava	13	Andriy Oberemko	2	26	70	Unknown	79	66	73	55	0	0	3600000	200000	eu:andriyoberemko	SEASON_APPS_EST_RATING
P	eu_ukraine	4	Vorskla Poltava	14	Aleksandr Matveyev	1	21	65	Unknown	61	63	58	55	0	0	2025000	110000	eu:aleksandrmatveyev	SEASON_APPS_EST_RATING
P	eu_ukraine	4	Vorskla Poltava	15	Dmytro Yesin	2	30	69	Unknown	56	57	69	55	0	0	3249000	180000	eu:dmytroyesin	SEASON_APPS_EST_RATING
P	eu_ukraine	4	Vorskla Poltava	16	Sergej Dolganskij	0	34	70	Unknown	76	67	73	55	0	0	3600000	200000	eu:sergejdolganskij:15091975	SEASON_ARCHIVE_EST_RATING
P	eu_ukraine	4	Vorskla Poltava	17	Artem Hromov	2	20	70	Unknown	69	76	71	55	0	0	3600000	200000	eu:artemhromov:14011990	SEASON_ARCHIVE_EST_RATING
T	eu_ukraine	5	Dnipro Dnipropetrovsk	-1		-1	2010	0	Ukraine	0	0	0	55	55	2	0	0	eu_ukraine:5	REGISTRY
P	eu_ukraine	5	Dnipro Dnipropetrovsk	0	Jan Laštůvka	0	28	70	Unknown	74	58	61	55	0	0	3600000	200000	eu:janlastuvka	SEASON_APPS_EST_RATING
P	eu_ukraine	5	Dnipro Dnipropetrovsk	1	Anton Kanibolotskyi	0	28	68	Unknown	72	74	67	55	0	0	2916000	160000	eu:antonkanibolotskyi	ESTIMATED
P	eu_ukraine	5	Dnipro Dnipropetrovsk	2	Andriy Rusol	1	27	70	Unknown	59	64	68	55	0	0	3600000	200000	eu:andriyrusol	SEASON_APPS_EST_RATING
P	eu_ukraine	5	Dnipro Dnipropetrovsk	3	Vitaliy Mandzyuk	1	24	70	Unknown	64	62	65	55	0	0	3600000	200000	eu:vitaliymandzyuk	SEASON_APPS_EST_RATING
P	eu_ukraine	5	Dnipro Dnipropetrovsk	4	Yevhen Cheberyachko	1	32	66	Unknown	62	60	68	55	0	0	2304000	120000	eu:yevhencheberyachko	ESTIMATED
P	eu_ukraine	5	Dnipro Dnipropetrovsk	5	Ruslan Rotan	2	28	70	Unknown	66	70	60	55	0	0	3600000	200000	eu:ruslanrotan	SEASON_APPS_EST_RATING
P	eu_ukraine	5	Dnipro Dnipropetrovsk	6	Serhiy Nazarenko	2	30	70	Unknown	74	63	60	55	0	0	3600000	200000	eu:serhiynazarenko	SEASON_APPS_EST_RATING
P	eu_ukraine	5	Dnipro Dnipropetrovsk	7	Maksym Kalynychenko	2	31	68	Unknown	64	70	72	55	0	0	2916000	160000	eu:maksymkalynychenko	SEASON_APPS_EST_RATING
P	eu_ukraine	5	Dnipro Dnipropetrovsk	8	Yevhen Konoplyanka	3	20	71	Unknown	56	60	65	55	0	0	3969000	220000	eu:yevhenkonoplyanka	SEASON_APPS_EST_RATING
P	eu_ukraine	5	Dnipro Dnipropetrovsk	9	Giuliano	2	20	67	Unknown	66	56	57	55	0	0	2601000	140000	eu:giuliano	SEASON_APPS_EST_RATING
P	eu_ukraine	5	Dnipro Dnipropetrovsk	10	Jaba Kankava	2	24	66	Unknown	73	69	71	55	0	0	2304000	120000	eu:jabakankava	SEASON_APPS_EST_RATING
P	eu_ukraine	5	Dnipro Dnipropetrovsk	11	Oleksandr Hladkyi	3	22	70	Unknown	73	67	74	55	0	0	3600000	200000	eu:oleksandrhladkyi	SEASON_APPS_EST_RATING
P	eu_ukraine	5	Dnipro Dnipropetrovsk	12	Yevhen Seleznyov	3	25	71	Unknown	63	74	74	55	0	0	3969000	220000	eu:yevhenseleznyov	SEASON_APPS_EST_RATING
P	eu_ukraine	5	Dnipro Dnipropetrovsk	13	Matheus	3	27	70	Unknown	79	71	71	55	0	0	3600000	200000	eu:matheus	SEASON_APPS_EST_RATING
P	eu_ukraine	5	Dnipro Dnipropetrovsk	14	Mario Holek	2	23	68	Unknown	64	62	71	55	0	0	2916000	160000	eu:marioholek	SEASON_APPS_EST_RATING
P	eu_ukraine	5	Dnipro Dnipropetrovsk	15	Serhij Kravčenko	2	27	71	Unknown	67	68	73	55	0	0	3969000	220000	eu:serhijkravcenko:24041983	SEASON_ARCHIVE_EST_RATING
P	eu_ukraine	5	Dnipro Dnipropetrovsk	16	Vitalij Denisov	1	23	71	Unknown	68	70	72	55	0	0	3969000	220000	eu:vitalijdenisov:23021987	SEASON_ARCHIVE_EST_RATING
P	eu_ukraine	5	Dnipro Dnipropetrovsk	17	Jevhen Šachov	2	19	69	Unknown	63	65	72	55	0	0	3249000	180000	eu:jevhensachov:30111990	SEASON_ARCHIVE_EST_RATING
P	eu_ukraine	5	Dnipro Dnipropetrovsk	18	Osmar Ferreyra	2	27	69	Unknown	72	72	64	55	0	0	3249000	180000	eu:osmarferreyra:09011983	SEASON_ARCHIVE_EST_RATING
P	eu_ukraine	5	Dnipro Dnipropetrovsk	19	Uča Lobžanidze	1	23	69	Unknown	74	75	69	55	0	0	3249000	180000	eu:ucalobzanidze:23021987	SEASON_ARCHIVE_EST_RATING
P	eu_ukraine	5	Dnipro Dnipropetrovsk	20	Volodymyr Homeňuk	3	25	68	Unknown	75	65	70	55	0	0	2916000	160000	eu:volodymyrhomenuk:19071985	SEASON_ARCHIVE_EST_RATING
