club	player	status	appearances	source	position	age	overall	provenance
Austria Wien	Roland Linz	SEASON_APPS_CONFIRMED	40	https://www.eurofotbal.cz/kluby/rakousko/austria-viden/soupiska/2010-2011/	3	28	74	SEASON_APPS_FIFA11
Austria Wien	Milenko Ačimovič	SEASON_APPS_CONFIRMED	0	https://www.eurofotbal.cz/kluby/rakousko/austria-viden/soupiska/2010-2011/	2	33	73	SEASON_APPS_FIFA11
Austria Wien	Aleksandar Dragović	SEASON_APPS_CONFIRMED	23	https://www.eurofotbal.cz/kluby/rakousko/austria-viden/soupiska/2010-2011/	1	19	71	SEASON_APPS_FIFA11
Austria Wien	Zlatko Junuzović	SEASON_APPS_CONFIRMED	34	https://www.eurofotbal.cz/kluby/rakousko/austria-viden/soupiska/2010-2011/	2	22	71	SEASON_APPS_FIFA11
Austria Wien	Peter Hlinka	SEASON_APPS_CONFIRMED	29	https://www.eurofotbal.cz/kluby/rakousko/austria-viden/soupiska/2010-2011/	2	31	68	SEASON_APPS_FIFA11
Austria Wien	Julian Baumgartlinger	SEASON_APPS_CONFIRMED	34	https://www.eurofotbal.cz/kluby/rakousko/austria-viden/soupiska/2010-2011/	2	22	66	SEASON_APPS_FIFA11
Austria Wien	Georg Margreitter	SEASON_APPS_CONFIRMED	29	https://www.eurofotbal.cz/kluby/rakousko/austria-viden/soupiska/2010-2011/	1	21	65	SEASON_APPS_FIFA11
Austria Wien	Petr Voříšek	SEASON_APPS_CONFIRMED	11	https://www.eurofotbal.cz/kluby/rakousko/austria-viden/soupiska/2010-2011/	2	31	65	SEASON_APPS_FIFA11
Austria Wien	Fernando Troyansky	SEASON_APPS_CONFIRMED	3	https://www.eurofotbal.cz/kluby/rakousko/austria-viden/soupiska/2010-2011/	1	32	60	SEASON_APPS_FIFA11
Austria Wien	Szabolcs Sáfár	SEASON_APPS_CONFIRMED	4	https://www.eurofotbal.cz/kluby/rakousko/austria-viden/soupiska/2010-2011/	0	35	63	SEASON_APPS_EST_RATING
Austria Wien	Heinz Lindner	SEASON_APPS_CONFIRMED	27	https://www.eurofotbal.cz/kluby/rakousko/austria-viden/soupiska/2010-2011/	0	20	68	SEASON_APPS_EST_RATING
Austria Wien	Manuel Ortlechner	SEASON_APPS_CONFIRMED	31	https://www.eurofotbal.cz/kluby/rakousko/austria-viden/soupiska/2010-2011/	1	30	70	SEASON_APPS_EST_RATING
Austria Wien	Markus Suttner	SEASON_APPS_CONFIRMED	31	https://www.eurofotbal.cz/kluby/rakousko/austria-viden/soupiska/2010-2011/	1	23	70	SEASON_APPS_EST_RATING
Austria Wien	Florian Klein	SEASON_APPS_CONFIRMED	40	https://www.eurofotbal.cz/kluby/rakousko/austria-viden/soupiska/2010-2011/	2	23	72	SEASON_APPS_EST_RATING
Austria Wien	Tomáš Jun	SEASON_APPS_CONFIRMED	30	https://www.eurofotbal.cz/kluby/rakousko/austria-viden/soupiska/2010-2011/	3	27	70	SEASON_APPS_EST_RATING
Austria Wien	Nacer Barazite	SEASON_APPS_CONFIRMED	15	https://www.eurofotbal.cz/kluby/rakousko/austria-viden/soupiska/2010-2011/	2	20	65	SEASON_APPS_EST_RATING
Austria Wien	Michael Liendl	SEASON_APPS_ADDED	34	https://www.eurofotbal.cz/kluby/rakousko/austria-viden/soupiska/2010-2011/	2	24	70	SEASON_ARCHIVE_EST_RATING
Austria Wien	Marko Stanković	SEASON_APPS_ADDED	32	https://www.eurofotbal.cz/kluby/rakousko/austria-viden/soupiska/2010-2011/	2	24	70	SEASON_ARCHIVE_EST_RATING
Austria Wien	Marin Leovac	SEASON_APPS_ADDED	21	https://www.eurofotbal.cz/kluby/rakousko/austria-viden/soupiska/2010-2011/	1	21	66	SEASON_ARCHIVE_EST_RATING
Rapid Wien	Steffen Hofmann	SEASON_APPS_CONFIRMED	34	https://www.eurofotbal.cz/kluby/rakousko/rapid-viden/soupiska/2010-2011/	2	29	76	SEASON_APPS_FIFA11
Rapid Wien	Hamdi Salihi	SEASON_APPS_CONFIRMED	39	https://www.eurofotbal.cz/kluby/rakousko/rapid-viden/soupiska/2010-2011/	3	26	74	SEASON_APPS_FIFA11
Rapid Wien	Jan Vennegoor of Hesselink	SEASON_APPS_CONFIRMED	13	https://www.eurofotbal.cz/kluby/rakousko/rapid-viden/soupiska/2010-2011/	3	31	64	SEASON_APPS_EST_RATING
Rapid Wien	Markus Heikkinen	SEASON_APPS_CONFIRMED	36	https://www.eurofotbal.cz/kluby/rakousko/rapid-viden/soupiska/2010-2011/	2	31	71	SEASON_APPS_FIFA11
Rapid Wien	Veli Kavlak	SEASON_APPS_CONFIRMED	29	https://www.eurofotbal.cz/kluby/rakousko/rapid-viden/soupiska/2010-2011/	2	21	71	SEASON_APPS_FIFA11
Rapid Wien	Ragnvald Soma	SEASON_APPS_CONFIRMED	41	https://www.eurofotbal.cz/kluby/rakousko/rapid-viden/soupiska/2010-2011/	1	30	70	SEASON_APPS_FIFA11
Rapid Wien	Christoph Saurer	SEASON_APPS_CONFIRMED	30	https://www.eurofotbal.cz/kluby/rakousko/rapid-viden/soupiska/2010-2011/	2	24	67	SEASON_APPS_FIFA11
Rapid Wien	Christopher Drazan	SEASON_APPS_CONFIRMED	29	https://www.eurofotbal.cz/kluby/rakousko/rapid-viden/soupiska/2010-2011/	2	19	67	SEASON_APPS_FIFA11
Rapid Wien	Mario Sonnleitner	SEASON_APPS_CONFIRMED	41	https://www.eurofotbal.cz/kluby/rakousko/rapid-viden/soupiska/2010-2011/	1	23	67	SEASON_APPS_FIFA11
Rapid Wien	Yaşin Pehlivan	SEASON_APPS_CONFIRMED	27	https://www.eurofotbal.cz/kluby/rakousko/rapid-viden/soupiska/2010-2011/	2	21	67	SEASON_APPS_FIFA11
Rapid Wien	Christopher Trimmel	SEASON_APPS_CONFIRMED	38	https://www.eurofotbal.cz/kluby/rakousko/rapid-viden/soupiska/2010-2011/	3	23	65	SEASON_APPS_FIFA11
Rapid Wien	Atdhe Nuhiu	SEASON_APPS_CONFIRMED	35	https://www.eurofotbal.cz/kluby/rakousko/rapid-viden/soupiska/2010-2011/	3	21	64	SEASON_APPS_FIFA11
Rapid Wien	Markus Katzer	SEASON_APPS_CONFIRMED	40	https://www.eurofotbal.cz/kluby/rakousko/rapid-viden/soupiska/2010-2011/	1	30	64	SEASON_APPS_FIFA11
Rapid Wien	Thomas Hinum	SEASON_APPS_CONFIRMED	15	https://www.eurofotbal.cz/kluby/rakousko/rapid-viden/soupiska/2010-2011/	2	23	64	SEASON_APPS_FIFA11
Rapid Wien	Jürgen Patocka	SEASON_APPS_CONFIRMED	23	https://www.eurofotbal.cz/kluby/rakousko/rapid-viden/soupiska/2010-2011/	1	33	63	SEASON_APPS_FIFA11
Rapid Wien	Tanju Kayhan	SEASON_APPS_CONFIRMED	39	https://www.eurofotbal.cz/kluby/rakousko/rapid-viden/soupiska/2010-2011/	1	21	63	SEASON_APPS_FIFA11
Rapid Wien	Andreas Dober	SEASON_APPS_CONFIRMED	15	https://www.eurofotbal.cz/kluby/rakousko/rapid-viden/soupiska/2010-2011/	1	24	62	SEASON_APPS_FIFA11
Rapid Wien	René Gartler	SEASON_APPS_CONFIRMED	23	https://www.eurofotbal.cz/kluby/rakousko/rapid-viden/soupiska/2010-2011/	3	24	62	SEASON_APPS_FIFA11
Rapid Wien	Hannes Eder	SEASON_APPS_CONFIRMED	3	https://www.eurofotbal.cz/kluby/rakousko/rapid-viden/soupiska/2010-2011/	1	26	61	SEASON_APPS_FIFA11
Rapid Wien	Stefan Kulovits	SEASON_APPS_CONFIRMED	24	https://www.eurofotbal.cz/kluby/rakousko/rapid-viden/soupiska/2010-2011/	2	27	60	SEASON_APPS_FIFA11
Rapid Wien	Raimund Hedl	SEASON_APPS_ADDED	30	https://www.eurofotbal.cz/kluby/rakousko/rapid-viden/soupiska/2010-2011/	0	35	70	SEASON_ARCHIVE_EST_RATING
Rapid Wien	Helge Payer	SEASON_APPS_ADDED	17	https://www.eurofotbal.cz/kluby/rakousko/rapid-viden/soupiska/2010-2011/	0	30	67	SEASON_ARCHIVE_EST_RATING
Red Bull Salzburg	Christoph Leitgeb	SEASON_APPS_CONFIRMED	45	https://www.eurofotbal.cz/kluby/rakousko/red-bull-salzburg/soupiska/2010-2011/	2	25	73	SEASON_APPS_FIFA11
Red Bull Salzburg	Ibrahim Sekagya	SEASON_APPS_CONFIRMED	40	https://www.eurofotbal.cz/kluby/rakousko/red-bull-salzburg/soupiska/2010-2011/	1	29	73	SEASON_APPS_FIFA11
Red Bull Salzburg	Rabiu Afolabi	SEASON_APPS_CONFIRMED	43	https://www.eurofotbal.cz/kluby/rakousko/red-bull-salzburg/soupiska/2010-2011/	1	30	73	SEASON_APPS_FIFA11
Red Bull Salzburg	David Mendes da Silva	SEASON_APPS_CONFIRMED	30	https://www.eurofotbal.cz/kluby/rakousko/red-bull-salzburg/soupiska/2010-2011/	2	27	72	SEASON_APPS_FIFA11
Red Bull Salzburg	Jakob Jantscher	SEASON_APPS_CONFIRMED	37	https://www.eurofotbal.cz/kluby/rakousko/red-bull-salzburg/soupiska/2010-2011/	3	21	72	SEASON_APPS_FIFA11
Red Bull Salzburg	Dušan Švento	SEASON_APPS_CONFIRMED	38	https://www.eurofotbal.cz/kluby/rakousko/red-bull-salzburg/soupiska/2010-2011/	2	25	71	SEASON_APPS_FIFA11
Red Bull Salzburg	Gonzalo Zárate	SEASON_APPS_CONFIRMED	44	https://www.eurofotbal.cz/kluby/rakousko/red-bull-salzburg/soupiska/2010-2011/	3	25	70	SEASON_APPS_FIFA11
Red Bull Salzburg	Johan Vonlanthen	SEASON_APPS_CONFIRMED	1	https://www.eurofotbal.cz/kluby/rakousko/red-bull-salzburg/soupiska/2010-2011/	3	24	69	SEASON_APPS_FIFA11
Red Bull Salzburg	Nikola Pokrivač	SEASON_APPS_CONFIRMED	13	https://www.eurofotbal.cz/kluby/rakousko/red-bull-salzburg/soupiska/2010-2011/	2	24	68	SEASON_APPS_FIFA11
Red Bull Salzburg	Simon Cziommer	SEASON_APPS_CONFIRMED	29	https://www.eurofotbal.cz/kluby/rakousko/red-bull-salzburg/soupiska/2010-2011/	2	29	68	SEASON_APPS_FIFA11
Red Bull Salzburg	Franz Schiemer	SEASON_APPS_CONFIRMED	35	https://www.eurofotbal.cz/kluby/rakousko/red-bull-salzburg/soupiska/2010-2011/	1	24	67	SEASON_APPS_FIFA11
Red Bull Salzburg	Roman Wallner	SEASON_APPS_CONFIRMED	40	https://www.eurofotbal.cz/kluby/rakousko/red-bull-salzburg/soupiska/2010-2011/	3	28	67	SEASON_APPS_FIFA11
Red Bull Salzburg	Andreas Ulmer	SEASON_APPS_CONFIRMED	10	https://www.eurofotbal.cz/kluby/rakousko/red-bull-salzburg/soupiska/2010-2011/	1	24	65	SEASON_APPS_FIFA11
Red Bull Salzburg	Christian Schwegler	SEASON_APPS_CONFIRMED	22	https://www.eurofotbal.cz/kluby/rakousko/red-bull-salzburg/soupiska/2010-2011/	1	26	65	SEASON_APPS_FIFA11
Red Bull Salzburg	Louis Clément Ngwat-Mahop	SEASON_APPS_CONFIRMED	6	https://www.eurofotbal.cz/kluby/rakousko/red-bull-salzburg/soupiska/2010-2011/	3	22	65	SEASON_APPS_EST_RATING
Red Bull Salzburg	Milan Dudić	SEASON_APPS_CONFIRMED	15	https://www.eurofotbal.cz/kluby/rakousko/red-bull-salzburg/soupiska/2010-2011/	1	30	65	SEASON_APPS_FIFA11
Red Bull Salzburg	Thomas Augustinussen	SEASON_APPS_CONFIRMED	13	https://www.eurofotbal.cz/kluby/rakousko/red-bull-salzburg/soupiska/2010-2011/	2	29	65	SEASON_APPS_FIFA11
Red Bull Salzburg	Robin Nelisse	SEASON_APPS_CONFIRMED	0	https://www.eurofotbal.cz/kluby/rakousko/red-bull-salzburg/soupiska/2010-2011/	3	32	64	SEASON_APPS_FIFA11
Red Bull Salzburg	Stefan Hierländer	SEASON_APPS_CONFIRMED	24	https://www.eurofotbal.cz/kluby/rakousko/red-bull-salzburg/soupiska/2010-2011/	1	19	60	SEASON_APPS_FIFA11
Red Bull Salzburg	Gerhard Tremmel	SEASON_APPS_ADDED	37	https://www.eurofotbal.cz/kluby/rakousko/red-bull-salzburg/soupiska/2010-2011/	0	31	73	SEASON_ARCHIVE_EST_RATING
Red Bull Salzburg	Eddie Gustafsson	SEASON_APPS_ADDED	8	https://www.eurofotbal.cz/kluby/rakousko/red-bull-salzburg/soupiska/2010-2011/	0	33	66	SEASON_ARCHIVE_EST_RATING
Red Bull Salzburg	Martin Hinteregger	SEASON_APPS_ADDED	26	https://www.eurofotbal.cz/kluby/rakousko/red-bull-salzburg/soupiska/2010-2011/	1	17	68	SEASON_ARCHIVE_EST_RATING
Red Bull Salzburg	Joaquín Boghossian	SEASON_APPS_ADDED	24	https://www.eurofotbal.cz/kluby/rakousko/red-bull-salzburg/soupiska/2010-2011/	3	23	70	SEASON_ARCHIVE_EST_RATING
Sturm Graz	Andreas Hölzl	SEASON_APPS_CONFIRMED	36	https://www.eurofotbal.cz/kluby/rakousko/sk-sturm-graz/soupiska/2010-2011/	2	25	69	SEASON_APPS_FIFA11
Sturm Graz	Imre Szabics	SEASON_APPS_CONFIRMED	38	https://www.eurofotbal.cz/kluby/rakousko/sk-sturm-graz/soupiska/2010-2011/	3	29	69	SEASON_APPS_FIFA11
Sturm Graz	Samir Muratović	SEASON_APPS_CONFIRMED	27	https://www.eurofotbal.cz/kluby/rakousko/sk-sturm-graz/soupiska/2010-2011/	2	34	67	SEASON_APPS_FIFA11
Sturm Graz	Mario Kienzl	SEASON_APPS_CONFIRMED	31	https://www.eurofotbal.cz/kluby/rakousko/sk-sturm-graz/soupiska/2010-2011/	2	26	66	SEASON_APPS_FIFA11
Sturm Graz	Joachim Standfest	SEASON_APPS_CONFIRMED	37	https://www.eurofotbal.cz/kluby/rakousko/sk-sturm-graz/soupiska/2010-2011/	2	30	65	SEASON_APPS_FIFA11
Sturm Graz	Manuel Weber	SEASON_APPS_CONFIRMED	39	https://www.eurofotbal.cz/kluby/rakousko/sk-sturm-graz/soupiska/2010-2011/	2	24	65	SEASON_APPS_FIFA11
Sturm Graz	Klaus Salmutter	SEASON_APPS_CONFIRMED	16	https://www.eurofotbal.cz/kluby/rakousko/sk-sturm-graz/soupiska/2010-2011/	2	26	64	SEASON_APPS_FIFA11
Sturm Graz	Mario Haas	SEASON_APPS_CONFIRMED	36	https://www.eurofotbal.cz/kluby/rakousko/sk-sturm-graz/soupiska/2010-2011/	3	35	64	SEASON_APPS_FIFA11
Sturm Graz	Timo Perthel	SEASON_APPS_CONFIRMED	20	https://www.eurofotbal.cz/kluby/rakousko/sk-sturm-graz/soupiska/2010-2011/	2	21	63	SEASON_APPS_FIFA11
Sturm Graz	Thomas Burgstaller	SEASON_APPS_CONFIRMED	21	https://www.eurofotbal.cz/kluby/rakousko/sk-sturm-graz/soupiska/2010-2011/	1	30	62	SEASON_APPS_FIFA11
Sturm Graz	Christian Gratzei	SEASON_APPS_CONFIRMED	31	https://www.eurofotbal.cz/kluby/rakousko/sk-sturm-graz/soupiska/2010-2011/	0	28	71	SEASON_APPS_EST_RATING
Sturm Graz	Gordon Schildenfeld	SEASON_APPS_CONFIRMED	41	https://www.eurofotbal.cz/kluby/rakousko/sk-sturm-graz/soupiska/2010-2011/	1	25	72	SEASON_APPS_EST_RATING
Sturm Graz	Ferdinand Feldhofer	SEASON_APPS_CONFIRMED	22	https://www.eurofotbal.cz/kluby/rakousko/sk-sturm-graz/soupiska/2010-2011/	1	30	68	SEASON_APPS_EST_RATING
Sturm Graz	Mario Klem	UNVERIFIED_SOURCE_GAP			2	31	66	UNVERIFIED_ESTIMATED
Sturm Graz	Haris Bukva	SEASON_APPS_CONFIRMED	14	https://www.eurofotbal.cz/kluby/rakousko/sk-sturm-graz/soupiska/2010-2011/	2	22	65	SEASON_APPS_EST_RATING
Sturm Graz	Roman Kienast	SEASON_APPS_CONFIRMED	36	https://www.eurofotbal.cz/kluby/rakousko/sk-sturm-graz/soupiska/2010-2011/	3	26	71	SEASON_APPS_EST_RATING
Sturm Graz	Patrick Wolf	SEASON_APPS_CONFIRMED	9	https://www.eurofotbal.cz/kluby/rakousko/sk-sturm-graz/soupiska/2010-2011/	2	29	64	SEASON_APPS_EST_RATING
Sturm Graz	Dominic Pürcher	SEASON_APPS_ADDED	24	https://www.eurofotbal.cz/kluby/rakousko/sk-sturm-graz/soupiska/2010-2011/	1	22	67	SEASON_ARCHIVE_EST_RATING
Sturm Graz	Martin Ehrenreich	SEASON_APPS_ADDED	19	https://www.eurofotbal.cz/kluby/rakousko/sk-sturm-graz/soupiska/2010-2011/	1	27	67	SEASON_ARCHIVE_EST_RATING
Neftçi PFK	Rauf Mehdiyev	SEASON_APPS_CONFIRMED	20	https://www.national-football-teams.com/club/168/2010/Neftci_Baki.html	0	33	62	SEASON_APPS_EST_RATING
Neftçi PFK	Paulius Grybauskas	SEASON_APPS_CONFIRMED	11	https://www.national-football-teams.com/club/168/2010/Neftci_Baki.html	0	26	61	SEASON_APPS_EST_RATING
Neftçi PFK	Emil Balayev	SEASON_APPS_CONFIRMED	0	https://www.national-football-teams.com/club/168/2010/Neftci_Baki.html	0	16	55	SEASON_APPS_EST_RATING
Neftçi PFK	Ruslan Abishov	SEASON_APPS_CONFIRMED	25	https://www.national-football-teams.com/club/168/2010/Neftci_Baki.html	1	22	62	SEASON_APPS_EST_RATING
Neftçi PFK	Igor Mitreski	SEASON_APPS_CONFIRMED	0	https://www.eurofotbal.cz/kluby/azerbajdzan/neftci-baku/soupiska/2010-2011/	1	31	56	SEASON_APPS_EST_RATING
Neftçi PFK	Mahir Shukurov	UNVERIFIED_SOURCE_GAP			1	24	58	UNVERIFIED_ESTIMATED
Neftçi PFK	Rail Melikov	SEASON_APPS_CONFIRMED	20	https://www.national-football-teams.com/club/168/2010/Neftci_Baki.html	1	24	62	SEASON_APPS_EST_RATING
Neftçi PFK	Slavčo Georgievski	SEASON_APPS_CONFIRMED	29	https://www.national-football-teams.com/club/168/2010/Neftci_Baki.html	2	30	64	SEASON_APPS_EST_RATING
Neftçi PFK	Flavinho	UNVERIFIED_SOURCE_GAP			2	20	59	UNVERIFIED_ESTIMATED
Neftçi PFK	Rashad Abdullayev	SEASON_APPS_CONFIRMED	26	https://www.national-football-teams.com/club/168/2010/Neftci_Baki.html	2	28	63	SEASON_APPS_EST_RATING
Neftçi PFK	Rodriguinho	UNVERIFIED_SOURCE_GAP			2	31	58	UNVERIFIED_ESTIMATED
Neftçi PFK	Elmar Bakhshiyev	UNVERIFIED_SOURCE_GAP			2	27	62	UNVERIFIED_ESTIMATED
Neftçi PFK	Amit Guluzade	SEASON_APPS_CONFIRMED	0	https://www.eurofotbal.cz/kluby/azerbajdzan/neftci-baku/soupiska/2010-2011/	2	17	55	SEASON_APPS_EST_RATING
Neftçi PFK	Yacine Hima	SEASON_APPS_CONFIRMED	7	https://www.national-football-teams.com/club/168/2010/Neftci_Baki.html	2	26	59	SEASON_APPS_EST_RATING
Neftçi PFK	Vladimir Burduli	SEASON_APPS_CONFIRMED	1	https://www.national-football-teams.com/club/168/2010/Neftci_Baki.html	2	29	57	SEASON_APPS_EST_RATING
Neftçi PFK	Bahodir Nasimov	SEASON_APPS_CONFIRMED	28	https://www.national-football-teams.com/club/168/2010/Neftci_Baki.html	3	23	64	SEASON_APPS_EST_RATING
Neftçi PFK	Émile Mpenza	SEASON_APPS_CONFIRMED	0	https://www.eurofotbal.cz/kluby/azerbajdzan/neftci-baku/soupiska/2010-2011/	3	32	56	SEASON_APPS_EST_RATING
Neftçi PFK	Farid Guliyev	SEASON_APPS_CONFIRMED	10	https://www.national-football-teams.com/club/168/2010/Neftci_Baki.html	3	24	59	SEASON_APPS_EST_RATING
Neftçi PFK	Ruslan Gurbanov	SEASON_APPS_CONFIRMED	6	https://www.national-football-teams.com/club/168/2010/Neftci_Baki.html	3	18	57	SEASON_APPS_EST_RATING
Neftçi PFK	Çavid Hüseynov	SEASON_APPS_ADDED	27	https://www.national-football-teams.com/club/168/2010/Neftci_Baki.html	2	22	63	SEASON_ARCHIVE_EST_RATING
Neftçi PFK	Cavid İmamverdiyev	SEASON_APPS_ADDED	23	https://www.national-football-teams.com/club/168/2010/Neftci_Baki.html	2	20	62	SEASON_ARCHIVE_EST_RATING
Qarabağ FK	Farhad Valiyev	SEASON_APPS_CONFIRMED	4	https://www.eurofotbal.cz/kluby/azerbajdzan/qarabag-agdam/soupiska/2010-2011/	0	29	59	SEASON_APPS_EST_RATING
Qarabağ FK	Bojan Pavlović	SEASON_APPS_CONFIRMED	0	https://www.eurofotbal.cz/kluby/azerbajdzan/qarabag-agdam/soupiska/2010-2011/	0	23	57	SEASON_APPS_EST_RATING
Qarabağ FK	Sahil Kerimov	UNVERIFIED_SOURCE_GAP			1	30	59	UNVERIFIED_ESTIMATED
Qarabağ FK	Rashad Sadygov	UNVERIFIED_SOURCE_GAP			1	23	66	UNVERIFIED_ESTIMATED
Qarabağ FK	Admir Teli	SEASON_APPS_CONFIRMED	4	https://www.eurofotbal.cz/kluby/azerbajdzan/qarabag-agdam/soupiska/2010-2011/	1	29	58	SEASON_APPS_EST_RATING
Qarabağ FK	Zaur Hashimov	SEASON_APPS_CONFIRMED	1	https://www.eurofotbal.cz/kluby/azerbajdzan/qarabag-agdam/soupiska/2010-2011/	1	28	57	SEASON_APPS_EST_RATING
Qarabağ FK	Aftandil Hajiyev	UNVERIFIED_SOURCE_GAP			1	31	62	UNVERIFIED_ESTIMATED
Qarabağ FK	Ilgar Gurbanov	UNVERIFIED_SOURCE_GAP			1	33	60	UNVERIFIED_ESTIMATED
Qarabağ FK	Maksim Medvedev	SEASON_APPS_CONFIRMED	4	https://www.eurofotbal.cz/kluby/azerbajdzan/qarabag-agdam/soupiska/2010-2011/	1	20	57	SEASON_APPS_EST_RATING
Qarabağ FK	Samir Abasov	SEASON_APPS_CONFIRMED	4	https://www.eurofotbal.cz/kluby/azerbajdzan/qarabag-agdam/soupiska/2010-2011/	1	32	57	SEASON_APPS_EST_RATING
Qarabağ FK	Namig Yusifov	SEASON_APPS_CONFIRMED	1	https://www.eurofotbal.cz/kluby/azerbajdzan/qarabag-agdam/soupiska/2010-2011/	2	23	57	SEASON_APPS_EST_RATING
Qarabağ FK	Elvin Mammadov	SEASON_APPS_CONFIRMED	1	https://www.eurofotbal.cz/kluby/azerbajdzan/qarabag-agdam/soupiska/2010-2011/	2	22	56	SEASON_APPS_EST_RATING
Qarabağ FK	Devran Ayhan	UNVERIFIED_SOURCE_GAP			2	28	58	UNVERIFIED_ESTIMATED
Qarabağ FK	Emin Imamaliyev	SEASON_APPS_CONFIRMED	3	https://www.eurofotbal.cz/kluby/azerbajdzan/qarabag-agdam/soupiska/2010-2011/	3	29	58	SEASON_APPS_EST_RATING
Qarabağ FK	Nderim Nexhipi	UNVERIFIED_SOURCE_GAP			2	31	62	UNVERIFIED_ESTIMATED
Qarabağ FK	Vugar Nadirov	SEASON_APPS_CONFIRMED	4	https://www.eurofotbal.cz/kluby/azerbajdzan/qarabag-agdam/soupiska/2010-2011/	3	23	58	SEASON_APPS_EST_RATING
Qarabağ FK	Afran Ismayilov	SEASON_APPS_CONFIRMED	2	https://www.eurofotbal.cz/kluby/azerbajdzan/qarabag-agdam/soupiska/2010-2011/	3	21	56	SEASON_APPS_EST_RATING
Qarabağ FK	Andrejs Rubins	SEASON_APPS_CONFIRMED	4	https://www.eurofotbal.cz/kluby/azerbajdzan/qarabag-agdam/soupiska/2010-2011/	2	31	57	SEASON_APPS_EST_RATING
Qarabağ FK	Giorgi Adamia	SEASON_APPS_CONFIRMED	4	https://www.eurofotbal.cz/kluby/azerbajdzan/qarabag-agdam/soupiska/2010-2011/	3	29	58	SEASON_APPS_EST_RATING
Qarabağ FK	Rauf Aliyev	SEASON_APPS_CONFIRMED	4	https://www.eurofotbal.cz/kluby/azerbajdzan/qarabag-agdam/soupiska/2010-2011/	3	21	57	SEASON_APPS_EST_RATING
Qarabağ FK	Tural Isgandarov	UNVERIFIED_SOURCE_GAP			3	33	58	UNVERIFIED_ESTIMATED
BATE Borisov	Sergey Veremko	SEASON_APPS_CONFIRMED	0	https://www.eurofotbal.cz/kluby/belorusko/bate-borisov/soupiska/2010/	0	27	62	SEASON_APPS_EST_RATING
BATE Borisov	Aleksandr Gutor	UNVERIFIED_SOURCE_GAP			0	32	66	UNVERIFIED_ESTIMATED
BATE Borisov	Roman Stepanov	UNVERIFIED_SOURCE_GAP			1	24	62	UNVERIFIED_ESTIMATED
BATE Borisov	Aleksandr Yurevich	SEASON_APPS_CONFIRMED	0	https://www.eurofotbal.cz/kluby/belorusko/bate-borisov/soupiska/2010/	1	30	61	SEASON_APPS_EST_RATING
BATE Borisov	Sergey Sosnovskiy	SEASON_APPS_CONFIRMED	0	https://www.eurofotbal.cz/kluby/belorusko/bate-borisov/soupiska/2010/	1	28	61	SEASON_APPS_EST_RATING
BATE Borisov	Maksim Bordachev	UNVERIFIED_SOURCE_GAP			1	22	69	UNVERIFIED_ESTIMATED
BATE Borisov	Aleksandr Pavlov	SEASON_APPS_CONFIRMED	0	https://www.eurofotbal.cz/kluby/belorusko/bate-borisov/soupiska/2010/	2	25	61	SEASON_APPS_EST_RATING
BATE Borisov	Dmitri Likhtarovich	SEASON_APPS_CONFIRMED	0	https://www.eurofotbal.cz/kluby/belorusko/bate-borisov/soupiska/2010/	2	32	60	SEASON_APPS_EST_RATING
BATE Borisov	Renan Bressan	SEASON_APPS_CONFIRMED	0	https://www.eurofotbal.cz/kluby/belorusko/bate-borisov/soupiska/2010/	2	21	60	SEASON_APPS_EST_RATING
BATE Borisov	Pavel Nekhaychik	UNVERIFIED_SOURCE_GAP			2	24	62	UNVERIFIED_ESTIMATED
BATE Borisov	Igor Stasevich	SEASON_APPS_CONFIRMED	0	https://www.eurofotbal.cz/kluby/belorusko/bate-borisov/soupiska/2010/	2	24	61	SEASON_APPS_EST_RATING
BATE Borisov	Aleksandr Volodko	UNVERIFIED_SOURCE_GAP			2	22	67	UNVERIFIED_ESTIMATED
BATE Borisov	Aleksandr Karnitskiy	UNVERIFIED_SOURCE_GAP			2	32	68	UNVERIFIED_ESTIMATED
BATE Borisov	Vitali Rodionov	UNVERIFIED_SOURCE_GAP			2	32	70	UNVERIFIED_ESTIMATED
BATE Borisov	Maksim Skavysh	SEASON_APPS_CONFIRMED	0	https://www.eurofotbal.cz/kluby/belorusko/bate-borisov/soupiska/2010/	3	20	60	SEASON_APPS_EST_RATING
BATE Borisov	Artem Kontsevoy	UNVERIFIED_SOURCE_GAP			3	32	70	UNVERIFIED_ESTIMATED
BATE Borisov	Aleksandr Alumona	SEASON_APPS_CONFIRMED	0	https://www.eurofotbal.cz/kluby/belorusko/bate-borisov/soupiska/2010/	3	26	61	SEASON_APPS_EST_RATING
Dinamo Minsk	Aleksandar Čanović	UNVERIFIED_SOURCE_GAP			0	32	63	UNVERIFIED_ESTIMATED
Dinamo Minsk	Aleksandr Sulima	SEASON_APPS_CONFIRMED	8	https://www.national-football-teams.com/club/196/2010_2/Dynama_Minsk.html	0	30	60	SEASON_APPS_EST_RATING
Dinamo Minsk	Andrey Gorbunov	UNVERIFIED_SOURCE_GAP			1	23	65	UNVERIFIED_ESTIMATED
Dinamo Minsk	Vitaliy Marakhovskiy	UNVERIFIED_SOURCE_GAP			1	22	63	UNVERIFIED_ESTIMATED
Dinamo Minsk	Aleksey Gavrilovich	SEASON_APPS_CONFIRMED	7	https://www.national-football-teams.com/club/196/2010_2/Dynama_Minsk.html	1	20	58	SEASON_APPS_EST_RATING
Dinamo Minsk	Dmitriy Molosh	UNVERIFIED_SOURCE_GAP			1	20	65	UNVERIFIED_ESTIMATED
Dinamo Minsk	Oleg Veretilo	UNVERIFIED_SOURCE_GAP			1	31	58	UNVERIFIED_ESTIMATED
Dinamo Minsk	Mikhail Afanasyev	UNVERIFIED_SOURCE_GAP			1	32	58	UNVERIFIED_ESTIMATED
Dinamo Minsk	Oleg Strakhanovich	SEASON_APPS_CONFIRMED	32	https://www.national-football-teams.com/club/196/2010_2/Dynama_Minsk.html	2	30	65	SEASON_APPS_EST_RATING
Dinamo Minsk	Vyacheslav Hleb	UNVERIFIED_SOURCE_GAP			2	30	64	UNVERIFIED_ESTIMATED
Dinamo Minsk	Andrey Chukhley	SEASON_APPS_CONFIRMED	25	https://www.national-football-teams.com/club/196/2010_2/Dynama_Minsk.html	2	22	62	SEASON_APPS_EST_RATING
Dinamo Minsk	Sergey Kislyak	UNVERIFIED_SOURCE_GAP			2	27	65	UNVERIFIED_ESTIMATED
Dinamo Minsk	Anton Matveenko	UNVERIFIED_SOURCE_GAP			2	33	66	UNVERIFIED_ESTIMATED
Dinamo Minsk	Leonid Kovel	UNVERIFIED_SOURCE_GAP			2	23	61	UNVERIFIED_ESTIMATED
Dinamo Minsk	Aleksandr Sazankov	SEASON_APPS_CONFIRMED	0	https://www.eurofotbal.cz/kluby/belorusko/dinamo-minsk/soupiska/2010/	3	25	57	SEASON_APPS_EST_RATING
Dinamo Minsk	Rafael Ledesma	UNVERIFIED_SOURCE_GAP			3	27	66	UNVERIFIED_ESTIMATED
Dinamo Minsk	Robert Zebelyan	UNVERIFIED_SOURCE_GAP			3	28	61	UNVERIFIED_ESTIMATED
Dinamo Minsk	Aleh Strakhanovich	SEASON_APPS_ADDED	32	https://www.national-football-teams.com/club/196/2010_2/Dynama_Minsk.html	2	30	65	SEASON_ARCHIVE_EST_RATING
Dinamo Minsk	Stanislaw Drahun	SEASON_APPS_ADDED	31	https://www.national-football-teams.com/club/196/2010_2/Dynama_Minsk.html	2	21	64	SEASON_ARCHIVE_EST_RATING
Dinamo Minsk	Aleh Veratsila	SEASON_APPS_ADDED	29	https://www.national-football-teams.com/club/196/2010_2/Dynama_Minsk.html	1	21	63	SEASON_ARCHIVE_EST_RATING
Dinamo Minsk	Anton Putsila	SEASON_APPS_ADDED	19	https://www.national-football-teams.com/club/196/2010_2/Dynama_Minsk.html	2	22	61	SEASON_ARCHIVE_EST_RATING
Dinamo Minsk	Alyaksandr Martynovich	SEASON_APPS_ADDED	18	https://www.national-football-teams.com/club/196/2010_2/Dynama_Minsk.html	1	22	60	SEASON_ARCHIVE_EST_RATING
Club Brugge KV	Ivan Perišić	SEASON_APPS_CONFIRMED	46	https://www.eurofotbal.cz/kluby/belgie/club-bruggy/soupiska/2010-2011/	2	21	82	SEASON_APPS_FIFA11
Club Brugge KV	Carl Hoefkens	SEASON_APPS_CONFIRMED	45	https://www.eurofotbal.cz/kluby/belgie/club-bruggy/soupiska/2010-2011/	1	31	73	SEASON_APPS_FIFA11
Club Brugge KV	Marcos Camozzato	SEASON_APPS_CONFIRMED	30	https://www.eurofotbal.cz/kluby/belgie/club-bruggy/soupiska/2010-2011/	1	27	72	SEASON_APPS_FIFA11
Club Brugge KV	Nabil Dirar	SEASON_APPS_CONFIRMED	40	https://www.eurofotbal.cz/kluby/belgie/club-bruggy/soupiska/2010-2011/	2	24	72	SEASON_APPS_FIFA11
Club Brugge KV	Wilfried Dalmat	SEASON_APPS_CONFIRMED	68	https://www.eurofotbal.cz/kluby/belgie/club-bruggy/soupiska/2010-2011/	2	28	72	SEASON_APPS_FIFA11
Club Brugge KV	Dorge Kouemaha	SEASON_APPS_CONFIRMED	41	https://www.eurofotbal.cz/kluby/belgie/club-bruggy/soupiska/2010-2011/	3	27	74	SEASON_APPS_EST_RATING
Club Brugge KV	Vadis Odjidja-Ofoe	SEASON_APPS_CONFIRMED	45	https://www.eurofotbal.cz/kluby/belgie/club-bruggy/soupiska/2010-2011/	2	21	71	SEASON_APPS_FIFA11
Club Brugge KV	Ryan Donk	SEASON_APPS_CONFIRMED	44	https://www.eurofotbal.cz/kluby/belgie/club-bruggy/soupiska/2010-2011/	1	24	70	SEASON_APPS_FIFA11
Club Brugge KV	Jeroen Simaeys	SEASON_APPS_CONFIRMED	33	https://www.eurofotbal.cz/kluby/belgie/club-bruggy/soupiska/2010-2011/	1	25	69	SEASON_APPS_FIFA11
Club Brugge KV	Jonathan Blondel	SEASON_APPS_CONFIRMED	33	https://www.eurofotbal.cz/kluby/belgie/club-bruggy/soupiska/2010-2011/	2	26	69	SEASON_APPS_FIFA11
Club Brugge KV	Joseph Akpala	SEASON_APPS_CONFIRMED	30	https://www.eurofotbal.cz/kluby/belgie/club-bruggy/soupiska/2010-2011/	3	23	69	SEASON_APPS_FIFA11
Club Brugge KV	Júnior Díaz	SEASON_APPS_CONFIRMED	17	https://www.eurofotbal.cz/kluby/belgie/club-bruggy/soupiska/2010-2011/	1	26	67	SEASON_APPS_FIFA11
Club Brugge KV	Karel Geraerts	SEASON_APPS_CONFIRMED	36	https://www.eurofotbal.cz/kluby/belgie/club-bruggy/soupiska/2010-2011/	2	28	67	SEASON_APPS_FIFA11
Club Brugge KV	Peter van der Heyden	SEASON_APPS_CONFIRMED	37	https://www.eurofotbal.cz/kluby/belgie/club-bruggy/soupiska/2010-2011/	1	34	67	SEASON_APPS_FIFA11
Club Brugge KV	Jorn Vermeulen	SEASON_APPS_CONFIRMED	11	https://www.eurofotbal.cz/kluby/belgie/club-bruggy/soupiska/2010-2011/	1	23	64	SEASON_APPS_FIFA11
Club Brugge KV	Colin Coosemans	SEASON_APPS_ADDED	20	https://www.eurofotbal.cz/kluby/belgie/club-bruggy/soupiska/2010-2011/	0	17	67	SEASON_ARCHIVE_EST_RATING
Club Brugge KV	Stijn Stijnen	SEASON_APPS_ADDED	16	https://www.eurofotbal.cz/kluby/belgie/club-bruggy/soupiska/2010-2011/	0	29	69	SEASON_ARCHIVE_EST_RATING
Club Brugge KV	Daan van Gijseghem	SEASON_APPS_ADDED	34	https://www.eurofotbal.cz/kluby/belgie/club-bruggy/soupiska/2010-2011/	1	22	71	SEASON_ARCHIVE_EST_RATING
Club Brugge KV	Ronald Vargas	SEASON_APPS_ADDED	27	https://www.eurofotbal.cz/kluby/belgie/club-bruggy/soupiska/2010-2011/	2	23	71	SEASON_ARCHIVE_EST_RATING
Club Brugge KV	Maxime Lestienne	SEASON_APPS_ADDED	19	https://www.eurofotbal.cz/kluby/belgie/club-bruggy/soupiska/2010-2011/	2	18	67	SEASON_ARCHIVE_EST_RATING
KAA Gent	Tim Smolders	SEASON_APPS_CONFIRMED	46	https://www.eurofotbal.cz/kluby/belgie/kaa-gent/soupiska/2010-2011/	2	29	74	SEASON_APPS_FIFA11
KAA Gent	Marko Šuler	SEASON_APPS_CONFIRMED	40	https://www.eurofotbal.cz/kluby/belgie/kaa-gent/soupiska/2010-2011/	1	27	72	SEASON_APPS_FIFA11
KAA Gent	Bernd Thijs	SEASON_APPS_CONFIRMED	40	https://www.eurofotbal.cz/kluby/belgie/kaa-gent/soupiska/2010-2011/	2	32	71	SEASON_APPS_FIFA11
KAA Gent	Stef Wils	SEASON_APPS_CONFIRMED	40	https://www.eurofotbal.cz/kluby/belgie/kaa-gent/soupiska/2010-2011/	2	27	71	SEASON_APPS_FIFA11
KAA Gent	Christophe Grondin	SEASON_APPS_CONFIRMED	37	https://www.eurofotbal.cz/kluby/belgie/kaa-gent/soupiska/2010-2011/	2	26	69	SEASON_APPS_FIFA11
KAA Gent	Christophe Lepoint	SEASON_APPS_CONFIRMED	15	https://www.eurofotbal.cz/kluby/belgie/kaa-gent/soupiska/2010-2011/	2	25	69	SEASON_APPS_FIFA11
KAA Gent	Elimane Coulibaly	SEASON_APPS_CONFIRMED	42	https://www.eurofotbal.cz/kluby/belgie/kaa-gent/soupiska/2010-2011/	3	30	69	SEASON_APPS_FIFA11
KAA Gent	Erlend Hanstveit	SEASON_APPS_CONFIRMED	42	https://www.eurofotbal.cz/kluby/belgie/kaa-gent/soupiska/2010-2011/	1	29	69	SEASON_APPS_FIFA11
KAA Gent	Yassine El Ghanassy	SEASON_APPS_CONFIRMED	52	https://www.eurofotbal.cz/kluby/belgie/kaa-gent/soupiska/2010-2011/	2	20	69	SEASON_APPS_FIFA11
KAA Gent	Zlatan Ljubijankič	SEASON_APPS_CONFIRMED	45	https://www.eurofotbal.cz/kluby/belgie/kaa-gent/soupiska/2010-2011/	3	26	69	SEASON_APPS_FIFA11
KAA Gent	Randall Azofeifa	SEASON_APPS_CONFIRMED	24	https://www.eurofotbal.cz/kluby/belgie/kaa-gent/soupiska/2010-2011/	2	25	68	SEASON_APPS_FIFA11
KAA Gent	Stijn De Smet	SEASON_APPS_CONFIRMED	36	https://www.eurofotbal.cz/kluby/belgie/kaa-gent/soupiska/2010-2011/	3	25	68	SEASON_APPS_FIFA11
KAA Gent	Adriano Duarte	SEASON_APPS_CONFIRMED	7	https://www.eurofotbal.cz/kluby/belgie/kaa-gent/soupiska/2010-2011/	1	30	67	SEASON_APPS_FIFA11
KAA Gent	Kenny Thompson	SEASON_APPS_CONFIRMED	16	https://www.eurofotbal.cz/kluby/belgie/kaa-gent/soupiska/2010-2011/	2	25	65	SEASON_APPS_FIFA11
KAA Gent	Bojan Jorgačević	SEASON_APPS_CONFIRMED	43	https://www.eurofotbal.cz/kluby/belgie/kaa-gent/soupiska/2010-2011/	0	28	73	SEASON_APPS_EST_RATING
KAA Gent	Yaya Soumahoro	SEASON_APPS_CONFIRMED	25	https://www.eurofotbal.cz/kluby/belgie/kaa-gent/soupiska/2010-2011/	2	20	67	SEASON_APPS_EST_RATING
KAA Gent	Ibrahima Conté I	SEASON_APPS_ADDED	36	https://www.eurofotbal.cz/kluby/belgie/kaa-gent/soupiska/2010-2011/	2	19	69	SEASON_ARCHIVE_EST_RATING
KAA Gent	Shlomi Arbeitman	SEASON_APPS_ADDED	36	https://www.eurofotbal.cz/kluby/belgie/kaa-gent/soupiska/2010-2011/	3	25	71	SEASON_ARCHIVE_EST_RATING
KAA Gent	Mario Barić	SEASON_APPS_ADDED	29	https://www.eurofotbal.cz/kluby/belgie/kaa-gent/soupiska/2010-2011/	1	25	69	SEASON_ARCHIVE_EST_RATING
KAA Gent	Wallace	SEASON_APPS_ADDED	29	https://www.eurofotbal.cz/kluby/belgie/kaa-gent/soupiska/2010-2011/	1	23	69	SEASON_ARCHIVE_EST_RATING
KRC Genk	João Carlos	SEASON_APPS_CONFIRMED	21	https://www.eurofotbal.cz/kluby/belgie/krc-genk/soupiska/2010-2011/	1	28	73	SEASON_APPS_FIFA11
KRC Genk	Elyaniv Barda	SEASON_APPS_CONFIRMED	34	https://www.eurofotbal.cz/kluby/belgie/krc-genk/soupiska/2010-2011/	3	28	72	SEASON_APPS_FIFA11
KRC Genk	Thomas Buffel	SEASON_APPS_CONFIRMED	35	https://www.eurofotbal.cz/kluby/belgie/krc-genk/soupiska/2010-2011/	2	29	72	SEASON_APPS_FIFA11
KRC Genk	Dániel Tőzsér	SEASON_APPS_CONFIRMED	42	https://www.eurofotbal.cz/kluby/belgie/krc-genk/soupiska/2010-2011/	2	25	70	SEASON_APPS_FIFA11
KRC Genk	Kevin De Bruyne	SEASON_APPS_CONFIRMED	34	https://www.eurofotbal.cz/kluby/belgie/krc-genk/soupiska/2010-2011/	2	19	70	SEASON_APPS_FIFA11
KRC Genk	Daniel Pudil	SEASON_APPS_CONFIRMED	40	https://www.eurofotbal.cz/kluby/belgie/krc-genk/soupiska/2010-2011/	2	24	69	SEASON_APPS_FIFA11
KRC Genk	Fabien Camus	SEASON_APPS_CONFIRMED	20	https://www.eurofotbal.cz/kluby/belgie/krc-genk/soupiska/2010-2011/	2	25	69	SEASON_APPS_FIFA11
KRC Genk	Jelle Vossen	SEASON_APPS_CONFIRMED	40	https://www.eurofotbal.cz/kluby/belgie/krc-genk/soupiska/2010-2011/	3	21	67	SEASON_APPS_FIFA11
KRC Genk	Anele Ngcongca	SEASON_APPS_CONFIRMED	43	https://www.eurofotbal.cz/kluby/belgie/krc-genk/soupiska/2010-2011/	1	22	66	SEASON_APPS_FIFA11
KRC Genk	Marvin Ogunjimi	SEASON_APPS_CONFIRMED	35	https://www.eurofotbal.cz/kluby/belgie/krc-genk/soupiska/2010-2011/	3	22	66	SEASON_APPS_FIFA11
KRC Genk	David Hubert	SEASON_APPS_CONFIRMED	35	https://www.eurofotbal.cz/kluby/belgie/krc-genk/soupiska/2010-2011/	1	22	65	SEASON_APPS_FIFA11
KRC Genk	Torben Joneleit	SEASON_APPS_CONFIRMED	30	https://www.eurofotbal.cz/kluby/belgie/krc-genk/soupiska/2010-2011/	1	23	64	SEASON_APPS_FIFA11
KRC Genk	Dimitri Daeseleire	SEASON_APPS_CONFIRMED	3	https://www.eurofotbal.cz/kluby/belgie/krc-genk/soupiska/2010-2011/	1	20	63	SEASON_APPS_FIFA11
KRC Genk	Timothy Durwael	SEASON_APPS_CONFIRMED	3	https://www.eurofotbal.cz/kluby/belgie/krc-genk/soupiska/2010-2011/	1	19	58	SEASON_APPS_FIFA11
KRC Genk	Thibaut Courtois	SEASON_APPS_CONFIRMED	42	https://www.eurofotbal.cz/kluby/belgie/krc-genk/soupiska/2010-2011/	0	18	70	SEASON_APPS_EST_RATING
KRC Genk	Eric Matoukou	SEASON_APPS_CONFIRMED	38	https://www.eurofotbal.cz/kluby/belgie/krc-genk/soupiska/2010-2011/	1	27	72	SEASON_APPS_EST_RATING
KRC Genk	Dugary Ndabashinze	SEASON_APPS_ADDED	24	https://www.eurofotbal.cz/kluby/belgie/krc-genk/soupiska/2010-2011/	2	20	67	SEASON_ARCHIVE_EST_RATING
KSC Lokeren	Mijat Marić	SEASON_APPS_CONFIRMED	32	https://www.eurofotbal.cz/kluby/belgie/ksc-lokeren/soupiska/2010-2011/	1	26	74	SEASON_APPS_FIFA11
KSC Lokeren	Ivan Leko	SEASON_APPS_CONFIRMED	40	https://www.eurofotbal.cz/kluby/belgie/ksc-lokeren/soupiska/2010-2011/	2	32	69	SEASON_APPS_FIFA11
KSC Lokeren	Sepp De Roover	SEASON_APPS_CONFIRMED	17	https://www.eurofotbal.cz/kluby/belgie/ksc-lokeren/soupiska/2010-2011/	1	25	68	SEASON_APPS_FIFA11
KSC Lokeren	Benjamin De Ceulaer	SEASON_APPS_CONFIRMED	37	https://www.eurofotbal.cz/kluby/belgie/ksc-lokeren/soupiska/2010-2011/	3	26	67	SEASON_APPS_FIFA11
KSC Lokeren	Killian Overmeire	SEASON_APPS_CONFIRMED	38	https://www.eurofotbal.cz/kluby/belgie/ksc-lokeren/soupiska/2010-2011/	2	24	66	SEASON_APPS_FIFA11
KSC Lokeren	Koen Persoons	SEASON_APPS_CONFIRMED	37	https://www.eurofotbal.cz/kluby/belgie/ksc-lokeren/soupiska/2010-2011/	2	27	66	SEASON_APPS_FIFA11
KSC Lokeren	Sulejman Smajić	SEASON_APPS_CONFIRMED	3	https://www.eurofotbal.cz/kluby/belgie/ksc-lokeren/soupiska/2010-2011/	2	25	66	SEASON_APPS_FIFA11
KSC Lokeren	Geir Ludvig Fevang	SEASON_APPS_CONFIRMED	12	https://www.eurofotbal.cz/kluby/belgie/ksc-lokeren/soupiska/2010-2011/	2	29	65	SEASON_APPS_FIFA11
KSC Lokeren	Ibrahima Gueye	SEASON_APPS_CONFIRMED	17	https://www.eurofotbal.cz/kluby/belgie/ksc-lokeren/soupiska/2010-2011/	1	32	65	SEASON_APPS_FIFA11
KSC Lokeren	Hassan El Mouataz	SEASON_APPS_CONFIRMED	8	https://www.eurofotbal.cz/kluby/belgie/ksc-lokeren/soupiska/2010-2011/	1	28	64	SEASON_APPS_FIFA11
KSC Lokeren	Jérémy Perbet	SEASON_APPS_CONFIRMED	3	https://www.eurofotbal.cz/kluby/belgie/ksc-lokeren/soupiska/2010-2011/	3	25	64	SEASON_APPS_FIFA11
KSC Lokeren	Sanharib Malki	SEASON_APPS_CONFIRMED	2	https://www.eurofotbal.cz/kluby/belgie/ksc-lokeren/soupiska/2010-2011/	3	26	60	SEASON_APPS_EST_RATING
KSC Lokeren	Benjamin Mokulu	UNVERIFIED_SOURCE_GAP			3	30	63	UNVERIFIED_FIFA11_RATING_EST_AGE_ECONOMY
KSC Lokeren	Katuku Tshimanga	UNVERIFIED_SOURCE_GAP			1	24	63	UNVERIFIED_FIFA11_RATING_EST_AGE_ECONOMY
KSC Lokeren	Nill De Pauw	SEASON_APPS_CONFIRMED	35	https://www.eurofotbal.cz/kluby/belgie/ksc-lokeren/soupiska/2010-2011/	3	20	63	SEASON_APPS_FIFA11
KSC Lokeren	Tiko	SEASON_APPS_CONFIRMED	30	https://www.eurofotbal.cz/kluby/belgie/ksc-lokeren/soupiska/2010-2011/	2	29	63	SEASON_APPS_FIFA11
KSC Lokeren	Marcel Mbayo	SEASON_APPS_CONFIRMED	18	https://www.eurofotbal.cz/kluby/belgie/ksc-lokeren/soupiska/2010-2011/	2	32	63	SEASON_APPS_EST_RATING
KSC Lokeren	Donovan Deekman	SEASON_APPS_CONFIRMED	19	https://www.eurofotbal.cz/kluby/belgie/ksc-lokeren/soupiska/2010-2011/	3	22	61	SEASON_APPS_FIFA11
KSC Lokeren	Vegard Braaten	SEASON_APPS_CONFIRMED	2	https://www.eurofotbal.cz/kluby/belgie/ksc-lokeren/soupiska/2010-2011/	3	23	60	SEASON_APPS_FIFA11
KSC Lokeren	Laurens De Bock	SEASON_APPS_CONFIRMED	25	https://www.eurofotbal.cz/kluby/belgie/ksc-lokeren/soupiska/2010-2011/	1	17	57	SEASON_APPS_FIFA11
KSC Lokeren	Boubacar Barry	SEASON_APPS_ADDED	32	https://www.eurofotbal.cz/kluby/belgie/ksc-lokeren/soupiska/2010-2011/	0	30	69	SEASON_ARCHIVE_EST_RATING
KSC Lokeren	Jugoslav Lazić	SEASON_APPS_ADDED	8	https://www.eurofotbal.cz/kluby/belgie/ksc-lokeren/soupiska/2010-2011/	0	30	63	SEASON_ARCHIVE_EST_RATING
KSC Lokeren	Jérémy Taravel	SEASON_APPS_ADDED	36	https://www.eurofotbal.cz/kluby/belgie/ksc-lokeren/soupiska/2010-2011/	1	23	69	SEASON_ARCHIVE_EST_RATING
RSC Anderlecht	Mbark Boussoufa	SEASON_APPS_CONFIRMED	33	https://www.eurofotbal.cz/kluby/belgie/rsc-anderlecht/soupiska/2010-2011/	2	25	79	SEASON_APPS_FIFA11
RSC Anderlecht	Lucas Biglia	SEASON_APPS_CONFIRMED	34	https://www.eurofotbal.cz/kluby/belgie/rsc-anderlecht/soupiska/2010-2011/	2	24	76	SEASON_APPS_FIFA11
RSC Anderlecht	Jan Polák	SEASON_APPS_CONFIRMED	25	https://www.eurofotbal.cz/kluby/belgie/rsc-anderlecht/soupiska/2010-2011/	2	29	75	SEASON_APPS_FIFA11
RSC Anderlecht	Roland Juhász	SEASON_APPS_CONFIRMED	48	https://www.eurofotbal.cz/kluby/belgie/rsc-anderlecht/soupiska/2010-2011/	1	27	74	SEASON_APPS_FIFA11
RSC Anderlecht	Jonathan Legear	SEASON_APPS_CONFIRMED	31	https://www.eurofotbal.cz/kluby/belgie/rsc-anderlecht/soupiska/2010-2011/	2	23	73	SEASON_APPS_FIFA11
RSC Anderlecht	Matías Suárez	SEASON_APPS_CONFIRMED	47	https://www.eurofotbal.cz/kluby/belgie/rsc-anderlecht/soupiska/2010-2011/	3	22	73	SEASON_APPS_FIFA11
RSC Anderlecht	Olivier Deschacht	SEASON_APPS_CONFIRMED	20	https://www.eurofotbal.cz/kluby/belgie/rsc-anderlecht/soupiska/2010-2011/	1	29	72	SEASON_APPS_FIFA11
RSC Anderlecht	Ondřej Mazuch	SEASON_APPS_CONFIRMED	46	https://www.eurofotbal.cz/kluby/belgie/rsc-anderlecht/soupiska/2010-2011/	1	21	72	SEASON_APPS_FIFA11
RSC Anderlecht	Cheikhou Kouyaté	SEASON_APPS_CONFIRMED	33	https://www.eurofotbal.cz/kluby/belgie/rsc-anderlecht/soupiska/2010-2011/	2	20	71	SEASON_APPS_FIFA11
RSC Anderlecht	Tom De Sutter	SEASON_APPS_CONFIRMED	25	https://www.eurofotbal.cz/kluby/belgie/rsc-anderlecht/soupiska/2010-2011/	3	25	71	SEASON_APPS_FIFA11
RSC Anderlecht	Guillaume Gillet	SEASON_APPS_CONFIRMED	53	https://www.eurofotbal.cz/kluby/belgie/rsc-anderlecht/soupiska/2010-2011/	1	26	70	SEASON_APPS_FIFA11
RSC Anderlecht	Sacha Kljestan	SEASON_APPS_CONFIRMED	33	https://www.eurofotbal.cz/kluby/belgie/rsc-anderlecht/soupiska/2010-2011/	2	24	70	SEASON_APPS_FIFA11
RSC Anderlecht	Kanu	SEASON_APPS_CONFIRMED	35	https://www.eurofotbal.cz/kluby/belgie/rsc-anderlecht/soupiska/2010-2011/	3	22	69	SEASON_APPS_FIFA11
RSC Anderlecht	Marcin Wasilewski	SEASON_APPS_CONFIRMED	19	https://www.eurofotbal.cz/kluby/belgie/rsc-anderlecht/soupiska/2010-2011/	1	30	68	SEASON_APPS_FIFA11
RSC Anderlecht	Victor Bernárdez	SEASON_APPS_CONFIRMED	22	https://www.eurofotbal.cz/kluby/belgie/rsc-anderlecht/soupiska/2010-2011/	1	28	68	SEASON_APPS_FIFA11
RSC Anderlecht	Nemanja Rnić	SEASON_APPS_CONFIRMED	6	https://www.eurofotbal.cz/kluby/belgie/rsc-anderlecht/soupiska/2010-2011/	1	25	64	SEASON_APPS_FIFA11
RSC Anderlecht	Jan Lecjaks	SEASON_APPS_CONFIRMED	39	https://www.eurofotbal.cz/kluby/belgie/rsc-anderlecht/soupiska/2010-2011/	1	19	61	SEASON_APPS_FIFA11
RSC Anderlecht	Silvio Proto	SEASON_APPS_ADDED	49	https://www.eurofotbal.cz/kluby/belgie/rsc-anderlecht/soupiska/2010-2011/	0	27	75	SEASON_ARCHIVE_EST_RATING
RSC Anderlecht	Davy Schollen	SEASON_APPS_ADDED	5	https://www.eurofotbal.cz/kluby/belgie/rsc-anderlecht/soupiska/2010-2011/	0	32	65	SEASON_ARCHIVE_EST_RATING
RSC Anderlecht	Romelu Lukaku	SEASON_APPS_ADDED	49	https://www.eurofotbal.cz/kluby/belgie/rsc-anderlecht/soupiska/2010-2011/	3	17	72	SEASON_ARCHIVE_EST_RATING
RSC Anderlecht	Lukáš Mareček	SEASON_APPS_ADDED	23	https://www.eurofotbal.cz/kluby/belgie/rsc-anderlecht/soupiska/2010-2011/	2	20	69	SEASON_ARCHIVE_EST_RATING
RSC Anderlecht	Ziguy Badibanga	SEASON_APPS_ADDED	18	https://www.eurofotbal.cz/kluby/belgie/rsc-anderlecht/soupiska/2010-2011/	2	18	66	SEASON_ARCHIVE_EST_RATING
Standard Liège	Axel Witsel	SEASON_APPS_CONFIRMED	42	https://www.eurofotbal.cz/kluby/belgie/standard-lutych/soupiska/2010-2011/	2	21	80	SEASON_APPS_FIFA11
Standard Liège	Steven Defour	SEASON_APPS_CONFIRMED	32	https://www.eurofotbal.cz/kluby/belgie/standard-lutych/soupiska/2010-2011/	2	22	78	SEASON_APPS_FIFA11
Standard Liège	Mohamed Tchité	SEASON_APPS_CONFIRMED	33	https://www.eurofotbal.cz/kluby/belgie/standard-lutych/soupiska/2010-2011/	3	26	75	SEASON_APPS_FIFA11
Standard Liège	Franck Berrier	SEASON_APPS_CONFIRMED	9	https://www.eurofotbal.cz/kluby/belgie/standard-lutych/soupiska/2010-2011/	2	26	72	SEASON_APPS_FIFA11
Standard Liège	Sébastien Pocognoli	SEASON_APPS_CONFIRMED	39	https://www.eurofotbal.cz/kluby/belgie/standard-lutych/soupiska/2010-2011/	1	23	72	SEASON_APPS_FIFA11
Standard Liège	Tom De Mul	SEASON_APPS_CONFIRMED	0	https://www.eurofotbal.cz/kluby/belgie/standard-lutych/soupiska/2010-2011/	3	24	71	SEASON_APPS_FIFA11
Standard Liège	Eliaquim Mangala	SEASON_APPS_CONFIRMED	41	https://www.eurofotbal.cz/kluby/belgie/standard-lutych/soupiska/2010-2011/	1	19	70	SEASON_APPS_FIFA11
Standard Liège	Mbaye Leye	SEASON_APPS_CONFIRMED	38	https://www.eurofotbal.cz/kluby/belgie/standard-lutych/soupiska/2010-2011/	3	27	70	SEASON_APPS_FIFA11
Standard Liège	Mehdi Carcela-Gonzalez	SEASON_APPS_CONFIRMED	43	https://www.eurofotbal.cz/kluby/belgie/standard-lutych/soupiska/2010-2011/	2	21	70	SEASON_APPS_FIFA11
Standard Liège	Victor Ramos	SEASON_APPS_CONFIRMED	13	https://www.eurofotbal.cz/kluby/belgie/standard-lutych/soupiska/2010-2011/	1	21	70	SEASON_APPS_FIFA11
Standard Liège	Luigi Pieroni	SEASON_APPS_CONFIRMED	19	https://www.eurofotbal.cz/kluby/belgie/standard-lutych/soupiska/2010-2011/	3	29	69	SEASON_APPS_FIFA11
Standard Liège	Aloys Nong	SEASON_APPS_CONFIRMED	26	https://www.eurofotbal.cz/kluby/belgie/standard-lutych/soupiska/2010-2011/	3	26	70	SEASON_APPS_EST_RATING
Standard Liège	Laurent Ciman	SEASON_APPS_CONFIRMED	32	https://www.eurofotbal.cz/kluby/belgie/standard-lutych/soupiska/2010-2011/	1	24	68	SEASON_APPS_FIFA11
Standard Liège	Cyriac	SEASON_APPS_CONFIRMED	19	https://www.eurofotbal.cz/kluby/belgie/standard-lutych/soupiska/2010-2011/	3	19	67	SEASON_APPS_FIFA11
Standard Liège	Felipe	SEASON_APPS_CONFIRMED	14	https://www.eurofotbal.cz/kluby/belgie/standard-lutych/soupiska/2010-2011/	1	23	67	SEASON_APPS_FIFA11
Standard Liège	Grégory Dufer	SEASON_APPS_CONFIRMED	0	https://www.eurofotbal.cz/kluby/belgie/standard-lutych/soupiska/2010-2011/	2	28	67	SEASON_APPS_FIFA11
Standard Liège	Koen Daerden	SEASON_APPS_CONFIRMED	19	https://www.eurofotbal.cz/kluby/belgie/standard-lutych/soupiska/2010-2011/	2	28	65	SEASON_APPS_FIFA11
Standard Liège	Réginal Goreux	SEASON_APPS_CONFIRMED	21	https://www.eurofotbal.cz/kluby/belgie/standard-lutych/soupiska/2010-2011/	1	22	65	SEASON_APPS_FIFA11
Standard Liège	Arnor Angeli	SEASON_APPS_CONFIRMED	6	https://www.eurofotbal.cz/kluby/belgie/standard-lutych/soupiska/2010-2011/	2	19	55	SEASON_APPS_FIFA11
Standard Liège	Sinan Bolat	SEASON_APPS_ADDED	27	https://www.eurofotbal.cz/kluby/belgie/standard-lutych/soupiska/2010-2011/	0	21	70	SEASON_ARCHIVE_EST_RATING
Standard Liège	Srđan Blažić	SEASON_APPS_ADDED	15	https://www.eurofotbal.cz/kluby/belgie/standard-lutych/soupiska/2010-2011/	0	27	69	SEASON_ARCHIVE_EST_RATING
Standard Liège	Daniel Opare	SEASON_APPS_ADDED	38	https://www.eurofotbal.cz/kluby/belgie/standard-lutych/soupiska/2010-2011/	1	19	72	SEASON_ARCHIVE_EST_RATING
Standard Liège	Jelle Van Damme	SEASON_APPS_ADDED	21	https://www.eurofotbal.cz/kluby/belgie/standard-lutych/soupiska/2010-2011/	1	26	73	SEASON_ARCHIVE_EST_RATING
Standard Liège	Pape Abdou Camara	SEASON_APPS_ADDED	19	https://www.eurofotbal.cz/kluby/belgie/standard-lutych/soupiska/2010-2011/	2	18	67	SEASON_ARCHIVE_EST_RATING
CSKA Sofia	Ivan Karadzhov	SEASON_APPS_CONFIRMED	2	https://www.eurofotbal.cz/kluby/bulharsko/cska-sofia/soupiska/2010-2011/	0	21	58	SEASON_APPS_EST_RATING
CSKA Sofia	Raïs M'Bolhi	SEASON_APPS_CONFIRMED	6	https://www.eurofotbal.cz/kluby/bulharsko/cska-sofia/soupiska/2010-2011/	0	24	61	SEASON_APPS_EST_RATING
CSKA Sofia	Blagoy Makendzhiev	UNVERIFIED_SOURCE_GAP			1	21	60	UNVERIFIED_ESTIMATED
CSKA Sofia	Apostol Popov	SEASON_APPS_CONFIRMED	0	https://www.eurofotbal.cz/kluby/bulharsko/cska-sofia/soupiska/2010-2011/	1	27	59	SEASON_APPS_EST_RATING
CSKA Sofia	Kostadin Stoyanov	SEASON_APPS_CONFIRMED	5	https://www.eurofotbal.cz/kluby/bulharsko/cska-sofia/soupiska/2010-2011/	1	24	60	SEASON_APPS_EST_RATING
CSKA Sofia	Ivan Bandalovski	SEASON_APPS_CONFIRMED	0	https://www.eurofotbal.cz/kluby/bulharsko/cska-sofia/soupiska/2010-2011/	1	23	59	SEASON_APPS_EST_RATING
CSKA Sofia	Pavel Vidanov	SEASON_APPS_CONFIRMED	7	https://www.eurofotbal.cz/kluby/bulharsko/cska-sofia/soupiska/2010-2011/	1	22	60	SEASON_APPS_EST_RATING
CSKA Sofia	Yordan Minev	SEASON_APPS_CONFIRMED	3	https://www.eurofotbal.cz/kluby/bulharsko/cska-sofia/soupiska/2010-2011/	1	29	60	SEASON_APPS_EST_RATING
CSKA Sofia	Marquinhos	SEASON_APPS_CONFIRMED	8	https://www.eurofotbal.cz/kluby/bulharsko/cska-sofia/soupiska/2010-2011/	2	28	61	SEASON_APPS_EST_RATING
CSKA Sofia	Todor Yanchev	SEASON_APPS_CONFIRMED	8	https://www.eurofotbal.cz/kluby/bulharsko/cska-sofia/soupiska/2010-2011/	2	34	60	SEASON_APPS_EST_RATING
CSKA Sofia	Boris Galchev	SEASON_APPS_CONFIRMED	5	https://www.eurofotbal.cz/kluby/bulharsko/cska-sofia/soupiska/2010-2011/	2	26	60	SEASON_APPS_EST_RATING
CSKA Sofia	Kosta Yanev	SEASON_APPS_CONFIRMED	4	https://www.eurofotbal.cz/kluby/bulharsko/cska-sofia/soupiska/2010-2011/	2	27	60	SEASON_APPS_EST_RATING
CSKA Sofia	William Tiero	SEASON_APPS_CONFIRMED	2	https://www.eurofotbal.cz/kluby/bulharsko/cska-sofia/soupiska/2010-2011/	2	29	59	SEASON_APPS_EST_RATING
CSKA Sofia	Spas Delev	SEASON_APPS_CONFIRMED	7	https://www.eurofotbal.cz/kluby/bulharsko/cska-sofia/soupiska/2010-2011/	3	20	60	SEASON_APPS_EST_RATING
CSKA Sofia	Aleksandar Tonev	SEASON_APPS_CONFIRMED	7	https://www.eurofotbal.cz/kluby/bulharsko/cska-sofia/soupiska/2010-2011/	2	20	60	SEASON_APPS_EST_RATING
CSKA Sofia	Cillian Sheridan	SEASON_APPS_CONFIRMED	7	https://www.eurofotbal.cz/kluby/bulharsko/cska-sofia/soupiska/2010-2011/	3	21	60	SEASON_APPS_EST_RATING
CSKA Sofia	Emil Gargorov	SEASON_APPS_CONFIRMED	0	https://www.eurofotbal.cz/kluby/bulharsko/cska-sofia/soupiska/2010-2011/	2	29	59	SEASON_APPS_EST_RATING
CSKA Sofia	Dimitar Iliev	UNVERIFIED_SOURCE_GAP			3	31	65	UNVERIFIED_ESTIMATED
CSKA Sofia	Stanislav Kostov	SEASON_APPS_CONFIRMED	0	https://www.eurofotbal.cz/kluby/bulharsko/cska-sofia/soupiska/2010-2011/	3	18	57	SEASON_APPS_EST_RATING
CSKA Sofia	Michel Platini	SEASON_APPS_CONFIRMED	4	https://www.eurofotbal.cz/kluby/bulharsko/cska-sofia/soupiska/2010-2011/	3	26	60	SEASON_APPS_EST_RATING
Levski Sofia	Bozhidar Mitrev	SEASON_APPS_CONFIRMED	6	https://www.eurofotbal.cz/kluby/bulharsko/levski-sofia/soupiska/2010-2011/	0	23	61	SEASON_APPS_EST_RATING
Levski Sofia	Georgi Petkov	SEASON_APPS_CONFIRMED	3	https://www.eurofotbal.cz/kluby/bulharsko/levski-sofia/soupiska/2010-2011/	0	34	60	SEASON_APPS_EST_RATING
Levski Sofia	Plamen Iliev	SEASON_APPS_CONFIRMED	0	https://www.eurofotbal.cz/kluby/bulharsko/levski-sofia/soupiska/2010-2011/	0	18	57	SEASON_APPS_EST_RATING
Levski Sofia	Kiril Akalski	SEASON_APPS_CONFIRMED	1	https://www.eurofotbal.cz/kluby/bulharsko/levski-sofia/soupiska/2010-2011/	0	24	59	SEASON_APPS_EST_RATING
Levski Sofia	Yordan Miliev	SEASON_APPS_CONFIRMED	9	https://www.eurofotbal.cz/kluby/bulharsko/levski-sofia/soupiska/2010-2011/	1	22	60	SEASON_APPS_EST_RATING
Levski Sofia	Ivo Ivanov	SEASON_APPS_CONFIRMED	9	https://www.eurofotbal.cz/kluby/bulharsko/levski-sofia/soupiska/2010-2011/	1	25	61	SEASON_APPS_EST_RATING
Levski Sofia	Chakib Benzoukane	SEASON_APPS_CONFIRMED	2	https://www.eurofotbal.cz/kluby/bulharsko/levski-sofia/soupiska/2010-2011/	1	23	59	SEASON_APPS_EST_RATING
Levski Sofia	Stefan Stanchev	SEASON_APPS_CONFIRMED	1	https://www.eurofotbal.cz/kluby/bulharsko/levski-sofia/soupiska/2010-2011/	1	21	58	SEASON_APPS_EST_RATING
Levski Sofia	Elin Topuzakov	SEASON_APPS_CONFIRMED	0	https://www.eurofotbal.cz/kluby/bulharsko/levski-sofia/soupiska/2010-2011/	1	33	58	SEASON_APPS_EST_RATING
Levski Sofia	Veselin Minev	SEASON_APPS_CONFIRMED	9	https://www.eurofotbal.cz/kluby/bulharsko/levski-sofia/soupiska/2010-2011/	1	29	61	SEASON_APPS_EST_RATING
Levski Sofia	Dustley Mulder	SEASON_APPS_CONFIRMED	10	https://www.eurofotbal.cz/kluby/bulharsko/levski-sofia/soupiska/2010-2011/	1	25	61	SEASON_APPS_EST_RATING
Levski Sofia	Serginho Greene	SEASON_APPS_CONFIRMED	8	https://www.eurofotbal.cz/kluby/bulharsko/levski-sofia/soupiska/2010-2011/	1	28	61	SEASON_APPS_EST_RATING
Levski Sofia	Michael Tawiah	UNVERIFIED_SOURCE_GAP			2	21	63	UNVERIFIED_ESTIMATED
Levski Sofia	Vladimir Gadzhev	SEASON_APPS_CONFIRMED	8	https://www.eurofotbal.cz/kluby/bulharsko/levski-sofia/soupiska/2010-2011/	2	23	61	SEASON_APPS_EST_RATING
Levski Sofia	Darko Tasevski	SEASON_APPS_CONFIRMED	8	https://www.eurofotbal.cz/kluby/bulharsko/levski-sofia/soupiska/2010-2011/	2	26	61	SEASON_APPS_EST_RATING
Levski Sofia	Hristo Yovov	SEASON_APPS_CONFIRMED	6	https://www.eurofotbal.cz/kluby/bulharsko/levski-sofia/soupiska/2010-2011/	3	32	60	SEASON_APPS_EST_RATING
Levski Sofia	Daniel Mladenov	SEASON_APPS_CONFIRMED	10	https://www.eurofotbal.cz/kluby/bulharsko/levski-sofia/soupiska/2010-2011/	3	23	61	SEASON_APPS_EST_RATING
Levski Sofia	Garra Dembélé	SEASON_APPS_CONFIRMED	10	https://www.eurofotbal.cz/kluby/bulharsko/levski-sofia/soupiska/2010-2011/	3	24	61	SEASON_APPS_EST_RATING
Levski Sofia	Jeanvion Yulu-Matondo	SEASON_APPS_CONFIRMED	0	https://www.eurofotbal.cz/kluby/bulharsko/levski-sofia/soupiska/2010-2011/	3	24	59	SEASON_APPS_EST_RATING
Levski Sofia	Ismail Isa	SEASON_APPS_CONFIRMED	4	https://www.eurofotbal.cz/kluby/bulharsko/levski-sofia/soupiska/2010-2011/	3	21	59	SEASON_APPS_EST_RATING
Ludogorets Razgrad	Miroslav Grigorov	UNVERIFIED_SOURCE_GAP			0	31	61	UNVERIFIED_ESTIMATED
Ludogorets Razgrad	Uroš Golubović	UNVERIFIED_SOURCE_GAP			0	23	66	UNVERIFIED_ESTIMATED
Ludogorets Razgrad	Emil Mihaylov	SEASON_APPS_CONFIRMED	0	https://www.eurofotbal.cz/kluby/bulharsko/ludogorec-razgrad/soupiska/2010-2011/	0	22	58	SEASON_APPS_EST_RATING
Ludogorets Razgrad	Radoslav Anev	UNVERIFIED_SOURCE_GAP			1	22	61	UNVERIFIED_ESTIMATED
Ludogorets Razgrad	Daniel Gramatikov	UNVERIFIED_SOURCE_GAP			1	33	65	UNVERIFIED_ESTIMATED
Ludogorets Razgrad	Grigor Georgiev	UNVERIFIED_SOURCE_GAP			1	33	64	UNVERIFIED_ESTIMATED
Ludogorets Razgrad	Diyan Dimov	UNVERIFIED_SOURCE_GAP			1	29	68	UNVERIFIED_ESTIMATED
Ludogorets Razgrad	Shener Remzi	SEASON_APPS_CONFIRMED	0	https://www.eurofotbal.cz/kluby/bulharsko/ludogorec-razgrad/soupiska/2010-2011/	2	33	58	SEASON_APPS_EST_RATING
Ludogorets Razgrad	Dimo Atanasov	SEASON_APPS_CONFIRMED	0	https://www.eurofotbal.cz/kluby/bulharsko/ludogorec-razgrad/soupiska/2010-2011/	2	24	59	SEASON_APPS_EST_RATING
Ludogorets Razgrad	Nikolay Dyulgerov	UNVERIFIED_SOURCE_GAP			2	32	64	UNVERIFIED_ESTIMATED
Ludogorets Razgrad	Todor Kolev	SEASON_APPS_CONFIRMED	0	https://www.eurofotbal.cz/kluby/bulharsko/ludogorec-razgrad/soupiska/2010-2011/	3	30	59	SEASON_APPS_EST_RATING
Ludogorets Razgrad	Hristo Nikolov	UNVERIFIED_SOURCE_GAP			2	26	62	UNVERIFIED_ESTIMATED
Ludogorets Razgrad	Suvad Grabus	UNVERIFIED_SOURCE_GAP			2	27	67	UNVERIFIED_ESTIMATED
Ludogorets Razgrad	Ivan Stoyanov	UNVERIFIED_SOURCE_GAP			2	28	64	UNVERIFIED_ESTIMATED
Ludogorets Razgrad	Miroslav Ivanov	SEASON_APPS_CONFIRMED	0	https://www.eurofotbal.cz/kluby/bulharsko/ludogorec-razgrad/soupiska/2010-2011/	2	28	59	SEASON_APPS_EST_RATING
Litex Lovech	Vinícius	SEASON_APPS_CONFIRMED	1	https://www.eurofotbal.cz/kluby/bulharsko/litex-lovec/soupiska/2010-2011/	0	25	62	SEASON_APPS_EST_RATING
Litex Lovech	Ilko Pirgov	UNVERIFIED_SOURCE_GAP			0	30	66	UNVERIFIED_ESTIMATED
Litex Lovech	Petar Zanev	SEASON_APPS_CONFIRMED	3	https://www.eurofotbal.cz/kluby/bulharsko/litex-lovec/soupiska/2010-2011/	1	24	62	SEASON_APPS_EST_RATING
Litex Lovech	Nikolay Bodurov	SEASON_APPS_CONFIRMED	3	https://www.eurofotbal.cz/kluby/bulharsko/litex-lovec/soupiska/2010-2011/	1	24	62	SEASON_APPS_EST_RATING
Litex Lovech	Plamen Nikolov	SEASON_APPS_CONFIRMED	3	https://www.eurofotbal.cz/kluby/bulharsko/litex-lovec/soupiska/2010-2011/	1	25	62	SEASON_APPS_EST_RATING
Litex Lovech	Džemal Berberović	SEASON_APPS_CONFIRMED	2	https://www.eurofotbal.cz/kluby/bulharsko/litex-lovec/soupiska/2010-2011/	1	28	61	SEASON_APPS_EST_RATING
Litex Lovech	Mihail Venkov	SEASON_APPS_CONFIRMED	1	https://www.eurofotbal.cz/kluby/bulharsko/litex-lovec/soupiska/2010-2011/	1	27	61	SEASON_APPS_EST_RATING
Litex Lovech	Alexandre Barthe	SEASON_APPS_CONFIRMED	2	https://www.eurofotbal.cz/kluby/bulharsko/litex-lovec/soupiska/2010-2011/	1	24	61	SEASON_APPS_EST_RATING
Litex Lovech	Hristo Yanev	SEASON_APPS_CONFIRMED	4	https://www.eurofotbal.cz/kluby/bulharsko/litex-lovec/soupiska/2010-2011/	2	31	61	SEASON_APPS_EST_RATING
Litex Lovech	Nebojša Jelenković	SEASON_APPS_CONFIRMED	4	https://www.eurofotbal.cz/kluby/bulharsko/litex-lovec/soupiska/2010-2011/	2	32	61	SEASON_APPS_EST_RATING
Litex Lovech	Georgi Milanov	SEASON_APPS_CONFIRMED	4	https://www.eurofotbal.cz/kluby/bulharsko/litex-lovec/soupiska/2010-2011/	2	18	60	SEASON_APPS_EST_RATING
Litex Lovech	Momchil Tsvetanov	SEASON_APPS_CONFIRMED	1	https://www.eurofotbal.cz/kluby/bulharsko/litex-lovec/soupiska/2010-2011/	2	19	59	SEASON_APPS_EST_RATING
Litex Lovech	Tom	SEASON_APPS_CONFIRMED	4	https://www.eurofotbal.cz/kluby/bulharsko/litex-lovec/soupiska/2010-2011/	2	25	62	SEASON_APPS_EST_RATING
Litex Lovech	Sandrinho	SEASON_APPS_CONFIRMED	4	https://www.eurofotbal.cz/kluby/bulharsko/litex-lovec/soupiska/2010-2011/	2	30	62	SEASON_APPS_EST_RATING
Litex Lovech	Wellington Brito da Silva	UNVERIFIED_SOURCE_GAP			2	28	62	UNVERIFIED_ESTIMATED
Litex Lovech	Doka Madureira	SEASON_APPS_CONFIRMED	1	https://www.eurofotbal.cz/kluby/bulharsko/litex-lovec/soupiska/2010-2011/	2	26	61	SEASON_APPS_EST_RATING
Litex Lovech	Wilfried Niflore	SEASON_APPS_CONFIRMED	4	https://www.eurofotbal.cz/kluby/bulharsko/litex-lovec/soupiska/2010-2011/	3	29	62	SEASON_APPS_EST_RATING
Litex Lovech	Svetoslav Todorov	SEASON_APPS_CONFIRMED	1	https://www.eurofotbal.cz/kluby/bulharsko/litex-lovec/soupiska/2010-2011/	3	31	60	SEASON_APPS_EST_RATING
Litex Lovech	Ivelin Popov	SEASON_APPS_CONFIRMED	2	https://www.eurofotbal.cz/kluby/bulharsko/litex-lovec/soupiska/2010-2011/	3	22	60	SEASON_APPS_EST_RATING
Dinamo Zagreb	Tomislav Butina	SEASON_APPS_CONFIRMED	3	https://www.eurofotbal.cz/kluby/chorvatsko/dinamo-zahreb/soupiska/2010-2011/	0	36	65	SEASON_APPS_EST_RATING
Dinamo Zagreb	Filip Lončarić	SEASON_APPS_CONFIRMED	9	https://www.eurofotbal.cz/kluby/chorvatsko/dinamo-zahreb/soupiska/2010-2011/	0	23	66	SEASON_APPS_EST_RATING
Dinamo Zagreb	Luis Ibáñez	SEASON_APPS_CONFIRMED	36	https://www.eurofotbal.cz/kluby/chorvatsko/dinamo-zahreb/soupiska/2010-2011/	1	22	72	SEASON_APPS_EST_RATING
Dinamo Zagreb	Leonard Mesarić	SEASON_APPS_CONFIRMED	21	https://www.eurofotbal.cz/kluby/chorvatsko/dinamo-zahreb/soupiska/2010-2011/	1	26	69	SEASON_APPS_EST_RATING
Dinamo Zagreb	Igor Bišćan	SEASON_APPS_CONFIRMED	26	https://www.eurofotbal.cz/kluby/chorvatsko/dinamo-zahreb/soupiska/2010-2011/	2	32	69	SEASON_APPS_EST_RATING
Dinamo Zagreb	Dario Šimić	SEASON_APPS_CONFIRMED	2	https://www.eurofotbal.cz/kluby/chorvatsko/dinamo-zahreb/soupiska/2010-2011/	1	34	63	SEASON_APPS_EST_RATING
Dinamo Zagreb	Tomislav Barbarić	SEASON_APPS_CONFIRMED	17	https://www.eurofotbal.cz/kluby/chorvatsko/dinamo-zahreb/soupiska/2010-2011/	1	21	67	SEASON_APPS_EST_RATING
Dinamo Zagreb	Etto	SEASON_APPS_CONFIRMED	21	https://www.eurofotbal.cz/kluby/chorvatsko/dinamo-zahreb/soupiska/2010-2011/	2	29	69	SEASON_APPS_EST_RATING
Dinamo Zagreb	Adrián Calello	SEASON_APPS_CONFIRMED	30	https://www.eurofotbal.cz/kluby/chorvatsko/dinamo-zahreb/soupiska/2010-2011/	2	23	72	SEASON_APPS_EST_RATING
Dinamo Zagreb	Mathias Chago	SEASON_APPS_CONFIRMED	26	https://www.eurofotbal.cz/kluby/chorvatsko/dinamo-zahreb/soupiska/2010-2011/	2	27	70	SEASON_APPS_EST_RATING
Dinamo Zagreb	Milan Badelj	SEASON_APPS_CONFIRMED	47	https://www.eurofotbal.cz/kluby/chorvatsko/dinamo-zahreb/soupiska/2010-2011/	2	21	73	SEASON_APPS_EST_RATING
Dinamo Zagreb	Sammir	SEASON_APPS_CONFIRMED	38	https://www.eurofotbal.cz/kluby/chorvatsko/dinamo-zahreb/soupiska/2010-2011/	2	23	74	SEASON_APPS_EST_RATING
Dinamo Zagreb	Pedro Morales	SEASON_APPS_CONFIRMED	26	https://www.eurofotbal.cz/kluby/chorvatsko/dinamo-zahreb/soupiska/2010-2011/	2	25	70	SEASON_APPS_EST_RATING
Dinamo Zagreb	Arijan Ademi	SEASON_APPS_CONFIRMED	35	https://www.eurofotbal.cz/kluby/chorvatsko/dinamo-zahreb/soupiska/2010-2011/	2	19	71	SEASON_APPS_EST_RATING
Dinamo Zagreb	Mateo Kovačić	SEASON_APPS_CONFIRMED	9	https://www.eurofotbal.cz/kluby/chorvatsko/dinamo-zahreb/soupiska/2010-2011/	2	16	64	SEASON_APPS_EST_RATING
Dinamo Zagreb	Ante Rukavina	SEASON_APPS_CONFIRMED	35	https://www.eurofotbal.cz/kluby/chorvatsko/dinamo-zahreb/soupiska/2010-2011/	3	24	73	SEASON_APPS_EST_RATING
Dinamo Zagreb	Fatos Bećiraj	SEASON_APPS_CONFIRMED	35	https://www.eurofotbal.cz/kluby/chorvatsko/dinamo-zahreb/soupiska/2010-2011/	3	21	72	SEASON_APPS_EST_RATING
Dinamo Zagreb	Jakub Sylvestr	SEASON_APPS_CONFIRMED	24	https://www.eurofotbal.cz/kluby/chorvatsko/dinamo-zahreb/soupiska/2010-2011/	3	21	69	SEASON_APPS_EST_RATING
Dinamo Zagreb	Andrej Kramarić	SEASON_APPS_CONFIRMED	16	https://www.eurofotbal.cz/kluby/chorvatsko/dinamo-zahreb/soupiska/2010-2011/	3	19	66	SEASON_APPS_EST_RATING
Dinamo Zagreb	Dodô	SEASON_APPS_CONFIRMED	11	https://www.eurofotbal.cz/kluby/chorvatsko/dinamo-zahreb/soupiska/2010-2011/	3	22	66	SEASON_APPS_EST_RATING
Dinamo Zagreb	Ivan Tomečak	SEASON_APPS_CONFIRMED	31	https://www.eurofotbal.cz/kluby/chorvatsko/dinamo-zahreb/soupiska/2010-2011/	2	20	71	SEASON_APPS_EST_RATING
Dinamo Zagreb	Šime Vrsaljko	SEASON_APPS_CONFIRMED	28	https://www.eurofotbal.cz/kluby/chorvatsko/dinamo-zahreb/soupiska/2010-2011/	1	18	69	SEASON_APPS_EST_RATING
Dinamo Zagreb	Leandro Cufré	SEASON_APPS_ADDED	40	https://www.eurofotbal.cz/kluby/chorvatsko/dinamo-zahreb/soupiska/2010-2011/	1	32	73	SEASON_ARCHIVE_EST_RATING
Dinamo Zagreb	Tonel	SEASON_APPS_ADDED	35	https://www.eurofotbal.cz/kluby/chorvatsko/dinamo-zahreb/soupiska/2010-2011/	1	30	73	SEASON_ARCHIVE_EST_RATING
HNK Rijeka	Robert Lisjak	SEASON_APPS_CONFIRMED	32	https://www.eurofotbal.cz/kluby/chorvatsko/nk-rijeka/soupiska/2010-2011/	0	32	68	SEASON_APPS_EST_RATING
HNK Rijeka	Tomislav Pelin	SEASON_APPS_CONFIRMED	0	https://www.eurofotbal.cz/kluby/chorvatsko/nk-rijeka/soupiska/2010-2011/	0	29	61	SEASON_APPS_EST_RATING
HNK Rijeka	Dino Raspor	UNVERIFIED_SOURCE_GAP			1	28	62	UNVERIFIED_ESTIMATED
HNK Rijeka	Fausto Budicin	SEASON_APPS_CONFIRMED	32	https://www.eurofotbal.cz/kluby/chorvatsko/nk-rijeka/soupiska/2010-2011/	1	29	68	SEASON_APPS_EST_RATING
HNK Rijeka	Igor Čagalj	SEASON_APPS_CONFIRMED	26	https://www.eurofotbal.cz/kluby/chorvatsko/nk-rijeka/soupiska/2010-2011/	1	27	66	SEASON_APPS_EST_RATING
HNK Rijeka	Kristijan Čaval	SEASON_APPS_CONFIRMED	25	https://www.eurofotbal.cz/kluby/chorvatsko/nk-rijeka/soupiska/2010-2011/	2	31	65	SEASON_APPS_EST_RATING
HNK Rijeka	Andro Švrljuga	SEASON_APPS_CONFIRMED	30	https://www.eurofotbal.cz/kluby/chorvatsko/nk-rijeka/soupiska/2010-2011/	2	24	68	SEASON_APPS_EST_RATING
HNK Rijeka	Vlade Lazarevski	UNVERIFIED_SOURCE_GAP			1	30	64	UNVERIFIED_ESTIMATED
HNK Rijeka	Neven Vukman	SEASON_APPS_CONFIRMED	20	https://www.eurofotbal.cz/kluby/chorvatsko/nk-rijeka/soupiska/2010-2011/	2	25	65	SEASON_APPS_EST_RATING
HNK Rijeka	Milan Đurišić	SEASON_APPS_CONFIRMED	9	https://www.eurofotbal.cz/kluby/chorvatsko/nk-rijeka/soupiska/2010-2011/	2	23	62	SEASON_APPS_EST_RATING
HNK Rijeka	Hrvoje Štrok	SEASON_APPS_CONFIRMED	31	https://www.eurofotbal.cz/kluby/chorvatsko/nk-rijeka/soupiska/2010-2011/	2	30	68	SEASON_APPS_EST_RATING
HNK Rijeka	Antonini Čulina	SEASON_APPS_CONFIRMED	21	https://www.eurofotbal.cz/kluby/chorvatsko/nk-rijeka/soupiska/2010-2011/	2	18	63	SEASON_APPS_EST_RATING
HNK Rijeka	Alen Pamić	UNVERIFIED_SOURCE_GAP			2	32	62	UNVERIFIED_ESTIMATED
HNK Rijeka	Sergio Zijler	SEASON_APPS_CONFIRMED	4	https://www.eurofotbal.cz/kluby/chorvatsko/nk-rijeka/soupiska/2010-2011/	3	23	61	SEASON_APPS_EST_RATING
HNK Rijeka	Radomir Đalović	SEASON_APPS_CONFIRMED	22	https://www.eurofotbal.cz/kluby/chorvatsko/nk-rijeka/soupiska/2010-2011/	3	27	66	SEASON_APPS_EST_RATING
HNK Rijeka	Ivan Rodić	SEASON_APPS_CONFIRMED	15	https://www.eurofotbal.cz/kluby/chorvatsko/nk-rijeka/soupiska/2010-2011/	3	24	64	SEASON_APPS_EST_RATING
HNK Rijeka	Duje Baković	SEASON_APPS_CONFIRMED	23	https://www.eurofotbal.cz/kluby/chorvatsko/nk-rijeka/soupiska/2010-2011/	1	24	66	SEASON_APPS_EST_RATING
HNK Rijeka	Vedran Turkalj	UNVERIFIED_SOURCE_GAP			3	29	64	UNVERIFIED_ESTIMATED
HNK Rijeka	Damir Kreilach	SEASON_APPS_ADDED	30	https://www.eurofotbal.cz/kluby/chorvatsko/nk-rijeka/soupiska/2010-2011/	2	21	67	SEASON_ARCHIVE_EST_RATING
HNK Rijeka	Davor Landeka	SEASON_APPS_ADDED	29	https://www.eurofotbal.cz/kluby/chorvatsko/nk-rijeka/soupiska/2010-2011/	2	25	67	SEASON_ARCHIVE_EST_RATING
HNK Rijeka	Sandi Križman	SEASON_APPS_ADDED	19	https://www.eurofotbal.cz/kluby/chorvatsko/nk-rijeka/soupiska/2010-2011/	3	20	64	SEASON_ARCHIVE_EST_RATING
HNK Rijeka	Valentino Stepcić	SEASON_APPS_ADDED	18	https://www.eurofotbal.cz/kluby/chorvatsko/nk-rijeka/soupiska/2010-2011/	3	20	63	SEASON_ARCHIVE_EST_RATING
Hajduk Split	Danijel Subašić	SEASON_APPS_CONFIRMED	28	https://www.eurofotbal.cz/kluby/chorvatsko/hajduk-split/soupiska/2010-2011/	0	25	70	SEASON_APPS_EST_RATING
Hajduk Split	Lovre Kalinić	SEASON_APPS_CONFIRMED	1	https://www.eurofotbal.cz/kluby/chorvatsko/hajduk-split/soupiska/2010-2011/	0	20	61	SEASON_APPS_EST_RATING
Hajduk Split	Jurica Buljat	SEASON_APPS_CONFIRMED	36	https://www.eurofotbal.cz/kluby/chorvatsko/hajduk-split/soupiska/2010-2011/	1	23	71	SEASON_APPS_EST_RATING
Hajduk Split	Hrvoje Vejić	SEASON_APPS_CONFIRMED	29	https://www.eurofotbal.cz/kluby/chorvatsko/hajduk-split/soupiska/2010-2011/	1	33	68	SEASON_APPS_EST_RATING
Hajduk Split	Mario Maloča	SEASON_APPS_CONFIRMED	38	https://www.eurofotbal.cz/kluby/chorvatsko/hajduk-split/soupiska/2010-2011/	1	21	71	SEASON_APPS_EST_RATING
Hajduk Split	Srđan Andrić	SEASON_APPS_CONFIRMED	23	https://www.eurofotbal.cz/kluby/chorvatsko/hajduk-split/soupiska/2010-2011/	2	30	68	SEASON_APPS_EST_RATING
Hajduk Split	Marin Ljubičić	SEASON_APPS_CONFIRMED	26	https://www.eurofotbal.cz/kluby/chorvatsko/hajduk-split/soupiska/2010-2011/	2	22	67	SEASON_APPS_EST_RATING
Hajduk Split	Krešo Ljubičić	SEASON_APPS_CONFIRMED	13	https://www.eurofotbal.cz/kluby/chorvatsko/hajduk-split/soupiska/2010-2011/	2	21	64	SEASON_APPS_EST_RATING
Hajduk Split	Dinko Trebotić	SEASON_APPS_CONFIRMED	27	https://www.eurofotbal.cz/kluby/chorvatsko/hajduk-split/soupiska/2010-2011/	2	20	68	SEASON_APPS_EST_RATING
Hajduk Split	Franko Andrijašević	SEASON_APPS_CONFIRMED	8	https://www.eurofotbal.cz/kluby/chorvatsko/hajduk-split/soupiska/2010-2011/	2	19	62	SEASON_APPS_EST_RATING
Hajduk Split	Marin Tomasov	SEASON_APPS_CONFIRMED	37	https://www.eurofotbal.cz/kluby/chorvatsko/hajduk-split/soupiska/2010-2011/	2	22	70	SEASON_APPS_EST_RATING
Hajduk Split	Anas Sharbini	SEASON_APPS_CONFIRMED	28	https://www.eurofotbal.cz/kluby/chorvatsko/hajduk-split/soupiska/2010-2011/	2	23	69	SEASON_APPS_EST_RATING
Hajduk Split	Ahmad Sharbini	SEASON_APPS_CONFIRMED	17	https://www.eurofotbal.cz/kluby/chorvatsko/hajduk-split/soupiska/2010-2011/	3	23	66	SEASON_APPS_EST_RATING
Hajduk Split	Mirko Oremuš	SEASON_APPS_CONFIRMED	32	https://www.eurofotbal.cz/kluby/chorvatsko/hajduk-split/soupiska/2010-2011/	2	21	69	SEASON_APPS_EST_RATING
Hajduk Split	Senijad Ibričić	SEASON_APPS_CONFIRMED	29	https://www.eurofotbal.cz/kluby/chorvatsko/hajduk-split/soupiska/2010-2011/	2	24	69	SEASON_APPS_EST_RATING
Hajduk Split	Ante Vukušić	SEASON_APPS_CONFIRMED	39	https://www.eurofotbal.cz/kluby/chorvatsko/hajduk-split/soupiska/2010-2011/	3	19	70	SEASON_APPS_EST_RATING
Hajduk Split	Duje Čop	SEASON_APPS_CONFIRMED	22	https://www.eurofotbal.cz/kluby/chorvatsko/hajduk-split/soupiska/2010-2011/	3	20	67	SEASON_APPS_EST_RATING
Hajduk Split	Mario Brkljača	SEASON_APPS_CONFIRMED	30	https://www.eurofotbal.cz/kluby/chorvatsko/hajduk-split/soupiska/2010-2011/	2	25	70	SEASON_APPS_EST_RATING
Hajduk Split	Ivan Jakov Džoni	UNVERIFIED_SOURCE_GAP			3	21	64	UNVERIFIED_ESTIMATED
Hajduk Split	Ervin Bulku	SEASON_APPS_ADDED	19	https://www.eurofotbal.cz/kluby/chorvatsko/hajduk-split/soupiska/2010-2011/	1	29	67	SEASON_ARCHIVE_EST_RATING
AEK Larnaca	Marco Fortin	SEASON_APPS_CONFIRMED	0	https://www.eurofotbal.cz/kluby/kypr/aek-larnaka/soupiska/2010-2011/	0	36	59	SEASON_APPS_EST_RATING
AEK Larnaca	Alexandre Negri	UNVERIFIED_SOURCE_GAP			0	28	65	UNVERIFIED_ESTIMATED
AEK Larnaca	Kevin Hofland	SEASON_APPS_CONFIRMED	0	https://www.eurofotbal.cz/kluby/kypr/aek-larnaka/soupiska/2010-2011/	1	31	58	SEASON_APPS_EST_RATING
AEK Larnaca	Jason Demetriou	SEASON_APPS_CONFIRMED	0	https://www.eurofotbal.cz/kluby/kypr/aek-larnaka/soupiska/2010-2011/	2	22	58	SEASON_APPS_EST_RATING
AEK Larnaca	Marios Nicolaou	UNVERIFIED_SOURCE_GAP			1	33	60	UNVERIFIED_ESTIMATED
AEK Larnaca	Nestoras Mitidis	SEASON_APPS_CONFIRMED	0	https://www.eurofotbal.cz/kluby/kypr/aek-larnaka/soupiska/2010-2011/	3	19	57	SEASON_APPS_EST_RATING
AEK Larnaca	Murat Akın	UNVERIFIED_SOURCE_GAP			1	33	64	UNVERIFIED_ESTIMATED
AEK Larnaca	Gonzalo García	UNVERIFIED_SOURCE_GAP			1	27	64	UNVERIFIED_ESTIMATED
AEK Larnaca	Gregoor van Dijk	SEASON_APPS_CONFIRMED	0	https://www.eurofotbal.cz/kluby/kypr/aek-larnaka/soupiska/2010-2011/	2	28	59	SEASON_APPS_EST_RATING
AEK Larnaca	Miljan Mrdaković	UNVERIFIED_SOURCE_GAP			2	33	68	UNVERIFIED_ESTIMATED
AEK Larnaca	Nordin Wooter	UNVERIFIED_SOURCE_GAP			2	33	66	UNVERIFIED_ESTIMATED
AEK Larnaca	Edwin Linssen	SEASON_APPS_CONFIRMED	0	https://www.eurofotbal.cz/kluby/kypr/aek-larnaka/soupiska/2010-2011/	2	29	59	SEASON_APPS_EST_RATING
AEK Larnaca	Gorka Pintado	SEASON_APPS_CONFIRMED	0	https://www.eurofotbal.cz/kluby/kypr/aek-larnaka/soupiska/2010-2011/	3	32	58	SEASON_APPS_EST_RATING
AEK Larnaca	Ander Murillo	UNVERIFIED_SOURCE_GAP			2	26	65	UNVERIFIED_ESTIMATED
AEK Larnaca	David Català	UNVERIFIED_SOURCE_GAP			2	21	62	UNVERIFIED_ESTIMATED
AEK Larnaca	Héctor Martínez	UNVERIFIED_SOURCE_GAP			3	32	64	UNVERIFIED_ESTIMATED
APOEL	Dionysis Chiotis	SEASON_APPS_CONFIRMED	4	https://www.eurofotbal.cz/kluby/kypr/apoel-nikosie/soupiska/2010-2011/	0	33	62	SEASON_APPS_EST_RATING
APOEL	Anastasios Kissas	SEASON_APPS_CONFIRMED	0	https://www.eurofotbal.cz/kluby/kypr/apoel-nikosie/soupiska/2010-2011/	0	22	60	SEASON_APPS_EST_RATING
APOEL	Paulo Jorge	SEASON_APPS_CONFIRMED	4	https://www.eurofotbal.cz/kluby/kypr/apoel-nikosie/soupiska/2010-2011/	1	30	62	SEASON_APPS_EST_RATING
APOEL	Marcelo Oliveira	UNVERIFIED_SOURCE_GAP			1	32	70	UNVERIFIED_ESTIMATED
APOEL	Nuno Morais	SEASON_APPS_CONFIRMED	2	https://www.eurofotbal.cz/kluby/kypr/apoel-nikosie/soupiska/2010-2011/	1	26	61	SEASON_APPS_EST_RATING
APOEL	Marios Ilia	SEASON_APPS_CONFIRMED	0	https://www.eurofotbal.cz/kluby/kypr/apoel-nikosie/soupiska/2010-2011/	1	31	60	SEASON_APPS_EST_RATING
APOEL	Savvas Poursaitidis	SEASON_APPS_CONFIRMED	2	https://www.eurofotbal.cz/kluby/kypr/apoel-nikosie/soupiska/2010-2011/	2	34	60	SEASON_APPS_EST_RATING
APOEL	Athos Solomou	SEASON_APPS_CONFIRMED	4	https://www.eurofotbal.cz/kluby/kypr/apoel-nikosie/soupiska/2010-2011/	2	24	62	SEASON_APPS_EST_RATING
APOEL	Constantinos Charalambides	UNVERIFIED_SOURCE_GAP			2	28	62	UNVERIFIED_ESTIMATED
APOEL	Nektarios Alexandrou	SEASON_APPS_CONFIRMED	1	https://www.eurofotbal.cz/kluby/kypr/apoel-nikosie/soupiska/2010-2011/	3	26	61	SEASON_APPS_EST_RATING
APOEL	Hélio Pinto	SEASON_APPS_CONFIRMED	4	https://www.eurofotbal.cz/kluby/kypr/apoel-nikosie/soupiska/2010-2011/	2	26	62	SEASON_APPS_EST_RATING
APOEL	Gustavo Manduca	SEASON_APPS_CONFIRMED	4	https://www.eurofotbal.cz/kluby/kypr/apoel-nikosie/soupiska/2010-2011/	3	30	62	SEASON_APPS_EST_RATING
APOEL	Ivan Tričkovski	SEASON_APPS_CONFIRMED	3	https://www.eurofotbal.cz/kluby/kypr/apoel-nikosie/soupiska/2010-2011/	3	23	62	SEASON_APPS_EST_RATING
APOEL	Aílton Almeida	SEASON_APPS_CONFIRMED	3	https://www.eurofotbal.cz/kluby/kypr/apoel-nikosie/soupiska/2010-2011/	3	25	62	SEASON_APPS_EST_RATING
APOEL	Esteban Solari	SEASON_APPS_CONFIRMED	4	https://www.eurofotbal.cz/kluby/kypr/apoel-nikosie/soupiska/2010-2011/	3	30	62	SEASON_APPS_EST_RATING
APOEL	Marcin Żewłakow	UNVERIFIED_SOURCE_GAP			3	30	63	UNVERIFIED_ESTIMATED
APOEL	Nenad Mirosavljević	SEASON_APPS_CONFIRMED	0	https://www.eurofotbal.cz/kluby/kypr/apoel-nikosie/soupiska/2010-2011/	3	32	60	SEASON_APPS_EST_RATING
Apollon Limassol	Aleš Chvalovský	SEASON_APPS_CONFIRMED	0	https://www.eurofotbal.cz/kluby/kypr/apollon-limassol/soupiska/2010-2011/	0	31	59	SEASON_APPS_EST_RATING
Apollon Limassol	Sofronis Avgousti	UNVERIFIED_SOURCE_GAP			0	33	62	UNVERIFIED_ESTIMATED
Apollon Limassol	Bruno Vale	UNVERIFIED_SOURCE_GAP			1	29	61	UNVERIFIED_ESTIMATED
Apollon Limassol	Bruno Luz	UNVERIFIED_SOURCE_GAP			1	30	64	UNVERIFIED_ESTIMATED
Apollon Limassol	Nasief Morris	SEASON_APPS_CONFIRMED	0	https://www.eurofotbal.cz/kluby/kypr/apollon-limassol/soupiska/2010-2011/	1	29	59	SEASON_APPS_EST_RATING
Apollon Limassol	Giorgos Merkis	UNVERIFIED_SOURCE_GAP			1	29	61	UNVERIFIED_ESTIMATED
Apollon Limassol	Marios Stylianou	UNVERIFIED_SOURCE_GAP			1	33	65	UNVERIFIED_ESTIMATED
Apollon Limassol	Gastón Sangoy	UNVERIFIED_SOURCE_GAP			1	32	63	UNVERIFIED_ESTIMATED
Apollon Limassol	Mustapha Bangura	SEASON_APPS_CONFIRMED	0	https://www.eurofotbal.cz/kluby/kypr/apollon-limassol/soupiska/2010-2011/	2	20	58	SEASON_APPS_EST_RATING
Apollon Limassol	Haris Handžić	UNVERIFIED_SOURCE_GAP			2	32	64	UNVERIFIED_ESTIMATED
Apollon Limassol	Camel Meriem	UNVERIFIED_SOURCE_GAP			2	27	66	UNVERIFIED_ESTIMATED
Apollon Limassol	Nuno Lopes	UNVERIFIED_SOURCE_GAP			2	21	61	UNVERIFIED_ESTIMATED
Apollon Limassol	Costas Maris	UNVERIFIED_SOURCE_GAP			2	29	64	UNVERIFIED_ESTIMATED
Apollon Limassol	Jatto Ceesay	UNVERIFIED_SOURCE_GAP			2	24	64	UNVERIFIED_ESTIMATED
Apollon Limassol	Richard Kingson	UNVERIFIED_SOURCE_GAP			2	22	64	UNVERIFIED_ESTIMATED
Omonia Nicosia	Stefanos Kotsolis	UNVERIFIED_SOURCE_GAP			0	20	67	UNVERIFIED_ESTIMATED
Omonia Nicosia	Antonis Georgallidis	SEASON_APPS_CONFIRMED	3	https://www.eurofotbal.cz/kluby/kypr/omonia-nikosie/soupiska/2010-2011/	0	28	63	SEASON_APPS_EST_RATING
Omonia Nicosia	Georgios Loizou	UNVERIFIED_SOURCE_GAP			1	30	64	UNVERIFIED_ESTIMATED
Omonia Nicosia	Dragoslav Jevrić	SEASON_APPS_CONFIRMED	1	https://www.eurofotbal.cz/kluby/kypr/omonia-nikosie/soupiska/2010-2011/	0	36	61	SEASON_APPS_EST_RATING
Omonia Nicosia	Iago Bouzón	SEASON_APPS_CONFIRMED	4	https://www.eurofotbal.cz/kluby/kypr/omonia-nikosie/soupiska/2010-2011/	1	27	62	SEASON_APPS_EST_RATING
Omonia Nicosia	Christos Karypidis	SEASON_APPS_CONFIRMED	2	https://www.eurofotbal.cz/kluby/kypr/omonia-nikosie/soupiska/2010-2011/	1	27	61	SEASON_APPS_EST_RATING
Omonia Nicosia	Rasheed Alabi	UNVERIFIED_SOURCE_GAP			1	31	62	UNVERIFIED_ESTIMATED
Omonia Nicosia	Timo Wenzel	SEASON_APPS_CONFIRMED	2	https://www.eurofotbal.cz/kluby/kypr/omonia-nikosie/soupiska/2010-2011/	1	32	60	SEASON_APPS_EST_RATING
Omonia Nicosia	Elias Charalambous	SEASON_APPS_CONFIRMED	4	https://www.eurofotbal.cz/kluby/kypr/omonia-nikosie/soupiska/2010-2011/	1	29	62	SEASON_APPS_EST_RATING
Omonia Nicosia	Víctor Espasandín	SEASON_APPS_CONFIRMED	1	https://www.eurofotbal.cz/kluby/kypr/omonia-nikosie/soupiska/2010-2011/	1	25	61	SEASON_APPS_EST_RATING
Omonia Nicosia	Yuval Shpungin	SEASON_APPS_CONFIRMED	0	https://www.eurofotbal.cz/kluby/kypr/omonia-nikosie/soupiska/2010-2011/	1	23	61	SEASON_APPS_EST_RATING
Omonia Nicosia	Davidson Morais	SEASON_APPS_CONFIRMED	4	https://www.eurofotbal.cz/kluby/kypr/omonia-nikosie/soupiska/2010-2011/	1	29	62	SEASON_APPS_EST_RATING
Omonia Nicosia	Noel Kaseke	SEASON_APPS_CONFIRMED	4	https://www.eurofotbal.cz/kluby/kypr/omonia-nikosie/soupiska/2010-2011/	2	29	62	SEASON_APPS_EST_RATING
Omonia Nicosia	Dimitrios Grammozis	SEASON_APPS_CONFIRMED	0	https://www.eurofotbal.cz/kluby/kypr/omonia-nikosie/soupiska/2010-2011/	2	32	60	SEASON_APPS_EST_RATING
Omonia Nicosia	Konstantinos Makridis	SEASON_APPS_CONFIRMED	4	https://www.eurofotbal.cz/kluby/kypr/omonia-nikosie/soupiska/2010-2011/	2	28	62	SEASON_APPS_EST_RATING
Omonia Nicosia	Bruno Aguiar	SEASON_APPS_CONFIRMED	0	https://www.eurofotbal.cz/kluby/kypr/omonia-nikosie/soupiska/2010-2011/	2	29	61	SEASON_APPS_EST_RATING
Omonia Nicosia	José Manuel Rueda	SEASON_APPS_CONFIRMED	2	https://www.eurofotbal.cz/kluby/kypr/omonia-nikosie/soupiska/2010-2011/	2	22	60	SEASON_APPS_EST_RATING
Omonia Nicosia	Andreas Avraam	SEASON_APPS_CONFIRMED	4	https://www.eurofotbal.cz/kluby/kypr/omonia-nikosie/soupiska/2010-2011/	3	23	62	SEASON_APPS_EST_RATING
Omonia Nicosia	Stathis Aloneftis	SEASON_APPS_CONFIRMED	4	https://www.eurofotbal.cz/kluby/kypr/omonia-nikosie/soupiska/2010-2011/	2	27	62	SEASON_APPS_EST_RATING
Omonia Nicosia	Giorgos Efrem	SEASON_APPS_CONFIRMED	4	https://www.eurofotbal.cz/kluby/kypr/omonia-nikosie/soupiska/2010-2011/	2	21	61	SEASON_APPS_EST_RATING
Omonia Nicosia	Dimitris Christofi	SEASON_APPS_CONFIRMED	0	https://www.eurofotbal.cz/kluby/kypr/omonia-nikosie/soupiska/2010-2011/	3	21	60	SEASON_APPS_EST_RATING
Omonia Nicosia	Lomana LuaLua	SEASON_APPS_CONFIRMED	2	https://www.eurofotbal.cz/kluby/kypr/omonia-nikosie/soupiska/2010-2011/	3	29	61	SEASON_APPS_EST_RATING
Omonia Nicosia	Hernán Rengifo	SEASON_APPS_CONFIRMED	4	https://www.eurofotbal.cz/kluby/kypr/omonia-nikosie/soupiska/2010-2011/	3	27	62	SEASON_APPS_EST_RATING
Omonia Nicosia	Michalis Konstantinou	SEASON_APPS_CONFIRMED	3	https://www.eurofotbal.cz/kluby/kypr/omonia-nikosie/soupiska/2010-2011/	3	32	61	SEASON_APPS_EST_RATING
Anorthosis Famagusta	Matuš Kozáčik	SEASON_APPS_CONFIRMED	3	https://www.eurofotbal.cz/kluby/kypr/anorthosis-famagusta/soupiska/2010-2011/	0	26	63	SEASON_APPS_EST_RATING
Anorthosis Famagusta	Wojciech Kowalewski	SEASON_APPS_CONFIRMED	0	https://www.eurofotbal.cz/kluby/kypr/anorthosis-famagusta/soupiska/2010-2011/	0	33	61	SEASON_APPS_EST_RATING
Anorthosis Famagusta	Gavriil Konstantinou	UNVERIFIED_SOURCE_GAP			1	31	67	UNVERIFIED_ESTIMATED
Anorthosis Famagusta	Nikolas Asprogenous	UNVERIFIED_SOURCE_GAP			1	22	64	UNVERIFIED_ESTIMATED
Anorthosis Famagusta	Marcos Argüello	SEASON_APPS_CONFIRMED	4	https://www.eurofotbal.cz/kluby/kypr/anorthosis-famagusta/soupiska/2010-2011/	0	29	63	SEASON_APPS_EST_RATING
Anorthosis Famagusta	Civard Sprockel	SEASON_APPS_CONFIRMED	0	https://www.eurofotbal.cz/kluby/kypr/anorthosis-famagusta/soupiska/2010-2011/	1	27	61	SEASON_APPS_EST_RATING
Anorthosis Famagusta	Pablo Frontini	SEASON_APPS_CONFIRMED	2	https://www.eurofotbal.cz/kluby/kypr/anorthosis-famagusta/soupiska/2010-2011/	2	26	61	SEASON_APPS_EST_RATING
Anorthosis Famagusta	Georgios Georgiou	SEASON_APPS_CONFIRMED	4	https://www.eurofotbal.cz/kluby/kypr/anorthosis-famagusta/soupiska/2010-2011/	1	30	62	SEASON_APPS_EST_RATING
Anorthosis Famagusta	Jürgen Colin	SEASON_APPS_CONFIRMED	0	https://www.eurofotbal.cz/kluby/kypr/anorthosis-famagusta/soupiska/2010-2011/	1	29	61	SEASON_APPS_EST_RATING
Anorthosis Famagusta	Nikolaos Katsavakis	SEASON_APPS_CONFIRMED	5	https://www.eurofotbal.cz/kluby/kypr/anorthosis-famagusta/soupiska/2010-2011/	1	31	61	SEASON_APPS_EST_RATING
Anorthosis Famagusta	Valentinos Sielis	SEASON_APPS_CONFIRMED	1	https://www.eurofotbal.cz/kluby/kypr/anorthosis-famagusta/soupiska/2010-2011/	1	20	60	SEASON_APPS_EST_RATING
Anorthosis Famagusta	Vincent Laban	SEASON_APPS_CONFIRMED	5	https://www.eurofotbal.cz/kluby/kypr/anorthosis-famagusta/soupiska/2010-2011/	2	25	62	SEASON_APPS_EST_RATING
Anorthosis Famagusta	Ricardo Laborde	SEASON_APPS_CONFIRMED	2	https://www.eurofotbal.cz/kluby/kypr/anorthosis-famagusta/soupiska/2010-2011/	2	22	60	SEASON_APPS_EST_RATING
Anorthosis Famagusta	Hawar Mulla Mohammed	UNVERIFIED_SOURCE_GAP			2	33	63	UNVERIFIED_ESTIMATED
Anorthosis Famagusta	Cafu	SEASON_APPS_CONFIRMED	6	https://www.eurofotbal.cz/kluby/kypr/anorthosis-famagusta/soupiska/2010-2011/	3	32	62	SEASON_APPS_EST_RATING
Anorthosis Famagusta	Semedo	UNVERIFIED_SOURCE_GAP			3	28	62	UNVERIFIED_ESTIMATED
Anorthosis Famagusta	Andreas Makris	UNVERIFIED_SOURCE_GAP			3	29	62	UNVERIFIED_ESTIMATED
Slavia Praha	Stanislav Vlček	SEASON_APPS_CONFIRMED	20	https://www.eurofotbal.cz/kluby/cesko/slavia-praha/soupiska/2010-2011/	3	34	73	SEASON_APPS_FIFA11
Slavia Praha	Jaroslav Černý	SEASON_APPS_CONFIRMED	15	https://www.eurofotbal.cz/kluby/cesko/slavia-praha/soupiska/2010-2011/	2	31	70	SEASON_APPS_FIFA11
Slavia Praha	Lukáš Jarolím	SEASON_APPS_CONFIRMED	28	https://www.eurofotbal.cz/kluby/cesko/slavia-praha/soupiska/2010-2011/	2	34	69	SEASON_APPS_FIFA11
Slavia Praha	Adam Hloušek	SEASON_APPS_CONFIRMED	4	https://www.eurofotbal.cz/kluby/cesko/slavia-praha/soupiska/2010-2011/	2	21	67	SEASON_APPS_FIFA11
Slavia Praha	David Hubáček	SEASON_APPS_CONFIRMED	32	https://www.eurofotbal.cz/kluby/cesko/slavia-praha/soupiska/2010-2011/	1	33	67	SEASON_APPS_FIFA11
Slavia Praha	Karol Kisel	SEASON_APPS_CONFIRMED	29	https://www.eurofotbal.cz/kluby/cesko/slavia-praha/soupiska/2010-2011/	2	33	66	SEASON_APPS_FIFA11
Slavia Praha	Tijani Belaïd	SEASON_APPS_CONFIRMED	12	https://www.eurofotbal.cz/kluby/cesko/slavia-praha/soupiska/2010-2011/	2	22	66	SEASON_APPS_FIFA11
Slavia Praha	Benjamin Vomáčka	SEASON_APPS_CONFIRMED	10	https://www.eurofotbal.cz/kluby/cesko/slavia-praha/soupiska/2010-2011/	1	32	65	SEASON_APPS_FIFA11
Slavia Praha	Hocine Ragued	SEASON_APPS_CONFIRMED	13	https://www.eurofotbal.cz/kluby/cesko/slavia-praha/soupiska/2010-2011/	2	27	65	SEASON_APPS_FIFA11
Slavia Praha	Josef Kaufman	SEASON_APPS_CONFIRMED	14	https://www.eurofotbal.cz/kluby/cesko/slavia-praha/soupiska/2010-2011/	1	26	63	SEASON_APPS_FIFA11
Slavia Praha	Petr Janda	SEASON_APPS_CONFIRMED	32	https://www.eurofotbal.cz/kluby/cesko/slavia-praha/soupiska/2010-2011/	2	23	63	SEASON_APPS_FIFA11
Slavia Praha	Milan Černý	SEASON_APPS_CONFIRMED	32	https://www.eurofotbal.cz/kluby/cesko/slavia-praha/soupiska/2010-2011/	2	22	62	SEASON_APPS_FIFA11
Slavia Praha	Petr Trapp	SEASON_APPS_CONFIRMED	12	https://www.eurofotbal.cz/kluby/cesko/slavia-praha/soupiska/2010-2011/	2	24	62	SEASON_APPS_FIFA11
Slavia Praha	Jiří Koubský	SEASON_APPS_CONFIRMED	14	https://www.eurofotbal.cz/kluby/cesko/slavia-praha/soupiska/2010-2011/	1	27	60	SEASON_APPS_FIFA11
Slavia Praha	Martin Vaniak	SEASON_APPS_CONFIRMED	20	https://www.eurofotbal.cz/kluby/cesko/slavia-praha/soupiska/2010-2011/	0	39	67	SEASON_APPS_EST_RATING
Slavia Praha	Ondřej Čelůstka	SEASON_APPS_CONFIRMED	33	https://www.eurofotbal.cz/kluby/cesko/slavia-praha/soupiska/2010-2011/	1	21	69	SEASON_APPS_EST_RATING
Slavia Praha	Jakub Hora	SEASON_APPS_ADDED	32	https://www.eurofotbal.cz/kluby/cesko/slavia-praha/soupiska/2010-2011/	3	19	68	SEASON_ARCHIVE_EST_RATING
Slavia Praha	Štěpán Koreš	SEASON_APPS_ADDED	25	https://www.eurofotbal.cz/kluby/cesko/slavia-praha/soupiska/2010-2011/	2	21	67	SEASON_ARCHIVE_EST_RATING
Slovan Liberec	Jiří Štajner	SEASON_APPS_CONFIRMED	29	https://www.eurofotbal.cz/kluby/cesko/slovan-liberec/soupiska/2010-2011/	3	34	74	SEASON_APPS_FIFA11
Slovan Liberec	Andrej Kerić	SEASON_APPS_CONFIRMED	17	https://www.eurofotbal.cz/kluby/cesko/slovan-liberec/soupiska/2010-2011/	3	24	72	SEASON_APPS_FIFA11
Slovan Liberec	Jan Nezmar	SEASON_APPS_CONFIRMED	23	https://www.eurofotbal.cz/kluby/cesko/slovan-liberec/soupiska/2010-2011/	3	33	72	SEASON_APPS_FIFA11
Slovan Liberec	Miroslav Holeňák	SEASON_APPS_CONFIRMED	22	https://www.eurofotbal.cz/kluby/cesko/slovan-liberec/soupiska/2010-2011/	1	34	72	SEASON_APPS_FIFA11
Slovan Liberec	Petr Papoušek	SEASON_APPS_CONFIRMED	24	https://www.eurofotbal.cz/kluby/cesko/slovan-liberec/soupiska/2010-2011/	2	33	72	SEASON_APPS_FIFA11
Slovan Liberec	Lovre Vulin	SEASON_APPS_CONFIRMED	10	https://www.eurofotbal.cz/kluby/cesko/slovan-liberec/soupiska/2010-2011/	1	25	62	SEASON_APPS_FIFA11
Slovan Liberec	Miloš Bosančić	SEASON_APPS_CONFIRMED	15	https://www.eurofotbal.cz/kluby/cesko/slovan-liberec/soupiska/2010-2011/	2	22	61	SEASON_APPS_FIFA11
Slovan Liberec	Marcel Gecov	SEASON_APPS_CONFIRMED	25	https://www.eurofotbal.cz/kluby/cesko/slovan-liberec/soupiska/2010-2011/	2	22	59	SEASON_APPS_FIFA11
Slovan Liberec	Lukáš Vácha	SEASON_APPS_CONFIRMED	27	https://www.eurofotbal.cz/kluby/cesko/slovan-liberec/soupiska/2010-2011/	2	21	58	SEASON_APPS_FIFA11
Slovan Liberec	Theodor Gebre Selassie	SEASON_APPS_CONFIRMED	29	https://www.eurofotbal.cz/kluby/cesko/slovan-liberec/soupiska/2010-2011/	1	23	58	SEASON_APPS_FIFA11
Slovan Liberec	Jiří Liška	SEASON_APPS_CONFIRMED	6	https://www.eurofotbal.cz/kluby/cesko/slovan-liberec/soupiska/2010-2011/	2	28	57	SEASON_APPS_FIFA11
Slovan Liberec	Ján Vlasko	SEASON_APPS_CONFIRMED	6	https://www.eurofotbal.cz/kluby/cesko/slovan-liberec/soupiska/2010-2011/	2	20	55	SEASON_APPS_FIFA11
Slovan Liberec	Radek Dejmek	SEASON_APPS_CONFIRMED	24	https://www.eurofotbal.cz/kluby/cesko/slovan-liberec/soupiska/2010-2011/	1	22	54	SEASON_APPS_FIFA11
Slovan Liberec	Renato Kelić	SEASON_APPS_CONFIRMED	21	https://www.eurofotbal.cz/kluby/cesko/slovan-liberec/soupiska/2010-2011/	1	19	54	SEASON_APPS_FIFA11
Slovan Liberec	David Bičík	SEASON_APPS_CONFIRMED	30	https://www.eurofotbal.cz/kluby/cesko/slovan-liberec/soupiska/2010-2011/	0	29	69	SEASON_APPS_EST_RATING
Slovan Liberec	Bořek Dočkal	SEASON_APPS_CONFIRMED	13	https://www.eurofotbal.cz/kluby/cesko/slovan-liberec/soupiska/2010-2011/	2	21	62	SEASON_APPS_EST_RATING
Slovan Liberec	Jiří Fleišman	SEASON_APPS_ADDED	27	https://www.eurofotbal.cz/kluby/cesko/slovan-liberec/soupiska/2010-2011/	1	25	67	SEASON_ARCHIVE_EST_RATING
Slovan Liberec	Michal Breznaník	SEASON_APPS_ADDED	21	https://www.eurofotbal.cz/kluby/cesko/slovan-liberec/soupiska/2010-2011/	1	24	65	SEASON_ARCHIVE_EST_RATING
Sparta Praha	Tomáš Řepka	SEASON_APPS_CONFIRMED	35	https://www.eurofotbal.cz/kluby/cesko/sparta-praha/soupiska/2010-2011/	1	36	78	SEASON_APPS_FIFA11
Sparta Praha	Bony Wilfried	UNVERIFIED_SOURCE_GAP			3	25	74	UNVERIFIED_FIFA11_RATING_EST_AGE_ECONOMY
Sparta Praha	Erich Brabec	SEASON_APPS_CONFIRMED	44	https://www.eurofotbal.cz/kluby/cesko/sparta-praha/soupiska/2010-2011/	1	33	71	SEASON_APPS_FIFA11
Sparta Praha	Libor Sionko	SEASON_APPS_CONFIRMED	36	https://www.eurofotbal.cz/kluby/cesko/sparta-praha/soupiska/2010-2011/	2	33	71	SEASON_APPS_FIFA11
Sparta Praha	Igor Žofčák	SEASON_APPS_CONFIRMED	10	https://www.eurofotbal.cz/kluby/cesko/sparta-praha/soupiska/2010-2011/	2	27	70	SEASON_APPS_FIFA11
Sparta Praha	Štěpán Vachoušek	SEASON_APPS_CONFIRMED	6	https://www.eurofotbal.cz/kluby/cesko/sparta-praha/soupiska/2010-2011/	3	31	70	SEASON_APPS_FIFA11
Sparta Praha	Marek Matějovský	SEASON_APPS_CONFIRMED	36	https://www.eurofotbal.cz/kluby/cesko/sparta-praha/soupiska/2010-2011/	2	28	69	SEASON_APPS_FIFA11
Sparta Praha	Léonard Kweuke	SEASON_APPS_CONFIRMED	38	https://www.eurofotbal.cz/kluby/cesko/sparta-praha/soupiska/2010-2011/	3	23	68	SEASON_APPS_FIFA11
Sparta Praha	Jiří Kladrubský	SEASON_APPS_CONFIRMED	34	https://www.eurofotbal.cz/kluby/cesko/sparta-praha/soupiska/2010-2011/	2	24	66	SEASON_APPS_FIFA11
Sparta Praha	Juraj Kucka	SEASON_APPS_CONFIRMED	24	https://www.eurofotbal.cz/kluby/cesko/sparta-praha/soupiska/2010-2011/	2	23	66	SEASON_APPS_FIFA11
Sparta Praha	Luboš Hušek	SEASON_APPS_CONFIRMED	1	https://www.eurofotbal.cz/kluby/cesko/sparta-praha/soupiska/2010-2011/	2	26	66	SEASON_APPS_FIFA11
Sparta Praha	Martin Zeman	SEASON_APPS_CONFIRMED	15	https://www.eurofotbal.cz/kluby/cesko/sparta-praha/soupiska/2010-2011/	2	21	66	SEASON_APPS_FIFA11
Sparta Praha	Manuel Pamić	SEASON_APPS_CONFIRMED	41	https://www.eurofotbal.cz/kluby/cesko/sparta-praha/soupiska/2010-2011/	1	23	65	SEASON_APPS_FIFA11
Sparta Praha	Ondřej Kušnír	SEASON_APPS_CONFIRMED	17	https://www.eurofotbal.cz/kluby/cesko/sparta-praha/soupiska/2010-2011/	1	26	65	SEASON_APPS_FIFA11
Sparta Praha	Kamil Vacek	SEASON_APPS_CONFIRMED	34	https://www.eurofotbal.cz/kluby/cesko/sparta-praha/soupiska/2010-2011/	2	23	64	SEASON_APPS_FIFA11
Sparta Praha	Niklas Hoheneder	SEASON_APPS_CONFIRMED	20	https://www.eurofotbal.cz/kluby/cesko/sparta-praha/soupiska/2010-2011/	1	23	63	SEASON_APPS_FIFA11
Sparta Praha	Václav Kadlec	SEASON_APPS_CONFIRMED	37	https://www.eurofotbal.cz/kluby/cesko/sparta-praha/soupiska/2010-2011/	3	18	62	SEASON_APPS_FIFA11
Sparta Praha	Jiří Jeslínek	SEASON_APPS_CONFIRMED	8	https://www.eurofotbal.cz/kluby/cesko/sparta-praha/soupiska/2010-2011/	3	22	60	SEASON_APPS_FIFA11
Sparta Praha	Miloš Lačný	SEASON_APPS_CONFIRMED	10	https://www.eurofotbal.cz/kluby/cesko/sparta-praha/soupiska/2010-2011/	3	22	60	SEASON_APPS_FIFA11
Sparta Praha	Jan Krob	SEASON_APPS_CONFIRMED	2	https://www.eurofotbal.cz/kluby/cesko/sparta-praha/soupiska/2010-2011/	1	23	57	SEASON_APPS_FIFA11
Sparta Praha	Martin Jirouš	SEASON_APPS_CONFIRMED	0	https://www.eurofotbal.cz/kluby/cesko/sparta-praha/soupiska/2010-2011/	3	23	56	SEASON_APPS_FIFA11
Sparta Praha	Lukáš Hejda	SEASON_APPS_CONFIRMED	13	https://www.eurofotbal.cz/kluby/cesko/sparta-praha/soupiska/2010-2011/	1	20	53	SEASON_APPS_FIFA11
Sparta Praha	Jaromír Blažek	SEASON_APPS_ADDED	41	https://www.eurofotbal.cz/kluby/cesko/sparta-praha/soupiska/2010-2011/	0	37	74	SEASON_ARCHIVE_EST_RATING
Sparta Praha	Daniel Zítka	SEASON_APPS_ADDED	5	https://www.eurofotbal.cz/kluby/cesko/sparta-praha/soupiska/2010-2011/	0	35	65	SEASON_ARCHIVE_EST_RATING
Sparta Praha	Jakub Podaný	SEASON_APPS_ADDED	26	https://www.eurofotbal.cz/kluby/cesko/sparta-praha/soupiska/2010-2011/	2	23	70	SEASON_ARCHIVE_EST_RATING
Viktoria Plzeň	Pavel Horváth	SEASON_APPS_CONFIRMED	31	https://www.eurofotbal.cz/kluby/cesko/viktoria-plzen/soupiska/2010-2011/	2	35	71	SEASON_APPS_FIFA11
Viktoria Plzeň	Daniel Kolář	SEASON_APPS_CONFIRMED	34	https://www.eurofotbal.cz/kluby/cesko/viktoria-plzen/soupiska/2010-2011/	2	24	69	SEASON_APPS_FIFA11
Viktoria Plzeň	David Limberský	SEASON_APPS_CONFIRMED	33	https://www.eurofotbal.cz/kluby/cesko/viktoria-plzen/soupiska/2010-2011/	1	26	69	SEASON_APPS_FIFA11
Viktoria Plzeň	Tomáš Rada	SEASON_APPS_CONFIRMED	20	https://www.eurofotbal.cz/kluby/cesko/viktoria-plzen/soupiska/2010-2011/	2	26	69	SEASON_APPS_FIFA11
Viktoria Plzeň	David Bystroň	SEASON_APPS_CONFIRMED	31	https://www.eurofotbal.cz/kluby/cesko/viktoria-plzen/soupiska/2010-2011/	1	27	68	SEASON_APPS_FIFA11
Viktoria Plzeň	František Rajtoral	SEASON_APPS_CONFIRMED	32	https://www.eurofotbal.cz/kluby/cesko/viktoria-plzen/soupiska/2010-2011/	1	24	68	SEASON_APPS_FIFA11
Viktoria Plzeň	Jan Rezek	SEASON_APPS_CONFIRMED	35	https://www.eurofotbal.cz/kluby/cesko/viktoria-plzen/soupiska/2010-2011/	3	28	68	SEASON_APPS_FIFA11
Viktoria Plzeň	David Střihavka	SEASON_APPS_CONFIRMED	12	https://www.eurofotbal.cz/kluby/cesko/viktoria-plzen/soupiska/2010-2011/	3	27	67	SEASON_APPS_FIFA11
Viktoria Plzeň	Milan Petržela	SEASON_APPS_CONFIRMED	31	https://www.eurofotbal.cz/kluby/cesko/viktoria-plzen/soupiska/2010-2011/	2	27	67	SEASON_APPS_FIFA11
Viktoria Plzeň	Petr Jiráček	SEASON_APPS_CONFIRMED	34	https://www.eurofotbal.cz/kluby/cesko/viktoria-plzen/soupiska/2010-2011/	2	24	64	SEASON_APPS_FIFA11
Viktoria Plzeň	Jakub Navrátil	SEASON_APPS_CONFIRMED	19	https://www.eurofotbal.cz/kluby/cesko/viktoria-plzen/soupiska/2010-2011/	1	26	63	SEASON_APPS_FIFA11
Viktoria Plzeň	Marek Bakoš	SEASON_APPS_CONFIRMED	27	https://www.eurofotbal.cz/kluby/cesko/viktoria-plzen/soupiska/2010-2011/	3	27	63	SEASON_APPS_FIFA11
Viktoria Plzeň	František Ševinský	SEASON_APPS_CONFIRMED	17	https://www.eurofotbal.cz/kluby/cesko/viktoria-plzen/soupiska/2010-2011/	1	31	62	SEASON_APPS_FIFA11
Viktoria Plzeň	Antonín Presl	UNVERIFIED_SOURCE_GAP			3	30	56	UNVERIFIED_FIFA11_RATING_EST_AGE_ECONOMY
Viktoria Plzeň	Roman Pavlík	SEASON_APPS_CONFIRMED	22	https://www.eurofotbal.cz/kluby/cesko/viktoria-plzen/soupiska/2010-2011/	0	34	68	SEASON_APPS_EST_RATING
Viktoria Plzeň	Michal Ďuriš	SEASON_APPS_CONFIRMED	24	https://www.eurofotbal.cz/kluby/cesko/viktoria-plzen/soupiska/2010-2011/	3	22	67	SEASON_APPS_EST_RATING
FK Jablonec	David Lafata	SEASON_APPS_CONFIRMED	33	https://www.eurofotbal.cz/kluby/cesko/fk-jablonec/soupiska/2010-2011/	3	28	70	SEASON_APPS_EST_RATING
FK Jablonec	Pavel Drsek	SEASON_APPS_CONFIRMED	22	https://www.eurofotbal.cz/kluby/cesko/fk-jablonec/soupiska/2010-2011/	1	33	67	SEASON_APPS_EST_RATING
FK Jablonec	Matej Krajčík	SEASON_APPS_CONFIRMED	13	https://www.eurofotbal.cz/kluby/cesko/fk-jablonec/soupiska/2010-2011/	1	32	64	SEASON_APPS_EST_RATING
FK Jablonec	Karel Piták	SEASON_APPS_CONFIRMED	31	https://www.eurofotbal.cz/kluby/cesko/fk-jablonec/soupiska/2010-2011/	2	30	70	SEASON_APPS_EST_RATING
FK Jablonec	Luboš Loučka	SEASON_APPS_CONFIRMED	34	https://www.eurofotbal.cz/kluby/cesko/fk-jablonec/soupiska/2010-2011/	2	27	70	SEASON_APPS_EST_RATING
FK Jablonec	Tomáš Pekhart	SEASON_APPS_CONFIRMED	16	https://www.eurofotbal.cz/kluby/cesko/fk-jablonec/soupiska/2010-2011/	3	21	65	SEASON_APPS_EST_RATING
FK Jablonec	Tomáš Jablonský	SEASON_APPS_CONFIRMED	32	https://www.eurofotbal.cz/kluby/cesko/fk-jablonec/soupiska/2010-2011/	1	23	70	SEASON_APPS_EST_RATING
FK Jablonec	Michal Špit	SEASON_APPS_CONFIRMED	24	https://www.eurofotbal.cz/kluby/cesko/fk-jablonec/soupiska/2010-2011/	0	35	68	SEASON_APPS_EST_RATING
FK Jablonec	Petr Pavlík	SEASON_APPS_CONFIRMED	33	https://www.eurofotbal.cz/kluby/cesko/fk-jablonec/soupiska/2010-2011/	2	32	69	SEASON_APPS_EST_RATING
FK Jablonec	Jan Kovařík	SEASON_APPS_CONFIRMED	33	https://www.eurofotbal.cz/kluby/cesko/fk-jablonec/soupiska/2010-2011/	3	22	69	SEASON_APPS_EST_RATING
FK Jablonec	Marek Jarolím	SEASON_APPS_CONFIRMED	30	https://www.eurofotbal.cz/kluby/cesko/fk-jablonec/soupiska/2010-2011/	2	26	70	SEASON_APPS_EST_RATING
FK Jablonec	Tomáš Čížek	UNVERIFIED_SOURCE_GAP			2	32	62	UNVERIFIED_ESTIMATED
FK Jablonec	Jan Vošahlík	SEASON_APPS_CONFIRMED	32	https://www.eurofotbal.cz/kluby/cesko/fk-jablonec/soupiska/2010-2011/	3	21	69	SEASON_APPS_EST_RATING
FK Jablonec	Vít Beneš	SEASON_APPS_CONFIRMED	16	https://www.eurofotbal.cz/kluby/cesko/fk-jablonec/soupiska/2010-2011/	1	21	65	SEASON_APPS_EST_RATING
FK Jablonec	Ondřej Vaněk	SEASON_APPS_CONFIRMED	10	https://www.eurofotbal.cz/kluby/cesko/fk-jablonec/soupiska/2010-2011/	2	20	63	SEASON_APPS_EST_RATING
FK Jablonec	Jiří Valenta	UNVERIFIED_SOURCE_GAP			3	22	67	UNVERIFIED_ESTIMATED
FK Jablonec	Pavel Eliáš	SEASON_APPS_ADDED	29	https://www.eurofotbal.cz/kluby/cesko/fk-jablonec/soupiska/2010-2011/	2	23	69	SEASON_ARCHIVE_EST_RATING
FK Jablonec	Anes Haurdič	SEASON_APPS_ADDED	19	https://www.eurofotbal.cz/kluby/cesko/fk-jablonec/soupiska/2010-2011/	2	20	66	SEASON_ARCHIVE_EST_RATING
AaB Aalborg	Kjetil Wæhler	SEASON_APPS_CONFIRMED	33	https://www.eurofotbal.cz/kluby/dansko/aalborg-bk/soupiska/2010-2011/	1	34	73	SEASON_APPS_FIFA11
AaB Aalborg	Kasper Bøgelund	SEASON_APPS_CONFIRMED	16	https://www.eurofotbal.cz/kluby/dansko/aalborg-bk/soupiska/2010-2011/	1	29	69	SEASON_APPS_FIFA11
AaB Aalborg	Jeppe Curth	SEASON_APPS_CONFIRMED	25	https://www.eurofotbal.cz/kluby/dansko/aalborg-bk/soupiska/2010-2011/	3	26	68	SEASON_APPS_FIFA11
AaB Aalborg	Rasmus Würtz	SEASON_APPS_CONFIRMED	32	https://www.eurofotbal.cz/kluby/dansko/aalborg-bk/soupiska/2010-2011/	2	26	67	SEASON_APPS_FIFA11
AaB Aalborg	Patrick Kristensen	SEASON_APPS_CONFIRMED	19	https://www.eurofotbal.cz/kluby/dansko/aalborg-bk/soupiska/2010-2011/	2	23	65	SEASON_APPS_FIFA11
AaB Aalborg	Lasse Nielsen	SEASON_APPS_CONFIRMED	27	https://www.eurofotbal.cz/kluby/dansko/aalborg-bk/soupiska/2010-2011/	1	22	64	SEASON_APPS_FIFA11
AaB Aalborg	Marcus Tracy	SEASON_APPS_CONFIRMED	0	https://www.eurofotbal.cz/kluby/dansko/aalborg-bk/soupiska/2010-2011/	3	23	64	SEASON_APPS_FIFA11
AaB Aalborg	Dennis Marshall	SEASON_APPS_CONFIRMED	18	https://www.eurofotbal.cz/kluby/dansko/aalborg-bk/soupiska/2010-2011/	1	24	63	SEASON_APPS_FIFA11
AaB Aalborg	Jones Kusi-Asare	SEASON_APPS_CONFIRMED	3	https://www.eurofotbal.cz/kluby/dansko/aalborg-bk/soupiska/2010-2011/	3	30	60	SEASON_APPS_FIFA11
AaB Aalborg	Daniel Christensen	SEASON_APPS_CONFIRMED	15	https://www.eurofotbal.cz/kluby/dansko/aalborg-bk/soupiska/2010-2011/	2	21	57	SEASON_APPS_FIFA11
AaB Aalborg	Karim Zaza	SEASON_APPS_CONFIRMED	34	https://www.eurofotbal.cz/kluby/dansko/aalborg-bk/soupiska/2010-2011/	0	35	68	SEASON_APPS_EST_RATING
AaB Aalborg	Mathias Wichmann	SEASON_APPS_CONFIRMED	29	https://www.eurofotbal.cz/kluby/dansko/aalborg-bk/soupiska/2010-2011/	2	18	65	SEASON_APPS_EST_RATING
AaB Aalborg	Louay Chanko	SEASON_APPS_CONFIRMED	26	https://www.eurofotbal.cz/kluby/dansko/aalborg-bk/soupiska/2010-2011/	2	30	66	SEASON_APPS_EST_RATING
AaB Aalborg	Ronnie Schwartz	SEASON_APPS_CONFIRMED	17	https://www.eurofotbal.cz/kluby/dansko/aalborg-bk/soupiska/2010-2011/	3	20	63	SEASON_APPS_EST_RATING
AaB Aalborg	Nicklas Helenius	SEASON_APPS_ADDED	30	https://www.eurofotbal.cz/kluby/dansko/aalborg-bk/soupiska/2010-2011/	3	19	66	SEASON_ARCHIVE_EST_RATING
AaB Aalborg	Kenneth Petersen	SEASON_APPS_ADDED	22	https://www.eurofotbal.cz/kluby/dansko/aalborg-bk/soupiska/2010-2011/	1	25	66	SEASON_ARCHIVE_EST_RATING
Esbjerg fB	Tim Janssen	SEASON_APPS_CONFIRMED	33	https://www.eurofotbal.cz/kluby/dansko/esbjerg-fb/soupiska/2010-2011/	3	24	70	SEASON_APPS_FIFA11
Esbjerg fB	Jesper Lange	SEASON_APPS_CONFIRMED	33	https://www.eurofotbal.cz/kluby/dansko/esbjerg-fb/soupiska/2010-2011/	3	24	68	SEASON_APPS_FIFA11
Esbjerg fB	Søren Rieks	SEASON_APPS_CONFIRMED	29	https://www.eurofotbal.cz/kluby/dansko/esbjerg-fb/soupiska/2010-2011/	2	23	68	SEASON_APPS_FIFA11
Esbjerg fB	Nicolai Høgh	SEASON_APPS_CONFIRMED	32	https://www.eurofotbal.cz/kluby/dansko/esbjerg-fb/soupiska/2010-2011/	1	26	66	SEASON_APPS_FIFA11
Esbjerg fB	Jesper Jørgensen	SEASON_APPS_CONFIRMED	20	https://www.eurofotbal.cz/kluby/dansko/esbjerg-fb/soupiska/2010-2011/	2	26	65	SEASON_APPS_FIFA11
Esbjerg fB	Kevin Conboy	SEASON_APPS_CONFIRMED	33	https://www.eurofotbal.cz/kluby/dansko/esbjerg-fb/soupiska/2010-2011/	1	22	65	SEASON_APPS_FIFA11
Esbjerg fB	Peter Nymann	SEASON_APPS_CONFIRMED	34	https://www.eurofotbal.cz/kluby/dansko/esbjerg-fb/soupiska/2010-2011/	2	27	65	SEASON_APPS_FIFA11
Esbjerg fB	Arnór Smárason	SEASON_APPS_CONFIRMED	25	https://www.eurofotbal.cz/kluby/dansko/esbjerg-fb/soupiska/2010-2011/	2	21	64	SEASON_APPS_FIFA11
Esbjerg fB	Fredrik Risp	SEASON_APPS_CONFIRMED	25	https://www.eurofotbal.cz/kluby/dansko/esbjerg-fb/soupiska/2010-2011/	1	29	64	SEASON_APPS_FIFA11
Esbjerg fB	Martin Fribrock	SEASON_APPS_CONFIRMED	0	https://www.eurofotbal.cz/kluby/dansko/esbjerg-fb/soupiska/2010-2011/	2	25	62	SEASON_APPS_FIFA11
Esbjerg fB	Mikkel Vendelbo	SEASON_APPS_CONFIRMED	36	https://www.eurofotbal.cz/kluby/dansko/esbjerg-fb/soupiska/2010-2011/	2	22	62	SEASON_APPS_FIFA11
Esbjerg fB	Thomas Gaardsøe	SEASON_APPS_CONFIRMED	10	https://www.eurofotbal.cz/kluby/dansko/esbjerg-fb/soupiska/2010-2011/	2	31	62	SEASON_APPS_FIFA11
Esbjerg fB	Emmanuel Ukpai	SEASON_APPS_CONFIRMED	0	https://www.eurofotbal.cz/kluby/dansko/esbjerg-fb/soupiska/2010-2011/	3	22	60	SEASON_APPS_FIFA11
Esbjerg fB	Jeppe Mehl	SEASON_APPS_CONFIRMED	33	https://www.eurofotbal.cz/kluby/dansko/esbjerg-fb/soupiska/2010-2011/	2	23	60	SEASON_APPS_FIFA11
Esbjerg fB	Sebastian Andersen	SEASON_APPS_CONFIRMED	15	https://www.eurofotbal.cz/kluby/dansko/esbjerg-fb/soupiska/2010-2011/	2	21	57	SEASON_APPS_FIFA11
Esbjerg fB	Kevin Bechmann Timm	UNVERIFIED_SOURCE_GAP			3	26	53	UNVERIFIED_FIFA11_RATING_EST_AGE_ECONOMY
Esbjerg fB	Kian Hansen	SEASON_APPS_CONFIRMED	22	https://www.eurofotbal.cz/kluby/dansko/esbjerg-fb/soupiska/2010-2011/	1	21	53	SEASON_APPS_FIFA11
Esbjerg fB	Lars Winde	SEASON_APPS_ADDED	22	https://www.eurofotbal.cz/kluby/dansko/esbjerg-fb/soupiska/2010-2011/	0	34	66	SEASON_ARCHIVE_EST_RATING
Esbjerg fB	Lukas Hradecky	SEASON_APPS_ADDED	15	https://www.eurofotbal.cz/kluby/dansko/esbjerg-fb/soupiska/2010-2011/	0	20	63	SEASON_ARCHIVE_EST_RATING
Esbjerg fB	Jakob Ankersen	SEASON_APPS_ADDED	19	https://www.eurofotbal.cz/kluby/dansko/esbjerg-fb/soupiska/2010-2011/	1	19	63	SEASON_ARCHIVE_EST_RATING
Esbjerg fB	Martin Braithwaite	SEASON_APPS_ADDED	18	https://www.eurofotbal.cz/kluby/dansko/esbjerg-fb/soupiska/2010-2011/	2	19	62	SEASON_ARCHIVE_EST_RATING
FC Copenhagen	William Kvist	SEASON_APPS_CONFIRMED	45	https://www.eurofotbal.cz/kluby/dansko/fc-kodan/soupiska/2010-2011/	2	25	82	SEASON_APPS_FIFA11
FC Copenhagen	Jesper Grønkjær	SEASON_APPS_CONFIRMED	38	https://www.eurofotbal.cz/kluby/dansko/fc-kodan/soupiska/2010-2011/	2	32	81	SEASON_APPS_FIFA11
FC Copenhagen	Dame N'Doye	SEASON_APPS_CONFIRMED	43	https://www.eurofotbal.cz/kluby/dansko/fc-kodan/soupiska/2010-2011/	3	25	80	SEASON_APPS_FIFA11
FC Copenhagen	Oscar Wendt	SEASON_APPS_CONFIRMED	41	https://www.eurofotbal.cz/kluby/dansko/fc-kodan/soupiska/2010-2011/	1	24	74	SEASON_APPS_FIFA11
FC Copenhagen	Sölvi Ottesen	SEASON_APPS_CONFIRMED	20	https://www.eurofotbal.cz/kluby/dansko/fc-kodan/soupiska/2010-2011/	1	26	74	SEASON_APPS_FIFA11
FC Copenhagen	Martin Vingaard	SEASON_APPS_CONFIRMED	33	https://www.eurofotbal.cz/kluby/dansko/fc-kodan/soupiska/2010-2011/	2	25	73	SEASON_APPS_FIFA11
FC Copenhagen	Mathias Jørgensen	SEASON_APPS_CONFIRMED	37	https://www.eurofotbal.cz/kluby/dansko/fc-kodan/soupiska/2010-2011/	1	20	73	SEASON_APPS_FIFA11
FC Copenhagen	Zdeněk Pospěch	SEASON_APPS_CONFIRMED	44	https://www.eurofotbal.cz/kluby/dansko/fc-kodan/soupiska/2010-2011/	1	31	73	SEASON_APPS_FIFA11
FC Copenhagen	César Santin	SEASON_APPS_CONFIRMED	36	https://www.eurofotbal.cz/kluby/dansko/fc-kodan/soupiska/2010-2011/	3	29	72	SEASON_APPS_FIFA11
FC Copenhagen	Mikael Antonsson	SEASON_APPS_CONFIRMED	40	https://www.eurofotbal.cz/kluby/dansko/fc-kodan/soupiska/2010-2011/	1	29	72	SEASON_APPS_FIFA11
FC Copenhagen	Claudemir	SEASON_APPS_CONFIRMED	45	https://www.eurofotbal.cz/kluby/dansko/fc-kodan/soupiska/2010-2011/	2	22	71	SEASON_APPS_FIFA11
FC Copenhagen	Cristian Bolaños	SEASON_APPS_CONFIRMED	32	https://www.eurofotbal.cz/kluby/dansko/fc-kodan/soupiska/2010-2011/	2	26	71	SEASON_APPS_FIFA11
FC Copenhagen	Martin Bergvold	SEASON_APPS_CONFIRMED	7	https://www.eurofotbal.cz/kluby/dansko/fc-kodan/soupiska/2010-2011/	2	26	71	SEASON_APPS_FIFA11
FC Copenhagen	Morten Nordstrand	SEASON_APPS_CONFIRMED	5	https://www.eurofotbal.cz/kluby/dansko/fc-kodan/soupiska/2010-2011/	3	27	71	SEASON_APPS_FIFA11
FC Copenhagen	Hjalte Nørregaard	SEASON_APPS_CONFIRMED	17	https://www.eurofotbal.cz/kluby/dansko/fc-kodan/soupiska/2010-2011/	2	29	68	SEASON_APPS_EST_RATING
FC Copenhagen	Peter Larsson	SEASON_APPS_CONFIRMED	3	https://www.eurofotbal.cz/kluby/dansko/fc-kodan/soupiska/2010-2011/	1	26	70	SEASON_APPS_FIFA11
FC Copenhagen	Thomas Kristensen	SEASON_APPS_CONFIRMED	31	https://www.eurofotbal.cz/kluby/dansko/fc-kodan/soupiska/2010-2011/	2	27	67	SEASON_APPS_FIFA11
FC Copenhagen	Thomas Delaney	SEASON_APPS_CONFIRMED	18	https://www.eurofotbal.cz/kluby/dansko/fc-kodan/soupiska/2010-2011/	2	18	63	SEASON_APPS_FIFA11
FC Copenhagen	Søren Frederiksen	SEASON_APPS_CONFIRMED	3	https://www.eurofotbal.cz/kluby/dansko/fc-kodan/soupiska/2010-2011/	3	20	57	SEASON_APPS_FIFA11
FC Copenhagen	Johan Sellberg-Wiland	SEASON_APPS_ADDED	44	https://www.eurofotbal.cz/kluby/dansko/fc-kodan/soupiska/2010-2011/	0	29	75	SEASON_ARCHIVE_EST_RATING
FC Copenhagen	Kenneth Zohorè	SEASON_APPS_ADDED	21	https://www.eurofotbal.cz/kluby/dansko/fc-kodan/soupiska/2010-2011/	3	16	67	SEASON_ARCHIVE_EST_RATING
FC Nordsjælland	Anders Due	SEASON_APPS_CONFIRMED	12	https://www.eurofotbal.cz/kluby/dansko/fc-nordsjaelland/soupiska/2010-2011/	2	28	69	SEASON_APPS_FIFA11
FC Nordsjælland	Nicolai Stokholm	SEASON_APPS_CONFIRMED	31	https://www.eurofotbal.cz/kluby/dansko/fc-nordsjaelland/soupiska/2010-2011/	2	34	68	SEASON_APPS_FIFA11
FC Nordsjælland	Andreas Laudrup	SEASON_APPS_CONFIRMED	30	https://www.eurofotbal.cz/kluby/dansko/fc-nordsjaelland/soupiska/2010-2011/	3	19	66	SEASON_APPS_FIFA11
FC Nordsjælland	Michael Parkhurst	SEASON_APPS_CONFIRMED	25	https://www.eurofotbal.cz/kluby/dansko/fc-nordsjaelland/soupiska/2010-2011/	1	26	66	SEASON_APPS_FIFA11
FC Nordsjælland	Rawez Lawan	SEASON_APPS_CONFIRMED	29	https://www.eurofotbal.cz/kluby/dansko/fc-nordsjaelland/soupiska/2010-2011/	3	22	66	SEASON_APPS_FIFA11
FC Nordsjælland	Bajram Fetai	SEASON_APPS_CONFIRMED	15	https://www.eurofotbal.cz/kluby/dansko/fc-nordsjaelland/soupiska/2010-2011/	3	24	65	SEASON_APPS_FIFA11
FC Nordsjælland	Patrice Bernier	SEASON_APPS_CONFIRMED	26	https://www.eurofotbal.cz/kluby/dansko/fc-nordsjaelland/soupiska/2010-2011/	2	30	63	SEASON_APPS_FIFA11
FC Nordsjælland	Andreas Bjelland	SEASON_APPS_CONFIRMED	29	https://www.eurofotbal.cz/kluby/dansko/fc-nordsjaelland/soupiska/2010-2011/	1	22	61	SEASON_APPS_FIFA11
FC Nordsjælland	Henrik Kildentoft	SEASON_APPS_CONFIRMED	36	https://www.eurofotbal.cz/kluby/dansko/fc-nordsjaelland/soupiska/2010-2011/	1	25	61	SEASON_APPS_FIFA11
FC Nordsjælland	Pierre Bengtsson	SEASON_APPS_CONFIRMED	23	https://www.eurofotbal.cz/kluby/dansko/fc-nordsjaelland/soupiska/2010-2011/	1	22	61	SEASON_APPS_FIFA11
FC Nordsjælland	Søren Christensen	SEASON_APPS_CONFIRMED	26	https://www.eurofotbal.cz/kluby/dansko/fc-nordsjaelland/soupiska/2010-2011/	2	23	61	SEASON_APPS_FIFA11
FC Nordsjælland	Matti Lund Nielsen	SEASON_APPS_CONFIRMED	32	https://www.eurofotbal.cz/kluby/dansko/fc-nordsjaelland/soupiska/2010-2011/	2	22	60	SEASON_APPS_FIFA11
FC Nordsjælland	Tobias Mikkelsen	SEASON_APPS_CONFIRMED	33	https://www.eurofotbal.cz/kluby/dansko/fc-nordsjaelland/soupiska/2010-2011/	3	23	59	SEASON_APPS_FIFA11
FC Nordsjælland	Andreas Granskov	UNVERIFIED_SOURCE_GAP			2	24	68	UNVERIFIED_ESTIMATED
FC Nordsjælland	Mads Thomsen	SEASON_APPS_CONFIRMED	1	https://www.eurofotbal.cz/kluby/dansko/fc-nordsjaelland/soupiska/2010-2011/	3	21	57	SEASON_APPS_FIFA11
FC Nordsjælland	Jesper Hansen	SEASON_APPS_ADDED	40	https://www.eurofotbal.cz/kluby/dansko/fc-nordsjaelland/soupiska/2010-2011/	0	25	71	SEASON_ARCHIVE_EST_RATING
FC Nordsjælland	David Jensen	SEASON_APPS_ADDED	0	https://www.eurofotbal.cz/kluby/dansko/fc-nordsjaelland/soupiska/2010-2011/	0	18	58	SEASON_ARCHIVE_EST_RATING
FC Nordsjælland	Enoch Adu	SEASON_APPS_ADDED	36	https://www.eurofotbal.cz/kluby/dansko/fc-nordsjaelland/soupiska/2010-2011/	2	19	67	SEASON_ARCHIVE_EST_RATING
FC Nordsjælland	Andreas Granskov-Hansen	SEASON_APPS_ADDED	32	https://www.eurofotbal.cz/kluby/dansko/fc-nordsjaelland/soupiska/2010-2011/	3	21	67	SEASON_ARCHIVE_EST_RATING
FC Nordsjælland	Daniel Jensen	SEASON_APPS_ADDED	22	https://www.eurofotbal.cz/kluby/dansko/fc-nordsjaelland/soupiska/2010-2011/	1	25	75	SEASON_ARCHIVE_EST_RATING
FC Nordsjælland	Christian Gytkjaer	SEASON_APPS_ADDED	21	https://www.eurofotbal.cz/kluby/dansko/fc-nordsjaelland/soupiska/2010-2011/	3	20	64	SEASON_ARCHIVE_EST_RATING
Odense BK	Peter Utaka	SEASON_APPS_CONFIRMED	41	https://www.eurofotbal.cz/kluby/dansko/odense-boldklub/soupiska/2010-2011/	3	26	73	SEASON_APPS_FIFA11
Odense BK	Eric Djemba-Djemba	SEASON_APPS_CONFIRMED	33	https://www.eurofotbal.cz/kluby/dansko/odense-boldklub/soupiska/2010-2011/	2	29	72	SEASON_APPS_FIFA11
Odense BK	Atle Roar Håland	SEASON_APPS_CONFIRMED	30	https://www.eurofotbal.cz/kluby/dansko/odense-boldklub/soupiska/2010-2011/	1	33	71	SEASON_APPS_FIFA11
Odense BK	Chris Sørensen	SEASON_APPS_CONFIRMED	33	https://www.eurofotbal.cz/kluby/dansko/odense-boldklub/soupiska/2010-2011/	1	33	70	SEASON_APPS_FIFA11
Odense BK	Espen Ruud	SEASON_APPS_CONFIRMED	40	https://www.eurofotbal.cz/kluby/dansko/odense-boldklub/soupiska/2010-2011/	1	26	70	SEASON_APPS_FIFA11
Odense BK	Johan Absalonsen	SEASON_APPS_CONFIRMED	17	https://www.eurofotbal.cz/kluby/dansko/odense-boldklub/soupiska/2010-2011/	3	24	70	SEASON_APPS_FIFA11
Odense BK	Anders Møller Christensen	SEASON_APPS_CONFIRMED	40	https://www.eurofotbal.cz/kluby/dansko/odense-boldklub/soupiska/2010-2011/	1	33	69	SEASON_APPS_EST_RATING
Odense BK	Cacá	SEASON_APPS_CONFIRMED	5	https://www.eurofotbal.cz/kluby/dansko/odense-boldklub/soupiska/2010-2011/	2	27	69	SEASON_APPS_FIFA11
Odense BK	Andreas Johansson	SEASON_APPS_CONFIRMED	33	https://www.eurofotbal.cz/kluby/dansko/odense-boldklub/soupiska/2010-2011/	2	32	68	SEASON_APPS_FIFA11
Odense BK	Hans Henrik Andreasen	SEASON_APPS_CONFIRMED	40	https://www.eurofotbal.cz/kluby/dansko/odense-boldklub/soupiska/2010-2011/	2	31	68	SEASON_APPS_FIFA11
Odense BK	Rurik Gíslason	SEASON_APPS_CONFIRMED	29	https://www.eurofotbal.cz/kluby/dansko/odense-boldklub/soupiska/2010-2011/	2	22	68	SEASON_APPS_FIFA11
Odense BK	Njogu Demba-Nyrén	SEASON_APPS_CONFIRMED	10	https://www.eurofotbal.cz/kluby/dansko/odense-boldklub/soupiska/2010-2011/	3	31	67	SEASON_APPS_FIFA11
Odense BK	Jonas Troest	SEASON_APPS_CONFIRMED	4	https://www.eurofotbal.cz/kluby/dansko/odense-boldklub/soupiska/2010-2011/	1	25	65	SEASON_APPS_FIFA11
Odense BK	Thomas Helveg	SEASON_APPS_CONFIRMED	9	https://www.eurofotbal.cz/kluby/dansko/odense-boldklub/soupiska/2010-2011/	1	39	64	SEASON_APPS_FIFA11
Odense BK	Henrik Toft	SEASON_APPS_CONFIRMED	31	https://www.eurofotbal.cz/kluby/dansko/odense-boldklub/soupiska/2010-2011/	3	29	63	SEASON_APPS_FIFA11
Odense BK	Timmi Johansen	SEASON_APPS_CONFIRMED	4	https://www.eurofotbal.cz/kluby/dansko/odense-boldklub/soupiska/2010-2011/	1	23	60	SEASON_APPS_FIFA11
Odense BK	Roy Carroll	SEASON_APPS_ADDED	24	https://www.eurofotbal.cz/kluby/dansko/odense-boldklub/soupiska/2010-2011/	0	32	66	SEASON_ARCHIVE_EST_RATING
Odense BK	Stefan Wessels	SEASON_APPS_ADDED	13	https://www.eurofotbal.cz/kluby/dansko/odense-boldklub/soupiska/2010-2011/	0	31	63	SEASON_ARCHIVE_EST_RATING
Odense BK	Kalilou Traoré	SEASON_APPS_ADDED	34	https://www.eurofotbal.cz/kluby/dansko/odense-boldklub/soupiska/2010-2011/	2	22	67	SEASON_ARCHIVE_EST_RATING
Odense BK	Bashkim Kadrii	SEASON_APPS_ADDED	28	https://www.eurofotbal.cz/kluby/dansko/odense-boldklub/soupiska/2010-2011/	3	19	65	SEASON_ARCHIVE_EST_RATING
Odense BK	Oliver Feldballe	SEASON_APPS_ADDED	21	https://www.eurofotbal.cz/kluby/dansko/odense-boldklub/soupiska/2010-2011/	3	20	64	SEASON_ARCHIVE_EST_RATING
Brøndby IF	Michael Krohn-Dehli	SEASON_APPS_CONFIRMED	31	https://www.eurofotbal.cz/kluby/dansko/brondby-if/soupiska/2010-2011/	2	27	73	SEASON_APPS_FIFA11
Brøndby IF	Max von Schlebrügge	SEASON_APPS_CONFIRMED	23	https://www.eurofotbal.cz/kluby/dansko/brondby-if/soupiska/2010-2011/	1	33	71	SEASON_APPS_FIFA11
Brøndby IF	Martin Bernburg	SEASON_APPS_CONFIRMED	6	https://www.eurofotbal.cz/kluby/dansko/brondby-if/soupiska/2010-2011/	3	24	70	SEASON_APPS_FIFA11
Brøndby IF	Alexander Farnerud	SEASON_APPS_CONFIRMED	18	https://www.eurofotbal.cz/kluby/dansko/brondby-if/soupiska/2010-2011/	2	26	68	SEASON_APPS_FIFA11
Brøndby IF	Mikael Nilsson	SEASON_APPS_CONFIRMED	34	https://www.eurofotbal.cz/kluby/dansko/brondby-if/soupiska/2010-2011/	2	32	68	SEASON_APPS_FIFA11
Brøndby IF	Mike Jensen	SEASON_APPS_CONFIRMED	34	https://www.eurofotbal.cz/kluby/dansko/brondby-if/soupiska/2010-2011/	2	22	68	SEASON_APPS_FIFA11
Brøndby IF	Ousman Jallow	SEASON_APPS_CONFIRMED	23	https://www.eurofotbal.cz/kluby/dansko/brondby-if/soupiska/2010-2011/	3	21	67	SEASON_APPS_FIFA11
Brøndby IF	Remco van der Schaaf	SEASON_APPS_CONFIRMED	20	https://www.eurofotbal.cz/kluby/dansko/brondby-if/soupiska/2010-2011/	2	31	67	SEASON_APPS_FIFA11
Brøndby IF	Stefán Gíslason	SEASON_APPS_CONFIRMED	0	https://www.eurofotbal.cz/kluby/dansko/brondby-if/soupiska/2010-2011/	2	30	67	SEASON_APPS_FIFA11
Brøndby IF	Jan Kristiansen	SEASON_APPS_CONFIRMED	30	https://www.eurofotbal.cz/kluby/dansko/brondby-if/soupiska/2010-2011/	2	28	66	SEASON_APPS_FIFA11
Brøndby IF	Mikkel Bischoff	SEASON_APPS_CONFIRMED	9	https://www.eurofotbal.cz/kluby/dansko/brondby-if/soupiska/2010-2011/	1	28	66	SEASON_APPS_FIFA11
Brøndby IF	Peter Madsen	SEASON_APPS_CONFIRMED	3	https://www.eurofotbal.cz/kluby/dansko/brondby-if/soupiska/2010-2011/	3	32	65	SEASON_APPS_FIFA11
Brøndby IF	Thomas Rasmussen	SEASON_APPS_CONFIRMED	20	https://www.eurofotbal.cz/kluby/dansko/brondby-if/soupiska/2010-2011/	2	33	65	SEASON_APPS_FIFA11
Brøndby IF	Anders Randrup	SEASON_APPS_CONFIRMED	23	https://www.eurofotbal.cz/kluby/dansko/brondby-if/soupiska/2010-2011/	1	22	64	SEASON_APPS_FIFA11
Brøndby IF	Jan Frederiksen	SEASON_APPS_CONFIRMED	20	https://www.eurofotbal.cz/kluby/dansko/brondby-if/soupiska/2010-2011/	1	28	63	SEASON_APPS_FIFA11
Brøndby IF	Paul Jatta	SEASON_APPS_CONFIRMED	13	https://www.eurofotbal.cz/kluby/dansko/brondby-if/soupiska/2010-2011/	2	19	58	SEASON_APPS_FIFA11
Brøndby IF	Nicolaj Agger	SEASON_APPS_CONFIRMED	52	https://www.eurofotbal.cz/kluby/dansko/brondby-if/soupiska/2010-2011/	3	21	57	SEASON_APPS_FIFA11
Brøndby IF	Stephan Andersen	SEASON_APPS_ADDED	23	https://www.eurofotbal.cz/kluby/dansko/brondby-if/soupiska/2010-2011/	0	28	69	SEASON_ARCHIVE_EST_RATING
Brøndby IF	Michael Tørnes	SEASON_APPS_ADDED	12	https://www.eurofotbal.cz/kluby/dansko/brondby-if/soupiska/2010-2011/	0	24	65	SEASON_ARCHIVE_EST_RATING
Brøndby IF	Daniel Wass	SEASON_APPS_ADDED	34	https://www.eurofotbal.cz/kluby/dansko/brondby-if/soupiska/2010-2011/	1	21	69	SEASON_ARCHIVE_EST_RATING
Brøndby IF	Daniel Stenderup	SEASON_APPS_ADDED	22	https://www.eurofotbal.cz/kluby/dansko/brondby-if/soupiska/2010-2011/	1	21	67	SEASON_ARCHIVE_EST_RATING
Brøndby IF	Jens Stryger Larsen	SEASON_APPS_ADDED	22	https://www.eurofotbal.cz/kluby/dansko/brondby-if/soupiska/2010-2011/	2	19	66	SEASON_ARCHIVE_EST_RATING
HJK Helsinki	Ville Wallén	UNVERIFIED_SOURCE_GAP			0	21	64	UNVERIFIED_ESTIMATED
HJK Helsinki	Tuomas Kansikas	SEASON_APPS_CONFIRMED	0	https://www.eurofotbal.cz/kluby/finsko/hjk-helsinky/soupiska/2010/	1	28	57	SEASON_APPS_EST_RATING
HJK Helsinki	Sebastian Sorsa	SEASON_APPS_CONFIRMED	0	https://www.eurofotbal.cz/kluby/finsko/hjk-helsinky/soupiska/2010/	2	26	57	SEASON_APPS_EST_RATING
HJK Helsinki	Mathias Lindström	SEASON_APPS_CONFIRMED	0	https://www.eurofotbal.cz/kluby/finsko/hjk-helsinky/soupiska/2010/	1	29	57	SEASON_APPS_EST_RATING
HJK Helsinki	Cheyne Fowler	UNVERIFIED_SOURCE_GAP			1	21	62	UNVERIFIED_ESTIMATED
HJK Helsinki	Medo	UNVERIFIED_SOURCE_GAP			1	21	63	UNVERIFIED_ESTIMATED
HJK Helsinki	Dawda Bah	SEASON_APPS_CONFIRMED	24	https://www.national-football-teams.com/club/818/2010_2/Hjk_Helsinki.html	2	26	63	SEASON_APPS_EST_RATING
HJK Helsinki	Aki Riihilahti	SEASON_APPS_CONFIRMED	0	https://www.eurofotbal.cz/kluby/finsko/hjk-helsinky/soupiska/2010/	2	33	56	SEASON_APPS_EST_RATING
HJK Helsinki	Juho Mäkelä	SEASON_APPS_CONFIRMED	0	https://www.eurofotbal.cz/kluby/finsko/hjk-helsinky/soupiska/2010/	3	26	57	SEASON_APPS_EST_RATING
HJK Helsinki	Akseli Pelvas	SEASON_APPS_CONFIRMED	13	https://www.national-football-teams.com/club/818/2010_2/Hjk_Helsinki.html	3	21	59	SEASON_APPS_EST_RATING
HJK Helsinki	Jarno Parikka	SEASON_APPS_CONFIRMED	15	https://www.national-football-teams.com/club/818/2010_2/Hjk_Helsinki.html	3	23	61	SEASON_APPS_EST_RATING
HJK Helsinki	Teemu Pukki	SEASON_APPS_CONFIRMED	0	https://www.eurofotbal.cz/kluby/finsko/hjk-helsinky/soupiska/2010/	3	19	55	SEASON_APPS_EST_RATING
HJK Helsinki	Berat Sadik	UNVERIFIED_SOURCE_GAP			2	33	65	UNVERIFIED_ESTIMATED
HJK Helsinki	Mikko Sumusalo	SEASON_APPS_CONFIRMED	14	https://www.national-football-teams.com/club/818/2010_2/Hjk_Helsinki.html	1	19	59	SEASON_APPS_EST_RATING
HJK Helsinki	Valtteri Moren	SEASON_APPS_CONFIRMED	2	https://www.national-football-teams.com/club/818/2010_2/Hjk_Helsinki.html	1	18	55	SEASON_APPS_EST_RATING
HJK Helsinki	Erfan Zeneli	SEASON_APPS_CONFIRMED	18	https://www.national-football-teams.com/club/818/2010_2/Hjk_Helsinki.html	2	23	61	SEASON_APPS_EST_RATING
HJK Helsinki	Alexander Ring	SEASON_APPS_CONFIRMED	3	https://www.national-football-teams.com/club/818/2010_2/Hjk_Helsinki.html	2	18	56	SEASON_APPS_EST_RATING
HJK Helsinki	Jani Viander	SEASON_APPS_ADDED	0	https://www.eurofotbal.cz/kluby/finsko/hjk-helsinky/soupiska/2010/	0	34	57	SEASON_ARCHIVE_EST_RATING
HJK Helsinki	Juhani Ojala	SEASON_APPS_ADDED	24	https://www.national-football-teams.com/club/818/2010_2/Hjk_Helsinki.html	1	20	62	SEASON_ARCHIVE_EST_RATING
AEK Athens	Sebastián Saja	SEASON_APPS_CONFIRMED	39	https://www.eurofotbal.cz/kluby/recko/aek-ateny/soupiska/2010-2011/	0	31	72	SEASON_APPS_EST_RATING
AEK Athens	Rafik Djebbour	SEASON_APPS_CONFIRMED	18	https://www.eurofotbal.cz/kluby/recko/aek-ateny/soupiska/2010-2011/	3	26	66	SEASON_APPS_EST_RATING
AEK Athens	Ismael Blanco	SEASON_APPS_CONFIRMED	38	https://www.eurofotbal.cz/kluby/recko/aek-ateny/soupiska/2010-2011/	3	27	76	SEASON_APPS_FIFA11
AEK Athens	Nikos Liberopoulos	SEASON_APPS_CONFIRMED	34	https://www.eurofotbal.cz/kluby/recko/aek-ateny/soupiska/2010-2011/	3	34	76	SEASON_APPS_FIFA11
AEK Athens	Papa Bouba Diop	SEASON_APPS_CONFIRMED	37	https://www.eurofotbal.cz/kluby/recko/aek-ateny/soupiska/2010-2011/	2	32	75	SEASON_APPS_FIFA11
AEK Athens	Traianos Dellas	SEASON_APPS_CONFIRMED	35	https://www.eurofotbal.cz/kluby/recko/aek-ateny/soupiska/2010-2011/	1	34	73	SEASON_APPS_FIFA11
AEK Athens	Pantelis Kafes	SEASON_APPS_CONFIRMED	35	https://www.eurofotbal.cz/kluby/recko/aek-ateny/soupiska/2010-2011/	2	32	72	SEASON_APPS_FIFA11
AEK Athens	Roger Guerreiro	SEASON_APPS_CONFIRMED	26	https://www.eurofotbal.cz/kluby/recko/aek-ateny/soupiska/2010-2011/	2	28	68	SEASON_APPS_EST_RATING
AEK Athens	Christos Patsatzoglou	SEASON_APPS_CONFIRMED	10	https://www.eurofotbal.cz/kluby/recko/aek-ateny/soupiska/2010-2011/	1	31	69	SEASON_APPS_FIFA11
AEK Athens	Grigoris Makos	SEASON_APPS_CONFIRMED	40	https://www.eurofotbal.cz/kluby/recko/aek-ateny/soupiska/2010-2011/	2	23	68	SEASON_APPS_FIFA11
AEK Athens	Nacho Scocco	UNVERIFIED_SOURCE_GAP			2	32	63	UNVERIFIED_ESTIMATED
AEK Athens	Leonardo	SEASON_APPS_CONFIRMED	34	https://www.eurofotbal.cz/kluby/recko/aek-ateny/soupiska/2010-2011/	2	23	70	SEASON_APPS_EST_RATING
AEK Athens	Cristian Nasuti	SEASON_APPS_CONFIRMED	22	https://www.eurofotbal.cz/kluby/recko/aek-ateny/soupiska/2010-2011/	1	27	68	SEASON_APPS_EST_RATING
AEK Athens	Giorgos Manolas	UNVERIFIED_SOURCE_GAP			2	26	64	UNVERIFIED_ESTIMATED
AEK Athens	Nikos Georgeas	SEASON_APPS_CONFIRMED	17	https://www.eurofotbal.cz/kluby/recko/aek-ateny/soupiska/2010-2011/	1	33	65	SEASON_APPS_EST_RATING
AEK Athens	Carlos Araujo	SEASON_APPS_CONFIRMED	0	https://www.eurofotbal.cz/kluby/recko/aek-ateny/soupiska/2010-2011/	1	28	62	SEASON_APPS_EST_RATING
AEK Athens	Ignacio Scocco	SEASON_APPS_ADDED	40	https://www.eurofotbal.cz/kluby/recko/aek-ateny/soupiska/2010-2011/	3	25	72	SEASON_ARCHIVE_EST_RATING
AEK Athens	Panagiotis Lagos	SEASON_APPS_ADDED	39	https://www.eurofotbal.cz/kluby/recko/aek-ateny/soupiska/2010-2011/	2	25	72	SEASON_ARCHIVE_EST_RATING
AEK Athens	Konstantinos Manolas	SEASON_APPS_ADDED	36	https://www.eurofotbal.cz/kluby/recko/aek-ateny/soupiska/2010-2011/	1	19	69	SEASON_ARCHIVE_EST_RATING
AEK Athens	Nikos Karabelas	SEASON_APPS_ADDED	31	https://www.eurofotbal.cz/kluby/recko/aek-ateny/soupiska/2010-2011/	1	25	70	SEASON_ARCHIVE_EST_RATING
AEK Athens	Sanel Jahić	SEASON_APPS_ADDED	25	https://www.eurofotbal.cz/kluby/recko/aek-ateny/soupiska/2010-2011/	1	28	68	SEASON_ARCHIVE_EST_RATING
AEK Athens	Nathan Burns	SEASON_APPS_ADDED	25	https://www.eurofotbal.cz/kluby/recko/aek-ateny/soupiska/2010-2011/	3	22	67	SEASON_ARCHIVE_EST_RATING
AEK Athens	Savvas Gentsoglou	SEASON_APPS_ADDED	22	https://www.eurofotbal.cz/kluby/recko/aek-ateny/soupiska/2010-2011/	2	19	66	SEASON_ARCHIVE_EST_RATING
AEK Athens	Nabil Baha	SEASON_APPS_ADDED	18	https://www.eurofotbal.cz/kluby/recko/aek-ateny/soupiska/2010-2011/	3	28	71	SEASON_ARCHIVE_EST_RATING
Aris Thessaloniki	Michalis Sifakis	SEASON_APPS_CONFIRMED	34	https://www.eurofotbal.cz/kluby/recko/aris-solun/soupiska/2010-2011/	0	25	69	SEASON_APPS_EST_RATING
Aris Thessaloniki	Markos Vellidis	SEASON_APPS_CONFIRMED	4	https://www.eurofotbal.cz/kluby/recko/aris-solun/soupiska/2010-2011/	0	23	61	SEASON_APPS_EST_RATING
Aris Thessaloniki	Michal Peškovič	UNVERIFIED_SOURCE_GAP			1	31	64	UNVERIFIED_ESTIMATED
Aris Thessaloniki	Ronaldo Guiaro	SEASON_APPS_CONFIRMED	26	https://www.eurofotbal.cz/kluby/recko/aris-solun/soupiska/2010-2011/	1	36	65	SEASON_APPS_EST_RATING
Aris Thessaloniki	Kristi Vangjeli	SEASON_APPS_CONFIRMED	30	https://www.eurofotbal.cz/kluby/recko/aris-solun/soupiska/2010-2011/	1	24	68	SEASON_APPS_EST_RATING
Aris Thessaloniki	Neto	SEASON_APPS_CONFIRMED	31	https://www.eurofotbal.cz/kluby/recko/aris-solun/soupiska/2010-2011/	1	29	68	SEASON_APPS_EST_RATING
Aris Thessaloniki	Nikolaos Lazaridis	SEASON_APPS_CONFIRMED	39	https://www.eurofotbal.cz/kluby/recko/aris-solun/soupiska/2010-2011/	1	31	69	SEASON_APPS_EST_RATING
Aris Thessaloniki	Juan Carlos Toja	SEASON_APPS_CONFIRMED	35	https://www.eurofotbal.cz/kluby/recko/aris-solun/soupiska/2010-2011/	2	25	69	SEASON_APPS_EST_RATING
Aris Thessaloniki	Ricardo Faty	SEASON_APPS_CONFIRMED	29	https://www.eurofotbal.cz/kluby/recko/aris-solun/soupiska/2010-2011/	2	23	67	SEASON_APPS_EST_RATING
Aris Thessaloniki	Mehdi Nafti	SEASON_APPS_CONFIRMED	14	https://www.eurofotbal.cz/kluby/recko/aris-solun/soupiska/2010-2011/	2	31	63	SEASON_APPS_EST_RATING
Aris Thessaloniki	Javito	SEASON_APPS_CONFIRMED	29	https://www.eurofotbal.cz/kluby/recko/aris-solun/soupiska/2010-2011/	3	26	67	SEASON_APPS_EST_RATING
Aris Thessaloniki	Toni Calvo	SEASON_APPS_CONFIRMED	15	https://www.eurofotbal.cz/kluby/recko/aris-solun/soupiska/2010-2011/	2	23	64	SEASON_APPS_EST_RATING
Aris Thessaloniki	Danijel Cesarec	SEASON_APPS_CONFIRMED	31	https://www.eurofotbal.cz/kluby/recko/aris-solun/soupiska/2010-2011/	3	27	68	SEASON_APPS_EST_RATING
Aris Thessaloniki	Nery Castillo	SEASON_APPS_CONFIRMED	11	https://www.eurofotbal.cz/kluby/recko/aris-solun/soupiska/2010-2011/	2	26	63	SEASON_APPS_EST_RATING
Aris Thessaloniki	Carlos Ruiz	SEASON_APPS_CONFIRMED	24	https://www.eurofotbal.cz/kluby/recko/aris-solun/soupiska/2010-2011/	3	30	66	SEASON_APPS_EST_RATING
Aris Thessaloniki	Sakata Daisuke	UNVERIFIED_SOURCE_GAP			3	20	66	UNVERIFIED_ESTIMATED
Aris Thessaloniki	Kostas Mendrinos	SEASON_APPS_CONFIRMED	26	https://www.eurofotbal.cz/kluby/recko/aris-solun/soupiska/2010-2011/	2	25	66	SEASON_APPS_EST_RATING
Aris Thessaloniki	Athanasios Prittas	SEASON_APPS_ADDED	26	https://www.eurofotbal.cz/kluby/recko/aris-solun/soupiska/2010-2011/	2	31	65	SEASON_ARCHIVE_EST_RATING
Asteras Tripolis	Matías Degra	SEASON_APPS_CONFIRMED	26	https://www.eurofotbal.cz/kluby/recko/asteras-tripolis/soupiska/2010-2011/	0	27	67	SEASON_APPS_EST_RATING
Asteras Tripolis	Nikos Anastasopoulos	SEASON_APPS_CONFIRMED	5	https://www.eurofotbal.cz/kluby/recko/asteras-tripolis/soupiska/2010-2011/	0	30	62	SEASON_APPS_EST_RATING
Asteras Tripolis	Rubén Pulido	SEASON_APPS_CONFIRMED	22	https://www.eurofotbal.cz/kluby/recko/asteras-tripolis/soupiska/2010-2011/	1	31	65	SEASON_APPS_EST_RATING
Asteras Tripolis	Sebastián Bartolini	SEASON_APPS_CONFIRMED	18	https://www.eurofotbal.cz/kluby/recko/asteras-tripolis/soupiska/2010-2011/	1	28	64	SEASON_APPS_EST_RATING
Asteras Tripolis	Bruno Urribarri	SEASON_APPS_CONFIRMED	25	https://www.eurofotbal.cz/kluby/recko/asteras-tripolis/soupiska/2010-2011/	1	23	66	SEASON_APPS_EST_RATING
Asteras Tripolis	Ximo Navarro	UNVERIFIED_SOURCE_GAP			1	31	68	UNVERIFIED_ESTIMATED
Asteras Tripolis	Christos Pipinis	SEASON_APPS_CONFIRMED	4	https://www.eurofotbal.cz/kluby/recko/asteras-tripolis/soupiska/2010-2011/	1	25	61	SEASON_APPS_EST_RATING
Asteras Tripolis	Horacio Cardozo	SEASON_APPS_CONFIRMED	0	https://www.eurofotbal.cz/kluby/recko/asteras-tripolis/soupiska/2010-2011/	2	30	60	SEASON_APPS_EST_RATING
Asteras Tripolis	Fernando Usero	UNVERIFIED_SOURCE_GAP			2	31	65	UNVERIFIED_ESTIMATED
Asteras Tripolis	Sebastián Carrera	SEASON_APPS_CONFIRMED	23	https://www.eurofotbal.cz/kluby/recko/asteras-tripolis/soupiska/2010-2011/	2	32	65	SEASON_APPS_EST_RATING
Asteras Tripolis	Rogerio Martins	SEASON_APPS_CONFIRMED	30	https://www.eurofotbal.cz/kluby/recko/asteras-tripolis/soupiska/2010-2011/	2	25	68	SEASON_APPS_EST_RATING
Asteras Tripolis	Frédéric Nimani	UNVERIFIED_SOURCE_GAP			2	31	64	UNVERIFIED_ESTIMATED
Asteras Tripolis	Daniel Césarec	UNVERIFIED_SOURCE_GAP			2	27	62	UNVERIFIED_ESTIMATED
Asteras Tripolis	Emmanuel Perrone	UNVERIFIED_SOURCE_GAP			2	28	66	UNVERIFIED_ESTIMATED
Asteras Tripolis	Lucio Filomeno	UNVERIFIED_SOURCE_GAP			2	26	65	UNVERIFIED_ESTIMATED
Asteras Tripolis	Rayo	UNVERIFIED_SOURCE_GAP			3	33	66	UNVERIFIED_ESTIMATED
Asteras Tripolis	Antonis Ladakis	SEASON_APPS_ADDED	29	https://www.eurofotbal.cz/kluby/recko/asteras-tripolis/soupiska/2010-2011/	2	28	67	SEASON_ARCHIVE_EST_RATING
Asteras Tripolis	Adrián Bastía	SEASON_APPS_ADDED	27	https://www.eurofotbal.cz/kluby/recko/asteras-tripolis/soupiska/2010-2011/	2	31	66	SEASON_ARCHIVE_EST_RATING
Asteras Tripolis	Sokratis Fytanidis	SEASON_APPS_ADDED	25	https://www.eurofotbal.cz/kluby/recko/asteras-tripolis/soupiska/2010-2011/	1	26	66	SEASON_ARCHIVE_EST_RATING
Asteras Tripolis	Daniel Orozco	SEASON_APPS_ADDED	20	https://www.eurofotbal.cz/kluby/recko/asteras-tripolis/soupiska/2010-2011/	1	23	65	SEASON_ARCHIVE_EST_RATING
Olympiacos	Olof Mellberg	SEASON_APPS_CONFIRMED	28	https://www.eurofotbal.cz/kluby/recko/olympiakos-pireus/soupiska/2010-2011/	1	32	79	SEASON_APPS_FIFA11
Olympiacos	Albert Riera	SEASON_APPS_CONFIRMED	28	https://www.eurofotbal.cz/kluby/recko/olympiakos-pireus/soupiska/2010-2011/	2	28	71	SEASON_APPS_EST_RATING
Olympiacos	Vassilis Torosidis	SEASON_APPS_CONFIRMED	23	https://www.eurofotbal.cz/kluby/recko/olympiakos-pireus/soupiska/2010-2011/	1	25	79	SEASON_APPS_FIFA11
Olympiacos	Ariel Ibagaza	SEASON_APPS_CONFIRMED	29	https://www.eurofotbal.cz/kluby/recko/olympiakos-pireus/soupiska/2010-2011/	2	33	78	SEASON_APPS_FIFA11
Olympiacos	Dudu Cearense	SEASON_APPS_CONFIRMED	21	https://www.eurofotbal.cz/kluby/recko/olympiakos-pireus/soupiska/2010-2011/	2	27	78	SEASON_APPS_FIFA11
Olympiacos	Marko Pantelić	SEASON_APPS_CONFIRMED	23	https://www.eurofotbal.cz/kluby/recko/olympiakos-pireus/soupiska/2010-2011/	3	31	77	SEASON_APPS_FIFA11
Olympiacos	Moisés Hurtado	SEASON_APPS_CONFIRMED	17	https://www.eurofotbal.cz/kluby/recko/olympiakos-pireus/soupiska/2010-2011/	2	29	77	SEASON_APPS_FIFA11
Olympiacos	Kostas Mitroglou	SEASON_APPS_CONFIRMED	7	https://www.eurofotbal.cz/kluby/recko/olympiakos-pireus/soupiska/2010-2011/	3	22	65	SEASON_APPS_EST_RATING
Olympiacos	Raúl Bravo	SEASON_APPS_CONFIRMED	20	https://www.eurofotbal.cz/kluby/recko/olympiakos-pireus/soupiska/2010-2011/	1	29	75	SEASON_APPS_FIFA11
Olympiacos	David Fuster	SEASON_APPS_CONFIRMED	31	https://www.eurofotbal.cz/kluby/recko/olympiakos-pireus/soupiska/2010-2011/	2	28	74	SEASON_APPS_FIFA11
Olympiacos	Dennis Rommedahl	SEASON_APPS_CONFIRMED	22	https://www.eurofotbal.cz/kluby/recko/olympiakos-pireus/soupiska/2010-2011/	2	32	74	SEASON_APPS_FIFA11
Olympiacos	François Modesto	SEASON_APPS_CONFIRMED	29	https://www.eurofotbal.cz/kluby/recko/olympiakos-pireus/soupiska/2010-2011/	1	31	70	SEASON_APPS_EST_RATING
Olympiacos	Kevin Mirallas	SEASON_APPS_CONFIRMED	31	https://www.eurofotbal.cz/kluby/recko/olympiakos-pireus/soupiska/2010-2011/	3	22	72	SEASON_APPS_FIFA11
Olympiacos	Krisztián Németh	SEASON_APPS_CONFIRMED	3	https://www.eurofotbal.cz/kluby/recko/olympiakos-pireus/soupiska/2010-2011/	3	21	71	SEASON_APPS_FIFA11
Olympiacos	Georgios Galitsios	SEASON_APPS_CONFIRMED	4	https://www.eurofotbal.cz/kluby/recko/olympiakos-pireus/soupiska/2010-2011/	2	24	70	SEASON_APPS_FIFA11
Olympiacos	José Holebas	SEASON_APPS_CONFIRMED	28	https://www.eurofotbal.cz/kluby/recko/olympiakos-pireus/soupiska/2010-2011/	1	26	67	SEASON_APPS_FIFA11
Olympiacos	Urko Pardo	SEASON_APPS_ADDED	23	https://www.eurofotbal.cz/kluby/recko/olympiakos-pireus/soupiska/2010-2011/	0	27	71	SEASON_ARCHIVE_EST_RATING
Olympiacos	Antonios Nikopolidis	SEASON_APPS_ADDED	10	https://www.eurofotbal.cz/kluby/recko/olympiakos-pireus/soupiska/2010-2011/	0	39	66	SEASON_ARCHIVE_EST_RATING
Olympiacos	Avraam Papadopoulos	SEASON_APPS_ADDED	29	https://www.eurofotbal.cz/kluby/recko/olympiakos-pireus/soupiska/2010-2011/	1	25	71	SEASON_ARCHIVE_EST_RATING
Olympiacos	Giannis Fetfatzidis	SEASON_APPS_ADDED	21	https://www.eurofotbal.cz/kluby/recko/olympiakos-pireus/soupiska/2010-2011/	2	19	67	SEASON_ARCHIVE_EST_RATING
Olympiacos	Jaouad Zaïri	SEASON_APPS_ADDED	18	https://www.eurofotbal.cz/kluby/recko/olympiakos-pireus/soupiska/2010-2011/	2	28	68	SEASON_ARCHIVE_EST_RATING
PAOK	Dimitris Salpigidis	SEASON_APPS_CONFIRMED	51	https://www.eurofotbal.cz/kluby/recko/paok-solun/soupiska/2010-2011/	3	28	79	SEASON_APPS_FIFA11
PAOK	Vieirinha	SEASON_APPS_CONFIRMED	46	https://www.eurofotbal.cz/kluby/recko/paok-solun/soupiska/2010-2011/	3	24	79	SEASON_APPS_FIFA11
PAOK	Zlatan Muslimović	SEASON_APPS_CONFIRMED	32	https://www.eurofotbal.cz/kluby/recko/paok-solun/soupiska/2010-2011/	3	29	77	SEASON_APPS_FIFA11
PAOK	Bruno Cirillo	SEASON_APPS_CONFIRMED	38	https://www.eurofotbal.cz/kluby/recko/paok-solun/soupiska/2010-2011/	1	33	75	SEASON_APPS_FIFA11
PAOK	Lino	SEASON_APPS_CONFIRMED	33	https://www.eurofotbal.cz/kluby/recko/paok-solun/soupiska/2010-2011/	2	33	74	SEASON_APPS_FIFA11
PAOK	Pablo García	SEASON_APPS_CONFIRMED	43	https://www.eurofotbal.cz/kluby/recko/paok-solun/soupiska/2010-2011/	2	33	74	SEASON_APPS_FIFA11
PAOK	Nabil El Zhar	SEASON_APPS_CONFIRMED	32	https://www.eurofotbal.cz/kluby/recko/paok-solun/soupiska/2010-2011/	2	23	73	SEASON_APPS_FIFA11
PAOK	Mirko Savini	SEASON_APPS_CONFIRMED	10	https://www.eurofotbal.cz/kluby/recko/paok-solun/soupiska/2010-2011/	1	31	72	SEASON_APPS_FIFA11
PAOK	Vitolo	SEASON_APPS_CONFIRMED	36	https://www.eurofotbal.cz/kluby/recko/paok-solun/soupiska/2010-2011/	2	26	72	SEASON_APPS_FIFA11
PAOK	Cristiano	SEASON_APPS_CONFIRMED	7	https://www.eurofotbal.cz/kluby/recko/paok-solun/soupiska/2010-2011/	3	26	70	SEASON_APPS_FIFA11
PAOK	Francisco Zuela	SEASON_APPS_CONFIRMED	8	https://www.eurofotbal.cz/kluby/recko/paok-solun/soupiska/2010-2011/	2	26	68	SEASON_APPS_FIFA11
PAOK	Dario Krešić	SEASON_APPS_CONFIRMED	31	https://www.eurofotbal.cz/kluby/recko/paok-solun/soupiska/2010-2011/	0	26	71	SEASON_APPS_EST_RATING
PAOK	Pablo Contreras	SEASON_APPS_CONFIRMED	41	https://www.eurofotbal.cz/kluby/recko/paok-solun/soupiska/2010-2011/	1	31	71	SEASON_APPS_EST_RATING
PAOK	Stelios Malezas	SEASON_APPS_CONFIRMED	24	https://www.eurofotbal.cz/kluby/recko/paok-solun/soupiska/2010-2011/	1	25	68	SEASON_APPS_EST_RATING
PAOK	Kostas Chalkias	SEASON_APPS_CONFIRMED	25	https://www.eurofotbal.cz/kluby/recko/paok-solun/soupiska/2010-2011/	0	36	68	SEASON_APPS_EST_RATING
PAOK	Stefanos Athanasiadis	SEASON_APPS_CONFIRMED	26	https://www.eurofotbal.cz/kluby/recko/paok-solun/soupiska/2010-2011/	3	21	67	SEASON_APPS_EST_RATING
PAOK	Vladimir Ivić	SEASON_APPS_ADDED	37	https://www.eurofotbal.cz/kluby/recko/paok-solun/soupiska/2010-2011/	2	33	70	SEASON_ARCHIVE_EST_RATING
PAOK	Mirosław Sznaucner	SEASON_APPS_ADDED	34	https://www.eurofotbal.cz/kluby/recko/paok-solun/soupiska/2010-2011/	1	31	69	SEASON_ARCHIVE_EST_RATING
PAOK	Georgios Fotakis	SEASON_APPS_ADDED	32	https://www.eurofotbal.cz/kluby/recko/paok-solun/soupiska/2010-2011/	2	28	70	SEASON_ARCHIVE_EST_RATING
PAOK	Stavros Tsoukalas	SEASON_APPS_ADDED	21	https://www.eurofotbal.cz/kluby/recko/paok-solun/soupiska/2010-2011/	2	22	66	SEASON_ARCHIVE_EST_RATING
PAOK	Anis Boussaïdi	SEASON_APPS_ADDED	20	https://www.eurofotbal.cz/kluby/recko/paok-solun/soupiska/2010-2011/	2	29	67	SEASON_ARCHIVE_EST_RATING
Panathinaikos	Djibril Cissé	SEASON_APPS_CONFIRMED	41	https://www.eurofotbal.cz/kluby/recko/panathinaikos-fc/soupiska/2010-2011/	3	28	80	SEASON_APPS_FIFA11
Panathinaikos	Sidney Govou	SEASON_APPS_CONFIRMED	22	https://www.eurofotbal.cz/kluby/recko/panathinaikos-fc/soupiska/2010-2011/	3	31	80	SEASON_APPS_FIFA11
Panathinaikos	Gilberto Silva	SEASON_APPS_CONFIRMED	36	https://www.eurofotbal.cz/kluby/recko/panathinaikos-fc/soupiska/2010-2011/	2	33	78	SEASON_APPS_FIFA11
Panathinaikos	Giorgos Karagounis	SEASON_APPS_CONFIRMED	33	https://www.eurofotbal.cz/kluby/recko/panathinaikos-fc/soupiska/2010-2011/	2	33	71	SEASON_APPS_EST_RATING
Panathinaikos	Kostas Katsouranis	SEASON_APPS_CONFIRMED	39	https://www.eurofotbal.cz/kluby/recko/panathinaikos-fc/soupiska/2010-2011/	2	31	73	SEASON_APPS_EST_RATING
Panathinaikos	Sebastián Leto	SEASON_APPS_CONFIRMED	27	https://www.eurofotbal.cz/kluby/recko/panathinaikos-fc/soupiska/2010-2011/	2	23	78	SEASON_APPS_FIFA11
Panathinaikos	Sotiris Ninis	SEASON_APPS_CONFIRMED	29	https://www.eurofotbal.cz/kluby/recko/panathinaikos-fc/soupiska/2010-2011/	2	20	77	SEASON_APPS_FIFA11
Panathinaikos	Jean-Alain Boumsong	SEASON_APPS_CONFIRMED	30	https://www.eurofotbal.cz/kluby/recko/panathinaikos-fc/soupiska/2010-2011/	1	30	76	SEASON_APPS_FIFA11
Panathinaikos	Luis García	UNVERIFIED_SOURCE_GAP			3	30	74	UNVERIFIED_FIFA11_RATING_EST_AGE_ECONOMY
Panathinaikos	Giourkas Seitaridis	SEASON_APPS_CONFIRMED	8	https://www.eurofotbal.cz/kluby/recko/panathinaikos-fc/soupiska/2010-2011/	1	29	73	SEASON_APPS_FIFA11
Panathinaikos	Loukas Vyntra	SEASON_APPS_CONFIRMED	38	https://www.eurofotbal.cz/kluby/recko/panathinaikos-fc/soupiska/2010-2011/	1	29	73	SEASON_APPS_FIFA11
Panathinaikos	Cédric Kanté	SEASON_APPS_CONFIRMED	33	https://www.eurofotbal.cz/kluby/recko/panathinaikos-fc/soupiska/2010-2011/	1	31	71	SEASON_APPS_FIFA11
Panathinaikos	Nikos Spyropoulos	SEASON_APPS_CONFIRMED	31	https://www.eurofotbal.cz/kluby/recko/panathinaikos-fc/soupiska/2010-2011/	1	26	72	SEASON_APPS_EST_RATING
Panathinaikos	Damien Plessis	SEASON_APPS_CONFIRMED	5	https://www.eurofotbal.cz/kluby/recko/panathinaikos-fc/soupiska/2010-2011/	2	22	69	SEASON_APPS_FIFA11
Panathinaikos	Alexandros Tzorvas	SEASON_APPS_CONFIRMED	40	https://www.eurofotbal.cz/kluby/recko/panathinaikos-fc/soupiska/2010-2011/	0	27	75	SEASON_APPS_EST_RATING
Panathinaikos	Orestis Karnezis	SEASON_APPS_CONFIRMED	2	https://www.eurofotbal.cz/kluby/recko/panathinaikos-fc/soupiska/2010-2011/	0	25	65	SEASON_APPS_EST_RATING
Panathinaikos	Lazaros Christodoulopoulos	SEASON_APPS_CONFIRMED	32	https://www.eurofotbal.cz/kluby/recko/panathinaikos-fc/soupiska/2010-2011/	2	23	72	SEASON_APPS_EST_RATING
Panathinaikos	Stergos Marinos	SEASON_APPS_ADDED	33	https://www.eurofotbal.cz/kluby/recko/panathinaikos-fc/soupiska/2010-2011/	1	22	71	SEASON_ARCHIVE_EST_RATING
Panathinaikos	Josu Sarriegi	SEASON_APPS_ADDED	25	https://www.eurofotbal.cz/kluby/recko/panathinaikos-fc/soupiska/2010-2011/	1	31	69	SEASON_ARCHIVE_EST_RATING
Panathinaikos	Luis García Sanz	SEASON_APPS_ADDED	24	https://www.eurofotbal.cz/kluby/recko/panathinaikos-fc/soupiska/2010-2011/	3	32	69	SEASON_ARCHIVE_EST_RATING
Debreceni VSC	Vukašin Poleksić	SEASON_APPS_CONFIRMED	0	https://www.eurofotbal.cz/kluby/madarsko/debreceni-vsc/soupiska/2010-2011/	0	27	58	SEASON_APPS_EST_RATING
Debreceni VSC	Nenad Novaković	SEASON_APPS_CONFIRMED	8	https://www.eurofotbal.cz/kluby/madarsko/debreceni-vsc/soupiska/2010-2011/	0	28	60	SEASON_APPS_EST_RATING
Debreceni VSC	Mindaugas Malinauskas	SEASON_APPS_CONFIRMED	22	https://www.eurofotbal.cz/kluby/madarsko/debreceni-vsc/soupiska/2010-2011/	0	26	64	SEASON_APPS_EST_RATING
Debreceni VSC	László Bodnár	UNVERIFIED_SOURCE_GAP			1	28	66	UNVERIFIED_ESTIMATED
Debreceni VSC	Norbert Mészáros	SEASON_APPS_CONFIRMED	0	https://www.eurofotbal.cz/kluby/madarsko/debreceni-vsc/soupiska/2010-2011/	3	29	57	SEASON_APPS_EST_RATING
Debreceni VSC	Mirsad Mijadinoski	SEASON_APPS_CONFIRMED	35	https://www.eurofotbal.cz/kluby/madarsko/debreceni-vsc/soupiska/2010-2011/	1	28	66	SEASON_APPS_EST_RATING
Debreceni VSC	Ádám Komlósi	SEASON_APPS_CONFIRMED	19	https://www.eurofotbal.cz/kluby/madarsko/debreceni-vsc/soupiska/2010-2011/	1	32	61	SEASON_APPS_EST_RATING
Debreceni VSC	Zoltán Kiss	SEASON_APPS_CONFIRMED	21	https://www.eurofotbal.cz/kluby/madarsko/debreceni-vsc/soupiska/2010-2011/	2	29	62	SEASON_APPS_EST_RATING
Debreceni VSC	Péter Szakály	SEASON_APPS_CONFIRMED	37	https://www.eurofotbal.cz/kluby/madarsko/debreceni-vsc/soupiska/2010-2011/	2	23	66	SEASON_APPS_EST_RATING
Debreceni VSC	József Varga	SEASON_APPS_CONFIRMED	33	https://www.eurofotbal.cz/kluby/madarsko/debreceni-vsc/soupiska/2010-2011/	2	22	64	SEASON_APPS_EST_RATING
Debreceni VSC	Zoltán Szélesi	UNVERIFIED_SOURCE_GAP			2	30	58	UNVERIFIED_ESTIMATED
Debreceni VSC	Adamo Coulibaly	SEASON_APPS_CONFIRMED	38	https://www.eurofotbal.cz/kluby/madarsko/debreceni-vsc/soupiska/2010-2011/	3	28	67	SEASON_APPS_EST_RATING
Debreceni VSC	Tibor Dombi	SEASON_APPS_CONFIRMED	25	https://www.eurofotbal.cz/kluby/madarsko/debreceni-vsc/soupiska/2010-2011/	2	36	62	SEASON_APPS_EST_RATING
Debreceni VSC	László Rezes	SEASON_APPS_CONFIRMED	8	https://www.eurofotbal.cz/kluby/madarsko/debreceni-vsc/soupiska/2010-2011/	2	22	58	SEASON_APPS_EST_RATING
Debreceni VSC	Yannick Mbengono	UNVERIFIED_SOURCE_GAP			2	32	66	UNVERIFIED_ESTIMATED
Debreceni VSC	Péter Czvitkovics	SEASON_APPS_CONFIRMED	37	https://www.eurofotbal.cz/kluby/madarsko/debreceni-vsc/soupiska/2010-2011/	2	27	66	SEASON_APPS_EST_RATING
Debreceni VSC	Péter Kabát	SEASON_APPS_CONFIRMED	25	https://www.eurofotbal.cz/kluby/madarsko/debreceni-vsc/soupiska/2010-2011/	3	32	62	SEASON_APPS_EST_RATING
Debreceni VSC	Balázs Farkas	SEASON_APPS_CONFIRMED	14	https://www.eurofotbal.cz/kluby/madarsko/debreceni-vsc/soupiska/2010-2011/	3	22	60	SEASON_APPS_EST_RATING
Debreceni VSC	Eugène Salami	SEASON_APPS_CONFIRMED	9	https://www.eurofotbal.cz/kluby/madarsko/debreceni-vsc/soupiska/2010-2011/	3	21	58	SEASON_APPS_EST_RATING
Debreceni VSC	Mbengono Yannick	SEASON_APPS_ADDED	33	https://www.eurofotbal.cz/kluby/madarsko/debreceni-vsc/soupiska/2010-2011/	2	23	65	SEASON_ARCHIVE_EST_RATING
Debreceni VSC	Ádám Bódi	SEASON_APPS_ADDED	29	https://www.eurofotbal.cz/kluby/madarsko/debreceni-vsc/soupiska/2010-2011/	2	19	62	SEASON_ARCHIVE_EST_RATING
Debreceni VSC	Dajan Šimac	SEASON_APPS_ADDED	26	https://www.eurofotbal.cz/kluby/madarsko/debreceni-vsc/soupiska/2010-2011/	1	28	63	SEASON_ARCHIVE_EST_RATING
Debreceni VSC	Zoltán Nagy	SEASON_APPS_ADDED	22	https://www.eurofotbal.cz/kluby/madarsko/debreceni-vsc/soupiska/2010-2011/	1	24	63	SEASON_ARCHIVE_EST_RATING
Debreceni VSC	Marcell Fodor	SEASON_APPS_ADDED	21	https://www.eurofotbal.cz/kluby/madarsko/debreceni-vsc/soupiska/2010-2011/	1	22	61	SEASON_ARCHIVE_EST_RATING
Debreceni VSC	Zsolt Laczkó	SEASON_APPS_ADDED	21	https://www.eurofotbal.cz/kluby/madarsko/debreceni-vsc/soupiska/2010-2011/	1	23	62	SEASON_ARCHIVE_EST_RATING
Debreceni VSC	Csaba Bernáth	SEASON_APPS_ADDED	20	https://www.eurofotbal.cz/kluby/madarsko/debreceni-vsc/soupiska/2010-2011/	1	31	61	SEASON_ARCHIVE_EST_RATING
Videoton FC	Mladen Božović	SEASON_APPS_CONFIRMED	32	https://www.eurofotbal.cz/kluby/madarsko/videoton-fc-fehervar/soupiska/2010-2011/	0	26	66	SEASON_APPS_EST_RATING
Videoton FC	Zsolt Sebők	SEASON_APPS_CONFIRMED	4	https://www.eurofotbal.cz/kluby/madarsko/videoton-fc-fehervar/soupiska/2010-2011/	0	31	58	SEASON_APPS_EST_RATING
Videoton FC	Tomáš Tujvel	SEASON_APPS_CONFIRMED	4	https://www.eurofotbal.cz/kluby/madarsko/videoton-fc-fehervar/soupiska/2010-2011/	0	26	59	SEASON_APPS_EST_RATING
Videoton FC	Gábor Horváth	SEASON_APPS_CONFIRMED	8	https://www.eurofotbal.cz/kluby/madarsko/videoton-fc-fehervar/soupiska/2010-2011/	1	25	59	SEASON_APPS_EST_RATING
Videoton FC	Zoltán Lipták	SEASON_APPS_CONFIRMED	37	https://www.eurofotbal.cz/kluby/madarsko/videoton-fc-fehervar/soupiska/2010-2011/	1	25	66	SEASON_APPS_EST_RATING
Videoton FC	Tamás Vaskó	SEASON_APPS_CONFIRMED	33	https://www.eurofotbal.cz/kluby/madarsko/videoton-fc-fehervar/soupiska/2010-2011/	1	26	65	SEASON_APPS_EST_RATING
Videoton FC	Marko Andić	SEASON_APPS_CONFIRMED	28	https://www.eurofotbal.cz/kluby/madarsko/videoton-fc-fehervar/soupiska/2010-2011/	1	26	64	SEASON_APPS_EST_RATING
Videoton FC	Ádám Présinger	SEASON_APPS_CONFIRMED	0	https://www.eurofotbal.cz/kluby/madarsko/videoton-fc-fehervar/soupiska/2010-2011/	1	21	56	SEASON_APPS_EST_RATING
Videoton FC	András Gosztonyi	SEASON_APPS_CONFIRMED	32	https://www.eurofotbal.cz/kluby/madarsko/videoton-fc-fehervar/soupiska/2010-2011/	2	19	63	SEASON_APPS_EST_RATING
Videoton FC	Ákos Elek	SEASON_APPS_CONFIRMED	31	https://www.eurofotbal.cz/kluby/madarsko/videoton-fc-fehervar/soupiska/2010-2011/	2	22	64	SEASON_APPS_EST_RATING
Videoton FC	György Sándor	SEASON_APPS_CONFIRMED	37	https://www.eurofotbal.cz/kluby/madarsko/videoton-fc-fehervar/soupiska/2010-2011/	2	26	66	SEASON_APPS_EST_RATING
Videoton FC	Attila Polonkai	SEASON_APPS_CONFIRMED	33	https://www.eurofotbal.cz/kluby/madarsko/videoton-fc-fehervar/soupiska/2010-2011/	2	31	64	SEASON_APPS_EST_RATING
Videoton FC	Dénes Szakály	SEASON_APPS_CONFIRMED	21	https://www.eurofotbal.cz/kluby/madarsko/videoton-fc-fehervar/soupiska/2010-2011/	2	22	61	SEASON_APPS_EST_RATING
Videoton FC	Dušan Vasiljević	SEASON_APPS_CONFIRMED	34	https://www.eurofotbal.cz/kluby/madarsko/videoton-fc-fehervar/soupiska/2010-2011/	2	28	65	SEASON_APPS_EST_RATING
Videoton FC	Andre Alves	SEASON_APPS_CONFIRMED	36	https://www.eurofotbal.cz/kluby/madarsko/videoton-fc-fehervar/soupiska/2010-2011/	3	26	66	SEASON_APPS_EST_RATING
Videoton FC	Nemanja Nikolić	SEASON_APPS_CONFIRMED	33	https://www.eurofotbal.cz/kluby/madarsko/videoton-fc-fehervar/soupiska/2010-2011/	3	22	64	SEASON_APPS_EST_RATING
Videoton FC	László Lencse	SEASON_APPS_CONFIRMED	21	https://www.eurofotbal.cz/kluby/madarsko/videoton-fc-fehervar/soupiska/2010-2011/	3	22	61	SEASON_APPS_EST_RATING
Videoton FC	Goran Vujović	SEASON_APPS_CONFIRMED	7	https://www.eurofotbal.cz/kluby/madarsko/videoton-fc-fehervar/soupiska/2010-2011/	3	23	59	SEASON_APPS_EST_RATING
Videoton FC	Martin Kayongo-Mutumba	SEASON_APPS_CONFIRMED	3	https://www.eurofotbal.cz/kluby/madarsko/videoton-fc-fehervar/soupiska/2010-2011/	2	25	58	SEASON_APPS_EST_RATING
Videoton FC	Pál Lázár	SEASON_APPS_ADDED	35	https://www.eurofotbal.cz/kluby/madarsko/videoton-fc-fehervar/soupiska/2010-2011/	1	22	65	SEASON_ARCHIVE_EST_RATING
Videoton FC	Daniel Nagy	SEASON_APPS_ADDED	21	https://www.eurofotbal.cz/kluby/madarsko/videoton-fc-fehervar/soupiska/2010-2011/	2	25	62	SEASON_ARCHIVE_EST_RATING
Ferencváros	Marko Ranilović	SEASON_APPS_CONFIRMED	21	https://www.eurofotbal.cz/kluby/madarsko/ferencvarosi-tc/soupiska/2010-2011/	0	23	66	SEASON_APPS_EST_RATING
Ferencváros	Justin Haber	SEASON_APPS_CONFIRMED	11	https://www.eurofotbal.cz/kluby/madarsko/ferencvarosi-tc/soupiska/2010-2011/	0	29	65	SEASON_APPS_EST_RATING
Ferencváros	Levente Jova	UNVERIFIED_SOURCE_GAP			1	27	65	UNVERIFIED_ESTIMATED
Ferencváros	Csaba Csizmadia	SEASON_APPS_CONFIRMED	31	https://www.eurofotbal.cz/kluby/madarsko/ferencvarosi-tc/soupiska/2010-2011/	1	25	69	SEASON_APPS_EST_RATING
Ferencváros	Zoltán Balog	SEASON_APPS_CONFIRMED	25	https://www.eurofotbal.cz/kluby/madarsko/ferencvarosi-tc/soupiska/2010-2011/	1	32	66	SEASON_APPS_EST_RATING
Ferencváros	Attila Dragóner	SEASON_APPS_CONFIRMED	10	https://www.eurofotbal.cz/kluby/madarsko/ferencvarosi-tc/soupiska/2010-2011/	1	35	62	SEASON_APPS_EST_RATING
Ferencváros	Dávid Kulcsár	SEASON_APPS_CONFIRMED	8	https://www.eurofotbal.cz/kluby/madarsko/ferencvarosi-tc/soupiska/2010-2011/	2	22	62	SEASON_APPS_EST_RATING
Ferencváros	István Rodenbücher	SEASON_APPS_CONFIRMED	20	https://www.eurofotbal.cz/kluby/madarsko/ferencvarosi-tc/soupiska/2010-2011/	1	26	66	SEASON_APPS_EST_RATING
Ferencváros	Junior	SEASON_APPS_CONFIRMED	17	https://www.eurofotbal.cz/kluby/madarsko/ferencvarosi-tc/soupiska/2010-2011/	3	23	65	SEASON_APPS_EST_RATING
Ferencváros	Andrezinho	SEASON_APPS_CONFIRMED	23	https://www.eurofotbal.cz/kluby/madarsko/ferencvarosi-tc/soupiska/2010-2011/	2	24	67	SEASON_APPS_EST_RATING
Ferencváros	Béla Maróti	SEASON_APPS_CONFIRMED	26	https://www.eurofotbal.cz/kluby/madarsko/ferencvarosi-tc/soupiska/2010-2011/	2	31	66	SEASON_APPS_EST_RATING
Ferencváros	György Józsi	SEASON_APPS_CONFIRMED	27	https://www.eurofotbal.cz/kluby/madarsko/ferencvarosi-tc/soupiska/2010-2011/	1	27	68	SEASON_APPS_EST_RATING
Ferencváros	Dénes Rósa	SEASON_APPS_CONFIRMED	30	https://www.eurofotbal.cz/kluby/madarsko/ferencvarosi-tc/soupiska/2010-2011/	2	33	68	SEASON_APPS_EST_RATING
Ferencváros	József Tóth	UNVERIFIED_SOURCE_GAP			2	32	65	UNVERIFIED_ESTIMATED
Ferencváros	André Schembri	SEASON_APPS_CONFIRMED	28	https://www.eurofotbal.cz/kluby/madarsko/ferencvarosi-tc/soupiska/2010-2011/	3	24	68	SEASON_APPS_EST_RATING
Ferencváros	Marek Heinz	SEASON_APPS_CONFIRMED	27	https://www.eurofotbal.cz/kluby/madarsko/ferencvarosi-tc/soupiska/2010-2011/	3	32	67	SEASON_APPS_EST_RATING
Ferencváros	Liban Abdi	SEASON_APPS_CONFIRMED	19	https://www.eurofotbal.cz/kluby/madarsko/ferencvarosi-tc/soupiska/2010-2011/	3	21	65	SEASON_APPS_EST_RATING
Ferencváros	Emil Miljkovic	SEASON_APPS_CONFIRMED	18	https://www.eurofotbal.cz/kluby/madarsko/ferencvarosi-tc/soupiska/2010-2011/	3	22	64	SEASON_APPS_EST_RATING
Ferencváros	Srdjan Stanic	SEASON_APPS_CONFIRMED	23	https://www.eurofotbal.cz/kluby/madarsko/ferencvarosi-tc/soupiska/2010-2011/	2	28	67	SEASON_APPS_EST_RATING
Ferencváros	Bence Tóth	SEASON_APPS_ADDED	22	https://www.eurofotbal.cz/kluby/madarsko/ferencvarosi-tc/soupiska/2010-2011/	2	21	66	SEASON_ARCHIVE_EST_RATING
Ferencváros	Đorđe Tutorić	SEASON_APPS_ADDED	18	https://www.eurofotbal.cz/kluby/madarsko/ferencvarosi-tc/soupiska/2010-2011/	1	27	65	SEASON_ARCHIVE_EST_RATING
Ferencváros	Héctor Morales	SEASON_APPS_ADDED	18	https://www.eurofotbal.cz/kluby/madarsko/ferencvarosi-tc/soupiska/2010-2011/	2	20	64	SEASON_ARCHIVE_EST_RATING
Shamrock Rovers	Gary Twigg	SEASON_APPS_CONFIRMED	0	https://www.eurofotbal.cz/kluby/irsko/shamrock-rovers/soupiska/2010/	3	25	64	SEASON_APPS_FIFA11
Shamrock Rovers	Dan Murray	SEASON_APPS_CONFIRMED	0	https://www.eurofotbal.cz/kluby/irsko/shamrock-rovers/soupiska/2010/	1	27	63	SEASON_APPS_FIFA11
Shamrock Rovers	Danny Murphy	SEASON_APPS_CONFIRMED	0	https://www.eurofotbal.cz/kluby/irsko/shamrock-rovers/soupiska/2010/	1	27	62	SEASON_APPS_FIFA11
Shamrock Rovers	Patrick Kavanagh	SEASON_APPS_CONFIRMED	0	https://www.eurofotbal.cz/kluby/irsko/shamrock-rovers/soupiska/2010/	2	25	61	SEASON_APPS_FIFA11
Shamrock Rovers	William Dennehy	SEASON_APPS_CONFIRMED	0	https://www.eurofotbal.cz/kluby/irsko/shamrock-rovers/soupiska/2010/	2	23	61	SEASON_APPS_FIFA11
Shamrock Rovers	Aidan Price	UNVERIFIED_SOURCE_GAP			1	23	60	UNVERIFIED_FIFA11_RATING_EST_AGE_ECONOMY
Shamrock Rovers	Craig Sives	SEASON_APPS_CONFIRMED	0	https://www.eurofotbal.cz/kluby/irsko/shamrock-rovers/soupiska/2010/	1	23	60	SEASON_APPS_FIFA11
Shamrock Rovers	Chris Turner	UNVERIFIED_SOURCE_GAP			2	31	59	UNVERIFIED_FIFA11_RATING_EST_AGE_ECONOMY
Shamrock Rovers	Stephen Rice	UNVERIFIED_SOURCE_GAP			2	29	59	UNVERIFIED_FIFA11_RATING_EST_AGE_ECONOMY
Shamrock Rovers	Thomas Stewart	UNVERIFIED_SOURCE_GAP			3	22	59	UNVERIFIED_FIFA11_RATING_EST_AGE_ECONOMY
Shamrock Rovers	Graham Barrett	SEASON_APPS_CONFIRMED	0	https://www.eurofotbal.cz/kluby/irsko/shamrock-rovers/soupiska/2010/	3	28	58	SEASON_APPS_FIFA11
Shamrock Rovers	Pat Flynn	UNVERIFIED_SOURCE_GAP			1	31	58	UNVERIFIED_FIFA11_RATING_EST_AGE_ECONOMY
Shamrock Rovers	Patrick Sullivan	UNVERIFIED_SOURCE_GAP			1	21	58	UNVERIFIED_FIFA11_RATING_EST_AGE_ECONOMY
Shamrock Rovers	Robert Bayly	UNVERIFIED_SOURCE_GAP			2	27	58	UNVERIFIED_FIFA11_RATING_EST_AGE_ECONOMY
Shamrock Rovers	Sean O'Connor	UNVERIFIED_SOURCE_GAP			3	32	58	UNVERIFIED_FIFA11_RATING_EST_AGE_ECONOMY
Shamrock Rovers	Aidan Downes	UNVERIFIED_SOURCE_GAP			3	24	57	UNVERIFIED_FIFA11_RATING_EST_AGE_ECONOMY
Shamrock Rovers	Dessie Baker	UNVERIFIED_SOURCE_GAP			3	24	57	UNVERIFIED_FIFA11_RATING_EST_AGE_ECONOMY
Shamrock Rovers	Stephen Bradley	UNVERIFIED_SOURCE_GAP			2	29	57	UNVERIFIED_FIFA11_RATING_EST_AGE_ECONOMY
Shamrock Rovers	Enda Stevens	SEASON_APPS_CONFIRMED	0	https://www.eurofotbal.cz/kluby/irsko/shamrock-rovers/soupiska/2010/	1	19	53	SEASON_APPS_FIFA11
Shamrock Rovers	Alan Mannus	SEASON_APPS_ADDED	0	https://www.shamrockrovers.ie/news/alan-mannus-retirement/	0	27	58	SEASON_ARCHIVE_EST_RATING
Hapoel Tel Aviv	Vincent Enyeama	SEASON_APPS_CONFIRMED	10	https://www.eurofotbal.cz/kluby/izrael/hapoel-tel-aviv/soupiska/2010-2011/	0	27	65	SEASON_APPS_EST_RATING
Hapoel Tel Aviv	Itamar Nitzan	UNVERIFIED_SOURCE_GAP			0	29	62	UNVERIFIED_ESTIMATED
Hapoel Tel Aviv	Bevan Fransman	SEASON_APPS_CONFIRMED	7	https://www.eurofotbal.cz/kluby/izrael/hapoel-tel-aviv/soupiska/2010-2011/	1	26	64	SEASON_APPS_EST_RATING
Hapoel Tel Aviv	Dedi Ben-Dayan	SEASON_APPS_CONFIRMED	7	https://www.eurofotbal.cz/kluby/izrael/hapoel-tel-aviv/soupiska/2010-2011/	1	31	63	SEASON_APPS_EST_RATING
Hapoel Tel Aviv	Dani Bondar	SEASON_APPS_CONFIRMED	5	https://www.eurofotbal.cz/kluby/izrael/hapoel-tel-aviv/soupiska/2010-2011/	1	23	63	SEASON_APPS_EST_RATING
Hapoel Tel Aviv	Gal Shish	SEASON_APPS_CONFIRMED	4	https://www.eurofotbal.cz/kluby/izrael/hapoel-tel-aviv/soupiska/2010-2011/	1	21	62	SEASON_APPS_EST_RATING
Hapoel Tel Aviv	Eran Zahavi	SEASON_APPS_CONFIRMED	10	https://www.eurofotbal.cz/kluby/izrael/hapoel-tel-aviv/soupiska/2010-2011/	3	23	64	SEASON_APPS_EST_RATING
Hapoel Tel Aviv	Gil Vermouth	SEASON_APPS_CONFIRMED	10	https://www.eurofotbal.cz/kluby/izrael/hapoel-tel-aviv/soupiska/2010-2011/	2	24	64	SEASON_APPS_EST_RATING
Hapoel Tel Aviv	Avihai Yadin	SEASON_APPS_CONFIRMED	8	https://www.eurofotbal.cz/kluby/izrael/hapoel-tel-aviv/soupiska/2010-2011/	2	23	64	SEASON_APPS_EST_RATING
Hapoel Tel Aviv	Walid Badir	SEASON_APPS_CONFIRMED	10	https://www.eurofotbal.cz/kluby/izrael/hapoel-tel-aviv/soupiska/2010-2011/	2	36	63	SEASON_APPS_EST_RATING
Hapoel Tel Aviv	Yossi Shivhon	SEASON_APPS_CONFIRMED	7	https://www.eurofotbal.cz/kluby/izrael/hapoel-tel-aviv/soupiska/2010-2011/	2	28	64	SEASON_APPS_EST_RATING
Hapoel Tel Aviv	Elroey Cohen	SEASON_APPS_CONFIRMED	0	https://www.eurofotbal.cz/kluby/izrael/hapoel-tel-aviv/soupiska/2010-2011/	2	21	61	SEASON_APPS_EST_RATING
Hapoel Tel Aviv	Roei Gordana	UNVERIFIED_SOURCE_GAP			2	20	70	UNVERIFIED_ESTIMATED
Hapoel Tel Aviv	Ben Sahar	SEASON_APPS_CONFIRMED	10	https://www.eurofotbal.cz/kluby/izrael/hapoel-tel-aviv/soupiska/2010-2011/	3	20	63	SEASON_APPS_EST_RATING
Hapoel Tel Aviv	Toto Tamuz	SEASON_APPS_CONFIRMED	6	https://www.eurofotbal.cz/kluby/izrael/hapoel-tel-aviv/soupiska/2010-2011/	3	22	63	SEASON_APPS_EST_RATING
Hapoel Tel Aviv	Salim Toama	SEASON_APPS_CONFIRMED	3	https://www.eurofotbal.cz/kluby/izrael/hapoel-tel-aviv/soupiska/2010-2011/	2	30	63	SEASON_APPS_EST_RATING
Hapoel Tel Aviv	Itay Shechter	SEASON_APPS_CONFIRMED	9	https://www.eurofotbal.cz/kluby/izrael/hapoel-tel-aviv/soupiska/2010-2011/	3	23	64	SEASON_APPS_EST_RATING
Maccabi Haifa	Nir Davidovich	SEASON_APPS_CONFIRMED	0	https://www.eurofotbal.cz/kluby/izrael/maccabi-haifa/soupiska/2010-2011/	0	33	62	SEASON_APPS_EST_RATING
Maccabi Haifa	Amir Edri	SEASON_APPS_CONFIRMED	2	https://www.eurofotbal.cz/kluby/izrael/maccabi-haifa/soupiska/2010-2011/	0	25	63	SEASON_APPS_EST_RATING
Maccabi Haifa	Eyal Meshumar	SEASON_APPS_CONFIRMED	1	https://www.eurofotbal.cz/kluby/izrael/maccabi-haifa/soupiska/2010-2011/	1	26	62	SEASON_APPS_EST_RATING
Maccabi Haifa	Arik Benado	SEASON_APPS_CONFIRMED	0	https://www.eurofotbal.cz/kluby/izrael/maccabi-haifa/soupiska/2010-2011/	1	36	61	SEASON_APPS_EST_RATING
Maccabi Haifa	Shay Maimon	SEASON_APPS_CONFIRMED	2	https://www.eurofotbal.cz/kluby/izrael/maccabi-haifa/soupiska/2010-2011/	1	24	62	SEASON_APPS_EST_RATING
Maccabi Haifa	Tsepo Masilela	SEASON_APPS_CONFIRMED	2	https://www.eurofotbal.cz/kluby/izrael/maccabi-haifa/soupiska/2010-2011/	1	25	62	SEASON_APPS_EST_RATING
Maccabi Haifa	Taleb Tawatha	SEASON_APPS_CONFIRMED	0	https://www.eurofotbal.cz/kluby/izrael/maccabi-haifa/soupiska/2010-2011/	1	18	60	SEASON_APPS_EST_RATING
Maccabi Haifa	Andriy Pylyavskyi	SEASON_APPS_CONFIRMED	0	https://www.eurofotbal.cz/kluby/izrael/maccabi-haifa/soupiska/2010-2011/	1	21	61	SEASON_APPS_EST_RATING
Maccabi Haifa	Ali Ottman	UNVERIFIED_SOURCE_GAP			2	29	65	UNVERIFIED_ESTIMATED
Maccabi Haifa	Ignacio Canuto	SEASON_APPS_CONFIRMED	2	https://www.eurofotbal.cz/kluby/izrael/maccabi-haifa/soupiska/2010-2011/	1	24	62	SEASON_APPS_EST_RATING
Maccabi Haifa	Idan Vered	SEASON_APPS_CONFIRMED	0	https://www.eurofotbal.cz/kluby/izrael/maccabi-haifa/soupiska/2010-2011/	2	21	61	SEASON_APPS_EST_RATING
Maccabi Haifa	Lior Refaelov	SEASON_APPS_CONFIRMED	2	https://www.eurofotbal.cz/kluby/izrael/maccabi-haifa/soupiska/2010-2011/	2	24	62	SEASON_APPS_EST_RATING
Maccabi Haifa	Yaniv Katan	SEASON_APPS_CONFIRMED	2	https://www.eurofotbal.cz/kluby/izrael/maccabi-haifa/soupiska/2010-2011/	3	29	62	SEASON_APPS_EST_RATING
Maccabi Haifa	Eyal Golasa	SEASON_APPS_CONFIRMED	2	https://www.eurofotbal.cz/kluby/izrael/maccabi-haifa/soupiska/2010-2011/	2	18	60	SEASON_APPS_EST_RATING
Maccabi Haifa	Adrien Silva	SEASON_APPS_CONFIRMED	2	https://www.eurofotbal.cz/kluby/izrael/maccabi-haifa/soupiska/2010-2011/	2	21	61	SEASON_APPS_EST_RATING
Maccabi Haifa	Tomer Hemed	SEASON_APPS_CONFIRMED	2	https://www.eurofotbal.cz/kluby/izrael/maccabi-haifa/soupiska/2010-2011/	3	23	62	SEASON_APPS_EST_RATING
Maccabi Haifa	Vladimer Dvalishvili	SEASON_APPS_CONFIRMED	2	https://www.eurofotbal.cz/kluby/izrael/maccabi-haifa/soupiska/2010-2011/	3	24	62	SEASON_APPS_EST_RATING
Maccabi Haifa	Mohammad Ghadir	SEASON_APPS_CONFIRMED	1	https://www.eurofotbal.cz/kluby/izrael/maccabi-haifa/soupiska/2010-2011/	3	19	60	SEASON_APPS_EST_RATING
Maccabi Tel Aviv	Liran Strauber	SEASON_APPS_CONFIRMED	4	https://www.eurofotbal.cz/kluby/izrael/maccabi-tel-aviv/soupiska/2010-2011/	0	35	61	SEASON_APPS_EST_RATING
Maccabi Tel Aviv	Guy Solomon	UNVERIFIED_SOURCE_GAP			0	22	67	UNVERIFIED_ESTIMATED
Maccabi Tel Aviv	Yoav Ziv	SEASON_APPS_CONFIRMED	4	https://www.eurofotbal.cz/kluby/izrael/maccabi-tel-aviv/soupiska/2010-2011/	1	29	61	SEASON_APPS_EST_RATING
Maccabi Tel Aviv	Nivaldo	SEASON_APPS_CONFIRMED	2	https://www.eurofotbal.cz/kluby/izrael/maccabi-tel-aviv/soupiska/2010-2011/	1	30	60	SEASON_APPS_EST_RATING
Maccabi Tel Aviv	Savo Pavićević	SEASON_APPS_CONFIRMED	2	https://www.eurofotbal.cz/kluby/izrael/maccabi-tel-aviv/soupiska/2010-2011/	1	29	60	SEASON_APPS_EST_RATING
Maccabi Tel Aviv	Avi Strool	UNVERIFIED_SOURCE_GAP			1	28	64	UNVERIFIED_ESTIMATED
Maccabi Tel Aviv	Rony Gafni	SEASON_APPS_CONFIRMED	3	https://www.eurofotbal.cz/kluby/izrael/maccabi-tel-aviv/soupiska/2010-2011/	1	30	61	SEASON_APPS_EST_RATING
Maccabi Tel Aviv	Gal Alberman	SEASON_APPS_CONFIRMED	0	https://www.eurofotbal.cz/kluby/izrael/maccabi-tel-aviv/soupiska/2010-2011/	2	27	60	SEASON_APPS_EST_RATING
Maccabi Tel Aviv	Haris Medunjanin	SEASON_APPS_CONFIRMED	4	https://www.eurofotbal.cz/kluby/izrael/maccabi-tel-aviv/soupiska/2010-2011/	2	25	61	SEASON_APPS_EST_RATING
Maccabi Tel Aviv	Maor Buzaglo	SEASON_APPS_CONFIRMED	4	https://www.eurofotbal.cz/kluby/izrael/maccabi-tel-aviv/soupiska/2010-2011/	2	22	60	SEASON_APPS_EST_RATING
Maccabi Tel Aviv	Dor Micha	UNVERIFIED_SOURCE_GAP			2	28	60	UNVERIFIED_ESTIMATED
Maccabi Tel Aviv	Sheran Yeini	SEASON_APPS_CONFIRMED	4	https://www.eurofotbal.cz/kluby/izrael/maccabi-tel-aviv/soupiska/2010-2011/	2	23	61	SEASON_APPS_EST_RATING
Maccabi Tel Aviv	Eliran Atar	SEASON_APPS_CONFIRMED	2	https://www.eurofotbal.cz/kluby/izrael/maccabi-tel-aviv/soupiska/2010-2011/	3	23	60	SEASON_APPS_EST_RATING
Maccabi Tel Aviv	Barak Yitzhaki	SEASON_APPS_CONFIRMED	3	https://www.eurofotbal.cz/kluby/izrael/maccabi-tel-aviv/soupiska/2010-2011/	3	25	61	SEASON_APPS_EST_RATING
Maccabi Tel Aviv	Roberto Colautti	SEASON_APPS_CONFIRMED	3	https://www.eurofotbal.cz/kluby/izrael/maccabi-tel-aviv/soupiska/2010-2011/	3	28	61	SEASON_APPS_EST_RATING
Maccabi Tel Aviv	Rangelov	SEASON_APPS_CONFIRMED	0	https://www.eurofotbal.cz/kluby/izrael/maccabi-tel-aviv/soupiska/2010-2011/	3	27	60	SEASON_APPS_EST_RATING
Maccabi Tel Aviv	Moshe Logasi	UNVERIFIED_SOURCE_GAP			3	29	62	UNVERIFIED_ESTIMATED
Maccabi Tel Aviv	Tamir Kahlon	SEASON_APPS_CONFIRMED	1	https://www.eurofotbal.cz/kluby/izrael/maccabi-tel-aviv/soupiska/2010-2011/	2	22	59	SEASON_APPS_EST_RATING
Sheriff Tiraspol	Vladislav Stoyanov	SEASON_APPS_CONFIRMED	8	https://www.eurofotbal.cz/kluby/moldavsko/sheriff-tiraspol/soupiska/2010-2011/	0	23	59	SEASON_APPS_EST_RATING
Sheriff Tiraspol	Dmitri Stajila	SEASON_APPS_CONFIRMED	3	https://www.eurofotbal.cz/kluby/moldavsko/sheriff-tiraspol/soupiska/2010-2011/	0	18	56	SEASON_APPS_EST_RATING
Sheriff Tiraspol	Benjamin Balima	UNVERIFIED_SOURCE_GAP			1	26	65	UNVERIFIED_ESTIMATED
Sheriff Tiraspol	Artiom Hacaturov	SEASON_APPS_CONFIRMED	4	https://www.eurofotbal.cz/kluby/moldavsko/sheriff-tiraspol/soupiska/2010-2011/	2	18	56	SEASON_APPS_EST_RATING
Sheriff Tiraspol	Miral Samardžić	SEASON_APPS_CONFIRMED	7	https://www.eurofotbal.cz/kluby/moldavsko/sheriff-tiraspol/soupiska/2010-2011/	1	23	59	SEASON_APPS_EST_RATING
Sheriff Tiraspol	Alexandru Suvorov	UNVERIFIED_SOURCE_GAP			1	30	66	UNVERIFIED_ESTIMATED
Sheriff Tiraspol	Vladimir Volkov	SEASON_APPS_CONFIRMED	9	https://www.eurofotbal.cz/kluby/moldavsko/sheriff-tiraspol/soupiska/2010-2011/	1	24	59	SEASON_APPS_EST_RATING
Sheriff Tiraspol	Jymmy França	SEASON_APPS_CONFIRMED	8	https://www.eurofotbal.cz/kluby/moldavsko/sheriff-tiraspol/soupiska/2010-2011/	3	26	59	SEASON_APPS_EST_RATING
Sheriff Tiraspol	Marko Đalović	UNVERIFIED_SOURCE_GAP			2	31	62	UNVERIFIED_ESTIMATED
Sheriff Tiraspol	Fred Benson	UNVERIFIED_SOURCE_GAP			2	30	64	UNVERIFIED_ESTIMATED
Sheriff Tiraspol	Florent Rouamba	SEASON_APPS_CONFIRMED	7	https://www.eurofotbal.cz/kluby/moldavsko/sheriff-tiraspol/soupiska/2010-2011/	2	23	59	SEASON_APPS_EST_RATING
Sheriff Tiraspol	Nadson	SEASON_APPS_CONFIRMED	10	https://www.eurofotbal.cz/kluby/moldavsko/sheriff-tiraspol/soupiska/2010-2011/	1	25	59	SEASON_APPS_EST_RATING
Sheriff Tiraspol	Wilfried Balima	SEASON_APPS_CONFIRMED	8	https://www.eurofotbal.cz/kluby/moldavsko/sheriff-tiraspol/soupiska/2010-2011/	2	25	59	SEASON_APPS_EST_RATING
Sheriff Tiraspol	Stanislav Ivanov	UNVERIFIED_SOURCE_GAP			2	31	58	UNVERIFIED_ESTIMATED
Sheriff Tiraspol	Aleksandr Erokhin	SEASON_APPS_CONFIRMED	9	https://www.eurofotbal.cz/kluby/moldavsko/sheriff-tiraspol/soupiska/2010-2011/	2	20	58	SEASON_APPS_EST_RATING
Sheriff Tiraspol	Mahamadou Traoré	UNVERIFIED_SOURCE_GAP			3	25	64	UNVERIFIED_ESTIMATED
Sheriff Tiraspol	Constantin Mandricenco	SEASON_APPS_CONFIRMED	0	https://www.eurofotbal.cz/kluby/moldavsko/sheriff-tiraspol/soupiska/2010-2011/	3	19	55	SEASON_APPS_EST_RATING
Sheriff Tiraspol	Serghei Gheorghiev	SEASON_APPS_CONFIRMED	5	https://www.eurofotbal.cz/kluby/moldavsko/sheriff-tiraspol/soupiska/2010-2011/	2	18	56	SEASON_APPS_EST_RATING
AZ Alkmaar	Héctor Moreno	SEASON_APPS_CONFIRMED	35	https://www.eurofotbal.cz/kluby/nizozemsko/az-alkmaar/soupiska/2010-2011/	1	22	75	SEASON_APPS_FIFA11
AZ Alkmaar	Stijn Schaars	SEASON_APPS_CONFIRMED	39	https://www.eurofotbal.cz/kluby/nizozemsko/az-alkmaar/soupiska/2010-2011/	2	26	75	SEASON_APPS_FIFA11
AZ Alkmaar	Kolbeinn Sigþórsson	SEASON_APPS_CONFIRMED	43	https://www.eurofotbal.cz/kluby/nizozemsko/az-alkmaar/soupiska/2010-2011/	3	20	74	SEASON_APPS_EST_RATING
AZ Alkmaar	Niklas Moisander	SEASON_APPS_CONFIRMED	40	https://www.eurofotbal.cz/kluby/nizozemsko/az-alkmaar/soupiska/2010-2011/	1	24	74	SEASON_APPS_FIFA11
AZ Alkmaar	Pontus Wernbloom	SEASON_APPS_CONFIRMED	42	https://www.eurofotbal.cz/kluby/nizozemsko/az-alkmaar/soupiska/2010-2011/	2	24	74	SEASON_APPS_FIFA11
AZ Alkmaar	Ragnar Klavan	SEASON_APPS_CONFIRMED	39	https://www.eurofotbal.cz/kluby/nizozemsko/az-alkmaar/soupiska/2010-2011/	1	24	74	SEASON_APPS_FIFA11
AZ Alkmaar	Rasmus Elm	SEASON_APPS_CONFIRMED	35	https://www.eurofotbal.cz/kluby/nizozemsko/az-alkmaar/soupiska/2010-2011/	2	22	72	SEASON_APPS_FIFA11
AZ Alkmaar	Dirk Marcellis	SEASON_APPS_CONFIRMED	44	https://www.eurofotbal.cz/kluby/nizozemsko/az-alkmaar/soupiska/2010-2011/	1	22	71	SEASON_APPS_FIFA11
AZ Alkmaar	Erik Falkenburg	SEASON_APPS_CONFIRMED	31	https://www.eurofotbal.cz/kluby/nizozemsko/az-alkmaar/soupiska/2010-2011/	2	22	70	SEASON_APPS_FIFA11
AZ Alkmaar	Kew Jaliens	SEASON_APPS_CONFIRMED	18	https://www.eurofotbal.cz/kluby/nizozemsko/az-alkmaar/soupiska/2010-2011/	1	31	70	SEASON_APPS_FIFA11
AZ Alkmaar	Maarten Martens	SEASON_APPS_CONFIRMED	35	https://www.eurofotbal.cz/kluby/nizozemsko/az-alkmaar/soupiska/2010-2011/	2	26	70	SEASON_APPS_FIFA11
AZ Alkmaar	Brett Holman	SEASON_APPS_CONFIRMED	35	https://www.eurofotbal.cz/kluby/nizozemsko/az-alkmaar/soupiska/2010-2011/	2	26	68	SEASON_APPS_FIFA11
AZ Alkmaar	Jóhann Berg Guðmundsson	SEASON_APPS_CONFIRMED	34	https://www.eurofotbal.cz/kluby/nizozemsko/az-alkmaar/soupiska/2010-2011/	3	19	71	SEASON_APPS_EST_RATING
AZ Alkmaar	Simon Poulsen	SEASON_APPS_CONFIRMED	15	https://www.eurofotbal.cz/kluby/nizozemsko/az-alkmaar/soupiska/2010-2011/	1	25	68	SEASON_APPS_FIFA11
AZ Alkmaar	Gill Swerts	SEASON_APPS_CONFIRMED	3	https://www.eurofotbal.cz/kluby/nizozemsko/az-alkmaar/soupiska/2010-2011/	1	27	67	SEASON_APPS_FIFA11
AZ Alkmaar	Graziano Pellè	SEASON_APPS_CONFIRMED	20	https://www.eurofotbal.cz/kluby/nizozemsko/az-alkmaar/soupiska/2010-2011/	3	25	67	SEASON_APPS_FIFA11
AZ Alkmaar	Jonathas	SEASON_APPS_CONFIRMED	17	https://www.eurofotbal.cz/kluby/nizozemsko/az-alkmaar/soupiska/2010-2011/	3	21	67	SEASON_APPS_FIFA11
AZ Alkmaar	Nick van der Velden	SEASON_APPS_CONFIRMED	16	https://www.eurofotbal.cz/kluby/nizozemsko/az-alkmaar/soupiska/2010-2011/	2	28	67	SEASON_APPS_FIFA11
AZ Alkmaar	Nick Viergever	SEASON_APPS_CONFIRMED	19	https://www.eurofotbal.cz/kluby/nizozemsko/az-alkmaar/soupiska/2010-2011/	1	20	67	SEASON_APPS_FIFA11
AZ Alkmaar	Celso Ortiz	SEASON_APPS_CONFIRMED	19	https://www.eurofotbal.cz/kluby/nizozemsko/az-alkmaar/soupiska/2010-2011/	2	21	66	SEASON_APPS_FIFA11
AZ Alkmaar	Sergio Romero	SEASON_APPS_ADDED	31	https://www.eurofotbal.cz/kluby/nizozemsko/az-alkmaar/soupiska/2010-2011/	0	23	73	SEASON_ARCHIVE_EST_RATING
AZ Alkmaar	Joey Didulica	SEASON_APPS_ADDED	10	https://www.eurofotbal.cz/kluby/nizozemsko/az-alkmaar/soupiska/2010-2011/	0	32	67	SEASON_ARCHIVE_EST_RATING
AZ Alkmaar	Charlison Benschop	SEASON_APPS_ADDED	18	https://www.eurofotbal.cz/kluby/nizozemsko/az-alkmaar/soupiska/2010-2011/	3	20	68	SEASON_ARCHIVE_EST_RATING
Ajax	Maarten Stekelenburg	SEASON_APPS_CONFIRMED	44	https://www.eurofotbal.cz/kluby/nizozemsko/afc-ajax/soupiska/2010-2011/	0	27	78	SEASON_APPS_EST_RATING
Ajax	Kenneth Vermeer	SEASON_APPS_CONFIRMED	7	https://www.eurofotbal.cz/kluby/nizozemsko/afc-ajax/soupiska/2010-2011/	0	24	69	SEASON_APPS_EST_RATING
Ajax	Luis Suárez	SEASON_APPS_CONFIRMED	24	https://www.eurofotbal.cz/kluby/nizozemsko/afc-ajax/soupiska/2010-2011/	3	23	86	SEASON_APPS_FIFA11
Ajax	Jan Vertonghen	SEASON_APPS_CONFIRMED	51	https://www.eurofotbal.cz/kluby/nizozemsko/afc-ajax/soupiska/2010-2011/	1	23	82	SEASON_APPS_FIFA11
Ajax	Gregory van der Wiel	SEASON_APPS_CONFIRMED	52	https://www.eurofotbal.cz/kluby/nizozemsko/afc-ajax/soupiska/2010-2011/	1	22	80	SEASON_APPS_FIFA11
Ajax	Siem de Jong	SEASON_APPS_CONFIRMED	52	https://www.eurofotbal.cz/kluby/nizozemsko/afc-ajax/soupiska/2010-2011/	2	21	80	SEASON_APPS_FIFA11
Ajax	Christian Eriksen	SEASON_APPS_CONFIRMED	47	https://www.eurofotbal.cz/kluby/nizozemsko/afc-ajax/soupiska/2010-2011/	2	18	79	SEASON_APPS_FIFA11
Ajax	Mounir El Hamdaoui	SEASON_APPS_CONFIRMED	38	https://www.eurofotbal.cz/kluby/nizozemsko/afc-ajax/soupiska/2010-2011/	3	26	79	SEASON_APPS_FIFA11
Ajax	Toby Alderweireld	SEASON_APPS_CONFIRMED	43	https://www.eurofotbal.cz/kluby/nizozemsko/afc-ajax/soupiska/2010-2011/	1	21	79	SEASON_APPS_FIFA11
Ajax	Demy de Zeeuw	SEASON_APPS_CONFIRMED	47	https://www.eurofotbal.cz/kluby/nizozemsko/afc-ajax/soupiska/2010-2011/	2	27	77	SEASON_APPS_FIFA11
Ajax	Urby Emanuelson	SEASON_APPS_CONFIRMED	32	https://www.eurofotbal.cz/kluby/nizozemsko/afc-ajax/soupiska/2010-2011/	2	24	76	SEASON_APPS_FIFA11
Ajax	Eyong Enoh	SEASON_APPS_CONFIRMED	45	https://www.eurofotbal.cz/kluby/nizozemsko/afc-ajax/soupiska/2010-2011/	2	24	77	SEASON_APPS_EST_RATING
Ajax	Miralem Sulejmani	SEASON_APPS_CONFIRMED	53	https://www.eurofotbal.cz/kluby/nizozemsko/afc-ajax/soupiska/2010-2011/	3	21	74	SEASON_APPS_FIFA11
Ajax	André Ooijer	SEASON_APPS_CONFIRMED	18	https://www.eurofotbal.cz/kluby/nizozemsko/afc-ajax/soupiska/2010-2011/	1	36	73	SEASON_APPS_FIFA11
Ajax	Nicolás Lodeiro	SEASON_APPS_CONFIRMED	0	https://www.eurofotbal.cz/kluby/nizozemsko/afc-ajax/soupiska/2010-2011/	2	21	72	SEASON_APPS_FIFA11
Ajax	Oleguer	SEASON_APPS_CONFIRMED	8	https://www.eurofotbal.cz/kluby/nizozemsko/afc-ajax/soupiska/2010-2011/	1	30	72	SEASON_APPS_FIFA11
Ajax	Teemu Tainio	SEASON_APPS_CONFIRMED	5	https://www.eurofotbal.cz/kluby/nizozemsko/afc-ajax/soupiska/2010-2011/	2	30	72	SEASON_APPS_FIFA11
Ajax	Rasmus Lindgren	SEASON_APPS_CONFIRMED	26	https://www.eurofotbal.cz/kluby/nizozemsko/afc-ajax/soupiska/2010-2011/	2	25	71	SEASON_APPS_FIFA11
Ajax	Vurnon Anita	SEASON_APPS_CONFIRMED	46	https://www.eurofotbal.cz/kluby/nizozemsko/afc-ajax/soupiska/2010-2011/	1	21	71	SEASON_APPS_FIFA11
Ajax	Daley Blind	SEASON_APPS_CONFIRMED	18	https://www.eurofotbal.cz/kluby/nizozemsko/afc-ajax/soupiska/2010-2011/	1	20	69	SEASON_APPS_FIFA11
Ajax	Lorenzo Ebecilio	SEASON_APPS_ADDED	24	https://www.eurofotbal.cz/kluby/nizozemsko/afc-ajax/soupiska/2010-2011/	3	18	71	SEASON_ARCHIVE_EST_RATING
Ajax	Aras Özbiliz	SEASON_APPS_ADDED	20	https://www.eurofotbal.cz/kluby/nizozemsko/afc-ajax/soupiska/2010-2011/	3	20	71	SEASON_ARCHIVE_EST_RATING
FC Twente	Bryan Ruiz	SEASON_APPS_CONFIRMED	39	https://www.eurofotbal.cz/kluby/nizozemsko/fc-twente/soupiska/2010-2011/	3	24	81	SEASON_APPS_FIFA11
FC Twente	Theo Janssen	SEASON_APPS_CONFIRMED	46	https://www.eurofotbal.cz/kluby/nizozemsko/fc-twente/soupiska/2010-2011/	2	29	81	SEASON_APPS_FIFA11
FC Twente	Marc Janko	SEASON_APPS_CONFIRMED	42	https://www.eurofotbal.cz/kluby/nizozemsko/fc-twente/soupiska/2010-2011/	3	27	74	SEASON_APPS_FIFA11
FC Twente	Peter Wisgerhof	SEASON_APPS_CONFIRMED	49	https://www.eurofotbal.cz/kluby/nizozemsko/fc-twente/soupiska/2010-2011/	1	30	74	SEASON_APPS_FIFA11
FC Twente	Roberto Rosales	SEASON_APPS_CONFIRMED	43	https://www.eurofotbal.cz/kluby/nizozemsko/fc-twente/soupiska/2010-2011/	1	21	74	SEASON_APPS_FIFA11
FC Twente	Wout Brama	SEASON_APPS_CONFIRMED	47	https://www.eurofotbal.cz/kluby/nizozemsko/fc-twente/soupiska/2010-2011/	2	23	74	SEASON_APPS_FIFA11
FC Twente	Emir Bajrami	SEASON_APPS_CONFIRMED	32	https://www.eurofotbal.cz/kluby/nizozemsko/fc-twente/soupiska/2010-2011/	2	22	73	SEASON_APPS_FIFA11
FC Twente	Denny Landzaat	SEASON_APPS_CONFIRMED	43	https://www.eurofotbal.cz/kluby/nizozemsko/fc-twente/soupiska/2010-2011/	2	34	71	SEASON_APPS_FIFA11
FC Twente	Luuk de Jong	SEASON_APPS_CONFIRMED	48	https://www.eurofotbal.cz/kluby/nizozemsko/fc-twente/soupiska/2010-2011/	3	19	71	SEASON_APPS_FIFA11
FC Twente	Bernard Parker	SEASON_APPS_CONFIRMED	5	https://www.eurofotbal.cz/kluby/nizozemsko/fc-twente/soupiska/2010-2011/	3	24	70	SEASON_APPS_FIFA11
FC Twente	Dwight Tiendalli	SEASON_APPS_CONFIRMED	27	https://www.eurofotbal.cz/kluby/nizozemsko/fc-twente/soupiska/2010-2011/	1	24	70	SEASON_APPS_FIFA11
FC Twente	Rasmus Bengtsson	SEASON_APPS_CONFIRMED	15	https://www.eurofotbal.cz/kluby/nizozemsko/fc-twente/soupiska/2010-2011/	1	24	69	SEASON_APPS_FIFA11
FC Twente	Bart Buysse	SEASON_APPS_CONFIRMED	22	https://www.eurofotbal.cz/kluby/nizozemsko/fc-twente/soupiska/2010-2011/	1	23	67	SEASON_APPS_FIFA11
FC Twente	Dario Vujicevic	SEASON_APPS_CONFIRMED	9	https://www.eurofotbal.cz/kluby/nizozemsko/fc-twente/soupiska/2010-2011/	2	20	67	SEASON_APPS_FIFA11
FC Twente	Nicky Kuiper	SEASON_APPS_CONFIRMED	5	https://www.eurofotbal.cz/kluby/nizozemsko/fc-twente/soupiska/2010-2011/	1	21	66	SEASON_APPS_FIFA11
FC Twente	Nikolaj Mihajlov	SEASON_APPS_ADDED	42	https://www.eurofotbal.cz/kluby/nizozemsko/fc-twente/soupiska/2010-2011/	0	22	74	SEASON_ARCHIVE_EST_RATING
FC Twente	Sander Boschker	SEASON_APPS_ADDED	11	https://www.eurofotbal.cz/kluby/nizozemsko/fc-twente/soupiska/2010-2011/	0	39	68	SEASON_ARCHIVE_EST_RATING
FC Twente	Nacer Chadli	SEASON_APPS_ADDED	49	https://www.eurofotbal.cz/kluby/nizozemsko/fc-twente/soupiska/2010-2011/	2	20	74	SEASON_ARCHIVE_EST_RATING
FC Twente	Douglas	SEASON_APPS_ADDED	44	https://www.eurofotbal.cz/kluby/nizozemsko/fc-twente/soupiska/2010-2011/	1	22	74	SEASON_ARCHIVE_EST_RATING
FC Utrecht	Dries Mertens	SEASON_APPS_CONFIRMED	45	https://www.eurofotbal.cz/kluby/nizozemsko/fc-utrecht/soupiska/2010-2011/	3	23	81	SEASON_APPS_FIFA11
FC Utrecht	Ricky van Wolfswinkel	SEASON_APPS_CONFIRMED	42	https://www.eurofotbal.cz/kluby/nizozemsko/fc-utrecht/soupiska/2010-2011/	3	21	73	SEASON_APPS_FIFA11
FC Utrecht	Michael Silberbauer	SEASON_APPS_CONFIRMED	42	https://www.eurofotbal.cz/kluby/nizozemsko/fc-utrecht/soupiska/2010-2011/	2	29	72	SEASON_APPS_FIFA11
FC Utrecht	Nana Asare	SEASON_APPS_CONFIRMED	25	https://www.eurofotbal.cz/kluby/nizozemsko/fc-utrecht/soupiska/2010-2011/	2	24	69	SEASON_APPS_EST_RATING
FC Utrecht	Jacob Mulenga	SEASON_APPS_CONFIRMED	15	https://www.eurofotbal.cz/kluby/nizozemsko/fc-utrecht/soupiska/2010-2011/	3	26	71	SEASON_APPS_FIFA11
FC Utrecht	Jan Wuytens	SEASON_APPS_CONFIRMED	47	https://www.eurofotbal.cz/kluby/nizozemsko/fc-utrecht/soupiska/2010-2011/	1	25	71	SEASON_APPS_FIFA11
FC Utrecht	Alje Schut	SEASON_APPS_CONFIRMED	40	https://www.eurofotbal.cz/kluby/nizozemsko/fc-utrecht/soupiska/2010-2011/	1	29	70	SEASON_APPS_FIFA11
FC Utrecht	Jacob Lensky	SEASON_APPS_CONFIRMED	38	https://www.eurofotbal.cz/kluby/nizozemsko/fc-utrecht/soupiska/2010-2011/	2	21	70	SEASON_APPS_FIFA11
FC Utrecht	Mihai Neşu	SEASON_APPS_CONFIRMED	43	https://www.eurofotbal.cz/kluby/nizozemsko/fc-utrecht/soupiska/2010-2011/	1	27	70	SEASON_APPS_FIFA11
FC Utrecht	Tim Cornelisse	SEASON_APPS_CONFIRMED	47	https://www.eurofotbal.cz/kluby/nizozemsko/fc-utrecht/soupiska/2010-2011/	1	32	70	SEASON_APPS_FIFA11
FC Utrecht	Sander Keller	SEASON_APPS_CONFIRMED	5	https://www.eurofotbal.cz/kluby/nizozemsko/fc-utrecht/soupiska/2010-2011/	1	30	69	SEASON_APPS_FIFA11
FC Utrecht	Barry Maguire	SEASON_APPS_CONFIRMED	25	https://www.eurofotbal.cz/kluby/nizozemsko/fc-utrecht/soupiska/2010-2011/	2	20	67	SEASON_APPS_FIFA11
FC Utrecht	Frank Demouge	SEASON_APPS_CONFIRMED	26	https://www.eurofotbal.cz/kluby/nizozemsko/fc-utrecht/soupiska/2010-2011/	3	28	67	SEASON_APPS_FIFA11
FC Utrecht	Gianluca Nijholt	SEASON_APPS_CONFIRMED	30	https://www.eurofotbal.cz/kluby/nizozemsko/fc-utrecht/soupiska/2010-2011/	2	20	67	SEASON_APPS_FIFA11
FC Utrecht	Tommy Oar	SEASON_APPS_CONFIRMED	10	https://www.eurofotbal.cz/kluby/nizozemsko/fc-utrecht/soupiska/2010-2011/	3	18	66	SEASON_APPS_FIFA11
FC Utrecht	Mark van der Maarel	SEASON_APPS_CONFIRMED	8	https://www.eurofotbal.cz/kluby/nizozemsko/fc-utrecht/soupiska/2010-2011/	1	20	65	SEASON_APPS_FIFA11
FC Utrecht	Erixon Danso	SEASON_APPS_CONFIRMED	8	https://www.eurofotbal.cz/kluby/nizozemsko/fc-utrecht/soupiska/2010-2011/	3	21	63	SEASON_APPS_FIFA11
FC Utrecht	Michael Zullo	SEASON_APPS_CONFIRMED	6	https://www.eurofotbal.cz/kluby/nizozemsko/fc-utrecht/soupiska/2010-2011/	2	21	63	SEASON_APPS_FIFA11
FC Utrecht	Ismo Vorstermans	SEASON_APPS_CONFIRMED	11	https://www.eurofotbal.cz/kluby/nizozemsko/fc-utrecht/soupiska/2010-2011/	1	21	60	SEASON_APPS_FIFA11
FC Utrecht	Adam Sarota	SEASON_APPS_CONFIRMED	8	https://www.eurofotbal.cz/kluby/nizozemsko/fc-utrecht/soupiska/2010-2011/	2	21	58	SEASON_APPS_FIFA11
FC Utrecht	Michel Vorm	SEASON_APPS_ADDED	47	https://www.eurofotbal.cz/kluby/nizozemsko/fc-utrecht/soupiska/2010-2011/	0	26	74	SEASON_ARCHIVE_EST_RATING
FC Utrecht	Khalid Sinouh	SEASON_APPS_ADDED	2	https://www.eurofotbal.cz/kluby/nizozemsko/fc-utrecht/soupiska/2010-2011/	0	35	63	SEASON_ARCHIVE_EST_RATING
FC Utrecht	Édouard Duplan	SEASON_APPS_ADDED	43	https://www.eurofotbal.cz/kluby/nizozemsko/fc-utrecht/soupiska/2010-2011/	2	27	73	SEASON_ARCHIVE_EST_RATING
Feyenoord	Georginio Wijnaldum	SEASON_APPS_CONFIRMED	37	https://www.eurofotbal.cz/kluby/nizozemsko/feyenoord-rotterdam/soupiska/2010-2011/	2	19	82	SEASON_APPS_FIFA11
Feyenoord	Ron Vlaar	SEASON_APPS_CONFIRMED	28	https://www.eurofotbal.cz/kluby/nizozemsko/feyenoord-rotterdam/soupiska/2010-2011/	1	25	80	SEASON_APPS_FIFA11
Feyenoord	André Bahia	SEASON_APPS_CONFIRMED	21	https://www.eurofotbal.cz/kluby/nizozemsko/feyenoord-rotterdam/soupiska/2010-2011/	1	26	73	SEASON_APPS_FIFA11
Feyenoord	Jon Dahl Tomasson	SEASON_APPS_CONFIRMED	0	https://www.eurofotbal.cz/kluby/nizozemsko/feyenoord-rotterdam/soupiska/2010-2011/	3	33	73	SEASON_APPS_FIFA11
Feyenoord	Leroy Fer	SEASON_APPS_CONFIRMED	26	https://www.eurofotbal.cz/kluby/nizozemsko/feyenoord-rotterdam/soupiska/2010-2011/	2	20	73	SEASON_APPS_FIFA11
Feyenoord	Karim El Ahmadi	SEASON_APPS_CONFIRMED	16	https://www.eurofotbal.cz/kluby/nizozemsko/feyenoord-rotterdam/soupiska/2010-2011/	2	25	72	SEASON_APPS_FIFA11
Feyenoord	Fedor Smolov	SEASON_APPS_CONFIRMED	14	https://www.eurofotbal.cz/kluby/nizozemsko/feyenoord-rotterdam/soupiska/2010-2011/	3	20	70	SEASON_APPS_FIFA11
Feyenoord	Luigi Bruins	SEASON_APPS_CONFIRMED	23	https://www.eurofotbal.cz/kluby/nizozemsko/feyenoord-rotterdam/soupiska/2010-2011/	2	23	70	SEASON_APPS_FIFA11
Feyenoord	Sekou Cissé	SEASON_APPS_CONFIRMED	3	https://www.eurofotbal.cz/kluby/nizozemsko/feyenoord-rotterdam/soupiska/2010-2011/	3	25	70	SEASON_APPS_FIFA11
Feyenoord	Diego Biseswar	SEASON_APPS_CONFIRMED	23	https://www.eurofotbal.cz/kluby/nizozemsko/feyenoord-rotterdam/soupiska/2010-2011/	3	22	69	SEASON_APPS_FIFA11
Feyenoord	Ruben Schaken	SEASON_APPS_CONFIRMED	14	https://www.eurofotbal.cz/kluby/nizozemsko/feyenoord-rotterdam/soupiska/2010-2011/	3	28	69	SEASON_APPS_FIFA11
Feyenoord	Stefan de Vrij	SEASON_APPS_CONFIRMED	33	https://www.eurofotbal.cz/kluby/nizozemsko/feyenoord-rotterdam/soupiska/2010-2011/	1	18	69	SEASON_APPS_FIFA11
Feyenoord	Michael Lumb	SEASON_APPS_CONFIRMED	2	https://www.eurofotbal.cz/kluby/nizozemsko/feyenoord-rotterdam/soupiska/2010-2011/	1	22	68	SEASON_APPS_FIFA11
Feyenoord	Tim de Cler	SEASON_APPS_CONFIRMED	32	https://www.eurofotbal.cz/kluby/nizozemsko/feyenoord-rotterdam/soupiska/2010-2011/	1	31	68	SEASON_APPS_FIFA11
Feyenoord	Dani Fernández	SEASON_APPS_CONFIRMED	0	https://www.eurofotbal.cz/kluby/nizozemsko/feyenoord-rotterdam/soupiska/2010-2011/	1	27	67	SEASON_APPS_FIFA11
Feyenoord	Kelvin Leerdam	SEASON_APPS_CONFIRMED	24	https://www.eurofotbal.cz/kluby/nizozemsko/feyenoord-rotterdam/soupiska/2010-2011/	2	20	66	SEASON_APPS_FIFA11
Feyenoord	Adil Auassar	SEASON_APPS_CONFIRMED	3	https://www.eurofotbal.cz/kluby/nizozemsko/feyenoord-rotterdam/soupiska/2010-2011/	2	23	65	SEASON_APPS_FIFA11
Feyenoord	Manteiga	SEASON_APPS_CONFIRMED	0	https://www.eurofotbal.cz/kluby/nizozemsko/feyenoord-rotterdam/soupiska/2010-2011/	2	20	65	SEASON_APPS_FIFA11
Feyenoord	Erwin Mulder	SEASON_APPS_ADDED	19	https://www.eurofotbal.cz/kluby/nizozemsko/feyenoord-rotterdam/soupiska/2010-2011/	0	21	69	SEASON_ARCHIVE_EST_RATING
Feyenoord	Rob van Dijk	SEASON_APPS_ADDED	19	https://www.eurofotbal.cz/kluby/nizozemsko/feyenoord-rotterdam/soupiska/2010-2011/	0	41	70	SEASON_ARCHIVE_EST_RATING
Feyenoord	Luc Castaignos	SEASON_APPS_ADDED	37	https://www.eurofotbal.cz/kluby/nizozemsko/feyenoord-rotterdam/soupiska/2010-2011/	3	17	72	SEASON_ARCHIVE_EST_RATING
Feyenoord	Jerson Cabral	SEASON_APPS_ADDED	25	https://www.eurofotbal.cz/kluby/nizozemsko/feyenoord-rotterdam/soupiska/2010-2011/	3	19	69	SEASON_ARCHIVE_EST_RATING
NEC Nijmegen	Lasse Schöne	SEASON_APPS_CONFIRMED	35	https://www.eurofotbal.cz/kluby/nizozemsko/nec-nijmegen/soupiska/2010-2011/	2	24	72	SEASON_APPS_FIFA11
NEC Nijmegen	Thomas Chatelle	SEASON_APPS_CONFIRMED	28	https://www.eurofotbal.cz/kluby/nizozemsko/nec-nijmegen/soupiska/2010-2011/	2	29	71	SEASON_APPS_FIFA11
NEC Nijmegen	Leroy George	SEASON_APPS_CONFIRMED	22	https://www.eurofotbal.cz/kluby/nizozemsko/nec-nijmegen/soupiska/2010-2011/	3	23	70	SEASON_APPS_FIFA11
NEC Nijmegen	Ramon Zomer	SEASON_APPS_CONFIRMED	35	https://www.eurofotbal.cz/kluby/nizozemsko/nec-nijmegen/soupiska/2010-2011/	1	27	69	SEASON_APPS_FIFA11
NEC Nijmegen	Bas Sibum	SEASON_APPS_CONFIRMED	31	https://www.eurofotbal.cz/kluby/nizozemsko/nec-nijmegen/soupiska/2010-2011/	2	27	68	SEASON_APPS_FIFA11
NEC Nijmegen	John Goossens	SEASON_APPS_CONFIRMED	32	https://www.eurofotbal.cz/kluby/nizozemsko/nec-nijmegen/soupiska/2010-2011/	3	22	68	SEASON_APPS_FIFA11
NEC Nijmegen	Lorenzo Davids	SEASON_APPS_CONFIRMED	30	https://www.eurofotbal.cz/kluby/nizozemsko/nec-nijmegen/soupiska/2010-2011/	2	23	67	SEASON_APPS_FIFA11
NEC Nijmegen	Rens van Eijden	SEASON_APPS_CONFIRMED	15	https://www.eurofotbal.cz/kluby/nizozemsko/nec-nijmegen/soupiska/2010-2011/	1	22	66	SEASON_APPS_FIFA11
NEC Nijmegen	Erton Fejzullahu	SEASON_APPS_CONFIRMED	18	https://www.eurofotbal.cz/kluby/nizozemsko/nec-nijmegen/soupiska/2010-2011/	3	22	65	SEASON_APPS_FIFA11
NEC Nijmegen	Niels Wellenberg	SEASON_APPS_CONFIRMED	5	https://www.eurofotbal.cz/kluby/nizozemsko/nec-nijmegen/soupiska/2010-2011/	1	27	65	SEASON_APPS_FIFA11
NEC Nijmegen	Mark Otten	SEASON_APPS_CONFIRMED	21	https://www.eurofotbal.cz/kluby/nizozemsko/nec-nijmegen/soupiska/2010-2011/	1	24	64	SEASON_APPS_FIFA11
NEC Nijmegen	Rick ten Voorde	SEASON_APPS_CONFIRMED	17	https://www.eurofotbal.cz/kluby/nizozemsko/nec-nijmegen/soupiska/2010-2011/	3	19	63	SEASON_APPS_FIFA11
NEC Nijmegen	Adnan Secerovic	UNVERIFIED_SOURCE_GAP			2	33	56	UNVERIFIED_FIFA11_RATING_EST_AGE_ECONOMY
NEC Nijmegen	Jasper Cillessen	SEASON_APPS_CONFIRMED	32	https://www.eurofotbal.cz/kluby/nizozemsko/nec-nijmegen/soupiska/2010-2011/	0	21	70	SEASON_APPS_EST_RATING
NEC Nijmegen	Björn Vleminckx	SEASON_APPS_CONFIRMED	33	https://www.eurofotbal.cz/kluby/nizozemsko/nec-nijmegen/soupiska/2010-2011/	3	24	71	SEASON_APPS_EST_RATING
NEC Nijmegen	Bram Nuytinck	SEASON_APPS_ADDED	33	https://www.eurofotbal.cz/kluby/nizozemsko/nec-nijmegen/soupiska/2010-2011/	1	20	70	SEASON_ARCHIVE_EST_RATING
NEC Nijmegen	Nathaniel Will	SEASON_APPS_ADDED	29	https://www.eurofotbal.cz/kluby/nizozemsko/nec-nijmegen/soupiska/2010-2011/	1	21	69	SEASON_ARCHIVE_EST_RATING
NEC Nijmegen	Niki Zimling	SEASON_APPS_ADDED	27	https://www.eurofotbal.cz/kluby/nizozemsko/nec-nijmegen/soupiska/2010-2011/	2	25	70	SEASON_ARCHIVE_EST_RATING
NEC Nijmegen	Rémy Amieux	SEASON_APPS_ADDED	21	https://www.eurofotbal.cz/kluby/nizozemsko/nec-nijmegen/soupiska/2010-2011/	1	23	68	SEASON_ARCHIVE_EST_RATING
PSV Eindhoven	Balázs Dzsudzsák	SEASON_APPS_CONFIRMED	49	https://www.eurofotbal.cz/kluby/nizozemsko/psv-eindhoven/soupiska/2010-2011/	2	23	86	SEASON_APPS_FIFA11
PSV Eindhoven	Jeremain Lens	SEASON_APPS_CONFIRMED	48	https://www.eurofotbal.cz/kluby/nizozemsko/psv-eindhoven/soupiska/2010-2011/	3	22	82	SEASON_APPS_FIFA11
PSV Eindhoven	Ibrahim Afellay	SEASON_APPS_CONFIRMED	26	https://www.eurofotbal.cz/kluby/nizozemsko/psv-eindhoven/soupiska/2010-2011/	2	24	78	SEASON_APPS_FIFA11
PSV Eindhoven	Ola Toivonen	SEASON_APPS_CONFIRMED	42	https://www.eurofotbal.cz/kluby/nizozemsko/psv-eindhoven/soupiska/2010-2011/	3	24	77	SEASON_APPS_FIFA11
PSV Eindhoven	Francisco Rodríguez	SEASON_APPS_CONFIRMED	30	https://www.eurofotbal.cz/kluby/nizozemsko/psv-eindhoven/soupiska/2010-2011/	1	28	76	SEASON_APPS_FIFA11
PSV Eindhoven	Orlando Engelaar	SEASON_APPS_CONFIRMED	45	https://www.eurofotbal.cz/kluby/nizozemsko/psv-eindhoven/soupiska/2010-2011/	2	30	75	SEASON_APPS_FIFA11
PSV Eindhoven	Danny Koevermans	SEASON_APPS_CONFIRMED	19	https://www.eurofotbal.cz/kluby/nizozemsko/psv-eindhoven/soupiska/2010-2011/	3	31	74	SEASON_APPS_FIFA11
PSV Eindhoven	Otman Bakkal	SEASON_APPS_CONFIRMED	38	https://www.eurofotbal.cz/kluby/nizozemsko/psv-eindhoven/soupiska/2010-2011/	2	25	74	SEASON_APPS_FIFA11
PSV Eindhoven	Atiba Hutchinson	SEASON_APPS_CONFIRMED	49	https://www.eurofotbal.cz/kluby/nizozemsko/psv-eindhoven/soupiska/2010-2011/	2	27	73	SEASON_APPS_FIFA11
PSV Eindhoven	Stanislav Manolev	SEASON_APPS_CONFIRMED	31	https://www.eurofotbal.cz/kluby/nizozemsko/psv-eindhoven/soupiska/2010-2011/	1	24	73	SEASON_APPS_FIFA11
PSV Eindhoven	Wilfred Bouma	SEASON_APPS_CONFIRMED	38	https://www.eurofotbal.cz/kluby/nizozemsko/psv-eindhoven/soupiska/2010-2011/	1	32	73	SEASON_APPS_FIFA11
PSV Eindhoven	Nordin Amrabat	SEASON_APPS_CONFIRMED	12	https://www.eurofotbal.cz/kluby/nizozemsko/psv-eindhoven/soupiska/2010-2011/	3	23	72	SEASON_APPS_FIFA11
PSV Eindhoven	Erik Pieters	SEASON_APPS_CONFIRMED	47	https://www.eurofotbal.cz/kluby/nizozemsko/psv-eindhoven/soupiska/2010-2011/	1	21	71	SEASON_APPS_FIFA11
PSV Eindhoven	Jagoš Vuković	SEASON_APPS_CONFIRMED	9	https://www.eurofotbal.cz/kluby/nizozemsko/psv-eindhoven/soupiska/2010-2011/	1	22	69	SEASON_APPS_FIFA11
PSV Eindhoven	Stefan Nijland	SEASON_APPS_CONFIRMED	6	https://www.eurofotbal.cz/kluby/nizozemsko/psv-eindhoven/soupiska/2010-2011/	3	21	69	SEASON_APPS_FIFA11
PSV Eindhoven	Jan Kromkamp	SEASON_APPS_CONFIRMED	0	https://www.eurofotbal.cz/kluby/nizozemsko/psv-eindhoven/soupiska/2010-2011/	1	29	68	SEASON_APPS_FIFA11
PSV Eindhoven	Funso Ojo	SEASON_APPS_CONFIRMED	3	https://www.eurofotbal.cz/kluby/nizozemsko/psv-eindhoven/soupiska/2010-2011/	2	18	65	SEASON_APPS_FIFA11
PSV Eindhoven	Stijn Wuytens	SEASON_APPS_CONFIRMED	16	https://www.eurofotbal.cz/kluby/nizozemsko/psv-eindhoven/soupiska/2010-2011/	2	20	65	SEASON_APPS_FIFA11
PSV Eindhoven	Andreas Isaksson	SEASON_APPS_CONFIRMED	50	https://www.eurofotbal.cz/kluby/nizozemsko/psv-eindhoven/soupiska/2010-2011/	0	28	78	SEASON_APPS_EST_RATING
PSV Eindhoven	Marcus Berg	SEASON_APPS_ADDED	40	https://www.eurofotbal.cz/kluby/nizozemsko/psv-eindhoven/soupiska/2010-2011/	3	23	77	SEASON_ARCHIVE_EST_RATING
SC Heerenveen	Roy Beerens	SEASON_APPS_CONFIRMED	29	https://www.eurofotbal.cz/kluby/nizozemsko/sc-heerenveen/soupiska/2010-2011/	3	22	75	SEASON_APPS_FIFA11
SC Heerenveen	Michel Breuer	SEASON_APPS_CONFIRMED	34	https://www.eurofotbal.cz/kluby/nizozemsko/sc-heerenveen/soupiska/2010-2011/	1	30	74	SEASON_APPS_FIFA11
SC Heerenveen	Oussama Assaidi	SEASON_APPS_CONFIRMED	33	https://www.eurofotbal.cz/kluby/nizozemsko/sc-heerenveen/soupiska/2010-2011/	3	21	74	SEASON_APPS_FIFA11
SC Heerenveen	Viktor Elm	SEASON_APPS_CONFIRMED	31	https://www.eurofotbal.cz/kluby/nizozemsko/sc-heerenveen/soupiska/2010-2011/	2	24	74	SEASON_APPS_FIFA11
SC Heerenveen	Filip Đuričić	SEASON_APPS_CONFIRMED	25	https://www.eurofotbal.cz/kluby/nizozemsko/sc-heerenveen/soupiska/2010-2011/	2	18	73	SEASON_APPS_FIFA11
SC Heerenveen	Christian Grindheim	SEASON_APPS_CONFIRMED	32	https://www.eurofotbal.cz/kluby/nizozemsko/sc-heerenveen/soupiska/2010-2011/	2	27	72	SEASON_APPS_FIFA11
SC Heerenveen	Arnold Kruiswijk	SEASON_APPS_CONFIRMED	23	https://www.eurofotbal.cz/kluby/nizozemsko/sc-heerenveen/soupiska/2010-2011/	1	25	71	SEASON_APPS_FIFA11
SC Heerenveen	Bas Dost	SEASON_APPS_CONFIRMED	34	https://www.eurofotbal.cz/kluby/nizozemsko/sc-heerenveen/soupiska/2010-2011/	3	21	71	SEASON_APPS_FIFA11
SC Heerenveen	Michal Papadopulos	SEASON_APPS_CONFIRMED	4	https://www.eurofotbal.cz/kluby/nizozemsko/sc-heerenveen/soupiska/2010-2011/	3	25	70	SEASON_APPS_FIFA11
SC Heerenveen	Mika Väyrynen	SEASON_APPS_CONFIRMED	31	https://www.eurofotbal.cz/kluby/nizozemsko/sc-heerenveen/soupiska/2010-2011/	2	28	70	SEASON_APPS_FIFA11
SC Heerenveen	Geert Arend Roorda	SEASON_APPS_CONFIRMED	5	https://www.eurofotbal.cz/kluby/nizozemsko/sc-heerenveen/soupiska/2010-2011/	2	22	69	SEASON_APPS_FIFA11
SC Heerenveen	Philip Haglund	SEASON_APPS_CONFIRMED	14	https://www.eurofotbal.cz/kluby/nizozemsko/sc-heerenveen/soupiska/2010-2011/	2	23	69	SEASON_APPS_FIFA11
SC Heerenveen	Youssef El-Akchaoui	SEASON_APPS_CONFIRMED	6	https://www.eurofotbal.cz/kluby/nizozemsko/sc-heerenveen/soupiska/2010-2011/	1	29	69	SEASON_APPS_FIFA11
SC Heerenveen	Daryl Janmaat	SEASON_APPS_CONFIRMED	25	https://www.eurofotbal.cz/kluby/nizozemsko/sc-heerenveen/soupiska/2010-2011/	1	21	68	SEASON_APPS_FIFA11
SC Heerenveen	Michal Švec	SEASON_APPS_CONFIRMED	22	https://www.eurofotbal.cz/kluby/nizozemsko/sc-heerenveen/soupiska/2010-2011/	2	23	68	SEASON_APPS_FIFA11
SC Heerenveen	Tarik Elyounoussi	SEASON_APPS_CONFIRMED	2	https://www.eurofotbal.cz/kluby/nizozemsko/sc-heerenveen/soupiska/2010-2011/	3	22	68	SEASON_APPS_FIFA11
SC Heerenveen	Calvin Jong-A-Pin	SEASON_APPS_CONFIRMED	31	https://www.eurofotbal.cz/kluby/nizozemsko/sc-heerenveen/soupiska/2010-2011/	2	24	67	SEASON_APPS_FIFA11
SC Heerenveen	Milan Kopic	SEASON_APPS_CONFIRMED	7	https://www.eurofotbal.cz/kluby/nizozemsko/sc-heerenveen/soupiska/2010-2011/	1	24	67	SEASON_APPS_FIFA11
SC Heerenveen	Igor Đurić	SEASON_APPS_CONFIRMED	5	https://www.eurofotbal.cz/kluby/nizozemsko/sc-heerenveen/soupiska/2010-2011/	1	25	66	SEASON_APPS_FIFA11
SC Heerenveen	Samir Fazli	SEASON_APPS_CONFIRMED	10	https://www.eurofotbal.cz/kluby/nizozemsko/sc-heerenveen/soupiska/2010-2011/	3	19	66	SEASON_APPS_FIFA11
SC Heerenveen	Kevin Stuhr Ellegaard	SEASON_APPS_ADDED	30	https://www.eurofotbal.cz/kluby/nizozemsko/sc-heerenveen/soupiska/2010-2011/	0	27	72	SEASON_ARCHIVE_EST_RATING
SC Heerenveen	Kenny Steppe	SEASON_APPS_ADDED	5	https://www.eurofotbal.cz/kluby/nizozemsko/sc-heerenveen/soupiska/2010-2011/	0	21	63	SEASON_ARCHIVE_EST_RATING
Molde FK	Pape Paté Diouf	SEASON_APPS_CONFIRMED	13	https://www.eurofotbal.cz/kluby/norsko/molde-fk/soupiska/2010/	3	23	79	SEASON_APPS_FIFA11
Molde FK	Magne Hoseth	SEASON_APPS_CONFIRMED	25	https://www.eurofotbal.cz/kluby/norsko/molde-fk/soupiska/2010/	2	29	72	SEASON_APPS_FIFA11
Molde FK	Baye Djiby Fall	UNVERIFIED_SOURCE_GAP			3	30	71	UNVERIFIED_FIFA11_RATING_EST_AGE_ECONOMY
Molde FK	Emil Johansson	SEASON_APPS_CONFIRMED	24	https://www.eurofotbal.cz/kluby/norsko/molde-fk/soupiska/2010/	1	23	68	SEASON_APPS_FIFA11
Molde FK	Makhtar Thioune	SEASON_APPS_CONFIRMED	18	https://www.eurofotbal.cz/kluby/norsko/molde-fk/soupiska/2010/	2	23	68	SEASON_APPS_FIFA11
Molde FK	Björn Runström	SEASON_APPS_CONFIRMED	17	https://www.eurofotbal.cz/kluby/norsko/molde-fk/soupiska/2010/	3	26	67	SEASON_APPS_FIFA11
Molde FK	Daniel Berg Hestad	SEASON_APPS_CONFIRMED	26	https://www.eurofotbal.cz/kluby/norsko/molde-fk/soupiska/2010/	2	34	67	SEASON_APPS_FIFA11
Molde FK	Mattias Moström	SEASON_APPS_CONFIRMED	28	https://www.eurofotbal.cz/kluby/norsko/molde-fk/soupiska/2010/	2	27	65	SEASON_APPS_FIFA11
Molde FK	Thomas Holm	SEASON_APPS_CONFIRMED	27	https://www.eurofotbal.cz/kluby/norsko/molde-fk/soupiska/2010/	2	29	65	SEASON_APPS_FIFA11
Molde FK	Magne Simonsen	SEASON_APPS_CONFIRMED	24	https://www.eurofotbal.cz/kluby/norsko/molde-fk/soupiska/2010/	2	21	64	SEASON_APPS_FIFA11
Molde FK	Vegard Forren	SEASON_APPS_CONFIRMED	28	https://www.eurofotbal.cz/kluby/norsko/molde-fk/soupiska/2010/	1	22	64	SEASON_APPS_FIFA11
Molde FK	Aksel Berget Skjølsvik	SEASON_APPS_CONFIRMED	26	https://www.eurofotbal.cz/kluby/norsko/molde-fk/soupiska/2010/	2	22	59	SEASON_APPS_FIFA11
Molde FK	Christian Steen	SEASON_APPS_CONFIRMED	14	https://www.eurofotbal.cz/kluby/norsko/molde-fk/soupiska/2010/	1	32	59	SEASON_APPS_FIFA11
Molde FK	Kristoffer Vatshaug	SEASON_APPS_CONFIRMED	24	https://www.eurofotbal.cz/kluby/norsko/molde-fk/soupiska/2010/	1	28	59	SEASON_APPS_FIFA11
Molde FK	Marcus Andreasson	SEASON_APPS_CONFIRMED	24	https://www.eurofotbal.cz/kluby/norsko/molde-fk/soupiska/2010/	1	31	58	SEASON_APPS_FIFA11
Molde FK	Øyvind Gjerde	SEASON_APPS_CONFIRMED	6	https://www.eurofotbal.cz/kluby/norsko/molde-fk/soupiska/2010/	1	32	58	SEASON_APPS_FIFA11
Molde FK	Kristian Strandhagen	SEASON_APPS_CONFIRMED	2	https://www.eurofotbal.cz/kluby/norsko/molde-fk/soupiska/2010/	2	20	54	SEASON_APPS_FIFA11
Molde FK	Espen Pettersen	SEASON_APPS_ADDED	12	https://www.eurofotbal.cz/kluby/norsko/molde-fk/soupiska/2010/	0	29	63	SEASON_ARCHIVE_EST_RATING
Molde FK	Ben Amos	SEASON_APPS_ADDED	8	https://www.eurofotbal.cz/kluby/norsko/molde-fk/soupiska/2010/	0	19	59	SEASON_ARCHIVE_EST_RATING
Molde FK	Djiby Fall	SEASON_APPS_ADDED	28	https://www.eurofotbal.cz/kluby/norsko/molde-fk/soupiska/2010/	3	24	66	SEASON_ARCHIVE_EST_RATING
Rosenborg BK	Per Ciljan Skjelbred	SEASON_APPS_CONFIRMED	31	https://www.eurofotbal.cz/kluby/norsko/rosenborg-bk/soupiska/2010/	2	22	80	SEASON_APPS_FIFA11
Rosenborg BK	Anthony Annan	SEASON_APPS_CONFIRMED	28	https://www.eurofotbal.cz/kluby/norsko/rosenborg-bk/soupiska/2010/	2	23	78	SEASON_APPS_FIFA11
Rosenborg BK	Mikael Lustig	SEASON_APPS_CONFIRMED	32	https://www.eurofotbal.cz/kluby/norsko/rosenborg-bk/soupiska/2010/	1	23	74	SEASON_APPS_FIFA11
Rosenborg BK	Rade Prica	SEASON_APPS_CONFIRMED	25	https://www.eurofotbal.cz/kluby/norsko/rosenborg-bk/soupiska/2010/	3	29	74	SEASON_APPS_FIFA11
Rosenborg BK	Steffen Iversen	SEASON_APPS_CONFIRMED	33	https://www.eurofotbal.cz/kluby/norsko/rosenborg-bk/soupiska/2010/	3	33	74	SEASON_APPS_FIFA11
Rosenborg BK	Vadim Demidov	SEASON_APPS_CONFIRMED	28	https://www.eurofotbal.cz/kluby/norsko/rosenborg-bk/soupiska/2010/	1	23	74	SEASON_APPS_FIFA11
Rosenborg BK	Markus Henriksen	SEASON_APPS_CONFIRMED	31	https://www.eurofotbal.cz/kluby/norsko/rosenborg-bk/soupiska/2010/	2	17	73	SEASON_APPS_FIFA11
Rosenborg BK	Mikael Dorsin	SEASON_APPS_CONFIRMED	33	https://www.eurofotbal.cz/kluby/norsko/rosenborg-bk/soupiska/2010/	1	28	73	SEASON_APPS_FIFA11
Rosenborg BK	Mattias Bjärsmyr	SEASON_APPS_CONFIRMED	7	https://www.eurofotbal.cz/kluby/norsko/rosenborg-bk/soupiska/2010/	1	24	71	SEASON_APPS_FIFA11
Rosenborg BK	Bakary Sare	UNVERIFIED_SOURCE_GAP			2	26	69	UNVERIFIED_FIFA11_RATING_EST_AGE_ECONOMY
Rosenborg BK	Trond Olsen	SEASON_APPS_CONFIRMED	26	https://www.eurofotbal.cz/kluby/norsko/rosenborg-bk/soupiska/2010/	2	26	69	SEASON_APPS_FIFA11
Rosenborg BK	Fredrik Winsnes	SEASON_APPS_CONFIRMED	29	https://www.eurofotbal.cz/kluby/norsko/rosenborg-bk/soupiska/2010/	2	34	68	SEASON_APPS_FIFA11
Rosenborg BK	Morten Moldskred	SEASON_APPS_CONFIRMED	23	https://www.eurofotbal.cz/kluby/norsko/rosenborg-bk/soupiska/2010/	3	29	68	SEASON_APPS_FIFA11
Rosenborg BK	Simen Wangberg	SEASON_APPS_CONFIRMED	3	https://www.eurofotbal.cz/kluby/norsko/rosenborg-bk/soupiska/2010/	1	18	60	SEASON_APPS_EST_RATING
Rosenborg BK	Alejandro Lago	SEASON_APPS_CONFIRMED	9	https://www.eurofotbal.cz/kluby/norsko/rosenborg-bk/soupiska/2010/	1	30	66	SEASON_APPS_FIFA11
Rosenborg BK	Mushaga Bakenga	SEASON_APPS_CONFIRMED	6	https://www.eurofotbal.cz/kluby/norsko/rosenborg-bk/soupiska/2010/	3	17	65	SEASON_APPS_FIFA11
Rosenborg BK	Roar Strand	SEASON_APPS_CONFIRMED	16	https://www.eurofotbal.cz/kluby/norsko/rosenborg-bk/soupiska/2010/	2	40	65	SEASON_APPS_FIFA11
Rosenborg BK	Gjermund Åsen	SEASON_APPS_CONFIRMED	5	https://www.eurofotbal.cz/kluby/norsko/rosenborg-bk/soupiska/2010/	2	18	62	SEASON_APPS_FIFA11
Rosenborg BK	Michael Jamtfall	SEASON_APPS_CONFIRMED	5	https://www.eurofotbal.cz/kluby/norsko/rosenborg-bk/soupiska/2010/	3	22	61	SEASON_APPS_EST_RATING
Rosenborg BK	Erik Brathen	SEASON_APPS_ADDED	0	https://www.eurofotbal.cz/kluby/norsko/rosenborg-bk/soupiska/2010/	0	22	60	SEASON_ARCHIVE_EST_RATING
Rosenborg BK	Kris Stadsgaard	SEASON_APPS_ADDED	23	https://www.eurofotbal.cz/kluby/norsko/rosenborg-bk/soupiska/2010/	1	24	72	SEASON_ARCHIVE_EST_RATING
Tromsø IL	Kara Mbodji	SEASON_APPS_CONFIRMED	23	https://www.eurofotbal.cz/kluby/norsko/tromso-il/soupiska/2010/	1	20	81	SEASON_APPS_FIFA11
Tromsø IL	Sigurd Rushfeldt	SEASON_APPS_CONFIRMED	20	https://www.eurofotbal.cz/kluby/norsko/tromso-il/soupiska/2010/	3	37	74	SEASON_APPS_FIFA11
Tromsø IL	Tom Høgli	SEASON_APPS_CONFIRMED	30	https://www.eurofotbal.cz/kluby/norsko/tromso-il/soupiska/2010/	2	26	74	SEASON_APPS_FIFA11
Tromsø IL	Ruben Yttergård Jenssen	SEASON_APPS_CONFIRMED	30	https://www.eurofotbal.cz/kluby/norsko/tromso-il/soupiska/2010/	2	21	72	SEASON_APPS_FIFA11
Tromsø IL	Miika Koppinen	SEASON_APPS_CONFIRMED	27	https://www.eurofotbal.cz/kluby/norsko/tromso-il/soupiska/2010/	1	31	68	SEASON_APPS_FIFA11
Tromsø IL	Kayke	SEASON_APPS_CONFIRMED	10	https://www.eurofotbal.cz/kluby/norsko/tromso-il/soupiska/2010/	3	21	67	SEASON_APPS_FIFA11
Tromsø IL	Fredrik Björck	SEASON_APPS_CONFIRMED	28	https://www.eurofotbal.cz/kluby/norsko/tromso-il/soupiska/2010/	1	30	66	SEASON_APPS_FIFA11
Tromsø IL	Remi Johansen	SEASON_APPS_CONFIRMED	29	https://www.eurofotbal.cz/kluby/norsko/tromso-il/soupiska/2010/	2	19	66	SEASON_APPS_FIFA11
Tromsø IL	George Mourad	SEASON_APPS_CONFIRMED	25	https://www.eurofotbal.cz/kluby/norsko/tromso-il/soupiska/2010/	3	27	64	SEASON_APPS_FIFA11
Tromsø IL	Kevin Larsen	SEASON_APPS_CONFIRMED	3	https://www.eurofotbal.cz/kluby/norsko/tromso-il/soupiska/2010/	1	23	63	SEASON_APPS_FIFA11
Tromsø IL	Mohammed Ahamed	SEASON_APPS_CONFIRMED	27	https://www.eurofotbal.cz/kluby/norsko/tromso-il/soupiska/2010/	3	24	63	SEASON_APPS_FIFA11
Tromsø IL	Hans Åge Yndestad	SEASON_APPS_CONFIRMED	28	https://www.eurofotbal.cz/kluby/norsko/tromso-il/soupiska/2010/	1	29	62	SEASON_APPS_FIFA11
Tromsø IL	Helge Haugen	SEASON_APPS_CONFIRMED	23	https://www.eurofotbal.cz/kluby/norsko/tromso-il/soupiska/2010/	2	28	61	SEASON_APPS_FIFA11
Tromsø IL	Stevan Bates	SEASON_APPS_CONFIRMED	1	https://www.eurofotbal.cz/kluby/norsko/tromso-il/soupiska/2010/	1	28	61	SEASON_APPS_FIFA11
Tromsø IL	Tommy Knarvik	SEASON_APPS_CONFIRMED	22	https://www.eurofotbal.cz/kluby/norsko/tromso-il/soupiska/2010/	2	30	61	SEASON_APPS_FIFA11
Tromsø IL	Mads Reginiussen	SEASON_APPS_CONFIRMED	11	https://www.eurofotbal.cz/kluby/norsko/tromso-il/soupiska/2010/	2	22	58	SEASON_APPS_FIFA11
Tromsø IL	Saliou Ciss	SEASON_APPS_CONFIRMED	13	https://www.eurofotbal.cz/kluby/norsko/tromso-il/soupiska/2010/	1	20	57	SEASON_APPS_FIFA11
Tromsø IL	Thomas Drage	UNVERIFIED_SOURCE_GAP			2	29	57	UNVERIFIED_FIFA11_RATING_EST_AGE_ECONOMY
Tromsø IL	Hans Julius Norbye	SEASON_APPS_CONFIRMED	0	https://www.eurofotbal.cz/kluby/norsko/tromso-il/soupiska/2010/	1	23	53	SEASON_APPS_FIFA11
Tromsø IL	Marcus Sahlman	SEASON_APPS_ADDED	24	https://www.eurofotbal.cz/kluby/norsko/tromso-il/soupiska/2010/	0	25	66	SEASON_ARCHIVE_EST_RATING
Tromsø IL	Sead Ramović	SEASON_APPS_ADDED	8	https://www.eurofotbal.cz/kluby/norsko/tromso-il/soupiska/2010/	0	30	62	SEASON_ARCHIVE_EST_RATING
Vålerenga	Mohammed Fellah	SEASON_APPS_CONFIRMED	29	https://www.eurofotbal.cz/kluby/norsko/valerenga-if/soupiska/2010/	2	20	75	SEASON_APPS_FIFA11
Vålerenga	André Muri	SEASON_APPS_CONFIRMED	30	https://www.eurofotbal.cz/kluby/norsko/valerenga-if/soupiska/2010/	1	28	74	SEASON_APPS_FIFA11
Vålerenga	Kristofer Hæstad	SEASON_APPS_CONFIRMED	27	https://www.eurofotbal.cz/kluby/norsko/valerenga-if/soupiska/2010/	2	26	73	SEASON_APPS_FIFA11
Vålerenga	Luton Shelton	SEASON_APPS_CONFIRMED	28	https://www.eurofotbal.cz/kluby/norsko/valerenga-if/soupiska/2010/	3	24	73	SEASON_APPS_FIFA11
Vålerenga	Bojan Zajić	SEASON_APPS_CONFIRMED	20	https://www.eurofotbal.cz/kluby/norsko/valerenga-if/soupiska/2010/	2	29	72	SEASON_APPS_FIFA11
Vålerenga	Harmeet Singh	SEASON_APPS_CONFIRMED	30	https://www.eurofotbal.cz/kluby/norsko/valerenga-if/soupiska/2010/	2	19	72	SEASON_APPS_FIFA11
Vålerenga	Bengt Sæternes	SEASON_APPS_CONFIRMED	25	https://www.eurofotbal.cz/kluby/norsko/valerenga-if/soupiska/2010/	3	35	70	SEASON_APPS_FIFA11
Vålerenga	Andreas Nordvik	SEASON_APPS_CONFIRMED	27	https://www.eurofotbal.cz/kluby/norsko/valerenga-if/soupiska/2010/	1	22	67	SEASON_APPS_FIFA11
Vålerenga	Morten Berre	SEASON_APPS_CONFIRMED	30	https://www.eurofotbal.cz/kluby/norsko/valerenga-if/soupiska/2010/	3	34	65	SEASON_APPS_FIFA11
Vålerenga	Stefan Strandberg	SEASON_APPS_CONFIRMED	28	https://www.eurofotbal.cz/kluby/norsko/valerenga-if/soupiska/2010/	1	19	65	SEASON_APPS_FIFA11
Vålerenga	Freddy dos Santos	SEASON_APPS_CONFIRMED	25	https://www.eurofotbal.cz/kluby/norsko/valerenga-if/soupiska/2010/	2	33	63	SEASON_APPS_FIFA11
Vålerenga	Dawda Leigh	SEASON_APPS_CONFIRMED	6	https://www.eurofotbal.cz/kluby/norsko/valerenga-if/soupiska/2010/	2	23	61	SEASON_APPS_FIFA11
Vålerenga	Amin Nouri	SEASON_APPS_CONFIRMED	18	https://www.eurofotbal.cz/kluby/norsko/valerenga-if/soupiska/2010/	1	20	60	SEASON_APPS_FIFA11
Vålerenga	Kristian Brix	SEASON_APPS_CONFIRMED	5	https://www.eurofotbal.cz/kluby/norsko/valerenga-if/soupiska/2010/	2	19	60	SEASON_APPS_FIFA11
Vålerenga	Birger Madsen	SEASON_APPS_CONFIRMED	6	https://www.eurofotbal.cz/kluby/norsko/valerenga-if/soupiska/2010/	1	27	59	SEASON_APPS_FIFA11
Vålerenga	Mostafa Abdellaoue	UNVERIFIED_SOURCE_GAP			3	23	59	UNVERIFIED_FIFA11_RATING_EST_AGE_ECONOMY
Vålerenga	Lars Iver Strand	SEASON_APPS_CONFIRMED	2	https://www.eurofotbal.cz/kluby/norsko/valerenga-if/soupiska/2010/	2	26	58	SEASON_APPS_FIFA11
Vålerenga	Adnan Haidar	SEASON_APPS_CONFIRMED	4	https://www.eurofotbal.cz/kluby/norsko/valerenga-if/soupiska/2010/	2	20	57	SEASON_APPS_FIFA11
Vålerenga	Lars Hirschfeld	SEASON_APPS_ADDED	30	https://www.eurofotbal.cz/kluby/norsko/valerenga-if/soupiska/2010/	0	31	69	SEASON_ARCHIVE_EST_RATING
Vålerenga	Gudmund Kongshavn	SEASON_APPS_ADDED	0	https://www.eurofotbal.cz/kluby/norsko/valerenga-if/soupiska/2010/	0	19	59	SEASON_ARCHIVE_EST_RATING
Vålerenga	Mohammed Abdellaoue	SEASON_APPS_ADDED	20	https://www.eurofotbal.cz/kluby/norsko/valerenga-if/soupiska/2010/	3	24	76	SEASON_ARCHIVE_EST_RATING
Vålerenga	Mos	SEASON_APPS_ADDED	18	https://www.eurofotbal.cz/kluby/norsko/valerenga-if/soupiska/2010/	3	21	64	SEASON_ARCHIVE_EST_RATING
Lech Poznań	Krzysztof Kotorowski	SEASON_APPS_CONFIRMED	30	https://www.eurofotbal.cz/kluby/polsko/lech-poznan/soupiska/2010-2011/	0	33	69	SEASON_APPS_EST_RATING
Lech Poznań	Jasmin Burić	SEASON_APPS_CONFIRMED	17	https://www.eurofotbal.cz/kluby/polsko/lech-poznan/soupiska/2010-2011/	0	23	65	SEASON_APPS_EST_RATING
Lech Poznań	Bartosz Bosacki	SEASON_APPS_CONFIRMED	36	https://www.eurofotbal.cz/kluby/polsko/lech-poznan/soupiska/2010-2011/	1	34	66	SEASON_APPS_FIFA11
Lech Poznań	Manuel Arboleda	SEASON_APPS_CONFIRMED	37	https://www.eurofotbal.cz/kluby/polsko/lech-poznan/soupiska/2010-2011/	1	30	70	SEASON_APPS_EST_RATING
Lech Poznań	Grzegorz Wojtkowiak	SEASON_APPS_CONFIRMED	24	https://www.eurofotbal.cz/kluby/polsko/lech-poznan/soupiska/2010-2011/	1	26	65	SEASON_APPS_FIFA11
Lech Poznań	Seweryn Gancarczyk	SEASON_APPS_CONFIRMED	14	https://www.eurofotbal.cz/kluby/polsko/lech-poznan/soupiska/2010-2011/	1	28	62	SEASON_APPS_FIFA11
Lech Poznań	Luis Henriquez	SEASON_APPS_CONFIRMED	38	https://www.eurofotbal.cz/kluby/polsko/lech-poznan/soupiska/2010-2011/	1	28	71	SEASON_APPS_EST_RATING
Lech Poznań	Marcin Kikut	SEASON_APPS_CONFIRMED	33	https://www.eurofotbal.cz/kluby/polsko/lech-poznan/soupiska/2010-2011/	1	27	56	SEASON_APPS_FIFA11
Lech Poznań	Dimitrije Injac	SEASON_APPS_CONFIRMED	42	https://www.eurofotbal.cz/kluby/polsko/lech-poznan/soupiska/2010-2011/	2	29	71	SEASON_APPS_EST_RATING
Lech Poznań	Tomasz Bandrowski	SEASON_APPS_CONFIRMED	8	https://www.eurofotbal.cz/kluby/polsko/lech-poznan/soupiska/2010-2011/	2	25	64	SEASON_APPS_FIFA11
Lech Poznań	Semir Štilić	SEASON_APPS_CONFIRMED	44	https://www.eurofotbal.cz/kluby/polsko/lech-poznan/soupiska/2010-2011/	2	22	70	SEASON_APPS_EST_RATING
Lech Poznań	Sergei Krivets	UNVERIFIED_SOURCE_GAP			2	29	70	UNVERIFIED_ESTIMATED
Lech Poznań	Sławomir Peszko	SEASON_APPS_CONFIRMED	25	https://www.eurofotbal.cz/kluby/polsko/lech-poznan/soupiska/2010-2011/	2	25	67	SEASON_APPS_EST_RATING
Lech Poznań	Artjoms Rudņevs	SEASON_APPS_CONFIRMED	39	https://www.eurofotbal.cz/kluby/polsko/lech-poznan/soupiska/2010-2011/	3	22	70	SEASON_APPS_EST_RATING
Lech Poznań	Joel Tshibamba	SEASON_APPS_CONFIRMED	19	https://www.eurofotbal.cz/kluby/polsko/lech-poznan/soupiska/2010-2011/	3	21	65	SEASON_APPS_EST_RATING
Lech Poznań	Artur Wichniarek	SEASON_APPS_CONFIRMED	12	https://www.eurofotbal.cz/kluby/polsko/lech-poznan/soupiska/2010-2011/	3	33	68	SEASON_APPS_FIFA11
Lech Poznań	Jakub Wilk	SEASON_APPS_CONFIRMED	35	https://www.eurofotbal.cz/kluby/polsko/lech-poznan/soupiska/2010-2011/	2	25	70	SEASON_APPS_EST_RATING
Lech Poznań	Mateusz Możdżeń	SEASON_APPS_CONFIRMED	20	https://www.eurofotbal.cz/kluby/polsko/lech-poznan/soupiska/2010-2011/	2	19	64	SEASON_APPS_EST_RATING
Lech Poznań	Sjarhej Kryvec	SEASON_APPS_ADDED	42	https://www.eurofotbal.cz/kluby/polsko/lech-poznan/soupiska/2010-2011/	2	24	71	SEASON_ARCHIVE_EST_RATING
Lech Poznań	Ivan Đurđević	SEASON_APPS_ADDED	30	https://www.eurofotbal.cz/kluby/polsko/lech-poznan/soupiska/2010-2011/	1	33	68	SEASON_ARCHIVE_EST_RATING
Lech Poznań	Jacek Kiełb	SEASON_APPS_ADDED	28	https://www.eurofotbal.cz/kluby/polsko/lech-poznan/soupiska/2010-2011/	2	22	67	SEASON_ARCHIVE_EST_RATING
Legia Warsaw	Marijan Antolović	SEASON_APPS_CONFIRMED	8	https://www.eurofotbal.cz/kluby/polsko/legia-varsava/soupiska/2010-2011/	0	21	62	SEASON_APPS_EST_RATING
Legia Warsaw	Wojciech Skaba	SEASON_APPS_CONFIRMED	20	https://www.eurofotbal.cz/kluby/polsko/legia-varsava/soupiska/2010-2011/	0	26	67	SEASON_APPS_EST_RATING
Legia Warsaw	Dickson Choto	SEASON_APPS_CONFIRMED	14	https://www.eurofotbal.cz/kluby/polsko/legia-varsava/soupiska/2010-2011/	1	29	65	SEASON_APPS_EST_RATING
Legia Warsaw	Iñaki Astiz	SEASON_APPS_CONFIRMED	22	https://www.eurofotbal.cz/kluby/polsko/legia-varsava/soupiska/2010-2011/	1	26	67	SEASON_APPS_EST_RATING
Legia Warsaw	Jakub Rzeźniczak	SEASON_APPS_CONFIRMED	27	https://www.eurofotbal.cz/kluby/polsko/legia-varsava/soupiska/2010-2011/	1	23	68	SEASON_APPS_EST_RATING
Legia Warsaw	Marcin Komorowski	SEASON_APPS_CONFIRMED	29	https://www.eurofotbal.cz/kluby/polsko/legia-varsava/soupiska/2010-2011/	1	26	68	SEASON_APPS_EST_RATING
Legia Warsaw	Tomasz Kiełbowicz	SEASON_APPS_CONFIRMED	14	https://www.eurofotbal.cz/kluby/polsko/legia-varsava/soupiska/2010-2011/	1	34	64	SEASON_APPS_EST_RATING
Legia Warsaw	Jakub Wawrzyniak	SEASON_APPS_CONFIRMED	25	https://www.eurofotbal.cz/kluby/polsko/legia-varsava/soupiska/2010-2011/	1	27	67	SEASON_APPS_EST_RATING
Legia Warsaw	Ivica Vrdoljak	SEASON_APPS_CONFIRMED	31	https://www.eurofotbal.cz/kluby/polsko/legia-varsava/soupiska/2010-2011/	2	26	69	SEASON_APPS_EST_RATING
Legia Warsaw	Ariel Borysiuk	SEASON_APPS_CONFIRMED	31	https://www.eurofotbal.cz/kluby/polsko/legia-varsava/soupiska/2010-2011/	2	19	67	SEASON_APPS_EST_RATING
Legia Warsaw	Maciej Iwański	SEASON_APPS_CONFIRMED	12	https://www.eurofotbal.cz/kluby/polsko/legia-varsava/soupiska/2010-2011/	2	29	64	SEASON_APPS_EST_RATING
Legia Warsaw	Miroslav Radović	SEASON_APPS_CONFIRMED	34	https://www.eurofotbal.cz/kluby/polsko/legia-varsava/soupiska/2010-2011/	2	26	69	SEASON_APPS_EST_RATING
Legia Warsaw	Sebastian Szałachowski	SEASON_APPS_CONFIRMED	14	https://www.eurofotbal.cz/kluby/polsko/legia-varsava/soupiska/2010-2011/	2	26	65	SEASON_APPS_EST_RATING
Legia Warsaw	Michał Kucharczyk	SEASON_APPS_CONFIRMED	33	https://www.eurofotbal.cz/kluby/polsko/legia-varsava/soupiska/2010-2011/	3	19	67	SEASON_APPS_EST_RATING
Legia Warsaw	Takesure Chinyama	SEASON_APPS_CONFIRMED	12	https://www.eurofotbal.cz/kluby/polsko/legia-varsava/soupiska/2010-2011/	3	27	64	SEASON_APPS_EST_RATING
Legia Warsaw	Bruno Mezenga	SEASON_APPS_CONFIRMED	16	https://www.eurofotbal.cz/kluby/polsko/legia-varsava/soupiska/2010-2011/	3	21	64	SEASON_APPS_EST_RATING
Legia Warsaw	Alejandro Cabral	SEASON_APPS_ADDED	26	https://www.eurofotbal.cz/kluby/polsko/legia-varsava/soupiska/2010-2011/	2	22	66	SEASON_ARCHIVE_EST_RATING
Legia Warsaw	Maciej Rybus	SEASON_APPS_ADDED	23	https://www.eurofotbal.cz/kluby/polsko/legia-varsava/soupiska/2010-2011/	2	20	66	SEASON_ARCHIVE_EST_RATING
Wisła Kraków	Mariusz Pawełek	SEASON_APPS_CONFIRMED	14	https://www.eurofotbal.cz/kluby/polsko/wisla-krakow/soupiska/2010-2011/	0	29	66	SEASON_APPS_EST_RATING
Wisła Kraków	Sergei Pareiko	SEASON_APPS_CONFIRMED	14	https://www.eurofotbal.cz/kluby/polsko/wisla-krakow/soupiska/2010-2011/	0	33	65	SEASON_APPS_EST_RATING
Wisła Kraków	Gordan Bunoza	SEASON_APPS_CONFIRMED	16	https://www.eurofotbal.cz/kluby/polsko/wisla-krakow/soupiska/2010-2011/	1	22	64	SEASON_APPS_EST_RATING
Wisła Kraków	Osman Chávez	SEASON_APPS_CONFIRMED	21	https://www.eurofotbal.cz/kluby/polsko/wisla-krakow/soupiska/2010-2011/	1	26	66	SEASON_APPS_EST_RATING
Wisła Kraków	Dragan Paljić	SEASON_APPS_CONFIRMED	31	https://www.eurofotbal.cz/kluby/polsko/wisla-krakow/soupiska/2010-2011/	1	27	65	SEASON_APPS_FIFA11
Wisła Kraków	Cezary Wilk	SEASON_APPS_CONFIRMED	24	https://www.eurofotbal.cz/kluby/polsko/wisla-krakow/soupiska/2010-2011/	2	24	67	SEASON_APPS_EST_RATING
Wisła Kraków	Radosław Sobolewski	SEASON_APPS_CONFIRMED	29	https://www.eurofotbal.cz/kluby/polsko/wisla-krakow/soupiska/2010-2011/	2	33	71	SEASON_APPS_FIFA11
Wisła Kraków	Łukasz Garguła	SEASON_APPS_CONFIRMED	14	https://www.eurofotbal.cz/kluby/polsko/wisla-krakow/soupiska/2010-2011/	2	29	72	SEASON_APPS_FIFA11
Wisła Kraków	Andraž Kirm	SEASON_APPS_CONFIRMED	27	https://www.eurofotbal.cz/kluby/polsko/wisla-krakow/soupiska/2010-2011/	2	25	72	SEASON_APPS_FIFA11
Wisła Kraków	Patryk Małecki	SEASON_APPS_CONFIRMED	31	https://www.eurofotbal.cz/kluby/polsko/wisla-krakow/soupiska/2010-2011/	3	22	67	SEASON_APPS_FIFA11
Wisła Kraków	Tomáš Jirsák	SEASON_APPS_CONFIRMED	22	https://www.eurofotbal.cz/kluby/polsko/wisla-krakow/soupiska/2010-2011/	2	26	67	SEASON_APPS_FIFA11
Wisła Kraków	Maor Melikson	SEASON_APPS_CONFIRMED	15	https://www.eurofotbal.cz/kluby/polsko/wisla-krakow/soupiska/2010-2011/	2	25	65	SEASON_APPS_EST_RATING
Wisła Kraków	Rafał Boguski	SEASON_APPS_CONFIRMED	10	https://www.eurofotbal.cz/kluby/polsko/wisla-krakow/soupiska/2010-2011/	3	26	62	SEASON_APPS_FIFA11
Wisła Kraków	Paweł Brożek	SEASON_APPS_CONFIRMED	15	https://www.eurofotbal.cz/kluby/polsko/wisla-krakow/soupiska/2010-2011/	3	27	74	SEASON_APPS_FIFA11
Wisła Kraków	Maciej Żurawski	SEASON_APPS_CONFIRMED	24	https://www.eurofotbal.cz/kluby/polsko/wisla-krakow/soupiska/2010-2011/	3	33	74	SEASON_APPS_FIFA11
Wisła Kraków	Nourdin Boukhari	SEASON_APPS_CONFIRMED	10	https://www.eurofotbal.cz/kluby/polsko/wisla-krakow/soupiska/2010-2011/	3	30	68	SEASON_APPS_FIFA11
Wisła Kraków	Andrés Ríos	SEASON_APPS_ADDED	18	https://www.eurofotbal.cz/kluby/polsko/wisla-krakow/soupiska/2010-2011/	3	21	64	SEASON_ARCHIVE_EST_RATING
CD Nacional	Felipe Lopes	SEASON_APPS_CONFIRMED	34	https://www.eurofotbal.cz/kluby/portugalsko/cd-nacional/soupiska/2010-2011/	1	22	73	SEASON_APPS_FIFA11
CD Nacional	Luís Alberto	SEASON_APPS_CONFIRMED	29	https://www.eurofotbal.cz/kluby/portugalsko/cd-nacional/soupiska/2010-2011/	2	26	71	SEASON_APPS_FIFA11
CD Nacional	Thiago Gentil	SEASON_APPS_CONFIRMED	11	https://www.eurofotbal.cz/kluby/portugalsko/cd-nacional/soupiska/2010-2011/	3	30	71	SEASON_APPS_FIFA11
CD Nacional	Nejc Pečnik	SEASON_APPS_CONFIRMED	10	https://www.eurofotbal.cz/kluby/portugalsko/cd-nacional/soupiska/2010-2011/	2	24	70	SEASON_APPS_FIFA11
CD Nacional	Patacas	SEASON_APPS_CONFIRMED	15	https://www.eurofotbal.cz/kluby/portugalsko/cd-nacional/soupiska/2010-2011/	1	32	70	SEASON_APPS_FIFA11
CD Nacional	Mateus	SEASON_APPS_CONFIRMED	26	https://www.eurofotbal.cz/kluby/portugalsko/cd-nacional/soupiska/2010-2011/	3	26	69	SEASON_APPS_FIFA11
CD Nacional	João Aurélio	SEASON_APPS_CONFIRMED	22	https://www.eurofotbal.cz/kluby/portugalsko/cd-nacional/soupiska/2010-2011/	2	21	68	SEASON_APPS_FIFA11
CD Nacional	Kevin Amuneke	SEASON_APPS_CONFIRMED	0	https://www.eurofotbal.cz/kluby/portugalsko/cd-nacional/soupiska/2010-2011/	3	24	68	SEASON_APPS_FIFA11
CD Nacional	Zarco Tomašević	SEASON_APPS_CONFIRMED	11	https://www.eurofotbal.cz/kluby/portugalsko/cd-nacional/soupiska/2010-2011/	1	20	68	SEASON_APPS_FIFA11
CD Nacional	Danielson	SEASON_APPS_CONFIRMED	33	https://www.eurofotbal.cz/kluby/portugalsko/cd-nacional/soupiska/2010-2011/	1	29	67	SEASON_APPS_FIFA11
CD Nacional	Bruno Amaro	SEASON_APPS_CONFIRMED	29	https://www.eurofotbal.cz/kluby/portugalsko/cd-nacional/soupiska/2010-2011/	2	27	66	SEASON_APPS_FIFA11
CD Nacional	Rene Mihelič	SEASON_APPS_CONFIRMED	16	https://www.eurofotbal.cz/kluby/portugalsko/cd-nacional/soupiska/2010-2011/	2	22	65	SEASON_APPS_FIFA11
CD Nacional	Bracalli	UNVERIFIED_SOURCE_GAP			2	22	70	UNVERIFIED_ESTIMATED
CD Nacional	Diego Barcelos	SEASON_APPS_CONFIRMED	28	https://www.eurofotbal.cz/kluby/portugalsko/cd-nacional/soupiska/2010-2011/	3	25	70	SEASON_APPS_EST_RATING
CD Nacional	Edgar Costa	SEASON_APPS_CONFIRMED	27	https://www.eurofotbal.cz/kluby/portugalsko/cd-nacional/soupiska/2010-2011/	2	23	70	SEASON_APPS_EST_RATING
CD Nacional	Skolnik	SEASON_APPS_CONFIRMED	30	https://www.eurofotbal.cz/kluby/portugalsko/cd-nacional/soupiska/2010-2011/	2	21	70	SEASON_APPS_EST_RATING
CD Nacional	Rafael Bracali	SEASON_APPS_ADDED	33	https://www.eurofotbal.cz/kluby/portugalsko/cd-nacional/soupiska/2010-2011/	0	29	72	SEASON_ARCHIVE_EST_RATING
CD Nacional	Elisson	SEASON_APPS_ADDED	1	https://www.eurofotbal.cz/kluby/portugalsko/cd-nacional/soupiska/2010-2011/	0	23	63	SEASON_ARCHIVE_EST_RATING
CD Nacional	Anselmo	SEASON_APPS_ADDED	19	https://www.eurofotbal.cz/kluby/portugalsko/cd-nacional/soupiska/2010-2011/	3	26	68	SEASON_ARCHIVE_EST_RATING
CD Nacional	Nuno Pinto	SEASON_APPS_ADDED	18	https://www.eurofotbal.cz/kluby/portugalsko/cd-nacional/soupiska/2010-2011/	2	23	67	SEASON_ARCHIVE_EST_RATING
CD Nacional	Orlando Sá	SEASON_APPS_ADDED	18	https://www.eurofotbal.cz/kluby/portugalsko/cd-nacional/soupiska/2010-2011/	3	22	66	SEASON_ARCHIVE_EST_RATING
CS Marítimo	Peçanha	SEASON_APPS_CONFIRMED	3	https://www.eurofotbal.cz/kluby/portugalsko/cs-maritimo/soupiska/2010-2011/	0	30	65	SEASON_APPS_EST_RATING
CS Marítimo	Marcelo Boeck	SEASON_APPS_CONFIRMED	33	https://www.eurofotbal.cz/kluby/portugalsko/cs-maritimo/soupiska/2010-2011/	0	25	72	SEASON_APPS_EST_RATING
CS Marítimo	Robson	SEASON_APPS_CONFIRMED	32	https://www.eurofotbal.cz/kluby/portugalsko/cs-maritimo/soupiska/2010-2011/	1	27	71	SEASON_APPS_EST_RATING
CS Marítimo	João Guilherme	SEASON_APPS_CONFIRMED	17	https://www.eurofotbal.cz/kluby/portugalsko/cs-maritimo/soupiska/2010-2011/	1	24	67	SEASON_APPS_EST_RATING
CS Marítimo	Briguel	SEASON_APPS_CONFIRMED	16	https://www.eurofotbal.cz/kluby/portugalsko/cs-maritimo/soupiska/2010-2011/	1	31	66	SEASON_APPS_EST_RATING
CS Marítimo	Rafael Miranda	SEASON_APPS_CONFIRMED	35	https://www.eurofotbal.cz/kluby/portugalsko/cs-maritimo/soupiska/2010-2011/	2	25	72	SEASON_APPS_EST_RATING
CS Marítimo	Roberto Sousa	SEASON_APPS_CONFIRMED	26	https://www.eurofotbal.cz/kluby/portugalsko/cs-maritimo/soupiska/2010-2011/	2	25	69	SEASON_APPS_EST_RATING
CS Marítimo	Djalma	SEASON_APPS_CONFIRMED	32	https://www.eurofotbal.cz/kluby/portugalsko/cs-maritimo/soupiska/2010-2011/	3	23	71	SEASON_APPS_EST_RATING
CS Marítimo	Baba Diawara	UNVERIFIED_SOURCE_GAP			2	24	65	UNVERIFIED_ESTIMATED
CS Marítimo	Marquinho	UNVERIFIED_SOURCE_GAP			2	33	65	UNVERIFIED_ESTIMATED
CS Marítimo	Kléber	SEASON_APPS_CONFIRMED	20	https://www.eurofotbal.cz/kluby/portugalsko/cs-maritimo/soupiska/2010-2011/	3	20	67	SEASON_APPS_EST_RATING
CS Marítimo	Tchô	SEASON_APPS_CONFIRMED	21	https://www.eurofotbal.cz/kluby/portugalsko/cs-maritimo/soupiska/2010-2011/	2	23	68	SEASON_APPS_EST_RATING
CS Marítimo	André Vilas Boas	SEASON_APPS_CONFIRMED	0	https://www.eurofotbal.cz/kluby/portugalsko/cs-maritimo/soupiska/2010-2011/	2	27	63	SEASON_APPS_EST_RATING
CS Marítimo	Ricardo Esteves	SEASON_APPS_CONFIRMED	23	https://www.eurofotbal.cz/kluby/portugalsko/cs-maritimo/soupiska/2010-2011/	2	30	69	SEASON_APPS_EST_RATING
CS Marítimo	Evangelos Mantzios	SEASON_APPS_CONFIRMED	1	https://www.eurofotbal.cz/kluby/portugalsko/cs-maritimo/soupiska/2010-2011/	3	27	63	SEASON_APPS_EST_RATING
CS Marítimo	Babá	SEASON_APPS_ADDED	34	https://www.eurofotbal.cz/kluby/portugalsko/cs-maritimo/soupiska/2010-2011/	3	22	70	SEASON_ARCHIVE_EST_RATING
CS Marítimo	Valentin Roberge	SEASON_APPS_ADDED	28	https://www.eurofotbal.cz/kluby/portugalsko/cs-maritimo/soupiska/2010-2011/	1	23	70	SEASON_ARCHIVE_EST_RATING
CS Marítimo	Luciano Amaral	SEASON_APPS_ADDED	27	https://www.eurofotbal.cz/kluby/portugalsko/cs-maritimo/soupiska/2010-2011/	1	27	70	SEASON_ARCHIVE_EST_RATING
CS Marítimo	Danilo Dias	SEASON_APPS_ADDED	26	https://www.eurofotbal.cz/kluby/portugalsko/cs-maritimo/soupiska/2010-2011/	3	24	69	SEASON_ARCHIVE_EST_RATING
CS Marítimo	Héldon	SEASON_APPS_ADDED	18	https://www.eurofotbal.cz/kluby/portugalsko/cs-maritimo/soupiska/2010-2011/	2	21	66	SEASON_ARCHIVE_EST_RATING
Estoril Praia	Mário Matos	UNVERIFIED_SOURCE_GAP			0	27	68	UNVERIFIED_ESTIMATED
Estoril Praia	Cléber	UNVERIFIED_SOURCE_GAP			0	27	66	UNVERIFIED_ESTIMATED
Estoril Praia	Lameirão	UNVERIFIED_SOURCE_GAP			1	23	70	UNVERIFIED_ESTIMATED
Estoril Praia	Filipe da Costa	UNVERIFIED_SOURCE_GAP			1	23	65	UNVERIFIED_ESTIMATED
Estoril Praia	Vinícius Reche	UNVERIFIED_SOURCE_GAP			1	24	63	UNVERIFIED_ESTIMATED
Estoril Praia	Alex Afonso	UNVERIFIED_SOURCE_GAP			1	21	69	UNVERIFIED_ESTIMATED
Estoril Praia	Marco Silva	UNVERIFIED_SOURCE_GAP			1	29	64	UNVERIFIED_ESTIMATED
Estoril Praia	Tiago Gomes	UNVERIFIED_SOURCE_GAP			1	31	70	UNVERIFIED_ESTIMATED
Estoril Praia	André Castro	UNVERIFIED_SOURCE_GAP			2	28	64	UNVERIFIED_ESTIMATED
Estoril Praia	Jefferson	UNVERIFIED_SOURCE_GAP			2	31	62	UNVERIFIED_ESTIMATED
Estoril Praia	Luís Carlos	UNVERIFIED_SOURCE_GAP			2	29	64	UNVERIFIED_ESTIMATED
Estoril Praia	Steven Vitória	SEASON_APPS_CONFIRMED	25	https://www.national-football-teams.com/club/1923/2010_1/Estoril_Praia.html	1	23	69	SEASON_APPS_EST_RATING
Estoril Praia	João Coimbra	SEASON_APPS_CONFIRMED	0	https://www.eurofotbal.cz/kluby/portugalsko/estoril-praia/soupiska/2010-2011/	2	24	63	SEASON_APPS_EST_RATING
Estoril Praia	Luís Leal	SEASON_APPS_CONFIRMED	23	https://www.national-football-teams.com/club/1923/2010_1/Estoril_Praia.html	3	23	69	SEASON_APPS_EST_RATING
Estoril Praia	Licá	UNVERIFIED_SOURCE_GAP			2	27	69	UNVERIFIED_ESTIMATED
FC Porto	Helton	SEASON_APPS_CONFIRMED	44	https://www.eurofotbal.cz/kluby/portugalsko/fc-porto/soupiska/2010-2011/	0	32	77	SEASON_APPS_EST_RATING
FC Porto	Beto	SEASON_APPS_CONFIRMED	9	https://www.eurofotbal.cz/kluby/portugalsko/fc-porto/soupiska/2010-2011/	0	28	70	SEASON_APPS_EST_RATING
FC Porto	Falcao	SEASON_APPS_CONFIRMED	40	https://www.eurofotbal.cz/kluby/portugalsko/fc-porto/soupiska/2010-2011/	3	24	88	SEASON_APPS_FIFA11
FC Porto	Hulk	SEASON_APPS_CONFIRMED	48	https://www.eurofotbal.cz/kluby/portugalsko/fc-porto/soupiska/2010-2011/	3	24	87	SEASON_APPS_FIFA11
FC Porto	João Moutinho	SEASON_APPS_CONFIRMED	50	https://www.eurofotbal.cz/kluby/portugalsko/fc-porto/soupiska/2010-2011/	2	23	85	SEASON_APPS_FIFA11
FC Porto	Álvaro Pereira	SEASON_APPS_CONFIRMED	38	https://www.eurofotbal.cz/kluby/portugalsko/fc-porto/soupiska/2010-2011/	1	24	82	SEASON_APPS_FIFA11
FC Porto	Rolando	SEASON_APPS_CONFIRMED	49	https://www.eurofotbal.cz/kluby/portugalsko/fc-porto/soupiska/2010-2011/	1	24	82	SEASON_APPS_FIFA11
FC Porto	James Rodríguez	SEASON_APPS_CONFIRMED	29	https://www.eurofotbal.cz/kluby/portugalsko/fc-porto/soupiska/2010-2011/	2	19	81	SEASON_APPS_FIFA11
FC Porto	Cristian Rodríguez	SEASON_APPS_CONFIRMED	27	https://www.eurofotbal.cz/kluby/portugalsko/fc-porto/soupiska/2010-2011/	2	24	80	SEASON_APPS_FIFA11
FC Porto	Freddy Guarín	SEASON_APPS_CONFIRMED	39	https://www.eurofotbal.cz/kluby/portugalsko/fc-porto/soupiska/2010-2011/	2	24	80	SEASON_APPS_FIFA11
FC Porto	Rúben Micael	SEASON_APPS_CONFIRMED	62	https://www.eurofotbal.cz/kluby/portugalsko/fc-porto/soupiska/2010-2011/	2	23	79	SEASON_APPS_FIFA11
FC Porto	Silvestre Varela	SEASON_APPS_CONFIRMED	42	https://www.eurofotbal.cz/kluby/portugalsko/fc-porto/soupiska/2010-2011/	3	25	77	SEASON_APPS_EST_RATING
FC Porto	Fernando Belluschi	SEASON_APPS_CONFIRMED	45	https://www.eurofotbal.cz/kluby/portugalsko/fc-porto/soupiska/2010-2011/	2	26	77	SEASON_APPS_FIFA11
FC Porto	Jorge Fucile	SEASON_APPS_CONFIRMED	28	https://www.eurofotbal.cz/kluby/portugalsko/fc-porto/soupiska/2010-2011/	1	25	77	SEASON_APPS_FIFA11
FC Porto	Walter	SEASON_APPS_CONFIRMED	20	https://www.eurofotbal.cz/kluby/portugalsko/fc-porto/soupiska/2010-2011/	3	21	76	SEASON_APPS_FIFA11
FC Porto	Mariano González	SEASON_APPS_CONFIRMED	12	https://www.eurofotbal.cz/kluby/portugalsko/fc-porto/soupiska/2010-2011/	2	29	75	SEASON_APPS_FIFA11
FC Porto	Sereno	SEASON_APPS_CONFIRMED	10	https://www.eurofotbal.cz/kluby/portugalsko/fc-porto/soupiska/2010-2011/	1	25	75	SEASON_APPS_FIFA11
FC Porto	Ukra	SEASON_APPS_CONFIRMED	5	https://www.eurofotbal.cz/kluby/portugalsko/fc-porto/soupiska/2010-2011/	2	22	74	SEASON_APPS_FIFA11
FC Porto	Cristian Săpunaru	SEASON_APPS_CONFIRMED	37	https://www.eurofotbal.cz/kluby/portugalsko/fc-porto/soupiska/2010-2011/	1	26	73	SEASON_APPS_FIFA11
FC Porto	Nicolás Otamendi	SEASON_APPS_ADDED	30	https://www.eurofotbal.cz/kluby/portugalsko/fc-porto/soupiska/2010-2011/	1	22	74	SEASON_ARCHIVE_EST_RATING
FC Porto	Josef Souza	SEASON_APPS_ADDED	22	https://www.eurofotbal.cz/kluby/portugalsko/fc-porto/soupiska/2010-2011/	2	21	72	SEASON_ARCHIVE_EST_RATING
Paços de Ferreira	Cássio	SEASON_APPS_CONFIRMED	34	https://www.eurofotbal.cz/kluby/portugalsko/pacos-de-ferreira/soupiska/2010-2011/	0	29	72	SEASON_APPS_EST_RATING
Paços de Ferreira	Coelho	SEASON_APPS_CONFIRMED	1	https://www.eurofotbal.cz/kluby/portugalsko/pacos-de-ferreira/soupiska/2010-2011/	0	26	64	SEASON_APPS_EST_RATING
Paços de Ferreira	Baiano	SEASON_APPS_CONFIRMED	33	https://www.eurofotbal.cz/kluby/portugalsko/pacos-de-ferreira/soupiska/2010-2011/	1	23	71	SEASON_APPS_EST_RATING
Paços de Ferreira	Ozeia	SEASON_APPS_CONFIRMED	17	https://www.eurofotbal.cz/kluby/portugalsko/pacos-de-ferreira/soupiska/2010-2011/	1	28	67	SEASON_APPS_EST_RATING
Paços de Ferreira	Ricardo Dias	UNVERIFIED_SOURCE_GAP			1	23	63	UNVERIFIED_ESTIMATED
Paços de Ferreira	Maykon	SEASON_APPS_CONFIRMED	26	https://www.eurofotbal.cz/kluby/portugalsko/pacos-de-ferreira/soupiska/2010-2011/	2	26	69	SEASON_APPS_EST_RATING
Paços de Ferreira	André Leão	SEASON_APPS_CONFIRMED	30	https://www.eurofotbal.cz/kluby/portugalsko/pacos-de-ferreira/soupiska/2010-2011/	2	25	71	SEASON_APPS_EST_RATING
Paços de Ferreira	Manuel José	SEASON_APPS_CONFIRMED	32	https://www.eurofotbal.cz/kluby/portugalsko/pacos-de-ferreira/soupiska/2010-2011/	2	29	71	SEASON_APPS_EST_RATING
Paços de Ferreira	Filipe Anunciação	SEASON_APPS_CONFIRMED	20	https://www.eurofotbal.cz/kluby/portugalsko/pacos-de-ferreira/soupiska/2010-2011/	2	31	67	SEASON_APPS_EST_RATING
Paços de Ferreira	David Simão	SEASON_APPS_CONFIRMED	29	https://www.eurofotbal.cz/kluby/portugalsko/pacos-de-ferreira/soupiska/2010-2011/	2	20	69	SEASON_APPS_EST_RATING
Paços de Ferreira	Nélson Oliveira	SEASON_APPS_CONFIRMED	27	https://www.eurofotbal.cz/kluby/portugalsko/pacos-de-ferreira/soupiska/2010-2011/	3	18	68	SEASON_APPS_EST_RATING
Paços de Ferreira	Pizzi	SEASON_APPS_CONFIRMED	32	https://www.eurofotbal.cz/kluby/portugalsko/pacos-de-ferreira/soupiska/2010-2011/	3	20	70	SEASON_APPS_EST_RATING
Paços de Ferreira	William	UNVERIFIED_SOURCE_GAP			2	20	69	UNVERIFIED_ESTIMATED
Paços de Ferreira	Mario Rondón	SEASON_APPS_CONFIRMED	31	https://www.eurofotbal.cz/kluby/portugalsko/pacos-de-ferreira/soupiska/2010-2011/	3	24	71	SEASON_APPS_EST_RATING
Paços de Ferreira	Leonel Olímpio	SEASON_APPS_ADDED	33	https://www.eurofotbal.cz/kluby/portugalsko/pacos-de-ferreira/soupiska/2010-2011/	2	28	71	SEASON_ARCHIVE_EST_RATING
Paços de Ferreira	Javier Cohene	SEASON_APPS_ADDED	27	https://www.eurofotbal.cz/kluby/portugalsko/pacos-de-ferreira/soupiska/2010-2011/	1	23	70	SEASON_ARCHIVE_EST_RATING
Rio Ave	Paulo Santos	SEASON_APPS_CONFIRMED	23	https://www.eurofotbal.cz/kluby/portugalsko/rio-ave-fc/soupiska/2010-2011/	0	37	69	SEASON_APPS_EST_RATING
Rio Ave	Gaspar	SEASON_APPS_CONFIRMED	27	https://www.eurofotbal.cz/kluby/portugalsko/rio-ave-fc/soupiska/2010-2011/	1	35	67	SEASON_APPS_FIFA11
Rio Ave	Ricardo Chaves	SEASON_APPS_CONFIRMED	14	https://www.eurofotbal.cz/kluby/portugalsko/rio-ave-fc/soupiska/2010-2011/	2	32	66	SEASON_APPS_FIFA11
Rio Ave	Tiago Pinto	SEASON_APPS_CONFIRMED	23	https://www.eurofotbal.cz/kluby/portugalsko/rio-ave-fc/soupiska/2010-2011/	1	22	67	SEASON_APPS_FIFA11
Rio Ave	José Gomes	UNVERIFIED_SOURCE_GAP			1	32	65	UNVERIFIED_ESTIMATED
Rio Ave	Braga	SEASON_APPS_CONFIRMED	22	https://www.eurofotbal.cz/kluby/portugalsko/rio-ave-fc/soupiska/2010-2011/	2	27	71	SEASON_APPS_FIFA11
Rio Ave	Tarantini	SEASON_APPS_CONFIRMED	29	https://www.eurofotbal.cz/kluby/portugalsko/rio-ave-fc/soupiska/2010-2011/	2	26	70	SEASON_APPS_EST_RATING
Rio Ave	Wires	SEASON_APPS_CONFIRMED	25	https://www.eurofotbal.cz/kluby/portugalsko/rio-ave-fc/soupiska/2010-2011/	1	27	69	SEASON_APPS_EST_RATING
Rio Ave	Bruno Gama	SEASON_APPS_CONFIRMED	30	https://www.eurofotbal.cz/kluby/portugalsko/rio-ave-fc/soupiska/2010-2011/	3	22	74	SEASON_APPS_FIFA11
Rio Ave	Saulo	SEASON_APPS_CONFIRMED	19	https://www.eurofotbal.cz/kluby/portugalsko/rio-ave-fc/soupiska/2010-2011/	3	28	64	SEASON_APPS_FIFA11
Rio Ave	João Tomás	SEASON_APPS_CONFIRMED	30	https://www.eurofotbal.cz/kluby/portugalsko/rio-ave-fc/soupiska/2010-2011/	3	35	73	SEASON_APPS_FIFA11
Rio Ave	Yazalde	SEASON_APPS_CONFIRMED	29	https://www.eurofotbal.cz/kluby/portugalsko/rio-ave-fc/soupiska/2010-2011/	3	21	78	SEASON_APPS_FIFA11
Rio Ave	Tiago Targino	UNVERIFIED_SOURCE_GAP			2	23	70	UNVERIFIED_ESTIMATED
Rio Ave	Kelvin	UNVERIFIED_SOURCE_GAP			2	32	63	UNVERIFIED_ESTIMATED
Rio Ave	Zé Gomes	SEASON_APPS_ADDED	21	https://www.eurofotbal.cz/kluby/portugalsko/rio-ave-fc/soupiska/2010-2011/	1	33	67	SEASON_ARCHIVE_EST_RATING
Rio Ave	Jeferson	SEASON_APPS_ADDED	20	https://www.eurofotbal.cz/kluby/portugalsko/rio-ave-fc/soupiska/2010-2011/	1	24	68	SEASON_ARCHIVE_EST_RATING
Rio Ave	Vítor Gomes	SEASON_APPS_ADDED	18	https://www.eurofotbal.cz/kluby/portugalsko/rio-ave-fc/soupiska/2010-2011/	2	22	66	SEASON_ARCHIVE_EST_RATING
SC Braga	Artur Moraes	SEASON_APPS_CONFIRMED	31	https://www.eurofotbal.cz/kluby/portugalsko/sc-braga/soupiska/2010-2011/	0	29	74	SEASON_APPS_EST_RATING
SC Braga	Quim	SEASON_APPS_CONFIRMED	0	https://www.eurofotbal.cz/kluby/portugalsko/sc-braga/soupiska/2010-2011/	0	34	65	SEASON_APPS_EST_RATING
SC Braga	Alberto Rodríguez	SEASON_APPS_CONFIRMED	37	https://www.eurofotbal.cz/kluby/portugalsko/sc-braga/soupiska/2010-2011/	1	26	74	SEASON_APPS_EST_RATING
SC Braga	Moisés	SEASON_APPS_CONFIRMED	23	https://www.eurofotbal.cz/kluby/portugalsko/sc-braga/soupiska/2010-2011/	1	31	70	SEASON_APPS_EST_RATING
SC Braga	Miguel Garcia	SEASON_APPS_CONFIRMED	35	https://www.eurofotbal.cz/kluby/portugalsko/sc-braga/soupiska/2010-2011/	1	27	74	SEASON_APPS_EST_RATING
SC Braga	Elderson Echiejile	SEASON_APPS_CONFIRMED	29	https://www.eurofotbal.cz/kluby/portugalsko/sc-braga/soupiska/2010-2011/	1	22	71	SEASON_APPS_EST_RATING
SC Braga	Salino	SEASON_APPS_CONFIRMED	38	https://www.eurofotbal.cz/kluby/portugalsko/sc-braga/soupiska/2010-2011/	2	25	71	SEASON_APPS_FIFA11
SC Braga	Custódio	SEASON_APPS_CONFIRMED	21	https://www.eurofotbal.cz/kluby/portugalsko/sc-braga/soupiska/2010-2011/	2	27	70	SEASON_APPS_FIFA11
SC Braga	Hugo Viana	SEASON_APPS_CONFIRMED	38	https://www.eurofotbal.cz/kluby/portugalsko/sc-braga/soupiska/2010-2011/	2	27	75	SEASON_APPS_FIFA11
SC Braga	Luís Aguiar	SEASON_APPS_CONFIRMED	21	https://www.eurofotbal.cz/kluby/portugalsko/sc-braga/soupiska/2010-2011/	2	24	70	SEASON_APPS_EST_RATING
SC Braga	Mossoró	SEASON_APPS_CONFIRMED	35	https://www.eurofotbal.cz/kluby/portugalsko/sc-braga/soupiska/2010-2011/	2	27	74	SEASON_APPS_EST_RATING
SC Braga	Alan	SEASON_APPS_CONFIRMED	49	https://www.eurofotbal.cz/kluby/portugalsko/sc-braga/soupiska/2010-2011/	3	30	78	SEASON_APPS_FIFA11
SC Braga	Hélder Barbosa	SEASON_APPS_CONFIRMED	27	https://www.eurofotbal.cz/kluby/portugalsko/sc-braga/soupiska/2010-2011/	3	23	75	SEASON_APPS_FIFA11
SC Braga	Paulo César	SEASON_APPS_CONFIRMED	39	https://www.eurofotbal.cz/kluby/portugalsko/sc-braga/soupiska/2010-2011/	3	30	75	SEASON_APPS_EST_RATING
SC Braga	Albert Meyong	SEASON_APPS_CONFIRMED	27	https://www.eurofotbal.cz/kluby/portugalsko/sc-braga/soupiska/2010-2011/	3	29	72	SEASON_APPS_EST_RATING
SC Braga	Lima	SEASON_APPS_CONFIRMED	49	https://www.eurofotbal.cz/kluby/portugalsko/sc-braga/soupiska/2010-2011/	3	27	75	SEASON_APPS_EST_RATING
SC Braga	Vandinho	SEASON_APPS_ADDED	40	https://www.eurofotbal.cz/kluby/portugalsko/sc-braga/soupiska/2010-2011/	2	32	74	SEASON_ARCHIVE_EST_RATING
SC Braga	Sílvio	SEASON_APPS_ADDED	37	https://www.eurofotbal.cz/kluby/portugalsko/sc-braga/soupiska/2010-2011/	1	22	73	SEASON_ARCHIVE_EST_RATING
SC Braga	Paulão	SEASON_APPS_ADDED	33	https://www.eurofotbal.cz/kluby/portugalsko/sc-braga/soupiska/2010-2011/	1	27	73	SEASON_ARCHIVE_EST_RATING
SL Benfica	Júlio César	SEASON_APPS_CONFIRMED	9	https://www.eurofotbal.cz/kluby/portugalsko/sl-benfica/soupiska/2010-2011/	0	23	69	SEASON_APPS_EST_RATING
SL Benfica	Luisão	SEASON_APPS_CONFIRMED	45	https://www.eurofotbal.cz/kluby/portugalsko/sl-benfica/soupiska/2010-2011/	1	29	85	SEASON_APPS_FIFA11
SL Benfica	David Luiz	SEASON_APPS_CONFIRMED	28	https://www.eurofotbal.cz/kluby/portugalsko/sl-benfica/soupiska/2010-2011/	1	23	84	SEASON_APPS_FIFA11
SL Benfica	Fábio Coentrão	SEASON_APPS_CONFIRMED	45	https://www.eurofotbal.cz/kluby/portugalsko/sl-benfica/soupiska/2010-2011/	1	22	83	SEASON_APPS_FIFA11
SL Benfica	Maxi Pereira	UNVERIFIED_SOURCE_GAP			1	21	71	UNVERIFIED_ESTIMATED
SL Benfica	César Peixoto	SEASON_APPS_CONFIRMED	34	https://www.eurofotbal.cz/kluby/portugalsko/sl-benfica/soupiska/2010-2011/	2	30	75	SEASON_APPS_FIFA11
SL Benfica	Javi García	SEASON_APPS_CONFIRMED	43	https://www.eurofotbal.cz/kluby/portugalsko/sl-benfica/soupiska/2010-2011/	2	23	79	SEASON_APPS_FIFA11
SL Benfica	Carlos Martins	SEASON_APPS_CONFIRMED	46	https://www.eurofotbal.cz/kluby/portugalsko/sl-benfica/soupiska/2010-2011/	2	28	79	SEASON_APPS_FIFA11
SL Benfica	Pablo Aimar	SEASON_APPS_CONFIRMED	45	https://www.eurofotbal.cz/kluby/portugalsko/sl-benfica/soupiska/2010-2011/	2	30	83	SEASON_APPS_FIFA11
SL Benfica	Nicolás Gaitán	SEASON_APPS_CONFIRMED	47	https://www.eurofotbal.cz/kluby/portugalsko/sl-benfica/soupiska/2010-2011/	2	22	82	SEASON_APPS_FIFA11
SL Benfica	Eduardo Salvio	SEASON_APPS_CONFIRMED	37	https://www.eurofotbal.cz/kluby/portugalsko/sl-benfica/soupiska/2010-2011/	3	20	74	SEASON_APPS_FIFA11
SL Benfica	Rúben Amorim	SEASON_APPS_CONFIRMED	18	https://www.eurofotbal.cz/kluby/portugalsko/sl-benfica/soupiska/2010-2011/	2	25	77	SEASON_APPS_FIFA11
SL Benfica	Airton	SEASON_APPS_CONFIRMED	26	https://www.eurofotbal.cz/kluby/portugalsko/sl-benfica/soupiska/2010-2011/	2	20	76	SEASON_APPS_FIFA11
SL Benfica	Javier Saviola	SEASON_APPS_CONFIRMED	45	https://www.eurofotbal.cz/kluby/portugalsko/sl-benfica/soupiska/2010-2011/	3	28	81	SEASON_APPS_FIFA11
SL Benfica	Óscar Cardozo	SEASON_APPS_CONFIRMED	42	https://www.eurofotbal.cz/kluby/portugalsko/sl-benfica/soupiska/2010-2011/	3	27	84	SEASON_APPS_FIFA11
SL Benfica	Nuno Gomes	SEASON_APPS_CONFIRMED	6	https://www.eurofotbal.cz/kluby/portugalsko/sl-benfica/soupiska/2010-2011/	3	34	75	SEASON_APPS_FIFA11
SL Benfica	Alan Kardec	SEASON_APPS_CONFIRMED	22	https://www.eurofotbal.cz/kluby/portugalsko/sl-benfica/soupiska/2010-2011/	3	21	74	SEASON_APPS_FIFA11
SL Benfica	Weldon	SEASON_APPS_CONFIRMED	7	https://www.eurofotbal.cz/kluby/portugalsko/sl-benfica/soupiska/2010-2011/	3	29	75	SEASON_APPS_FIFA11
SL Benfica	Fábio Faria	SEASON_APPS_CONFIRMED	1	https://www.eurofotbal.cz/kluby/portugalsko/sl-benfica/soupiska/2010-2011/	1	21	72	SEASON_APPS_FIFA11
SL Benfica	Maximiliano Pereira	SEASON_APPS_ADDED	49	https://www.eurofotbal.cz/kluby/portugalsko/sl-benfica/soupiska/2010-2011/	2	26	77	SEASON_ARCHIVE_EST_RATING
SL Benfica	Franco Jara	SEASON_APPS_ADDED	42	https://www.eurofotbal.cz/kluby/portugalsko/sl-benfica/soupiska/2010-2011/	3	22	76	SEASON_ARCHIVE_EST_RATING
SL Benfica	Sidnei	SEASON_APPS_ADDED	26	https://www.eurofotbal.cz/kluby/portugalsko/sl-benfica/soupiska/2010-2011/	1	20	72	SEASON_ARCHIVE_EST_RATING
Sporting CP	Rui Patrício	SEASON_APPS_CONFIRMED	42	https://www.eurofotbal.cz/kluby/portugalsko/sporting-cp/soupiska/2010-2011/	0	22	74	SEASON_APPS_EST_RATING
Sporting CP	Timo Hildebrand	SEASON_APPS_CONFIRMED	2	https://www.eurofotbal.cz/kluby/portugalsko/sporting-cp/soupiska/2010-2011/	0	31	79	SEASON_APPS_FIFA11
Sporting CP	João Pereira	SEASON_APPS_CONFIRMED	37	https://www.eurofotbal.cz/kluby/portugalsko/sporting-cp/soupiska/2010-2011/	1	26	81	SEASON_APPS_FIFA11
Sporting CP	Daniel Carriço	SEASON_APPS_CONFIRMED	37	https://www.eurofotbal.cz/kluby/portugalsko/sporting-cp/soupiska/2010-2011/	1	21	78	SEASON_APPS_FIFA11
Sporting CP	Anderson Polga	SEASON_APPS_CONFIRMED	32	https://www.eurofotbal.cz/kluby/portugalsko/sporting-cp/soupiska/2010-2011/	1	31	77	SEASON_APPS_FIFA11
Sporting CP	Evaldo	SEASON_APPS_CONFIRMED	45	https://www.eurofotbal.cz/kluby/portugalsko/sporting-cp/soupiska/2010-2011/	1	28	75	SEASON_APPS_EST_RATING
Sporting CP	Caneira	SEASON_APPS_CONFIRMED	0	https://www.eurofotbal.cz/kluby/portugalsko/sporting-cp/soupiska/2010-2011/	1	31	72	SEASON_APPS_FIFA11
Sporting CP	Pedro Mendes	SEASON_APPS_CONFIRMED	13	https://www.eurofotbal.cz/kluby/portugalsko/sporting-cp/soupiska/2010-2011/	2	31	76	SEASON_APPS_FIFA11
Sporting CP	Maniche	SEASON_APPS_CONFIRMED	28	https://www.eurofotbal.cz/kluby/portugalsko/sporting-cp/soupiska/2010-2011/	2	32	75	SEASON_APPS_FIFA11
Sporting CP	Matías Fernández	SEASON_APPS_CONFIRMED	28	https://www.eurofotbal.cz/kluby/portugalsko/sporting-cp/soupiska/2010-2011/	2	24	78	SEASON_APPS_FIFA11
Sporting CP	Jaime Valdés	SEASON_APPS_CONFIRMED	35	https://www.eurofotbal.cz/kluby/portugalsko/sporting-cp/soupiska/2010-2011/	2	29	78	SEASON_APPS_FIFA11
Sporting CP	Marat Izmailov	SEASON_APPS_CONFIRMED	3	https://www.eurofotbal.cz/kluby/portugalsko/sporting-cp/soupiska/2010-2011/	2	27	79	SEASON_APPS_FIFA11
Sporting CP	Simon Vukčević	SEASON_APPS_CONFIRMED	36	https://www.eurofotbal.cz/kluby/portugalsko/sporting-cp/soupiska/2010-2011/	2	24	78	SEASON_APPS_FIFA11
Sporting CP	Zapater	SEASON_APPS_CONFIRMED	31	https://www.eurofotbal.cz/kluby/portugalsko/sporting-cp/soupiska/2010-2011/	2	25	73	SEASON_APPS_FIFA11
Sporting CP	Liedson	SEASON_APPS_CONFIRMED	23	https://www.eurofotbal.cz/kluby/portugalsko/sporting-cp/soupiska/2010-2011/	3	32	84	SEASON_APPS_FIFA11
Sporting CP	Hélder Postiga	SEASON_APPS_CONFIRMED	41	https://www.eurofotbal.cz/kluby/portugalsko/sporting-cp/soupiska/2010-2011/	3	27	74	SEASON_APPS_FIFA11
Sporting CP	Yannick Djaló	SEASON_APPS_CONFIRMED	33	https://www.eurofotbal.cz/kluby/portugalsko/sporting-cp/soupiska/2010-2011/	3	24	76	SEASON_APPS_FIFA11
Sporting CP	Carlos Saleiro	SEASON_APPS_ADDED	38	https://www.eurofotbal.cz/kluby/portugalsko/sporting-cp/soupiska/2010-2011/	3	24	75	SEASON_ARCHIVE_EST_RATING
Sporting CP	Abel Ferreira	SEASON_APPS_ADDED	22	https://www.eurofotbal.cz/kluby/portugalsko/sporting-cp/soupiska/2010-2011/	1	31	70	SEASON_ARCHIVE_EST_RATING
Sporting CP	Marco Torsiglieri	SEASON_APPS_ADDED	22	https://www.eurofotbal.cz/kluby/portugalsko/sporting-cp/soupiska/2010-2011/	1	22	70	SEASON_ARCHIVE_EST_RATING
Sporting CP	Diogo Salomão	SEASON_APPS_ADDED	20	https://www.eurofotbal.cz/kluby/portugalsko/sporting-cp/soupiska/2010-2011/	2	21	69	SEASON_ARCHIVE_EST_RATING
Vitória SC	Nilson	SEASON_APPS_CONFIRMED	36	https://www.eurofotbal.cz/kluby/portugalsko/vitoria-sc-guimaraes/soupiska/2010-2011/	0	34	72	SEASON_APPS_EST_RATING
Vitória SC	João Paulo	SEASON_APPS_CONFIRMED	24	https://www.eurofotbal.cz/kluby/portugalsko/vitoria-sc-guimaraes/soupiska/2010-2011/	1	29	70	SEASON_APPS_FIFA11
Vitória SC	Anderson Santana	SEASON_APPS_CONFIRMED	6	https://www.eurofotbal.cz/kluby/portugalsko/vitoria-sc-guimaraes/soupiska/2010-2011/	1	24	65	SEASON_APPS_EST_RATING
Vitória SC	Flávio Meireles	SEASON_APPS_CONFIRMED	13	https://www.eurofotbal.cz/kluby/portugalsko/vitoria-sc-guimaraes/soupiska/2010-2011/	2	33	70	SEASON_APPS_FIFA11
Vitória SC	João Alves	SEASON_APPS_CONFIRMED	26	https://www.eurofotbal.cz/kluby/portugalsko/vitoria-sc-guimaraes/soupiska/2010-2011/	2	29	71	SEASON_APPS_FIFA11
Vitória SC	Rui Miguel	SEASON_APPS_CONFIRMED	26	https://www.eurofotbal.cz/kluby/portugalsko/vitoria-sc-guimaraes/soupiska/2010-2011/	2	26	72	SEASON_APPS_FIFA11
Vitória SC	Pereirinha	SEASON_APPS_CONFIRMED	10	https://www.eurofotbal.cz/kluby/portugalsko/vitoria-sc-guimaraes/soupiska/2010-2011/	2	22	75	SEASON_APPS_FIFA11
Vitória SC	Jorge Ribeiro	SEASON_APPS_CONFIRMED	17	https://www.eurofotbal.cz/kluby/portugalsko/vitoria-sc-guimaraes/soupiska/2010-2011/	1	28	74	SEASON_APPS_FIFA11
Vitória SC	Targino	SEASON_APPS_CONFIRMED	17	https://www.eurofotbal.cz/kluby/portugalsko/vitoria-sc-guimaraes/soupiska/2010-2011/	3	24	73	SEASON_APPS_FIFA11
Vitória SC	Edgar Silva	SEASON_APPS_CONFIRMED	35	https://www.eurofotbal.cz/kluby/portugalsko/vitoria-sc-guimaraes/soupiska/2010-2011/	3	23	72	SEASON_APPS_EST_RATING
Vitória SC	Maranhão	SEASON_APPS_CONFIRMED	12	https://www.eurofotbal.cz/kluby/portugalsko/vitoria-sc-guimaraes/soupiska/2010-2011/	3	25	66	SEASON_APPS_EST_RATING
Vitória SC	Toscano	SEASON_APPS_CONFIRMED	30	https://www.eurofotbal.cz/kluby/portugalsko/vitoria-sc-guimaraes/soupiska/2010-2011/	2	25	71	SEASON_APPS_EST_RATING
Vitória SC	Bruno Teles	SEASON_APPS_CONFIRMED	30	https://www.eurofotbal.cz/kluby/portugalsko/vitoria-sc-guimaraes/soupiska/2010-2011/	1	24	71	SEASON_APPS_EST_RATING
Vitória SC	João Ribeiro	SEASON_APPS_ADDED	30	https://www.eurofotbal.cz/kluby/portugalsko/vitoria-sc-guimaraes/soupiska/2010-2011/	2	22	70	SEASON_ARCHIVE_EST_RATING
Vitória SC	Cléber Monteiro	SEASON_APPS_ADDED	29	https://www.eurofotbal.cz/kluby/portugalsko/vitoria-sc-guimaraes/soupiska/2010-2011/	2	30	70	SEASON_ARCHIVE_EST_RATING
Vitória SC	Abdelghani Faouzi	SEASON_APPS_ADDED	20	https://www.eurofotbal.cz/kluby/portugalsko/vitoria-sc-guimaraes/soupiska/2010-2011/	3	25	68	SEASON_ARCHIVE_EST_RATING
Vitória Setúbal	Ricardo Batista	UNVERIFIED_SOURCE_GAP			0	32	66	UNVERIFIED_ESTIMATED
Vitória Setúbal	Aurélien Collin	SEASON_APPS_CONFIRMED	17	https://www.eurofotbal.cz/kluby/portugalsko/vitoria-fc-setubal/soupiska/2010-2011/	1	24	73	SEASON_APPS_FIFA11
Vitória Setúbal	Ricardo Silva	SEASON_APPS_CONFIRMED	29	https://www.eurofotbal.cz/kluby/portugalsko/vitoria-fc-setubal/soupiska/2010-2011/	1	34	69	SEASON_APPS_EST_RATING
Vitória Setúbal	Miguelito	SEASON_APPS_CONFIRMED	32	https://www.eurofotbal.cz/kluby/portugalsko/vitoria-fc-setubal/soupiska/2010-2011/	2	29	71	SEASON_APPS_EST_RATING
Vitória Setúbal	Joãozinho	UNVERIFIED_SOURCE_GAP			2	33	57	UNVERIFIED_FIFA11_RATING_EST_AGE_ECONOMY
Vitória Setúbal	Hugo Leal	SEASON_APPS_CONFIRMED	26	https://www.eurofotbal.cz/kluby/portugalsko/vitoria-fc-setubal/soupiska/2010-2011/	2	30	70	SEASON_APPS_FIFA11
Vitória Setúbal	Bruno Gallo	SEASON_APPS_CONFIRMED	10	https://www.eurofotbal.cz/kluby/portugalsko/vitoria-fc-setubal/soupiska/2010-2011/	2	22	64	SEASON_APPS_FIFA11
Vitória Setúbal	Zé Pedro	UNVERIFIED_SOURCE_GAP			1	21	63	UNVERIFIED_ESTIMATED
Vitória Setúbal	Paulo Regula	SEASON_APPS_CONFIRMED	4	https://www.eurofotbal.cz/kluby/portugalsko/vitoria-fc-setubal/soupiska/2010-2011/	2	21	63	SEASON_APPS_FIFA11
Vitória Setúbal	Jaílson	SEASON_APPS_CONFIRMED	23	https://www.eurofotbal.cz/kluby/portugalsko/vitoria-fc-setubal/soupiska/2010-2011/	3	29	67	SEASON_APPS_FIFA11
Vitória Setúbal	Leandro Branco	UNVERIFIED_SOURCE_GAP			2	31	64	UNVERIFIED_ESTIMATED
Vitória Setúbal	Valdomiro	SEASON_APPS_CONFIRMED	22	https://www.eurofotbal.cz/kluby/portugalsko/vitoria-fc-setubal/soupiska/2010-2011/	1	31	68	SEASON_APPS_EST_RATING
Vitória Setúbal	Ney Santos	SEASON_APPS_CONFIRMED	25	https://www.eurofotbal.cz/kluby/portugalsko/vitoria-fc-setubal/soupiska/2010-2011/	1	29	69	SEASON_APPS_EST_RATING
Vitória Setúbal	Zeca	SEASON_APPS_ADDED	29	https://www.eurofotbal.cz/kluby/portugalsko/vitoria-fc-setubal/soupiska/2010-2011/	2	21	69	SEASON_ARCHIVE_EST_RATING
Vitória Setúbal	Cláudio Pitbull	SEASON_APPS_ADDED	29	https://www.eurofotbal.cz/kluby/portugalsko/vitoria-fc-setubal/soupiska/2010-2011/	3	28	70	SEASON_ARCHIVE_EST_RATING
Vitória Setúbal	Neca	SEASON_APPS_ADDED	28	https://www.eurofotbal.cz/kluby/portugalsko/vitoria-fc-setubal/soupiska/2010-2011/	2	30	70	SEASON_ARCHIVE_EST_RATING
Vitória Setúbal	Sassá	SEASON_APPS_ADDED	20	https://www.eurofotbal.cz/kluby/portugalsko/vitoria-fc-setubal/soupiska/2010-2011/	3	22	67	SEASON_ARCHIVE_EST_RATING
Vitória Setúbal	Anderson do Ó	SEASON_APPS_ADDED	18	https://www.eurofotbal.cz/kluby/portugalsko/vitoria-fc-setubal/soupiska/2010-2011/	1	29	67	SEASON_ARCHIVE_EST_RATING
Astra Ploiești	Silviu Lung Jr.	UNVERIFIED_SOURCE_GAP			0	21	63	UNVERIFIED_ESTIMATED
Astra Ploiești	Miron	UNVERIFIED_SOURCE_GAP			0	21	65	UNVERIFIED_ESTIMATED
Astra Ploiești	Ovidiu Mihalache	UNVERIFIED_SOURCE_GAP			1	26	62	UNVERIFIED_ESTIMATED
Astra Ploiești	Alexandru Mățel	SEASON_APPS_CONFIRMED	29	https://www.eurofotbal.cz/kluby/rumunsko/astra-giurgiu/soupiska/2010-2011/	1	20	66	SEASON_APPS_EST_RATING
Astra Ploiești	Takayuki Seto	SEASON_APPS_CONFIRMED	34	https://www.eurofotbal.cz/kluby/rumunsko/astra-giurgiu/soupiska/2010-2011/	2	24	68	SEASON_APPS_EST_RATING
Astra Ploiești	Florin Lovin	UNVERIFIED_SOURCE_GAP			1	31	62	UNVERIFIED_ESTIMATED
Astra Ploiești	Nicolae Grigore	UNVERIFIED_SOURCE_GAP			1	33	60	UNVERIFIED_ESTIMATED
Astra Ploiești	Gabriel Enache	UNVERIFIED_SOURCE_GAP			1	22	60	UNVERIFIED_ESTIMATED
Astra Ploiești	Fatai Kehinde	UNVERIFIED_SOURCE_GAP			2	32	64	UNVERIFIED_ESTIMATED
Astra Ploiești	Mirko Ivanovski	UNVERIFIED_SOURCE_GAP			2	27	60	UNVERIFIED_ESTIMATED
Astra Ploiești	Bogdan Chipirliu	UNVERIFIED_SOURCE_GAP			2	32	65	UNVERIFIED_ESTIMATED
Astra Ploiești	Marian Cristescu	UNVERIFIED_SOURCE_GAP			2	26	64	UNVERIFIED_ESTIMATED
Astra Ploiești	Paulinho	SEASON_APPS_CONFIRMED	19	https://www.eurofotbal.cz/kluby/rumunsko/astra-giurgiu/soupiska/2010-2011/	2	25	65	SEASON_APPS_EST_RATING
Astra Ploiești	Marius Mihalache	SEASON_APPS_ADDED	33	https://www.eurofotbal.cz/kluby/rumunsko/astra-giurgiu/soupiska/2010-2011/	1	25	68	SEASON_ARCHIVE_EST_RATING
Astra Ploiești	Sorin Strătilă	SEASON_APPS_ADDED	32	https://www.eurofotbal.cz/kluby/rumunsko/astra-giurgiu/soupiska/2010-2011/	2	23	68	SEASON_ARCHIVE_EST_RATING
Astra Ploiești	Kehinde Fatai	SEASON_APPS_ADDED	28	https://www.eurofotbal.cz/kluby/rumunsko/astra-giurgiu/soupiska/2010-2011/	3	20	66	SEASON_ARCHIVE_EST_RATING
Astra Ploiești	Lucian Goian	SEASON_APPS_ADDED	24	https://www.eurofotbal.cz/kluby/rumunsko/astra-giurgiu/soupiska/2010-2011/	1	27	66	SEASON_ARCHIVE_EST_RATING
Astra Ploiești	Osvaldo Miranda	SEASON_APPS_ADDED	24	https://www.eurofotbal.cz/kluby/rumunsko/astra-giurgiu/soupiska/2010-2011/	3	26	66	SEASON_ARCHIVE_EST_RATING
Astra Ploiești	Radek Opršal	SEASON_APPS_ADDED	23	https://www.eurofotbal.cz/kluby/rumunsko/astra-giurgiu/soupiska/2010-2011/	1	32	65	SEASON_ARCHIVE_EST_RATING
Astra Ploiești	Marius Tigoianu	SEASON_APPS_ADDED	23	https://www.eurofotbal.cz/kluby/rumunsko/astra-giurgiu/soupiska/2010-2011/	2	20	65	SEASON_ARCHIVE_EST_RATING
Astra Ploiești	Alexandru Stan	SEASON_APPS_ADDED	19	https://www.eurofotbal.cz/kluby/rumunsko/astra-giurgiu/soupiska/2010-2011/	2	21	64	SEASON_ARCHIVE_EST_RATING
CFR Cluj	Nuno Claro	SEASON_APPS_CONFIRMED	27	https://www.eurofotbal.cz/kluby/rumunsko/cfr-cluj/soupiska/2010-2011/	0	33	69	SEASON_APPS_EST_RATING
CFR Cluj	Mihai Mincă	SEASON_APPS_CONFIRMED	8	https://www.eurofotbal.cz/kluby/rumunsko/cfr-cluj/soupiska/2010-2011/	0	25	65	SEASON_APPS_EST_RATING
CFR Cluj	Boris Pešković	SEASON_APPS_CONFIRMED	0	https://www.eurofotbal.cz/kluby/rumunsko/cfr-cluj/soupiska/2010-2011/	0	34	62	SEASON_APPS_EST_RATING
CFR Cluj	Eduard Stăncioiu	SEASON_APPS_CONFIRMED	9	https://www.eurofotbal.cz/kluby/rumunsko/cfr-cluj/soupiska/2010-2011/	0	29	65	SEASON_APPS_EST_RATING
CFR Cluj	Tony	SEASON_APPS_CONFIRMED	13	https://www.eurofotbal.cz/kluby/rumunsko/cfr-cluj/soupiska/2010-2011/	1	29	65	SEASON_APPS_EST_RATING
CFR Cluj	Edimar	SEASON_APPS_CONFIRMED	18	https://www.eurofotbal.cz/kluby/rumunsko/cfr-cluj/soupiska/2010-2011/	1	24	66	SEASON_APPS_EST_RATING
CFR Cluj	Cristian Panin	SEASON_APPS_CONFIRMED	32	https://www.eurofotbal.cz/kluby/rumunsko/cfr-cluj/soupiska/2010-2011/	1	32	69	SEASON_APPS_EST_RATING
CFR Cluj	Felice Piccolo	SEASON_APPS_CONFIRMED	19	https://www.eurofotbal.cz/kluby/rumunsko/cfr-cluj/soupiska/2010-2011/	1	26	67	SEASON_APPS_EST_RATING
CFR Cluj	Ionuț Rada	SEASON_APPS_CONFIRMED	28	https://www.eurofotbal.cz/kluby/rumunsko/cfr-cluj/soupiska/2010-2011/	1	28	69	SEASON_APPS_EST_RATING
CFR Cluj	Emmanuel Culio	SEASON_APPS_CONFIRMED	26	https://www.eurofotbal.cz/kluby/rumunsko/cfr-cluj/soupiska/2010-2011/	2	26	68	SEASON_APPS_EST_RATING
CFR Cluj	Sixto Peralta	SEASON_APPS_CONFIRMED	26	https://www.eurofotbal.cz/kluby/rumunsko/cfr-cluj/soupiska/2010-2011/	2	31	67	SEASON_APPS_EST_RATING
CFR Cluj	Roberto De Zerbi	SEASON_APPS_CONFIRMED	14	https://www.eurofotbal.cz/kluby/rumunsko/cfr-cluj/soupiska/2010-2011/	2	31	65	SEASON_APPS_EST_RATING
CFR Cluj	Rafael Bastos	SEASON_APPS_CONFIRMED	30	https://www.eurofotbal.cz/kluby/rumunsko/cfr-cluj/soupiska/2010-2011/	2	25	70	SEASON_APPS_EST_RATING
CFR Cluj	Gabriel Mureșan	SEASON_APPS_CONFIRMED	18	https://www.eurofotbal.cz/kluby/rumunsko/cfr-cluj/soupiska/2010-2011/	1	28	66	SEASON_APPS_EST_RATING
CFR Cluj	Dominique Kivuvu	SEASON_APPS_CONFIRMED	27	https://www.eurofotbal.cz/kluby/rumunsko/cfr-cluj/soupiska/2010-2011/	1	22	68	SEASON_APPS_EST_RATING
CFR Cluj	Ioan Hora	SEASON_APPS_CONFIRMED	29	https://www.eurofotbal.cz/kluby/rumunsko/cfr-cluj/soupiska/2010-2011/	3	21	68	SEASON_APPS_EST_RATING
CFR Cluj	Emmanuel Koné	SEASON_APPS_CONFIRMED	26	https://www.eurofotbal.cz/kluby/rumunsko/cfr-cluj/soupiska/2010-2011/	2	23	68	SEASON_APPS_EST_RATING
CFR Cluj	Emil Dică	SEASON_APPS_CONFIRMED	24	https://www.eurofotbal.cz/kluby/rumunsko/cfr-cluj/soupiska/2010-2011/	2	28	68	SEASON_APPS_EST_RATING
CFR Cluj	Tomás Costa	SEASON_APPS_CONFIRMED	10	https://www.eurofotbal.cz/kluby/rumunsko/cfr-cluj/soupiska/2010-2011/	2	25	64	SEASON_APPS_EST_RATING
CFR Cluj	Ricardo Cadú	SEASON_APPS_ADDED	37	https://www.eurofotbal.cz/kluby/rumunsko/cfr-cluj/soupiska/2010-2011/	1	28	71	SEASON_ARCHIVE_EST_RATING
CFR Cluj	Cristian Bud	SEASON_APPS_ADDED	23	https://www.eurofotbal.cz/kluby/rumunsko/cfr-cluj/soupiska/2010-2011/	3	25	68	SEASON_ARCHIVE_EST_RATING
CFR Cluj	Saša Bjelanović	SEASON_APPS_ADDED	19	https://www.eurofotbal.cz/kluby/rumunsko/cfr-cluj/soupiska/2010-2011/	3	31	66	SEASON_ARCHIVE_EST_RATING
Dinamo București	Emilian Dolha	SEASON_APPS_CONFIRMED	15	https://www.eurofotbal.cz/kluby/rumunsko/dinamo-bukurest/soupiska/2010-2011/	0	30	67	SEASON_APPS_EST_RATING
Dinamo București	Cristian Bălgrădean	SEASON_APPS_CONFIRMED	13	https://www.eurofotbal.cz/kluby/rumunsko/dinamo-bukurest/soupiska/2010-2011/	0	22	64	SEASON_APPS_EST_RATING
Dinamo București	Kristijan Naumovski	SEASON_APPS_CONFIRMED	7	https://www.eurofotbal.cz/kluby/rumunsko/dinamo-bukurest/soupiska/2010-2011/	0	21	63	SEASON_APPS_EST_RATING
Dinamo București	Cosmin Moți	SEASON_APPS_CONFIRMED	32	https://www.eurofotbal.cz/kluby/rumunsko/dinamo-bukurest/soupiska/2010-2011/	1	25	70	SEASON_APPS_EST_RATING
Dinamo București	Dragoș Grigore	SEASON_APPS_CONFIRMED	23	https://www.eurofotbal.cz/kluby/rumunsko/dinamo-bukurest/soupiska/2010-2011/	1	23	68	SEASON_APPS_EST_RATING
Dinamo București	Cristian Pulhac	SEASON_APPS_CONFIRMED	4	https://www.eurofotbal.cz/kluby/rumunsko/dinamo-bukurest/soupiska/2010-2011/	1	25	63	SEASON_APPS_EST_RATING
Dinamo București	Cătălin Munteanu	SEASON_APPS_CONFIRMED	34	https://www.eurofotbal.cz/kluby/rumunsko/dinamo-bukurest/soupiska/2010-2011/	2	31	69	SEASON_APPS_EST_RATING
Dinamo București	Djakaridja Koné	SEASON_APPS_CONFIRMED	31	https://www.eurofotbal.cz/kluby/rumunsko/dinamo-bukurest/soupiska/2010-2011/	2	24	70	SEASON_APPS_EST_RATING
Dinamo București	Andrei Mărgăritescu	SEASON_APPS_CONFIRMED	20	https://www.eurofotbal.cz/kluby/rumunsko/dinamo-bukurest/soupiska/2010-2011/	2	30	67	SEASON_APPS_EST_RATING
Dinamo București	Elis Bakaj	SEASON_APPS_CONFIRMED	19	https://www.eurofotbal.cz/kluby/rumunsko/dinamo-bukurest/soupiska/2010-2011/	2	23	67	SEASON_APPS_EST_RATING
Dinamo București	Bogdan Pătrașcu	SEASON_APPS_CONFIRMED	12	https://www.eurofotbal.cz/kluby/rumunsko/dinamo-bukurest/soupiska/2010-2011/	2	31	64	SEASON_APPS_EST_RATING
Dinamo București	Gabriel Torje	SEASON_APPS_CONFIRMED	33	https://www.eurofotbal.cz/kluby/rumunsko/dinamo-bukurest/soupiska/2010-2011/	2	20	69	SEASON_APPS_EST_RATING
Dinamo București	Ionel Dănciulescu	SEASON_APPS_CONFIRMED	32	https://www.eurofotbal.cz/kluby/rumunsko/dinamo-bukurest/soupiska/2010-2011/	3	33	69	SEASON_APPS_EST_RATING
Dinamo București	Marius Alexe	SEASON_APPS_CONFIRMED	28	https://www.eurofotbal.cz/kluby/rumunsko/dinamo-bukurest/soupiska/2010-2011/	3	20	68	SEASON_APPS_EST_RATING
Dinamo București	Adrian Cristea	SEASON_APPS_CONFIRMED	20	https://www.eurofotbal.cz/kluby/rumunsko/dinamo-bukurest/soupiska/2010-2011/	2	26	67	SEASON_APPS_EST_RATING
Dinamo București	Marius Niculae	SEASON_APPS_CONFIRMED	18	https://www.eurofotbal.cz/kluby/rumunsko/dinamo-bukurest/soupiska/2010-2011/	3	29	66	SEASON_APPS_EST_RATING
Dinamo București	Andrei Cristea	SEASON_APPS_CONFIRMED	14	https://www.eurofotbal.cz/kluby/rumunsko/dinamo-bukurest/soupiska/2010-2011/	3	26	66	SEASON_APPS_EST_RATING
Dinamo București	George Țucudean	SEASON_APPS_CONFIRMED	13	https://www.eurofotbal.cz/kluby/rumunsko/dinamo-bukurest/soupiska/2010-2011/	3	19	63	SEASON_APPS_EST_RATING
Dinamo București	Liviu Ganea	SEASON_APPS_ADDED	36	https://www.eurofotbal.cz/kluby/rumunsko/dinamo-bukurest/soupiska/2010-2011/	3	22	70	SEASON_ARCHIVE_EST_RATING
Dinamo București	Valeriu Bordeanu	SEASON_APPS_ADDED	21	https://www.eurofotbal.cz/kluby/rumunsko/dinamo-bukurest/soupiska/2010-2011/	1	33	66	SEASON_ARCHIVE_EST_RATING
Dinamo București	Oscar Rubio	SEASON_APPS_ADDED	20	https://www.eurofotbal.cz/kluby/rumunsko/dinamo-bukurest/soupiska/2010-2011/	1	26	67	SEASON_ARCHIVE_EST_RATING
Oțelul Galați	Branko Grahovac	SEASON_APPS_CONFIRMED	33	https://www.eurofotbal.cz/kluby/rumunsko/otelul-galati/soupiska/2010-2011/	0	27	69	SEASON_APPS_EST_RATING
Oțelul Galați	Cornel Râpă	SEASON_APPS_CONFIRMED	34	https://www.eurofotbal.cz/kluby/rumunsko/otelul-galati/soupiska/2010-2011/	1	20	67	SEASON_APPS_EST_RATING
Oțelul Galați	Adrian Sălăgeanu	SEASON_APPS_CONFIRMED	29	https://www.eurofotbal.cz/kluby/rumunsko/otelul-galati/soupiska/2010-2011/	2	27	67	SEASON_APPS_EST_RATING
Oțelul Galați	Cristian Sârghi	SEASON_APPS_CONFIRMED	16	https://www.eurofotbal.cz/kluby/rumunsko/otelul-galati/soupiska/2010-2011/	1	23	64	SEASON_APPS_EST_RATING
Oțelul Galați	Sergiu Costin	SEASON_APPS_CONFIRMED	32	https://www.eurofotbal.cz/kluby/rumunsko/otelul-galati/soupiska/2010-2011/	2	31	67	SEASON_APPS_EST_RATING
Oțelul Galați	Cornel Cernea	UNVERIFIED_SOURCE_GAP			1	31	64	UNVERIFIED_ESTIMATED
Oțelul Galați	Gabriel Giurgiu	SEASON_APPS_CONFIRMED	29	https://www.eurofotbal.cz/kluby/rumunsko/otelul-galati/soupiska/2010-2011/	2	27	67	SEASON_APPS_EST_RATING
Oțelul Galați	Ionuț Neagu	SEASON_APPS_CONFIRMED	27	https://www.eurofotbal.cz/kluby/rumunsko/otelul-galati/soupiska/2010-2011/	2	20	66	SEASON_APPS_EST_RATING
Oțelul Galați	Gabriel Paraschiv	SEASON_APPS_CONFIRMED	27	https://www.eurofotbal.cz/kluby/rumunsko/otelul-galati/soupiska/2010-2011/	2	32	66	SEASON_APPS_EST_RATING
Oțelul Galați	Silviu Ilie	SEASON_APPS_CONFIRMED	30	https://www.eurofotbal.cz/kluby/rumunsko/otelul-galati/soupiska/2010-2011/	2	22	67	SEASON_APPS_EST_RATING
Oțelul Galați	Liviu Antal	SEASON_APPS_CONFIRMED	29	https://www.eurofotbal.cz/kluby/rumunsko/otelul-galati/soupiska/2010-2011/	2	21	66	SEASON_APPS_EST_RATING
Oțelul Galați	Laurențiu Buș	SEASON_APPS_CONFIRMED	10	https://www.eurofotbal.cz/kluby/rumunsko/otelul-galati/soupiska/2010-2011/	2	22	61	SEASON_APPS_EST_RATING
Oțelul Galați	Marius Pena	SEASON_APPS_CONFIRMED	28	https://www.eurofotbal.cz/kluby/rumunsko/otelul-galati/soupiska/2010-2011/	3	25	67	SEASON_APPS_EST_RATING
Oțelul Galați	Bratislav Punoševac	SEASON_APPS_CONFIRMED	10	https://www.eurofotbal.cz/kluby/rumunsko/otelul-galati/soupiska/2010-2011/	3	23	62	SEASON_APPS_EST_RATING
Oțelul Galați	Marius Matei	UNVERIFIED_SOURCE_GAP			2	23	63	UNVERIFIED_ESTIMATED
Oțelul Galați	John Ibeh	SEASON_APPS_CONFIRMED	9	https://www.eurofotbal.cz/kluby/rumunsko/otelul-galati/soupiska/2010-2011/	2	24	62	SEASON_APPS_EST_RATING
Oțelul Galați	Cristian Ochiroșii	UNVERIFIED_SOURCE_GAP			3	25	60	UNVERIFIED_ESTIMATED
Oțelul Galați	Gabriel Viglianti	SEASON_APPS_CONFIRMED	26	https://www.eurofotbal.cz/kluby/rumunsko/otelul-galati/soupiska/2010-2011/	2	30	66	SEASON_APPS_EST_RATING
Oțelul Galați	Milan Perendija	SEASON_APPS_ADDED	24	https://www.eurofotbal.cz/kluby/rumunsko/otelul-galati/soupiska/2010-2011/	1	24	66	SEASON_ARCHIVE_EST_RATING
Rapid București	Mircea Bornescu	SEASON_APPS_CONFIRMED	21	https://www.eurofotbal.cz/kluby/rumunsko/rapid-1923/soupiska/2010-2011/	0	30	68	SEASON_APPS_EST_RATING
Rapid București	Dănuț Coman	SEASON_APPS_CONFIRMED	14	https://www.eurofotbal.cz/kluby/rumunsko/rapid-1923/soupiska/2010-2011/	0	31	66	SEASON_APPS_EST_RATING
Rapid București	Marcos António	SEASON_APPS_CONFIRMED	34	https://www.eurofotbal.cz/kluby/rumunsko/rapid-1923/soupiska/2010-2011/	1	27	70	SEASON_APPS_EST_RATING
Rapid București	Marius Constantin	SEASON_APPS_CONFIRMED	19	https://www.eurofotbal.cz/kluby/rumunsko/rapid-1923/soupiska/2010-2011/	1	25	67	SEASON_APPS_EST_RATING
Rapid București	Ovidiu Herea	SEASON_APPS_CONFIRMED	33	https://www.eurofotbal.cz/kluby/rumunsko/rapid-1923/soupiska/2010-2011/	2	25	70	SEASON_APPS_EST_RATING
Rapid București	Vladimir Božović	SEASON_APPS_CONFIRMED	30	https://www.eurofotbal.cz/kluby/rumunsko/rapid-1923/soupiska/2010-2011/	2	28	70	SEASON_APPS_EST_RATING
Rapid București	Rui Duarte	SEASON_APPS_CONFIRMED	27	https://www.eurofotbal.cz/kluby/rumunsko/rapid-1923/soupiska/2010-2011/	1	29	69	SEASON_APPS_EST_RATING
Rapid București	Ezequias	SEASON_APPS_CONFIRMED	20	https://www.eurofotbal.cz/kluby/rumunsko/rapid-1923/soupiska/2010-2011/	1	29	67	SEASON_APPS_EST_RATING
Rapid București	Glauber	SEASON_APPS_CONFIRMED	25	https://www.eurofotbal.cz/kluby/rumunsko/rapid-1923/soupiska/2010-2011/	1	26	68	SEASON_APPS_EST_RATING
Rapid București	Costin Lazăr	SEASON_APPS_CONFIRMED	24	https://www.eurofotbal.cz/kluby/rumunsko/rapid-1923/soupiska/2010-2011/	2	29	68	SEASON_APPS_EST_RATING
Rapid București	Dan Alexa	UNVERIFIED_SOURCE_GAP			2	29	68	UNVERIFIED_ESTIMATED
Rapid București	Juliano Spadacio	SEASON_APPS_CONFIRMED	29	https://www.eurofotbal.cz/kluby/rumunsko/rapid-1923/soupiska/2010-2011/	2	29	69	SEASON_APPS_EST_RATING
Rapid București	Mihai Roman	SEASON_APPS_CONFIRMED	31	https://www.eurofotbal.cz/kluby/rumunsko/rapid-1923/soupiska/2010-2011/	2	25	70	SEASON_APPS_EST_RATING
Rapid București	Cesinha	SEASON_APPS_CONFIRMED	22	https://www.eurofotbal.cz/kluby/rumunsko/rapid-1923/soupiska/2010-2011/	3	30	68	SEASON_APPS_EST_RATING
Rapid București	Ștefan Grigorie	SEASON_APPS_CONFIRMED	19	https://www.eurofotbal.cz/kluby/rumunsko/rapid-1923/soupiska/2010-2011/	2	28	67	SEASON_APPS_EST_RATING
Rapid București	Cassio Vargas	SEASON_APPS_CONFIRMED	23	https://www.eurofotbal.cz/kluby/rumunsko/rapid-1923/soupiska/2010-2011/	3	26	68	SEASON_APPS_EST_RATING
Rapid București	Sabrin Sburlea	SEASON_APPS_CONFIRMED	26	https://www.eurofotbal.cz/kluby/rumunsko/rapid-1923/soupiska/2010-2011/	3	21	67	SEASON_APPS_EST_RATING
Rapid București	Sorin Frunză	SEASON_APPS_ADDED	26	https://www.eurofotbal.cz/kluby/rumunsko/rapid-1923/soupiska/2010-2011/	2	32	67	SEASON_ARCHIVE_EST_RATING
Steaua București	Ciprian Tătărușanu	SEASON_APPS_CONFIRMED	46	https://www.eurofotbal.cz/kluby/rumunsko/fcsb/soupiska/2010-2011/	0	24	74	SEASON_APPS_EST_RATING
Steaua București	Răzvan Stanca	SEASON_APPS_CONFIRMED	2	https://www.eurofotbal.cz/kluby/rumunsko/fcsb/soupiska/2010-2011/	0	30	65	SEASON_APPS_EST_RATING
Steaua București	Iasmin Latovlevici	SEASON_APPS_CONFIRMED	38	https://www.eurofotbal.cz/kluby/rumunsko/fcsb/soupiska/2010-2011/	1	24	74	SEASON_APPS_EST_RATING
Steaua București	Florin Gardoș	SEASON_APPS_CONFIRMED	32	https://www.eurofotbal.cz/kluby/rumunsko/fcsb/soupiska/2010-2011/	1	21	71	SEASON_APPS_EST_RATING
Steaua București	Ifeanyi Emeghara	SEASON_APPS_CONFIRMED	16	https://www.eurofotbal.cz/kluby/rumunsko/fcsb/soupiska/2010-2011/	1	26	68	SEASON_APPS_EST_RATING
Steaua București	George Galamaz	SEASON_APPS_CONFIRMED	14	https://www.eurofotbal.cz/kluby/rumunsko/fcsb/soupiska/2010-2011/	1	29	68	SEASON_APPS_EST_RATING
Steaua București	Geraldo Alves	SEASON_APPS_CONFIRMED	37	https://www.eurofotbal.cz/kluby/rumunsko/fcsb/soupiska/2010-2011/	1	29	73	SEASON_APPS_EST_RATING
Steaua București	Pablo Brandán	SEASON_APPS_CONFIRMED	29	https://www.eurofotbal.cz/kluby/rumunsko/fcsb/soupiska/2010-2011/	1	27	71	SEASON_APPS_EST_RATING
Steaua București	Bănel Nicoliță	SEASON_APPS_CONFIRMED	37	https://www.eurofotbal.cz/kluby/rumunsko/fcsb/soupiska/2010-2011/	2	25	73	SEASON_APPS_EST_RATING
Steaua București	Cristian Tănase	SEASON_APPS_CONFIRMED	38	https://www.eurofotbal.cz/kluby/rumunsko/fcsb/soupiska/2010-2011/	1	23	74	SEASON_APPS_EST_RATING
Steaua București	Mihai Răduț	SEASON_APPS_CONFIRMED	28	https://www.eurofotbal.cz/kluby/rumunsko/fcsb/soupiska/2010-2011/	2	20	70	SEASON_APPS_EST_RATING
Steaua București	Eric Bicfalvi	SEASON_APPS_CONFIRMED	28	https://www.eurofotbal.cz/kluby/rumunsko/fcsb/soupiska/2010-2011/	2	22	70	SEASON_APPS_EST_RATING
Steaua București	Ricardo Gomes	SEASON_APPS_CONFIRMED	22	https://www.eurofotbal.cz/kluby/rumunsko/fcsb/soupiska/2010-2011/	2	29	70	SEASON_APPS_EST_RATING
Steaua București	Janos Székely	SEASON_APPS_CONFIRMED	16	https://www.eurofotbal.cz/kluby/rumunsko/fcsb/soupiska/2010-2011/	2	27	68	SEASON_APPS_EST_RATING
Steaua București	Bogdan Stancu	SEASON_APPS_CONFIRMED	26	https://www.eurofotbal.cz/kluby/rumunsko/fcsb/soupiska/2010-2011/	3	23	70	SEASON_APPS_EST_RATING
Steaua București	Pantelis Kapetanos	SEASON_APPS_CONFIRMED	17	https://www.eurofotbal.cz/kluby/rumunsko/fcsb/soupiska/2010-2011/	3	27	68	SEASON_APPS_EST_RATING
Steaua București	Romeo Surdu	SEASON_APPS_ADDED	33	https://www.eurofotbal.cz/kluby/rumunsko/fcsb/soupiska/2010-2011/	3	26	72	SEASON_ARCHIVE_EST_RATING
Steaua București	Marius Bilaşco	SEASON_APPS_ADDED	30	https://www.eurofotbal.cz/kluby/rumunsko/fcsb/soupiska/2010-2011/	3	29	72	SEASON_ARCHIVE_EST_RATING
Steaua București	Éder Bonfim	SEASON_APPS_ADDED	25	https://www.eurofotbal.cz/kluby/rumunsko/fcsb/soupiska/2010-2011/	1	29	70	SEASON_ARCHIVE_EST_RATING
Steaua București	Laurenţiu Marinescu	SEASON_APPS_ADDED	20	https://www.eurofotbal.cz/kluby/rumunsko/fcsb/soupiska/2010-2011/	2	25	69	SEASON_ARCHIVE_EST_RATING
FC Timișoara	Costel Pantilimon	SEASON_APPS_CONFIRMED	0	https://www.uefa.com/uefachampionsleague/news/025a-0ea66cdeff68-f71fb5433f56-1000--city-sign-romania-goalkeeper-pantilimon/	0	23	62	SEASON_APPS_EST_RATING
FC Timișoara	Pedro Taborda	SEASON_ROSTER_CONFIRMED		https://www.romaniansoccer.ro/clubs/politehnica_aek_timisoara/timisoara_fc_2010_11.shtml	0	32	68	SEASON_ROSTER_EST_RATING
FC Timișoara	Cosmin Contra	UNVERIFIED_SOURCE_GAP			1	23	70	UNVERIFIED_ESTIMATED
FC Timișoara	Ioan Mera	UNVERIFIED_SOURCE_GAP			1	32	65	UNVERIFIED_ESTIMATED
FC Timișoara	Cristian Scutaru	UNVERIFIED_SOURCE_GAP			1	31	66	UNVERIFIED_ESTIMATED
FC Timișoara	Marian Cisovsky	UNVERIFIED_SOURCE_GAP			1	27	67	UNVERIFIED_ESTIMATED
FC Timișoara	Laszlo Sepsi	SEASON_ROSTER_CONFIRMED		https://www.romaniansoccer.ro/clubs/politehnica_aek_timisoara/timisoara_fc_2010_11.shtml	1	24	69	SEASON_ROSTER_EST_RATING
FC Timișoara	Alexandru Bourceanu	SEASON_ROSTER_CONFIRMED		https://www.romaniansoccer.ro/clubs/politehnica_aek_timisoara/timisoara_fc_2010_11.shtml	2	25	69	SEASON_ROSTER_EST_RATING
FC Timișoara	Iulian Tameș	SEASON_ROSTER_CONFIRMED		https://www.romaniansoccer.ro/clubs/politehnica_aek_timisoara/timisoara_fc_2010_11.shtml	2	31	70	SEASON_ROSTER_EST_RATING
FC Timișoara	Alexandru Curtean	UNVERIFIED_SOURCE_GAP			2	26	66	UNVERIFIED_ESTIMATED
FC Timișoara	Dare Vršič	UNVERIFIED_SOURCE_GAP			2	28	68	UNVERIFIED_ESTIMATED
FC Timișoara	Ianis Zicu	SEASON_ROSTER_CONFIRMED		https://www.romaniansoccer.ro/clubs/politehnica_aek_timisoara/timisoara_fc_2010_11.shtml	3	26	68	SEASON_ROSTER_EST_RATING
FC Timișoara	Dorin Goga	SEASON_ROSTER_CONFIRMED		https://www.romaniansoccer.ro/clubs/politehnica_aek_timisoara/timisoara_fc_2010_11.shtml	3	26	69	SEASON_ROSTER_EST_RATING
FC Timișoara	Lukáš Magera	UNVERIFIED_SOURCE_GAP			2	30	67	UNVERIFIED_ESTIMATED
FC Timișoara	Mircea Axente	SEASON_ROSTER_CONFIRMED		https://www.romaniansoccer.ro/clubs/politehnica_aek_timisoara/timisoara_fc_2010_11.shtml	3	23	66	SEASON_ROSTER_EST_RATING
FC Timișoara	Mansour Gueye	UNVERIFIED_SOURCE_GAP			3	21	64	UNVERIFIED_ESTIMATED
FC Timișoara	Alexandru Popovici	UNVERIFIED_SOURCE_GAP			3	21	67	UNVERIFIED_ESTIMATED
FC Timișoara	Adrian Poparadu	UNVERIFIED_SOURCE_GAP			3	22	67	UNVERIFIED_ESTIMATED
FC Timișoara	Cosmin Matei	UNVERIFIED_SOURCE_GAP			3	23	66	UNVERIFIED_ESTIMATED
SC Vaslui	Dušan Kuciak	SEASON_APPS_CONFIRMED	32	https://www.eurofotbal.cz/kluby/rumunsko/fc-vaslui/soupiska/2010-2011/	0	25	71	SEASON_APPS_EST_RATING
SC Vaslui	Vytautas Černiauskas	SEASON_APPS_CONFIRMED	4	https://www.eurofotbal.cz/kluby/rumunsko/fc-vaslui/soupiska/2010-2011/	0	21	62	SEASON_APPS_EST_RATING
SC Vaslui	Claudiu Puia	SEASON_APPS_CONFIRMED	1	https://www.eurofotbal.cz/kluby/rumunsko/fc-vaslui/soupiska/2010-2011/	0	23	62	SEASON_APPS_EST_RATING
SC Vaslui	Paul Papp	SEASON_APPS_CONFIRMED	34	https://www.eurofotbal.cz/kluby/rumunsko/fc-vaslui/soupiska/2010-2011/	1	20	69	SEASON_APPS_EST_RATING
SC Vaslui	David Rivas	SEASON_APPS_CONFIRMED	13	https://www.eurofotbal.cz/kluby/rumunsko/fc-vaslui/soupiska/2010-2011/	1	31	64	SEASON_APPS_EST_RATING
SC Vaslui	Richard Annang	SEASON_APPS_CONFIRMED	5	https://www.eurofotbal.cz/kluby/rumunsko/fc-vaslui/soupiska/2010-2011/	2	19	61	SEASON_APPS_EST_RATING
SC Vaslui	Silviu Bălace	SEASON_APPS_CONFIRMED	16	https://www.eurofotbal.cz/kluby/rumunsko/fc-vaslui/soupiska/2010-2011/	1	31	65	SEASON_APPS_EST_RATING
SC Vaslui	Zhivko Milanov	SEASON_APPS_CONFIRMED	32	https://www.eurofotbal.cz/kluby/rumunsko/fc-vaslui/soupiska/2010-2011/	1	26	70	SEASON_APPS_EST_RATING
SC Vaslui	Pavol Farkaš	SEASON_APPS_CONFIRMED	11	https://www.eurofotbal.cz/kluby/rumunsko/fc-vaslui/soupiska/2010-2011/	1	25	65	SEASON_APPS_EST_RATING
SC Vaslui	Lucian Sânmărtean	SEASON_APPS_CONFIRMED	31	https://www.eurofotbal.cz/kluby/rumunsko/fc-vaslui/soupiska/2010-2011/	2	30	70	SEASON_APPS_EST_RATING
SC Vaslui	Raul Costin	SEASON_APPS_CONFIRMED	29	https://www.eurofotbal.cz/kluby/rumunsko/fc-vaslui/soupiska/2010-2011/	2	25	69	SEASON_APPS_EST_RATING
SC Vaslui	Alejandro Campano	SEASON_APPS_CONFIRMED	17	https://www.eurofotbal.cz/kluby/rumunsko/fc-vaslui/soupiska/2010-2011/	2	31	65	SEASON_APPS_EST_RATING
SC Vaslui	Yero Bello	SEASON_APPS_CONFIRMED	28	https://www.eurofotbal.cz/kluby/rumunsko/fc-vaslui/soupiska/2010-2011/	3	22	68	SEASON_APPS_EST_RATING
SC Vaslui	Mike Temwanjera	SEASON_APPS_CONFIRMED	7	https://www.eurofotbal.cz/kluby/rumunsko/fc-vaslui/soupiska/2010-2011/	3	28	64	SEASON_APPS_EST_RATING
SC Vaslui	Christian Pouga	SEASON_APPS_CONFIRMED	22	https://www.eurofotbal.cz/kluby/rumunsko/fc-vaslui/soupiska/2010-2011/	3	24	68	SEASON_APPS_EST_RATING
SC Vaslui	Genchev	UNVERIFIED_SOURCE_GAP			3	20	67	UNVERIFIED_ESTIMATED
SC Vaslui	Gladstone	SEASON_APPS_CONFIRMED	5	https://www.eurofotbal.cz/kluby/rumunsko/fc-vaslui/soupiska/2010-2011/	1	25	63	SEASON_APPS_EST_RATING
SC Vaslui	Stanislav Genčev	SEASON_APPS_ADDED	29	https://www.eurofotbal.cz/kluby/rumunsko/fc-vaslui/soupiska/2010-2011/	2	29	69	SEASON_ARCHIVE_EST_RATING
SC Vaslui	Nemanja Milisavljević	SEASON_APPS_ADDED	27	https://www.eurofotbal.cz/kluby/rumunsko/fc-vaslui/soupiska/2010-2011/	2	25	69	SEASON_ARCHIVE_EST_RATING
SC Vaslui	Gabriel Cânu	SEASON_APPS_ADDED	23	https://www.eurofotbal.cz/kluby/rumunsko/fc-vaslui/soupiska/2010-2011/	1	29	68	SEASON_ARCHIVE_EST_RATING
Anzhi Makhachkala	Nicolae Josan	SEASON_APPS_CONFIRMED	22	https://www.eurofotbal.cz/kluby/rusko/anzi-machackala/soupiska/2010/	2	26	68	SEASON_APPS_FIFA11
Anzhi Makhachkala	Igor Strelkov	SEASON_APPS_CONFIRMED	12	https://www.eurofotbal.cz/kluby/rusko/anzi-machackala/soupiska/2010/	3	27	66	SEASON_APPS_FIFA11
Anzhi Makhachkala	Baye Ali Ibra Kébé	UNVERIFIED_SOURCE_GAP			1	25	65	UNVERIFIED_FIFA11_RATING_EST_AGE_ECONOMY
Anzhi Makhachkala	Otar Khizaneishvili	SEASON_APPS_CONFIRMED	7	https://www.eurofotbal.cz/kluby/rusko/anzi-machackala/soupiska/2010/	1	28	64	SEASON_APPS_FIFA11
Anzhi Makhachkala	Rasim Tagirbekov	SEASON_APPS_CONFIRMED	28	https://www.eurofotbal.cz/kluby/rusko/anzi-machackala/soupiska/2010/	1	25	64	SEASON_APPS_FIFA11
Anzhi Makhachkala	Dmitriy Ivanov	SEASON_APPS_CONFIRMED	14	https://www.eurofotbal.cz/kluby/rusko/anzi-machackala/soupiska/2010/	2	23	62	SEASON_APPS_FIFA11
Anzhi Makhachkala	Mikhail Bakaev	SEASON_APPS_CONFIRMED	29	https://www.eurofotbal.cz/kluby/rusko/anzi-machackala/soupiska/2010/	2	22	61	SEASON_APPS_FIFA11
Anzhi Makhachkala	Zurabi Arziani	UNVERIFIED_SOURCE_GAP			2	29	60	UNVERIFIED_FIFA11_RATING_EST_AGE_ECONOMY
Anzhi Makhachkala	Isah Eliakwu	SEASON_APPS_CONFIRMED	0	https://www.eurofotbal.cz/kluby/rusko/anzi-machackala/soupiska/2010/	3	24	63	SEASON_APPS_EST_RATING
Anzhi Makhachkala	Magomed Magomedov	UNVERIFIED_SOURCE_GAP			3	21	58	UNVERIFIED_FIFA11_RATING_EST_AGE_ECONOMY
Anzhi Makhachkala	David Tsoraev	UNVERIFIED_SOURCE_GAP			2	31	63	UNVERIFIED_ESTIMATED
Anzhi Makhachkala	Ali Gadzhibekov	SEASON_APPS_CONFIRMED	19	https://www.eurofotbal.cz/kluby/rusko/anzi-machackala/soupiska/2010/	1	20	67	SEASON_APPS_EST_RATING
Anzhi Makhachkala	Jan Holenda	SEASON_APPS_CONFIRMED	19	https://www.eurofotbal.cz/kluby/rusko/anzi-machackala/soupiska/2010/	3	24	68	SEASON_APPS_EST_RATING
Anzhi Makhachkala	Eldar Nizamutdinov	UNVERIFIED_SOURCE_GAP			2	26	65	UNVERIFIED_ESTIMATED
Anzhi Makhachkala	Andrey Streltsov	SEASON_APPS_CONFIRMED	19	https://www.eurofotbal.cz/kluby/rusko/anzi-machackala/soupiska/2010/	2	25	68	SEASON_APPS_EST_RATING
Anzhi Makhachkala	Alexandr Prudnikov	SEASON_APPS_CONFIRMED	0	https://www.eurofotbal.cz/kluby/rusko/anzi-machackala/soupiska/2010/	3	21	62	SEASON_APPS_EST_RATING
Anzhi Makhachkala	Ilja Abajev	SEASON_APPS_ADDED	16	https://www.eurofotbal.cz/kluby/rusko/anzi-machackala/soupiska/2010/	0	28	68	SEASON_ARCHIVE_EST_RATING
Anzhi Makhachkala	Nukri Revišvili	SEASON_APPS_ADDED	14	https://www.eurofotbal.cz/kluby/rusko/anzi-machackala/soupiska/2010/	0	22	66	SEASON_ARCHIVE_EST_RATING
Anzhi Makhachkala	David Corajev	SEASON_APPS_ADDED	28	https://www.eurofotbal.cz/kluby/rusko/anzi-machackala/soupiska/2010/	2	26	70	SEASON_ARCHIVE_EST_RATING
Anzhi Makhachkala	Kamil Agalarov	SEASON_APPS_ADDED	27	https://www.eurofotbal.cz/kluby/rusko/anzi-machackala/soupiska/2010/	2	21	69	SEASON_ARCHIVE_EST_RATING
Anzhi Makhachkala	Ibra Kébé	SEASON_APPS_ADDED	24	https://www.eurofotbal.cz/kluby/rusko/anzi-machackala/soupiska/2010/	2	31	68	SEASON_ARCHIVE_EST_RATING
Anzhi Makhachkala	Mahir Şükürov	SEASON_APPS_ADDED	20	https://www.eurofotbal.cz/kluby/rusko/anzi-machackala/soupiska/2010/	1	27	68	SEASON_ARCHIVE_EST_RATING
Anzhi Makhachkala	Mitar Peković	SEASON_APPS_ADDED	19	https://www.eurofotbal.cz/kluby/rusko/anzi-machackala/soupiska/2010/	1	28	68	SEASON_ARCHIVE_EST_RATING
CSKA Moscow	Igor Akinfeev	SEASON_APPS_CONFIRMED	29	https://www.eurofotbal.cz/kluby/rusko/cska-moskva/soupiska/2010/	0	23	74	SEASON_APPS_EST_RATING
CSKA Moscow	Keisuke Honda	SEASON_APPS_CONFIRMED	29	https://www.eurofotbal.cz/kluby/rusko/cska-moskva/soupiska/2010/	2	23	83	SEASON_APPS_FIFA11
CSKA Moscow	Seydou Doumbia	SEASON_APPS_CONFIRMED	11	https://www.eurofotbal.cz/kluby/rusko/cska-moskva/soupiska/2010/	3	22	83	SEASON_APPS_FIFA11
CSKA Moscow	Sergey Ignashevich	SEASON_APPS_CONFIRMED	30	https://www.eurofotbal.cz/kluby/rusko/cska-moskva/soupiska/2010/	1	30	80	SEASON_APPS_FIFA11
CSKA Moscow	Vágner Love	SEASON_APPS_CONFIRMED	15	https://www.eurofotbal.cz/kluby/rusko/cska-moskva/soupiska/2010/	3	25	80	SEASON_APPS_FIFA11
CSKA Moscow	Zoran Tošić	SEASON_APPS_CONFIRMED	15	https://www.eurofotbal.cz/kluby/rusko/cska-moskva/soupiska/2010/	2	22	80	SEASON_APPS_FIFA11
CSKA Moscow	Alan Dzagoev	SEASON_APPS_CONFIRMED	25	https://www.eurofotbal.cz/kluby/rusko/cska-moskva/soupiska/2010/	2	19	79	SEASON_APPS_FIFA11
CSKA Moscow	Mark González	SEASON_APPS_CONFIRMED	22	https://www.eurofotbal.cz/kluby/rusko/cska-moskva/soupiska/2010/	2	25	78	SEASON_APPS_FIFA11
CSKA Moscow	Vasiliy Berezutskiy	SEASON_APPS_CONFIRMED	23	https://www.eurofotbal.cz/kluby/rusko/cska-moskva/soupiska/2010/	1	27	76	SEASON_APPS_FIFA11
CSKA Moscow	Alexey Berezutskiy	UNVERIFIED_SOURCE_GAP			1	27	75	UNVERIFIED_FIFA11_RATING_EST_AGE_ECONOMY
CSKA Moscow	Tomáš Necid	SEASON_APPS_CONFIRMED	24	https://www.eurofotbal.cz/kluby/rusko/cska-moskva/soupiska/2010/	3	20	75	SEASON_APPS_FIFA11
CSKA Moscow	Deividas Šemberas	SEASON_APPS_CONFIRMED	26	https://www.eurofotbal.cz/kluby/rusko/cska-moskva/soupiska/2010/	2	31	73	SEASON_APPS_FIFA11
CSKA Moscow	Georgiy Schennikov	SEASON_APPS_CONFIRMED	26	https://www.eurofotbal.cz/kluby/rusko/cska-moskva/soupiska/2010/	1	18	73	SEASON_APPS_FIFA11
CSKA Moscow	Chidi Odiah	SEASON_APPS_CONFIRMED	11	https://www.eurofotbal.cz/kluby/rusko/cska-moskva/soupiska/2010/	1	26	72	SEASON_APPS_FIFA11
CSKA Moscow	Pavel Mamaev	SEASON_APPS_CONFIRMED	28	https://www.eurofotbal.cz/kluby/rusko/cska-moskva/soupiska/2010/	2	21	69	SEASON_APPS_FIFA11
CSKA Moscow	Evgeniy Aldonin	SEASON_APPS_CONFIRMED	13	https://www.eurofotbal.cz/kluby/rusko/cska-moskva/soupiska/2010/	2	30	68	SEASON_APPS_FIFA11
CSKA Moscow	Elvir Rahimić	SEASON_APPS_CONFIRMED	11	https://www.eurofotbal.cz/kluby/rusko/cska-moskva/soupiska/2010/	2	33	67	SEASON_APPS_FIFA11
CSKA Moscow	Kirill Nababkin	SEASON_APPS_CONFIRMED	13	https://www.eurofotbal.cz/kluby/rusko/cska-moskva/soupiska/2010/	1	23	65	SEASON_APPS_FIFA11
CSKA Moscow	Aleksej Berezuckij	SEASON_APPS_ADDED	24	https://www.eurofotbal.cz/kluby/rusko/cska-moskva/soupiska/2010/	1	27	73	SEASON_ARCHIVE_EST_RATING
FC Krasnodar	Evgeniy Gorodov	SEASON_APPS_CONFIRMED	0	https://www.eurofotbal.cz/kluby/rusko/fk-krasnodar/soupiska/2010/	0	24	63	SEASON_APPS_EST_RATING
FC Krasnodar	Aleksandr Amisulashvili	UNVERIFIED_SOURCE_GAP			0	24	62	UNVERIFIED_ESTIMATED
FC Krasnodar	Aleksandr Kulchiy	UNVERIFIED_SOURCE_GAP			1	32	68	UNVERIFIED_ESTIMATED
FC Krasnodar	Yura Movsisyan	UNVERIFIED_SOURCE_GAP			1	31	62	UNVERIFIED_ESTIMATED
FC Krasnodar	Marcos Pizzelli	UNVERIFIED_SOURCE_GAP			1	32	64	UNVERIFIED_ESTIMATED
FC Krasnodar	Oleg Samsonov	SEASON_APPS_CONFIRMED	0	https://www.eurofotbal.cz/kluby/rusko/fk-krasnodar/soupiska/2010/	2	22	62	SEASON_APPS_EST_RATING
FC Krasnodar	Dušan Anđelković	SEASON_APPS_CONFIRMED	0	https://www.eurofotbal.cz/kluby/rusko/fk-krasnodar/soupiska/2010/	1	27	63	SEASON_APPS_EST_RATING
FC Krasnodar	Vladimir Tatarchuk Jr.	UNVERIFIED_SOURCE_GAP			1	22	69	UNVERIFIED_ESTIMATED
FC Krasnodar	Igor Picuşceac	SEASON_APPS_CONFIRMED	0	https://www.eurofotbal.cz/kluby/rusko/fk-krasnodar/soupiska/2010/	3	26	63	SEASON_APPS_EST_RATING
FC Krasnodar	Andrey Mikhaylov	UNVERIFIED_SOURCE_GAP			2	22	64	UNVERIFIED_ESTIMATED
FC Krasnodar	Aleksandr Martynovich	SEASON_APPS_CONFIRMED	0	https://www.eurofotbal.cz/kluby/rusko/fk-krasnodar/soupiska/2010/	1	22	62	SEASON_APPS_EST_RATING
FC Krasnodar	Marcio Abreu	UNVERIFIED_SOURCE_GAP			2	25	66	UNVERIFIED_ESTIMATED
FC Krasnodar	Wanderson	UNVERIFIED_SOURCE_GAP			2	20	69	UNVERIFIED_ESTIMATED
FC Krasnodar	Vladimir Koman	UNVERIFIED_SOURCE_GAP			2	25	66	UNVERIFIED_ESTIMATED
Kuban Krasnodar	Aleksandr Belenov	UNVERIFIED_SOURCE_GAP			0	26	70	UNVERIFIED_ESTIMATED
Kuban Krasnodar	Aleksandr Budakov	SEASON_APPS_CONFIRMED	0	https://www.eurofotbal.cz/kluby/rusko/kuban-krasnodar/soupiska/2010/	0	25	64	SEASON_APPS_EST_RATING
Kuban Krasnodar	Zelao	SEASON_APPS_CONFIRMED	0	https://www.eurofotbal.cz/kluby/rusko/kuban-krasnodar/soupiska/2010/	1	23	63	SEASON_APPS_EST_RATING
Kuban Krasnodar	Igor Armaș	SEASON_APPS_CONFIRMED	0	https://www.eurofotbal.cz/kluby/rusko/kuban-krasnodar/soupiska/2010/	1	22	62	SEASON_APPS_EST_RATING
Kuban Krasnodar	Aleksey Kozlov	UNVERIFIED_SOURCE_GAP			1	28	68	UNVERIFIED_ESTIMATED
Kuban Krasnodar	Roman Bugaev	SEASON_APPS_CONFIRMED	0	https://www.eurofotbal.cz/kluby/rusko/kuban-krasnodar/soupiska/2010/	1	21	62	SEASON_APPS_EST_RATING
Kuban Krasnodar	Vladislav Kulik	SEASON_APPS_CONFIRMED	0	https://www.eurofotbal.cz/kluby/rusko/kuban-krasnodar/soupiska/2010/	2	25	63	SEASON_APPS_EST_RATING
Kuban Krasnodar	Gheorghe Bucur	SEASON_APPS_CONFIRMED	0	https://www.eurofotbal.cz/kluby/rusko/kuban-krasnodar/soupiska/2010/	3	29	63	SEASON_APPS_EST_RATING
Kuban Krasnodar	Lacina Traoré	UNVERIFIED_SOURCE_GAP			2	20	70	UNVERIFIED_ESTIMATED
Kuban Krasnodar	Sergei Davydov	UNVERIFIED_SOURCE_GAP			2	27	63	UNVERIFIED_ESTIMATED
Kuban Krasnodar	Dacian Varga	SEASON_APPS_CONFIRMED	0	https://www.eurofotbal.cz/kluby/rusko/kuban-krasnodar/soupiska/2010/	2	25	63	SEASON_APPS_EST_RATING
Kuban Krasnodar	Maksim Zhavnerchik	SEASON_APPS_CONFIRMED	0	https://www.eurofotbal.cz/kluby/rusko/kuban-krasnodar/soupiska/2010/	1	25	63	SEASON_APPS_EST_RATING
Kuban Krasnodar	Aleksandr Kasaev	UNVERIFIED_SOURCE_GAP			2	26	69	UNVERIFIED_ESTIMATED
Kuban Krasnodar	Dmitri Khomich	UNVERIFIED_SOURCE_GAP			2	20	64	UNVERIFIED_ESTIMATED
Kuban Krasnodar	Denis Zubko	UNVERIFIED_SOURCE_GAP			2	31	66	UNVERIFIED_ESTIMATED
Kuban Krasnodar	Nikola Nikezić	SEASON_APPS_CONFIRMED	0	https://www.eurofotbal.cz/kluby/rusko/kuban-krasnodar/soupiska/2010/	3	28	63	SEASON_APPS_EST_RATING
Lokomotiv Moscow	Guilherme	SEASON_APPS_CONFIRMED	30	https://www.eurofotbal.cz/kluby/rusko/lokomotiv-moskva/soupiska/2010/	0	24	73	SEASON_APPS_EST_RATING
Lokomotiv Moscow	Oleksandr Aliyev	SEASON_APPS_CONFIRMED	24	https://www.eurofotbal.cz/kluby/rusko/lokomotiv-moskva/soupiska/2010/	2	25	79	SEASON_APPS_FIFA11
Lokomotiv Moscow	Dmitriy Sychev	SEASON_APPS_CONFIRMED	27	https://www.eurofotbal.cz/kluby/rusko/lokomotiv-moskva/soupiska/2010/	3	26	75	SEASON_APPS_FIFA11
Lokomotiv Moscow	Dmitriy Loskov	SEASON_APPS_CONFIRMED	13	https://www.eurofotbal.cz/kluby/rusko/lokomotiv-moskva/soupiska/2010/	2	36	74	SEASON_APPS_FIFA11
Lokomotiv Moscow	Roman Shishkin	SEASON_APPS_CONFIRMED	15	https://www.eurofotbal.cz/kluby/rusko/lokomotiv-moskva/soupiska/2010/	1	23	74	SEASON_APPS_FIFA11
Lokomotiv Moscow	Wagner	SEASON_APPS_CONFIRMED	14	https://www.eurofotbal.cz/kluby/rusko/lokomotiv-moskva/soupiska/2010/	2	25	74	SEASON_APPS_FIFA11
Lokomotiv Moscow	Dmitriy Torbinskiy	SEASON_APPS_CONFIRMED	17	https://www.eurofotbal.cz/kluby/rusko/lokomotiv-moskva/soupiska/2010/	2	25	73	SEASON_APPS_FIFA11
Lokomotiv Moscow	Renat Yanbaev	SEASON_APPS_CONFIRMED	30	https://www.eurofotbal.cz/kluby/rusko/lokomotiv-moskva/soupiska/2010/	1	25	73	SEASON_APPS_FIFA11
Lokomotiv Moscow	Rodolfo	SEASON_APPS_CONFIRMED	15	https://www.eurofotbal.cz/kluby/rusko/lokomotiv-moskva/soupiska/2010/	1	27	73	SEASON_APPS_FIFA11
Lokomotiv Moscow	Denis Glushakov	SEASON_APPS_CONFIRMED	28	https://www.eurofotbal.cz/kluby/rusko/lokomotiv-moskva/soupiska/2010/	2	23	71	SEASON_APPS_FIFA11
Lokomotiv Moscow	Dmitriy Sennikov	SEASON_APPS_CONFIRMED	1	https://www.eurofotbal.cz/kluby/rusko/lokomotiv-moskva/soupiska/2010/	1	33	71	SEASON_APPS_FIFA11
Lokomotiv Moscow	Malkhaz Asatiani	SEASON_APPS_CONFIRMED	22	https://www.eurofotbal.cz/kluby/rusko/lokomotiv-moskva/soupiska/2010/	1	28	71	SEASON_APPS_FIFA11
Lokomotiv Moscow	Dmitriy Tarasov	SEASON_APPS_CONFIRMED	26	https://www.eurofotbal.cz/kluby/rusko/lokomotiv-moskva/soupiska/2010/	2	22	70	SEASON_APPS_FIFA11
Lokomotiv Moscow	Alan Gatagov	SEASON_APPS_CONFIRMED	18	https://www.eurofotbal.cz/kluby/rusko/lokomotiv-moskva/soupiska/2010/	1	19	69	SEASON_APPS_FIFA11
Lokomotiv Moscow	Dramane Traoré	SEASON_APPS_CONFIRMED	17	https://www.eurofotbal.cz/kluby/rusko/lokomotiv-moskva/soupiska/2010/	3	27	68	SEASON_APPS_FIFA11
Lokomotiv Moscow	Haminu Draman	SEASON_APPS_CONFIRMED	2	https://www.eurofotbal.cz/kluby/rusko/lokomotiv-moskva/soupiska/2010/	2	23	68	SEASON_APPS_FIFA11
Lokomotiv Moscow	Igor Smolnikov	SEASON_APPS_CONFIRMED	14	https://www.eurofotbal.cz/kluby/rusko/lokomotiv-moskva/soupiska/2010/	1	21	68	SEASON_APPS_FIFA11
Lokomotiv Moscow	Branko Ilič	SEASON_APPS_CONFIRMED	1	https://www.eurofotbal.cz/kluby/rusko/lokomotiv-moskva/soupiska/2010/	1	27	67	SEASON_APPS_FIFA11
Lokomotiv Moscow	Marko Baša	SEASON_APPS_ADDED	22	https://www.eurofotbal.cz/kluby/rusko/lokomotiv-moskva/soupiska/2010/	1	27	71	SEASON_ARCHIVE_EST_RATING
Rubin Kazan	Sergey Ryzhikov	SEASON_APPS_CONFIRMED	29	https://www.eurofotbal.cz/kluby/rusko/rubin-kazan/soupiska/2010/	0	29	73	SEASON_APPS_EST_RATING
Rubin Kazan	Obafemi Martins	SEASON_APPS_CONFIRMED	12	https://www.eurofotbal.cz/kluby/rusko/rubin-kazan/soupiska/2010/	3	25	80	SEASON_APPS_FIFA11
Rubin Kazan	Aleksandr Ryazantsev	SEASON_APPS_CONFIRMED	13	https://www.eurofotbal.cz/kluby/rusko/rubin-kazan/soupiska/2010/	2	23	68	SEASON_APPS_EST_RATING
Rubin Kazan	Carlos Eduardo	SEASON_APPS_CONFIRMED	6	https://www.eurofotbal.cz/kluby/rusko/rubin-kazan/soupiska/2010/	2	22	79	SEASON_APPS_FIFA11
Rubin Kazan	Cristian Ansaldi	SEASON_APPS_CONFIRMED	21	https://www.eurofotbal.cz/kluby/rusko/rubin-kazan/soupiska/2010/	1	23	78	SEASON_APPS_FIFA11
Rubin Kazan	Salvatore Bocchetti	SEASON_APPS_CONFIRMED	6	https://www.eurofotbal.cz/kluby/rusko/rubin-kazan/soupiska/2010/	1	23	77	SEASON_APPS_FIFA11
Rubin Kazan	Alan Kasaev	SEASON_APPS_CONFIRMED	29	https://www.eurofotbal.cz/kluby/rusko/rubin-kazan/soupiska/2010/	2	23	76	SEASON_APPS_FIFA11
Rubin Kazan	Gökdeniz Karadeniz	SEASON_APPS_CONFIRMED	17	https://www.eurofotbal.cz/kluby/rusko/rubin-kazan/soupiska/2010/	2	30	76	SEASON_APPS_FIFA11
Rubin Kazan	Sergey Kornilenko	SEASON_APPS_CONFIRMED	8	https://www.eurofotbal.cz/kluby/rusko/rubin-kazan/soupiska/2010/	3	26	76	SEASON_APPS_FIFA11
Rubin Kazan	César Navas	SEASON_APPS_CONFIRMED	30	https://www.eurofotbal.cz/kluby/rusko/rubin-kazan/soupiska/2010/	1	30	75	SEASON_APPS_FIFA11
Rubin Kazan	Christian Noboa	SEASON_APPS_CONFIRMED	28	https://www.eurofotbal.cz/kluby/rusko/rubin-kazan/soupiska/2010/	2	24	75	SEASON_APPS_FIFA11
Rubin Kazan	Aleksey Medvedev	SEASON_APPS_CONFIRMED	13	https://www.eurofotbal.cz/kluby/rusko/rubin-kazan/soupiska/2010/	3	33	67	SEASON_APPS_EST_RATING
Rubin Kazan	Macbeth Sibaya	SEASON_APPS_CONFIRMED	8	https://www.eurofotbal.cz/kluby/rusko/rubin-kazan/soupiska/2010/	2	32	73	SEASON_APPS_FIFA11
Rubin Kazan	Roman Sharonov	SEASON_APPS_CONFIRMED	2	https://www.eurofotbal.cz/kluby/rusko/rubin-kazan/soupiska/2010/	1	34	72	SEASON_APPS_FIFA11
Rubin Kazan	Oleg Kuzmin	SEASON_APPS_CONFIRMED	13	https://www.eurofotbal.cz/kluby/rusko/rubin-kazan/soupiska/2010/	1	28	71	SEASON_APPS_FIFA11
Rubin Kazan	Rafał Murawski	SEASON_APPS_CONFIRMED	23	https://www.eurofotbal.cz/kluby/rusko/rubin-kazan/soupiska/2010/	2	28	70	SEASON_APPS_FIFA11
Rubin Kazan	Vitaliy Kaleshin	SEASON_APPS_CONFIRMED	15	https://www.eurofotbal.cz/kluby/rusko/rubin-kazan/soupiska/2010/	1	29	70	SEASON_APPS_FIFA11
Rubin Kazan	Bibras Natkho	UNVERIFIED_SOURCE_GAP			2	31	65	UNVERIFIED_FIFA11_RATING_EST_AGE_ECONOMY
Rubin Kazan	Aleksandr Orechov	SEASON_APPS_ADDED	20	https://www.eurofotbal.cz/kluby/rusko/rubin-kazan/soupiska/2010/	1	26	70	SEASON_ARCHIVE_EST_RATING
Rubin Kazan	Petr Bystrov	SEASON_APPS_ADDED	18	https://www.eurofotbal.cz/kluby/rusko/rubin-kazan/soupiska/2010/	2	30	69	SEASON_ARCHIVE_EST_RATING
Rubin Kazan	Andrej Gorbaněc	SEASON_APPS_ADDED	18	https://www.eurofotbal.cz/kluby/rusko/rubin-kazan/soupiska/2010/	2	24	69	SEASON_ARCHIVE_EST_RATING
Spartak Moscow	Andriy Dykan	SEASON_APPS_CONFIRMED	12	https://www.eurofotbal.cz/kluby/rusko/spartak-moskva/soupiska/2010/	0	32	68	SEASON_APPS_EST_RATING
Spartak Moscow	Welliton	SEASON_APPS_CONFIRMED	25	https://www.eurofotbal.cz/kluby/rusko/spartak-moskva/soupiska/2010/	3	23	86	SEASON_APPS_FIFA11
Spartak Moscow	Aiden McGeady	SEASON_APPS_CONFIRMED	11	https://www.eurofotbal.cz/kluby/rusko/spartak-moskva/soupiska/2010/	2	23	80	SEASON_APPS_FIFA11
Spartak Moscow	Nicolás Pareja	SEASON_APPS_CONFIRMED	11	https://www.eurofotbal.cz/kluby/rusko/spartak-moskva/soupiska/2010/	1	26	77	SEASON_APPS_FIFA11
Spartak Moscow	Dmitriy Kombarov	SEASON_APPS_CONFIRMED	11	https://www.eurofotbal.cz/kluby/rusko/spartak-moskva/soupiska/2010/	2	23	75	SEASON_APPS_FIFA11
Spartak Moscow	Ari	UNVERIFIED_SOURCE_GAP			3	32	74	UNVERIFIED_FIFA11_RATING_EST_AGE_ECONOMY
Spartak Moscow	Ibson	SEASON_APPS_CONFIRMED	28	https://www.eurofotbal.cz/kluby/rusko/spartak-moskva/soupiska/2010/	2	26	74	SEASON_APPS_FIFA11
Spartak Moscow	Martin Stranzl	SEASON_APPS_CONFIRMED	15	https://www.eurofotbal.cz/kluby/rusko/spartak-moskva/soupiska/2010/	1	29	74	SEASON_APPS_FIFA11
Spartak Moscow	Kirill Kombarov	SEASON_APPS_CONFIRMED	3	https://www.eurofotbal.cz/kluby/rusko/spartak-moskva/soupiska/2010/	2	23	73	SEASON_APPS_FIFA11
Spartak Moscow	Marek Suchý	SEASON_APPS_CONFIRMED	25	https://www.eurofotbal.cz/kluby/rusko/spartak-moskva/soupiska/2010/	1	21	73	SEASON_APPS_FIFA11
Spartak Moscow	Nikola Drinčić	SEASON_APPS_CONFIRMED	4	https://www.eurofotbal.cz/kluby/rusko/spartak-moskva/soupiska/2010/	2	25	73	SEASON_APPS_FIFA11
Spartak Moscow	Sergey Parshivlyuk	SEASON_APPS_CONFIRMED	21	https://www.eurofotbal.cz/kluby/rusko/spartak-moskva/soupiska/2010/	1	20	73	SEASON_APPS_FIFA11
Spartak Moscow	Ivan Saenko	SEASON_APPS_CONFIRMED	10	https://www.eurofotbal.cz/kluby/rusko/spartak-moskva/soupiska/2010/	2	26	71	SEASON_APPS_FIFA11
Spartak Moscow	Aleks	UNVERIFIED_SOURCE_GAP			2	25	72	UNVERIFIED_ESTIMATED
Spartak Moscow	Rafael Carioca	UNVERIFIED_SOURCE_GAP			2	32	68	UNVERIFIED_ESTIMATED
Spartak Moscow	Evgeniy Makeev	SEASON_APPS_CONFIRMED	22	https://www.eurofotbal.cz/kluby/rusko/spartak-moskva/soupiska/2010/	1	20	70	SEASON_APPS_EST_RATING
Spartak Moscow	Sergei Pesyakov	SEASON_APPS_CONFIRMED	5	https://www.eurofotbal.cz/kluby/rusko/spartak-moskva/soupiska/2010/	0	21	65	SEASON_APPS_EST_RATING
Spartak Moscow	Nikita Bazhenov	SEASON_APPS_CONFIRMED	12	https://www.eurofotbal.cz/kluby/rusko/spartak-moskva/soupiska/2010/	3	25	68	SEASON_APPS_EST_RATING
Spartak Moscow	Ari Ferreira	SEASON_APPS_ADDED	24	https://www.eurofotbal.cz/kluby/rusko/spartak-moskva/soupiska/2010/	3	24	71	SEASON_ARCHIVE_EST_RATING
Spartak Moscow	Žano Ananidze	SEASON_APPS_ADDED	23	https://www.eurofotbal.cz/kluby/rusko/spartak-moskva/soupiska/2010/	2	17	69	SEASON_ARCHIVE_EST_RATING
Spartak Moscow	Aleksandr Šešukov	SEASON_APPS_ADDED	23	https://www.eurofotbal.cz/kluby/rusko/spartak-moskva/soupiska/2010/	2	26	71	SEASON_ARCHIVE_EST_RATING
Zenit St Petersburg	Vyacheslav Malafeev	SEASON_APPS_CONFIRMED	21	https://www.eurofotbal.cz/kluby/rusko/zenit-petrohrad/soupiska/2010/	0	30	78	SOFIFA11_SEASON_APPS
Zenit St Petersburg	Danny	SEASON_APPS_CONFIRMED	27	https://www.eurofotbal.cz/kluby/rusko/zenit-petrohrad/soupiska/2010/	2	26	87	SEASON_APPS_FIFA11
Zenit St Petersburg	Aleksandr Kerzhakov	SEASON_APPS_CONFIRMED	28	https://www.eurofotbal.cz/kluby/rusko/zenit-petrohrad/soupiska/2010/	3	27	78	FIFA11_ALIAS_SEASON_APPS
Zenit St Petersburg	Bruno Alves	SEASON_APPS_CONFIRMED	14	https://www.eurofotbal.cz/kluby/rusko/zenit-petrohrad/soupiska/2010/	1	28	82	SEASON_APPS_FIFA11
Zenit St Petersburg	Nicolas Lombaerts	SEASON_APPS_CONFIRMED	26	https://www.eurofotbal.cz/kluby/rusko/zenit-petrohrad/soupiska/2010/	1	24	82	SEASON_APPS_FIFA11
Zenit St Petersburg	Aleksandr Anyukov	SEASON_APPS_CONFIRMED	27	https://www.eurofotbal.cz/kluby/rusko/zenit-petrohrad/soupiska/2010/	1	27	80	FIFA11_ALIAS_SEASON_APPS
Zenit St Petersburg	Fernando Meira	SEASON_APPS_CONFIRMED	11	https://www.eurofotbal.cz/kluby/rusko/zenit-petrohrad/soupiska/2010/	1	31	79	SEASON_APPS_FIFA11
Zenit St Petersburg	Tomáš Hubočan	SEASON_APPS_CONFIRMED	23	https://www.eurofotbal.cz/kluby/rusko/zenit-petrohrad/soupiska/2010/	1	24	79	SEASON_APPS_FIFA11
Zenit St Petersburg	Vladimir Bystrov	SEASON_APPS_CONFIRMED	25	https://www.eurofotbal.cz/kluby/rusko/zenit-petrohrad/soupiska/2010/	2	26	79	SEASON_APPS_FIFA11
Zenit St Petersburg	Aleksandr Bukharov	SEASON_APPS_CONFIRMED	10	https://www.eurofotbal.cz/kluby/rusko/zenit-petrohrad/soupiska/2010/	3	24	69	SEASON_APPS_EST_RATING
Zenit St Petersburg	Konstantin Zyryanov	SEASON_APPS_CONFIRMED	28	https://www.eurofotbal.cz/kluby/rusko/zenit-petrohrad/soupiska/2010/	2	32	78	SEASON_APPS_FIFA11
Zenit St Petersburg	Sergey Semak	SEASON_APPS_CONFIRMED	12	https://www.eurofotbal.cz/kluby/rusko/zenit-petrohrad/soupiska/2010/	2	34	78	SEASON_APPS_FIFA11
Zenit St Petersburg	Danko Lazović	SEASON_APPS_CONFIRMED	20	https://www.eurofotbal.cz/kluby/rusko/zenit-petrohrad/soupiska/2010/	3	26	77	SEASON_APPS_FIFA11
Zenit St Petersburg	Alessandro Rosina	SEASON_APPS_CONFIRMED	15	https://www.eurofotbal.cz/kluby/rusko/zenit-petrohrad/soupiska/2010/	2	26	76	SEASON_APPS_FIFA11
Zenit St Petersburg	Igor Denisov	SEASON_APPS_CONFIRMED	24	https://www.eurofotbal.cz/kluby/rusko/zenit-petrohrad/soupiska/2010/	2	25	76	SEASON_APPS_FIFA11
Zenit St Petersburg	Roman Shirokov	SEASON_APPS_CONFIRMED	21	https://www.eurofotbal.cz/kluby/rusko/zenit-petrohrad/soupiska/2010/	2	28	75	SEASON_APPS_FIFA11
Zenit St Petersburg	Szabolcs Huszti	SEASON_APPS_CONFIRMED	12	https://www.eurofotbal.cz/kluby/rusko/zenit-petrohrad/soupiska/2010/	2	26	75	SEASON_APPS_FIFA11
Zenit St Petersburg	Aleksandar Luković	SEASON_APPS_CONFIRMED	11	https://www.eurofotbal.cz/kluby/rusko/zenit-petrohrad/soupiska/2010/	1	27	73	SEASON_APPS_FIFA11
Zenit St Petersburg	Ivica Križanac	SEASON_APPS_CONFIRMED	14	https://www.eurofotbal.cz/kluby/rusko/zenit-petrohrad/soupiska/2010/	1	30	72	SEASON_APPS_FIFA11
Zenit St Petersburg	Viktor Fayzulin	SEASON_APPS_CONFIRMED	14	https://www.eurofotbal.cz/kluby/rusko/zenit-petrohrad/soupiska/2010/	2	23	72	SEASON_APPS_FIFA11
Dynamo Moscow	Vladimir Gabulov	SEASON_APPS_CONFIRMED	21	https://www.eurofotbal.cz/kluby/rusko/dinamo-moskva/soupiska/2010/	0	26	69	SEASON_APPS_EST_RATING
Dynamo Moscow	Igor Semshov	SEASON_APPS_CONFIRMED	29	https://www.eurofotbal.cz/kluby/rusko/dinamo-moskva/soupiska/2010/	2	31	82	SEASON_APPS_FIFA11
Dynamo Moscow	Andriy Voronin	SEASON_APPS_CONFIRMED	26	https://www.eurofotbal.cz/kluby/rusko/dinamo-moskva/soupiska/2010/	3	30	81	SEASON_APPS_FIFA11
Dynamo Moscow	Kevin Kuranyi	SEASON_APPS_CONFIRMED	16	https://www.eurofotbal.cz/kluby/rusko/dinamo-moskva/soupiska/2010/	3	27	81	SEASON_APPS_FIFA11
Dynamo Moscow	Denis Kolodin	SEASON_APPS_CONFIRMED	15	https://www.eurofotbal.cz/kluby/rusko/dinamo-moskva/soupiska/2010/	1	28	75	SEASON_APPS_FIFA11
Dynamo Moscow	Aleksandr Samedov	SEASON_APPS_CONFIRMED	27	https://www.eurofotbal.cz/kluby/rusko/dinamo-moskva/soupiska/2010/	2	25	70	SEASON_APPS_EST_RATING
Dynamo Moscow	Dmitriy Khokhlov	UNVERIFIED_SOURCE_GAP			2	28	74	UNVERIFIED_FIFA11_RATING_EST_AGE_ECONOMY
Dynamo Moscow	Leandro Fernández	SEASON_APPS_CONFIRMED	20	https://www.eurofotbal.cz/kluby/rusko/dinamo-moskva/soupiska/2010/	1	27	73	SEASON_APPS_FIFA11
Dynamo Moscow	Luke Wilkshire	SEASON_APPS_CONFIRMED	26	https://www.eurofotbal.cz/kluby/rusko/dinamo-moskva/soupiska/2010/	1	28	72	SEASON_APPS_FIFA11
Dynamo Moscow	Aleksandr Kokorin	SEASON_APPS_CONFIRMED	24	https://www.eurofotbal.cz/kluby/rusko/dinamo-moskva/soupiska/2010/	3	18	67	SEASON_APPS_EST_RATING
Dynamo Moscow	Aleksey Rebko	SEASON_APPS_CONFIRMED	19	https://www.eurofotbal.cz/kluby/rusko/dinamo-moskva/soupiska/2010/	2	23	68	SEASON_APPS_EST_RATING
Dynamo Moscow	Tomislav Dujmović	SEASON_APPS_CONFIRMED	13	https://www.eurofotbal.cz/kluby/rusko/dinamo-moskva/soupiska/2010/	2	29	69	SEASON_APPS_FIFA11
Dynamo Moscow	Adrian Ropotan	SEASON_APPS_CONFIRMED	20	https://www.eurofotbal.cz/kluby/rusko/dinamo-moskva/soupiska/2010/	2	23	68	SEASON_APPS_FIFA11
Dynamo Moscow	Alexandru Epureanu	SEASON_APPS_CONFIRMED	23	https://www.eurofotbal.cz/kluby/rusko/dinamo-moskva/soupiska/2010/	1	23	68	SEASON_APPS_FIFA11
Dynamo Moscow	Edgaras Česnauskis	SEASON_APPS_CONFIRMED	22	https://www.eurofotbal.cz/kluby/rusko/dinamo-moskva/soupiska/2010/	2	26	68	SEASON_APPS_FIFA11
Dynamo Moscow	Marko Lomić	SEASON_APPS_CONFIRMED	11	https://www.eurofotbal.cz/kluby/rusko/dinamo-moskva/soupiska/2010/	1	26	67	SEASON_APPS_FIFA11
Dynamo Moscow	Vladimir Granat	SEASON_APPS_CONFIRMED	22	https://www.eurofotbal.cz/kluby/rusko/dinamo-moskva/soupiska/2010/	1	22	66	SEASON_APPS_FIFA11
Dynamo Moscow	Marcin Kowalczyk	SEASON_APPS_CONFIRMED	8	https://www.eurofotbal.cz/kluby/rusko/dinamo-moskva/soupiska/2010/	1	24	68	SEASON_APPS_FIFA11
Dynamo Moscow	Dmitrij Chochlov	SEASON_APPS_ADDED	20	https://www.eurofotbal.cz/kluby/rusko/dinamo-moskva/soupiska/2010/	2	34	67	SEASON_ARCHIVE_EST_RATING
Aberdeen	Paul Hartley	SEASON_APPS_CONFIRMED	27	https://www.eurofotbal.cz/kluby/skotsko/aberdeen-fc/soupiska/2010-2011/	2	33	76	SEASON_APPS_FIFA11
Aberdeen	Zander Diamond	SEASON_APPS_CONFIRMED	36	https://www.eurofotbal.cz/kluby/skotsko/aberdeen-fc/soupiska/2010-2011/	1	25	71	SEASON_APPS_FIFA11
Aberdeen	Andrius Velička	SEASON_APPS_CONFIRMED	6	https://www.eurofotbal.cz/kluby/skotsko/aberdeen-fc/soupiska/2010-2011/	3	31	69	SEASON_APPS_FIFA11
Aberdeen	Sone Aluko	SEASON_APPS_CONFIRMED	31	https://www.eurofotbal.cz/kluby/skotsko/aberdeen-fc/soupiska/2010-2011/	3	21	69	SEASON_APPS_FIFA11
Aberdeen	Rory McArdle	SEASON_APPS_CONFIRMED	31	https://www.eurofotbal.cz/kluby/skotsko/aberdeen-fc/soupiska/2010-2011/	1	23	65	SEASON_APPS_FIFA11
Aberdeen	Chris Maguire	SEASON_APPS_CONFIRMED	39	https://www.eurofotbal.cz/kluby/skotsko/aberdeen-fc/soupiska/2010-2011/	3	21	64	SEASON_APPS_FIFA11
Aberdeen	Josh Magennis	SEASON_APPS_CONFIRMED	33	https://www.eurofotbal.cz/kluby/skotsko/aberdeen-fc/soupiska/2010-2011/	3	19	64	SEASON_APPS_FIFA11
Aberdeen	Yoann Folly	SEASON_APPS_CONFIRMED	18	https://www.eurofotbal.cz/kluby/skotsko/aberdeen-fc/soupiska/2010-2011/	2	25	64	SEASON_APPS_FIFA11
Aberdeen	Andrew Considine	SEASON_APPS_CONFIRMED	31	https://www.eurofotbal.cz/kluby/skotsko/aberdeen-fc/soupiska/2010-2011/	1	23	63	SEASON_APPS_FIFA11
Aberdeen	Darren Mackie	SEASON_APPS_CONFIRMED	11	https://www.eurofotbal.cz/kluby/skotsko/aberdeen-fc/soupiska/2010-2011/	3	28	63	SEASON_APPS_FIFA11
Aberdeen	Fraser Fyvie	SEASON_APPS_CONFIRMED	5	https://www.eurofotbal.cz/kluby/skotsko/aberdeen-fc/soupiska/2010-2011/	2	17	63	SEASON_APPS_FIFA11
Aberdeen	Jerel Ifil	SEASON_APPS_CONFIRMED	17	https://www.eurofotbal.cz/kluby/skotsko/aberdeen-fc/soupiska/2010-2011/	1	28	63	SEASON_APPS_FIFA11
Aberdeen	Michael Paton	SEASON_APPS_CONFIRMED	11	https://www.eurofotbal.cz/kluby/skotsko/aberdeen-fc/soupiska/2010-2011/	3	21	63	SEASON_APPS_FIFA11
Aberdeen	Derek Young	SEASON_APPS_CONFIRMED	32	https://www.eurofotbal.cz/kluby/skotsko/aberdeen-fc/soupiska/2010-2011/	3	30	61	SEASON_APPS_FIFA11
Aberdeen	Scott Vernon	SEASON_APPS_CONFIRMED	37	https://www.eurofotbal.cz/kluby/skotsko/aberdeen-fc/soupiska/2010-2011/	3	26	61	SEASON_APPS_FIFA11
Aberdeen	Mitchell Megginson	SEASON_APPS_CONFIRMED	6	https://www.eurofotbal.cz/kluby/skotsko/aberdeen-fc/soupiska/2010-2011/	2	18	58	SEASON_APPS_FIFA11
Aberdeen	Ryan Jack	SEASON_APPS_CONFIRMED	33	https://www.eurofotbal.cz/kluby/skotsko/aberdeen-fc/soupiska/2010-2011/	2	18	57	SEASON_APPS_FIFA11
Aberdeen	James Langfield	SEASON_APPS_ADDED	35	https://www.eurofotbal.cz/kluby/skotsko/aberdeen-fc/soupiska/2010-2011/	0	30	70	SEASON_ARCHIVE_EST_RATING
Aberdeen	Mark Howard	SEASON_APPS_ADDED	9	https://www.eurofotbal.cz/kluby/skotsko/aberdeen-fc/soupiska/2010-2011/	0	23	62	SEASON_ARCHIVE_EST_RATING
Aberdeen	Nikola Vujadinović	SEASON_APPS_ADDED	22	https://www.eurofotbal.cz/kluby/skotsko/aberdeen-fc/soupiska/2010-2011/	1	24	66	SEASON_ARCHIVE_EST_RATING
Aberdeen	Robert Milsom	SEASON_APPS_ADDED	22	https://www.eurofotbal.cz/kluby/skotsko/aberdeen-fc/soupiska/2010-2011/	2	23	66	SEASON_ARCHIVE_EST_RATING
Celtic	Fraser Forster	SEASON_APPS_CONFIRMED	44	https://www.eurofotbal.cz/kluby/skotsko/celtic-fc/soupiska/2010-2011/	0	22	73	SEASON_APPS_EST_RATING
Celtic	Gary Hooper	SEASON_APPS_CONFIRMED	36	https://www.eurofotbal.cz/kluby/skotsko/celtic-fc/soupiska/2010-2011/	3	22	80	SEASON_APPS_FIFA11
Celtic	Georgios Samaras	SEASON_APPS_CONFIRMED	33	https://www.eurofotbal.cz/kluby/skotsko/celtic-fc/soupiska/2010-2011/	3	25	80	SEASON_APPS_FIFA11
Celtic	Ki Sung-yueng	UNVERIFIED_SOURCE_GAP			1	23	65	UNVERIFIED_ESTIMATED
Celtic	Anthony Stokes	SEASON_APPS_CONFIRMED	34	https://www.eurofotbal.cz/kluby/skotsko/celtic-fc/soupiska/2010-2011/	3	22	77	SEASON_APPS_FIFA11
Celtic	Niall McGinn	SEASON_APPS_CONFIRMED	12	https://www.eurofotbal.cz/kluby/skotsko/celtic-fc/soupiska/2010-2011/	2	23	77	SEASON_APPS_FIFA11
Celtic	Joe Ledley	SEASON_APPS_CONFIRMED	40	https://www.eurofotbal.cz/kluby/skotsko/celtic-fc/soupiska/2010-2011/	2	23	76	SEASON_APPS_FIFA11
Celtic	Andreas Hinkel	SEASON_APPS_CONFIRMED	0	https://www.eurofotbal.cz/kluby/skotsko/celtic-fc/soupiska/2010-2011/	1	28	75	SEASON_APPS_FIFA11
Celtic	Shaun Maloney	SEASON_APPS_CONFIRMED	27	https://www.eurofotbal.cz/kluby/skotsko/celtic-fc/soupiska/2010-2011/	2	27	74	SEASON_APPS_FIFA11
Celtic	Scott Brown	SEASON_APPS_CONFIRMED	38	https://www.eurofotbal.cz/kluby/skotsko/celtic-fc/soupiska/2010-2011/	2	25	73	SEASON_APPS_FIFA11
Celtic	Cha Du-ri	UNVERIFIED_SOURCE_GAP			2	23	68	UNVERIFIED_ESTIMATED
Celtic	Glenn Loovens	SEASON_APPS_CONFIRMED	21	https://www.eurofotbal.cz/kluby/skotsko/celtic-fc/soupiska/2010-2011/	1	26	72	SEASON_APPS_FIFA11
Celtic	Jos Hooiveld	SEASON_APPS_CONFIRMED	8	https://www.eurofotbal.cz/kluby/skotsko/celtic-fc/soupiska/2010-2011/	1	27	72	SEASON_APPS_FIFA11
Celtic	Paddy McCourt	SEASON_APPS_CONFIRMED	31	https://www.eurofotbal.cz/kluby/skotsko/celtic-fc/soupiska/2010-2011/	2	26	71	SEASON_APPS_FIFA11
Celtic	Charlie Mulgrew	SEASON_APPS_CONFIRMED	34	https://www.eurofotbal.cz/kluby/skotsko/celtic-fc/soupiska/2010-2011/	1	24	70	SEASON_APPS_FIFA11
Celtic	Thomas Rogne	SEASON_APPS_CONFIRMED	19	https://www.eurofotbal.cz/kluby/skotsko/celtic-fc/soupiska/2010-2011/	1	20	68	SEASON_APPS_FIFA11
Celtic	Daryl Murphy	SEASON_APPS_CONFIRMED	21	https://www.eurofotbal.cz/kluby/skotsko/celtic-fc/soupiska/2010-2011/	3	27	67	SEASON_APPS_FIFA11
Celtic	Mark Wilson	SEASON_APPS_CONFIRMED	32	https://www.eurofotbal.cz/kluby/skotsko/celtic-fc/soupiska/2010-2011/	1	26	67	SEASON_APPS_FIFA11
Celtic	Emilio Izaguirre	SEASON_APPS_CONFIRMED	42	https://www.eurofotbal.cz/kluby/skotsko/celtic-fc/soupiska/2010-2011/	1	24	74	SEASON_APPS_EST_RATING
Celtic	Daniel Majstorović	SEASON_APPS_ADDED	40	https://www.eurofotbal.cz/kluby/skotsko/celtic-fc/soupiska/2010-2011/	1	33	73	SEASON_ARCHIVE_EST_RATING
Celtic	Sung-yueng Ki	SEASON_APPS_ADDED	35	https://www.eurofotbal.cz/kluby/skotsko/celtic-fc/soupiska/2010-2011/	2	21	72	SEASON_ARCHIVE_EST_RATING
Celtic	Biram Kayal	SEASON_APPS_ADDED	29	https://www.eurofotbal.cz/kluby/skotsko/celtic-fc/soupiska/2010-2011/	2	22	70	SEASON_ARCHIVE_EST_RATING
Celtic	James Forrest	SEASON_APPS_ADDED	24	https://www.eurofotbal.cz/kluby/skotsko/celtic-fc/soupiska/2010-2011/	3	19	68	SEASON_ARCHIVE_EST_RATING
Celtic	Kris Commons	SEASON_APPS_ADDED	21	https://www.eurofotbal.cz/kluby/skotsko/celtic-fc/soupiska/2010-2011/	2	26	73	SEASON_ARCHIVE_EST_RATING
Celtic	Efraín Juárez	SEASON_APPS_ADDED	20	https://www.eurofotbal.cz/kluby/skotsko/celtic-fc/soupiska/2010-2011/	2	22	68	SEASON_ARCHIVE_EST_RATING
Rangers	Allan McGregor	SEASON_APPS_CONFIRMED	48	https://www.eurofotbal.cz/kluby/skotsko/rangers-fc/soupiska/2010-2011/	0	28	75	SEASON_APPS_EST_RATING
Rangers	Kenny Miller	SEASON_APPS_CONFIRMED	25	https://www.eurofotbal.cz/kluby/skotsko/rangers-fc/soupiska/2010-2011/	3	30	83	SEASON_APPS_FIFA11
Rangers	Steven Naismith	SEASON_APPS_CONFIRMED	43	https://www.eurofotbal.cz/kluby/skotsko/rangers-fc/soupiska/2010-2011/	3	23	81	SEASON_APPS_FIFA11
Rangers	Madjid Bougherra	SEASON_APPS_CONFIRMED	46	https://www.eurofotbal.cz/kluby/skotsko/rangers-fc/soupiska/2010-2011/	1	27	79	SEASON_APPS_FIFA11
Rangers	Nikica Jelavić	SEASON_APPS_CONFIRMED	26	https://www.eurofotbal.cz/kluby/skotsko/rangers-fc/soupiska/2010-2011/	3	24	79	SEASON_APPS_FIFA11
Rangers	Steven Davis	SEASON_APPS_CONFIRMED	52	https://www.eurofotbal.cz/kluby/skotsko/rangers-fc/soupiska/2010-2011/	2	25	79	SEASON_APPS_FIFA11
Rangers	Steven Whittaker	SEASON_APPS_CONFIRMED	52	https://www.eurofotbal.cz/kluby/skotsko/rangers-fc/soupiska/2010-2011/	1	26	76	SEASON_APPS_FIFA11
Rangers	Vladimir Weiss	SEASON_APPS_CONFIRMED	34	https://www.eurofotbal.cz/kluby/skotsko/rangers-fc/soupiska/2010-2011/	2	20	76	SEASON_APPS_FIFA11
Rangers	Kyle Lafferty	SEASON_APPS_CONFIRMED	43	https://www.eurofotbal.cz/kluby/skotsko/rangers-fc/soupiska/2010-2011/	3	22	74	SEASON_APPS_FIFA11
Rangers	Saša Papac	SEASON_APPS_CONFIRMED	46	https://www.eurofotbal.cz/kluby/skotsko/rangers-fc/soupiska/2010-2011/	1	30	74	SEASON_APPS_FIFA11
Rangers	Maurice Edu	SEASON_APPS_CONFIRMED	47	https://www.eurofotbal.cz/kluby/skotsko/rangers-fc/soupiska/2010-2011/	2	24	73	SEASON_APPS_FIFA11
Rangers	Andrew Webster	UNVERIFIED_SOURCE_GAP			1	20	72	UNVERIFIED_FIFA11_RATING_EST_AGE_ECONOMY
Rangers	David Weir	SEASON_APPS_CONFIRMED	53	https://www.eurofotbal.cz/kluby/skotsko/rangers-fc/soupiska/2010-2011/	1	40	71	SEASON_APPS_FIFA11
Rangers	James Beattie	SEASON_APPS_CONFIRMED	10	https://www.eurofotbal.cz/kluby/skotsko/rangers-fc/soupiska/2010-2011/	3	32	70	SEASON_APPS_FIFA11
Rangers	Lee McCulloch	SEASON_APPS_CONFIRMED	29	https://www.eurofotbal.cz/kluby/skotsko/rangers-fc/soupiska/2010-2011/	3	32	69	SEASON_APPS_FIFA11
Rangers	John Fleck	SEASON_APPS_CONFIRMED	17	https://www.eurofotbal.cz/kluby/skotsko/rangers-fc/soupiska/2010-2011/	3	18	68	SEASON_APPS_FIFA11
Rangers	Kirk Broadfoot	SEASON_APPS_CONFIRMED	13	https://www.eurofotbal.cz/kluby/skotsko/rangers-fc/soupiska/2010-2011/	1	25	68	SEASON_APPS_FIFA11
Rangers	Richard Foster	UNVERIFIED_SOURCE_GAP			1	32	63	UNVERIFIED_FIFA11_RATING_EST_AGE_ECONOMY
Rangers	Gregg Wylde	SEASON_APPS_CONFIRMED	20	https://www.eurofotbal.cz/kluby/skotsko/rangers-fc/soupiska/2010-2011/	1	19	54	SEASON_APPS_FIFA11
Rangers	Steven Smith	UNVERIFIED_SOURCE_GAP			3	20	65	UNVERIFIED_ESTIMATED
Rangers	Ricky Foster	SEASON_APPS_ADDED	24	https://www.eurofotbal.cz/kluby/skotsko/rangers-fc/soupiska/2010-2011/	1	25	70	SEASON_ARCHIVE_EST_RATING
Heart of Midlothian	Marian Kello	SEASON_APPS_CONFIRMED	31	https://www.eurofotbal.cz/kluby/skotsko/heart-of-midlothian/soupiska/2010-2011/	0	27	71	SEASON_APPS_EST_RATING
Heart of Midlothian	Andrew Driver	SEASON_APPS_CONFIRMED	14	https://www.eurofotbal.cz/kluby/skotsko/heart-of-midlothian/soupiska/2010-2011/	2	22	75	SEASON_APPS_FIFA11
Heart of Midlothian	David Templeton	SEASON_APPS_CONFIRMED	34	https://www.eurofotbal.cz/kluby/skotsko/heart-of-midlothian/soupiska/2010-2011/	3	21	74	SEASON_APPS_FIFA11
Heart of Midlothian	Marius Žaliukas	SEASON_APPS_CONFIRMED	29	https://www.eurofotbal.cz/kluby/skotsko/heart-of-midlothian/soupiska/2010-2011/	1	26	74	SEASON_APPS_FIFA11
Heart of Midlothian	Lee Wallace	SEASON_APPS_CONFIRMED	9	https://www.eurofotbal.cz/kluby/skotsko/heart-of-midlothian/soupiska/2010-2011/	1	22	73	SEASON_APPS_FIFA11
Heart of Midlothian	Kevin Kyle	SEASON_APPS_CONFIRMED	20	https://www.eurofotbal.cz/kluby/skotsko/heart-of-midlothian/soupiska/2010-2011/	3	29	70	SEASON_APPS_FIFA11
Heart of Midlothian	Suso Santana	SEASON_APPS_CONFIRMED	18	https://www.eurofotbal.cz/kluby/skotsko/heart-of-midlothian/soupiska/2010-2011/	2	25	70	SEASON_APPS_FIFA11
Heart of Midlothian	Darren Barr	SEASON_APPS_CONFIRMED	13	https://www.eurofotbal.cz/kluby/skotsko/heart-of-midlothian/soupiska/2010-2011/	1	25	68	SEASON_APPS_FIFA11
Heart of Midlothian	Eggert Jónsson	SEASON_APPS_CONFIRMED	30	https://www.eurofotbal.cz/kluby/skotsko/heart-of-midlothian/soupiska/2010-2011/	2	21	67	SEASON_APPS_FIFA11
Heart of Midlothian	Ismaël Bouzid	SEASON_APPS_CONFIRMED	32	https://www.eurofotbal.cz/kluby/skotsko/heart-of-midlothian/soupiska/2010-2011/	1	27	67	SEASON_APPS_FIFA11
Heart of Midlothian	Stephen Elliott	SEASON_APPS_CONFIRMED	31	https://www.eurofotbal.cz/kluby/skotsko/heart-of-midlothian/soupiska/2010-2011/	3	26	67	SEASON_APPS_FIFA11
Heart of Midlothian	Rubén Palazuelos	SEASON_APPS_CONFIRMED	34	https://www.eurofotbal.cz/kluby/skotsko/heart-of-midlothian/soupiska/2010-2011/	2	27	70	SEASON_APPS_EST_RATING
Heart of Midlothian	Calum Elliot	SEASON_APPS_CONFIRMED	20	https://www.eurofotbal.cz/kluby/skotsko/heart-of-midlothian/soupiska/2010-2011/	3	23	65	SEASON_APPS_FIFA11
Heart of Midlothian	Ian Black	SEASON_APPS_CONFIRMED	33	https://www.eurofotbal.cz/kluby/skotsko/heart-of-midlothian/soupiska/2010-2011/	2	25	65	SEASON_APPS_FIFA11
Heart of Midlothian	Ryan Stevenson	SEASON_APPS_CONFIRMED	32	https://www.eurofotbal.cz/kluby/skotsko/heart-of-midlothian/soupiska/2010-2011/	2	25	65	SEASON_APPS_FIFA11
Heart of Midlothian	Arvydas Novikovas	SEASON_APPS_CONFIRMED	7	https://www.eurofotbal.cz/kluby/skotsko/heart-of-midlothian/soupiska/2010-2011/	2	19	64	SEASON_APPS_FIFA11
Heart of Midlothian	Craig Thomson	SEASON_APPS_CONFIRMED	27	https://www.eurofotbal.cz/kluby/skotsko/heart-of-midlothian/soupiska/2010-2011/	1	19	64	SEASON_APPS_FIFA11
Heart of Midlothian	David Obua	SEASON_APPS_CONFIRMED	15	https://www.eurofotbal.cz/kluby/skotsko/heart-of-midlothian/soupiska/2010-2011/	2	26	64	SEASON_APPS_FIFA11
Heart of Midlothian	Dawid Kucharski	SEASON_APPS_CONFIRMED	0	https://www.eurofotbal.cz/kluby/skotsko/heart-of-midlothian/soupiska/2010-2011/	1	25	63	SEASON_APPS_FIFA11
Heart of Midlothian	Jason Thomson	UNVERIFIED_SOURCE_GAP			1	33	61	UNVERIFIED_FIFA11_RATING_EST_AGE_ECONOMY
Heart of Midlothian	Gary Glen	SEASON_APPS_CONFIRMED	11	https://www.eurofotbal.cz/kluby/skotsko/heart-of-midlothian/soupiska/2010-2011/	3	20	60	SEASON_APPS_FIFA11
Heart of Midlothian	Adrian Mrowiec	SEASON_APPS_ADDED	31	https://www.eurofotbal.cz/kluby/skotsko/heart-of-midlothian/soupiska/2010-2011/	2	26	70	SEASON_ARCHIVE_EST_RATING
Heart of Midlothian	Rudolf Skácel	SEASON_APPS_ADDED	29	https://www.eurofotbal.cz/kluby/skotsko/heart-of-midlothian/soupiska/2010-2011/	2	31	68	SEASON_ARCHIVE_EST_RATING
Partizan Belgrade	Vladimir Stojković	SEASON_APPS_CONFIRMED	34	https://www.eurofotbal.cz/kluby/srbsko/fk-partizan/soupiska/2010-2011/	0	27	72	SEASON_APPS_EST_RATING
Partizan Belgrade	Radiša Ilić	SEASON_APPS_CONFIRMED	7	https://www.eurofotbal.cz/kluby/srbsko/fk-partizan/soupiska/2010-2011/	0	32	65	SEASON_APPS_EST_RATING
Partizan Belgrade	Mladen Krstajić	SEASON_APPS_CONFIRMED	33	https://www.eurofotbal.cz/kluby/srbsko/fk-partizan/soupiska/2010-2011/	1	36	70	SEASON_APPS_EST_RATING
Partizan Belgrade	Stefan Savić	SEASON_APPS_CONFIRMED	26	https://www.eurofotbal.cz/kluby/srbsko/fk-partizan/soupiska/2010-2011/	1	19	67	SEASON_APPS_EST_RATING
Partizan Belgrade	Ivan Stevanović	SEASON_APPS_CONFIRMED	14	https://www.eurofotbal.cz/kluby/srbsko/fk-partizan/soupiska/2010-2011/	1	29	67	SEASON_APPS_EST_RATING
Partizan Belgrade	Aleksandar Miljković	SEASON_APPS_CONFIRMED	27	https://www.eurofotbal.cz/kluby/srbsko/fk-partizan/soupiska/2010-2011/	1	20	69	SEASON_APPS_EST_RATING
Partizan Belgrade	Marko Jovanović	SEASON_APPS_CONFIRMED	26	https://www.eurofotbal.cz/kluby/srbsko/fk-partizan/soupiska/2010-2011/	1	22	68	SEASON_APPS_EST_RATING
Partizan Belgrade	Zvonimir Vukić	SEASON_APPS_CONFIRMED	13	https://www.eurofotbal.cz/kluby/srbsko/fk-partizan/soupiska/2010-2011/	2	31	65	SEASON_APPS_EST_RATING
Partizan Belgrade	Almami Moreira	SEASON_APPS_CONFIRMED	14	https://www.eurofotbal.cz/kluby/srbsko/fk-partizan/soupiska/2010-2011/	2	32	66	SEASON_APPS_EST_RATING
Partizan Belgrade	Aleksandar Davidov	SEASON_APPS_CONFIRMED	19	https://www.eurofotbal.cz/kluby/srbsko/fk-partizan/soupiska/2010-2011/	2	26	68	SEASON_APPS_EST_RATING
Partizan Belgrade	Darko Brašanac	SEASON_APPS_CONFIRMED	5	https://www.eurofotbal.cz/kluby/srbsko/fk-partizan/soupiska/2010-2011/	2	18	62	SEASON_APPS_EST_RATING
Partizan Belgrade	Ljubomir Fejsa	SEASON_APPS_CONFIRMED	2	https://www.eurofotbal.cz/kluby/srbsko/fk-partizan/soupiska/2010-2011/	2	21	62	SEASON_APPS_EST_RATING
Partizan Belgrade	Saša Ilić	SEASON_APPS_CONFIRMED	37	https://www.eurofotbal.cz/kluby/srbsko/fk-partizan/soupiska/2010-2011/	2	32	71	SEASON_APPS_EST_RATING
Partizan Belgrade	Nemanja Tomić	SEASON_APPS_CONFIRMED	31	https://www.eurofotbal.cz/kluby/srbsko/fk-partizan/soupiska/2010-2011/	2	22	70	SEASON_APPS_EST_RATING
Partizan Belgrade	Ivica Iliev	SEASON_APPS_CONFIRMED	37	https://www.eurofotbal.cz/kluby/srbsko/fk-partizan/soupiska/2010-2011/	2	30	72	SEASON_APPS_EST_RATING
Partizan Belgrade	Marko Šćepović	SEASON_APPS_CONFIRMED	21	https://www.eurofotbal.cz/kluby/srbsko/fk-partizan/soupiska/2010-2011/	3	19	66	SEASON_APPS_EST_RATING
Partizan Belgrade	Prince Tagoe	SEASON_APPS_CONFIRMED	17	https://www.eurofotbal.cz/kluby/srbsko/fk-partizan/soupiska/2010-2011/	3	23	67	SEASON_APPS_EST_RATING
Partizan Belgrade	Pierre Boya	SEASON_APPS_CONFIRMED	11	https://www.eurofotbal.cz/kluby/srbsko/fk-partizan/soupiska/2010-2011/	3	26	66	SEASON_APPS_EST_RATING
Partizan Belgrade	Dominic Adiyiah	SEASON_APPS_CONFIRMED	8	https://www.eurofotbal.cz/kluby/srbsko/fk-partizan/soupiska/2010-2011/	3	20	64	SEASON_APPS_EST_RATING
Partizan Belgrade	Lazar Marković	SEASON_APPS_CONFIRMED	1	https://www.eurofotbal.cz/kluby/srbsko/fk-partizan/soupiska/2010-2011/	3	16	61	SEASON_APPS_EST_RATING
Partizan Belgrade	Radosav Petrović	SEASON_APPS_ADDED	36	https://www.eurofotbal.cz/kluby/srbsko/fk-partizan/soupiska/2010-2011/	2	21	71	SEASON_ARCHIVE_EST_RATING
Partizan Belgrade	Stefan Babović	SEASON_APPS_ADDED	28	https://www.eurofotbal.cz/kluby/srbsko/fk-partizan/soupiska/2010-2011/	2	23	70	SEASON_ARCHIVE_EST_RATING
Partizan Belgrade	Aleksandar Lazevski	SEASON_APPS_ADDED	25	https://www.eurofotbal.cz/kluby/srbsko/fk-partizan/soupiska/2010-2011/	1	22	68	SEASON_ARCHIVE_EST_RATING
Partizan Belgrade	Cléo	SEASON_APPS_ADDED	24	https://www.eurofotbal.cz/kluby/srbsko/fk-partizan/soupiska/2010-2011/	3	24	69	SEASON_ARCHIVE_EST_RATING
Red Star Belgrade	Boban Bajković	SEASON_APPS_CONFIRMED	10	https://www.eurofotbal.cz/kluby/srbsko/fk-crvena-zvezda/soupiska/2010-2011/	0	25	64	SEASON_APPS_EST_RATING
Red Star Belgrade	Marko Dmitrović	UNVERIFIED_SOURCE_GAP			0	33	68	UNVERIFIED_ESTIMATED
Red Star Belgrade	Duško Tošić	SEASON_APPS_CONFIRMED	29	https://www.eurofotbal.cz/kluby/srbsko/fk-crvena-zvezda/soupiska/2010-2011/	1	25	68	SEASON_APPS_EST_RATING
Red Star Belgrade	Marko Vešović	SEASON_APPS_CONFIRMED	27	https://www.eurofotbal.cz/kluby/srbsko/fk-crvena-zvezda/soupiska/2010-2011/	2	18	66	SEASON_APPS_EST_RATING
Red Star Belgrade	Pavle Ninkov	SEASON_APPS_CONFIRMED	28	https://www.eurofotbal.cz/kluby/srbsko/fk-crvena-zvezda/soupiska/2010-2011/	1	25	68	SEASON_APPS_EST_RATING
Red Star Belgrade	Lee Addy	SEASON_APPS_CONFIRMED	19	https://www.eurofotbal.cz/kluby/srbsko/fk-crvena-zvezda/soupiska/2010-2011/	1	20	65	SEASON_APPS_EST_RATING
Red Star Belgrade	Milan Vilotić	SEASON_APPS_CONFIRMED	14	https://www.eurofotbal.cz/kluby/srbsko/fk-crvena-zvezda/soupiska/2010-2011/	1	23	65	SEASON_APPS_EST_RATING
Red Star Belgrade	Nikola Mikić	SEASON_APPS_CONFIRMED	19	https://www.eurofotbal.cz/kluby/srbsko/fk-crvena-zvezda/soupiska/2010-2011/	1	24	66	SEASON_APPS_EST_RATING
Red Star Belgrade	Ognjen Koroman	SEASON_APPS_CONFIRMED	26	https://www.eurofotbal.cz/kluby/srbsko/fk-crvena-zvezda/soupiska/2010-2011/	2	31	66	SEASON_APPS_EST_RATING
Red Star Belgrade	Dejan Milovanović	SEASON_APPS_CONFIRMED	21	https://www.eurofotbal.cz/kluby/srbsko/fk-crvena-zvezda/soupiska/2010-2011/	2	26	66	SEASON_APPS_EST_RATING
Red Star Belgrade	Darko Lazović	SEASON_APPS_CONFIRMED	19	https://www.eurofotbal.cz/kluby/srbsko/fk-crvena-zvezda/soupiska/2010-2011/	2	19	64	SEASON_APPS_EST_RATING
Red Star Belgrade	Srđan Mijailović	SEASON_APPS_CONFIRMED	15	https://www.eurofotbal.cz/kluby/srbsko/fk-crvena-zvezda/soupiska/2010-2011/	2	16	63	SEASON_APPS_EST_RATING
Red Star Belgrade	Evandro	SEASON_APPS_CONFIRMED	11	https://www.eurofotbal.cz/kluby/srbsko/fk-crvena-zvezda/soupiska/2010-2011/	2	23	64	SEASON_APPS_EST_RATING
Red Star Belgrade	Slavko Perović	SEASON_APPS_CONFIRMED	13	https://www.eurofotbal.cz/kluby/srbsko/fk-crvena-zvezda/soupiska/2010-2011/	3	21	63	SEASON_APPS_EST_RATING
Red Star Belgrade	Andrija Kaluđerović	SEASON_APPS_CONFIRMED	31	https://www.eurofotbal.cz/kluby/srbsko/fk-crvena-zvezda/soupiska/2010-2011/	3	23	69	SEASON_APPS_EST_RATING
Red Star Belgrade	Aleksandar Jevtić	SEASON_APPS_CONFIRMED	27	https://www.eurofotbal.cz/kluby/srbsko/fk-crvena-zvezda/soupiska/2010-2011/	3	25	68	SEASON_APPS_EST_RATING
Red Star Belgrade	Miloš Trifunović	SEASON_APPS_CONFIRMED	18	https://www.eurofotbal.cz/kluby/srbsko/fk-crvena-zvezda/soupiska/2010-2011/	3	25	65	SEASON_APPS_EST_RATING
Red Star Belgrade	Cadú	SEASON_APPS_ADDED	31	https://www.eurofotbal.cz/kluby/srbsko/fk-crvena-zvezda/soupiska/2010-2011/	2	23	69	SEASON_ARCHIVE_EST_RATING
Red Star Belgrade	Awal Issah	SEASON_APPS_ADDED	29	https://www.eurofotbal.cz/kluby/srbsko/fk-crvena-zvezda/soupiska/2010-2011/	2	24	68	SEASON_ARCHIVE_EST_RATING
Vojvodina Novi Sad	Željko Brkić	SEASON_APPS_CONFIRMED	31	https://www.eurofotbal.cz/kluby/srbsko/vojvodina-novi-sad/soupiska/2010-2011/	0	24	69	SEASON_APPS_EST_RATING
Vojvodina Novi Sad	Miroslav Vulićević	SEASON_APPS_CONFIRMED	30	https://www.eurofotbal.cz/kluby/srbsko/vojvodina-novi-sad/soupiska/2010-2011/	1	25	69	SEASON_APPS_EST_RATING
Vojvodina Novi Sad	Daniel Mojsov	SEASON_APPS_CONFIRMED	23	https://www.eurofotbal.cz/kluby/srbsko/vojvodina-novi-sad/soupiska/2010-2011/	1	22	66	SEASON_APPS_EST_RATING
Vojvodina Novi Sad	Branislav Trajković	SEASON_APPS_CONFIRMED	20	https://www.eurofotbal.cz/kluby/srbsko/vojvodina-novi-sad/soupiska/2010-2011/	1	20	65	SEASON_APPS_EST_RATING
Vojvodina Novi Sad	Milovan Milović	SEASON_APPS_CONFIRMED	6	https://www.eurofotbal.cz/kluby/srbsko/vojvodina-novi-sad/soupiska/2010-2011/	1	29	63	SEASON_APPS_EST_RATING
Vojvodina Novi Sad	Janko Tumbasević	SEASON_APPS_CONFIRMED	28	https://www.eurofotbal.cz/kluby/srbsko/vojvodina-novi-sad/soupiska/2010-2011/	2	25	68	SEASON_APPS_EST_RATING
Vojvodina Novi Sad	Giorgi Merebashvili	SEASON_APPS_CONFIRMED	27	https://www.eurofotbal.cz/kluby/srbsko/vojvodina-novi-sad/soupiska/2010-2011/	2	23	68	SEASON_APPS_EST_RATING
Vojvodina Novi Sad	Miroslav Stevanović	SEASON_APPS_CONFIRMED	25	https://www.eurofotbal.cz/kluby/srbsko/vojvodina-novi-sad/soupiska/2010-2011/	2	20	66	SEASON_APPS_EST_RATING
Vojvodina Novi Sad	Aleksandar Katai	SEASON_APPS_CONFIRMED	25	https://www.eurofotbal.cz/kluby/srbsko/vojvodina-novi-sad/soupiska/2010-2011/	3	19	65	SEASON_APPS_EST_RATING
Vojvodina Novi Sad	Nikola Lazetić	SEASON_APPS_CONFIRMED	22	https://www.eurofotbal.cz/kluby/srbsko/vojvodina-novi-sad/soupiska/2010-2011/	2	32	66	SEASON_APPS_EST_RATING
Vojvodina Novi Sad	Mario Đurovski	SEASON_APPS_CONFIRMED	9	https://www.eurofotbal.cz/kluby/srbsko/vojvodina-novi-sad/soupiska/2010-2011/	2	24	63	SEASON_APPS_EST_RATING
Vojvodina Novi Sad	Nebojša Kosović	SEASON_APPS_CONFIRMED	2	https://www.eurofotbal.cz/kluby/srbsko/vojvodina-novi-sad/soupiska/2010-2011/	2	32	60	SEASON_APPS_EST_RATING
Vojvodina Novi Sad	Aboubakar Oumarou	SEASON_APPS_CONFIRMED	29	https://www.eurofotbal.cz/kluby/srbsko/vojvodina-novi-sad/soupiska/2010-2011/	3	23	68	SEASON_APPS_EST_RATING
Vojvodina Novi Sad	Brana Ilić	SEASON_APPS_CONFIRMED	25	https://www.eurofotbal.cz/kluby/srbsko/vojvodina-novi-sad/soupiska/2010-2011/	3	25	67	SEASON_APPS_EST_RATING
Vojvodina Novi Sad	Nemanja Bilbija	SEASON_APPS_CONFIRMED	20	https://www.eurofotbal.cz/kluby/srbsko/vojvodina-novi-sad/soupiska/2010-2011/	3	19	64	SEASON_APPS_EST_RATING
Vojvodina Novi Sad	Yaw Antwi	SEASON_APPS_CONFIRMED	17	https://www.eurofotbal.cz/kluby/srbsko/vojvodina-novi-sad/soupiska/2010-2011/	3	25	65	SEASON_APPS_EST_RATING
Vojvodina Novi Sad	Slobodan Medojević	SEASON_APPS_ADDED	31	https://www.eurofotbal.cz/kluby/srbsko/vojvodina-novi-sad/soupiska/2010-2011/	2	19	67	SEASON_ARCHIVE_EST_RATING
Vojvodina Novi Sad	Vladan Pavlović	SEASON_APPS_ADDED	24	https://www.eurofotbal.cz/kluby/srbsko/vojvodina-novi-sad/soupiska/2010-2011/	2	26	67	SEASON_ARCHIVE_EST_RATING
Vojvodina Novi Sad	Vuk Mitošević	SEASON_APPS_ADDED	21	https://www.eurofotbal.cz/kluby/srbsko/vojvodina-novi-sad/soupiska/2010-2011/	2	19	64	SEASON_ARCHIVE_EST_RATING
MŠK Žilina	Martin Dúbravka	SEASON_APPS_CONFIRMED	35	https://www.eurofotbal.cz/kluby/slovensko/msk-zilina/soupiska/2010-2011/	0	21	65	SEASON_APPS_EST_RATING
MŠK Žilina	Ľubomír Guldan	SEASON_APPS_CONFIRMED	36	https://www.eurofotbal.cz/kluby/slovensko/msk-zilina/soupiska/2010-2011/	1	27	66	SEASON_APPS_EST_RATING
MŠK Žilina	Jozef Piaček	SEASON_APPS_CONFIRMED	28	https://www.eurofotbal.cz/kluby/slovensko/msk-zilina/soupiska/2010-2011/	1	27	64	SEASON_APPS_EST_RATING
MŠK Žilina	Vladimír Leitner	SEASON_APPS_CONFIRMED	18	https://www.eurofotbal.cz/kluby/slovensko/msk-zilina/soupiska/2010-2011/	1	36	60	SEASON_APPS_EST_RATING
MŠK Žilina	Ernest Mabouka	SEASON_APPS_CONFIRMED	10	https://www.eurofotbal.cz/kluby/slovensko/msk-zilina/soupiska/2010-2011/	1	22	58	SEASON_APPS_EST_RATING
MŠK Žilina	Bello Babatounde	SEASON_APPS_CONFIRMED	31	https://www.eurofotbal.cz/kluby/slovensko/msk-zilina/soupiska/2010-2011/	2	20	64	SEASON_APPS_EST_RATING
MŠK Žilina	Roman Gergel	SEASON_APPS_CONFIRMED	26	https://www.eurofotbal.cz/kluby/slovensko/msk-zilina/soupiska/2010-2011/	2	22	62	SEASON_APPS_EST_RATING
MŠK Žilina	Róbert Jež	SEASON_APPS_CONFIRMED	26	https://www.eurofotbal.cz/kluby/slovensko/msk-zilina/soupiska/2010-2011/	2	29	63	SEASON_APPS_EST_RATING
MŠK Žilina	Michal Škvarka	SEASON_APPS_CONFIRMED	11	https://www.eurofotbal.cz/kluby/slovensko/msk-zilina/soupiska/2010-2011/	2	17	58	SEASON_APPS_EST_RATING
MŠK Žilina	Zdeno Štrba	SEASON_APPS_CONFIRMED	8	https://www.eurofotbal.cz/kluby/slovensko/msk-zilina/soupiska/2010-2011/	2	34	58	SEASON_APPS_EST_RATING
MŠK Žilina	Artūrs Zjuzins	SEASON_APPS_CONFIRMED	4	https://www.eurofotbal.cz/kluby/slovensko/msk-zilina/soupiska/2010-2011/	2	19	56	SEASON_APPS_EST_RATING
MŠK Žilina	Momodou Ceesay	SEASON_APPS_CONFIRMED	38	https://www.eurofotbal.cz/kluby/slovensko/msk-zilina/soupiska/2010-2011/	3	21	66	SEASON_APPS_EST_RATING
MŠK Žilina	Tomáš Oravec	SEASON_APPS_CONFIRMED	24	https://www.eurofotbal.cz/kluby/slovensko/msk-zilina/soupiska/2010-2011/	3	30	63	SEASON_APPS_EST_RATING
MŠK Žilina	Admir Vladavić	SEASON_APPS_CONFIRMED	15	https://www.eurofotbal.cz/kluby/slovensko/msk-zilina/soupiska/2010-2011/	2	28	61	SEASON_APPS_EST_RATING
MŠK Žilina	Tomáš Majtán	SEASON_APPS_CONFIRMED	42	https://www.eurofotbal.cz/kluby/slovensko/msk-zilina/soupiska/2010-2011/	3	23	67	SEASON_APPS_EST_RATING
MŠK Žilina	Emil Rilke	SEASON_APPS_CONFIRMED	22	https://www.eurofotbal.cz/kluby/slovensko/msk-zilina/soupiska/2010-2011/	2	26	63	SEASON_APPS_EST_RATING
MŠK Žilina	Stanislav Angelovič	SEASON_APPS_ADDED	33	https://www.eurofotbal.cz/kluby/slovensko/msk-zilina/soupiska/2010-2011/	1	28	65	SEASON_ARCHIVE_EST_RATING
MŠK Žilina	Ondřej Šourek	SEASON_APPS_ADDED	33	https://www.eurofotbal.cz/kluby/slovensko/msk-zilina/soupiska/2010-2011/	1	27	65	SEASON_ARCHIVE_EST_RATING
MŠK Žilina	Štefan Zošák	SEASON_APPS_ADDED	31	https://www.eurofotbal.cz/kluby/slovensko/msk-zilina/soupiska/2010-2011/	2	26	65	SEASON_ARCHIVE_EST_RATING
MŠK Žilina	Patrik Mráz	SEASON_APPS_ADDED	28	https://www.eurofotbal.cz/kluby/slovensko/msk-zilina/soupiska/2010-2011/	1	23	64	SEASON_ARCHIVE_EST_RATING
MŠK Žilina	Pavol Poliaček	SEASON_APPS_ADDED	23	https://www.eurofotbal.cz/kluby/slovensko/msk-zilina/soupiska/2010-2011/	2	22	62	SEASON_ARCHIVE_EST_RATING
MŠK Žilina	Mário Pečalka	SEASON_APPS_ADDED	19	https://www.eurofotbal.cz/kluby/slovensko/msk-zilina/soupiska/2010-2011/	1	29	62	SEASON_ARCHIVE_EST_RATING
Slovan Bratislava	Matúš Putnocký	SEASON_APPS_CONFIRMED	38	https://www.eurofotbal.cz/kluby/slovensko/slovan-bratislava/soupiska/2010-2011/	0	25	68	SEASON_APPS_EST_RATING
Slovan Bratislava	Martin Dobrotka	SEASON_APPS_CONFIRMED	31	https://www.eurofotbal.cz/kluby/slovensko/slovan-bratislava/soupiska/2010-2011/	1	25	65	SEASON_APPS_EST_RATING
Slovan Bratislava	Kornel Saláta	SEASON_APPS_CONFIRMED	22	https://www.eurofotbal.cz/kluby/slovensko/slovan-bratislava/soupiska/2010-2011/	1	25	63	SEASON_APPS_EST_RATING
Slovan Bratislava	Lukáš Pauschek	SEASON_APPS_CONFIRMED	12	https://www.eurofotbal.cz/kluby/slovensko/slovan-bratislava/soupiska/2010-2011/	1	17	58	SEASON_APPS_EST_RATING
Slovan Bratislava	Erik Čikoš	SEASON_APPS_CONFIRMED	0	https://www.eurofotbal.cz/kluby/slovensko/slovan-bratislava/soupiska/2010-2011/	1	22	56	SEASON_APPS_EST_RATING
Slovan Bratislava	Radek Dosoudil	SEASON_APPS_CONFIRMED	26	https://www.eurofotbal.cz/kluby/slovensko/slovan-bratislava/soupiska/2010-2011/	1	27	63	SEASON_APPS_EST_RATING
Slovan Bratislava	Martin Šebo	UNVERIFIED_SOURCE_GAP			1	21	61	UNVERIFIED_ESTIMATED
Slovan Bratislava	Juraj Halenár	SEASON_APPS_CONFIRMED	13	https://www.eurofotbal.cz/kluby/slovensko/slovan-bratislava/soupiska/2010-2011/	3	27	60	SEASON_APPS_EST_RATING
Slovan Bratislava	Karim Guédé	SEASON_APPS_CONFIRMED	36	https://www.eurofotbal.cz/kluby/slovensko/slovan-bratislava/soupiska/2010-2011/	2	25	66	SEASON_APPS_EST_RATING
Slovan Bratislava	Marko Milinković	SEASON_APPS_CONFIRMED	12	https://www.eurofotbal.cz/kluby/slovensko/slovan-bratislava/soupiska/2010-2011/	2	22	59	SEASON_APPS_EST_RATING
Slovan Bratislava	Filip Kiss	SEASON_APPS_CONFIRMED	32	https://www.eurofotbal.cz/kluby/slovensko/slovan-bratislava/soupiska/2010-2011/	2	19	63	SEASON_APPS_EST_RATING
Slovan Bratislava	Mamadou Bagayoko	SEASON_APPS_CONFIRMED	33	https://www.eurofotbal.cz/kluby/slovensko/slovan-bratislava/soupiska/2010-2011/	1	20	64	SEASON_APPS_EST_RATING
Slovan Bratislava	Lester Peltier	UNVERIFIED_SOURCE_GAP			2	30	59	UNVERIFIED_ESTIMATED
Slovan Bratislava	Róbert Vittek	UNVERIFIED_SOURCE_GAP			2	27	61	UNVERIFIED_ESTIMATED
Slovan Bratislava	Branislav Obžera	SEASON_APPS_CONFIRMED	0	https://www.eurofotbal.cz/kluby/slovensko/slovan-bratislava/soupiska/2010-2011/	2	28	57	SEASON_APPS_EST_RATING
Slovan Bratislava	Samuel Slovák	SEASON_APPS_CONFIRMED	8	https://www.eurofotbal.cz/kluby/slovensko/slovan-bratislava/soupiska/2010-2011/	2	34	58	SEASON_APPS_EST_RATING
Slovan Bratislava	Erik Grendel	SEASON_APPS_ADDED	36	https://www.eurofotbal.cz/kluby/slovensko/slovan-bratislava/soupiska/2010-2011/	2	21	65	SEASON_ARCHIVE_EST_RATING
Slovan Bratislava	Mario Božič	SEASON_APPS_ADDED	29	https://www.eurofotbal.cz/kluby/slovensko/slovan-bratislava/soupiska/2010-2011/	2	27	64	SEASON_ARCHIVE_EST_RATING
Slovan Bratislava	Milan Ivana	SEASON_APPS_ADDED	25	https://www.eurofotbal.cz/kluby/slovensko/slovan-bratislava/soupiska/2010-2011/	3	26	63	SEASON_ARCHIVE_EST_RATING
Slovan Bratislava	Filip Šebo	SEASON_APPS_ADDED	24	https://www.eurofotbal.cz/kluby/slovensko/slovan-bratislava/soupiska/2010-2011/	3	26	63	SEASON_ARCHIVE_EST_RATING
Slovan Bratislava	Peter Štepanovský	SEASON_APPS_ADDED	21	https://www.eurofotbal.cz/kluby/slovensko/slovan-bratislava/soupiska/2010-2011/	2	22	61	SEASON_ARCHIVE_EST_RATING
Slovan Bratislava	Peter Jánošík	SEASON_APPS_ADDED	20	https://www.eurofotbal.cz/kluby/slovensko/slovan-bratislava/soupiska/2010-2011/	1	22	61	SEASON_ARCHIVE_EST_RATING
NK Maribor	Jasmin Handanović	UNVERIFIED_SOURCE_GAP			0	26	62	UNVERIFIED_ESTIMATED
NK Maribor	Marko Pridigar	SEASON_APPS_CONFIRMED	5	https://www.eurofotbal.cz/kluby/slovinsko/nk-maribor/soupiska/2010-2011/	0	25	59	SEASON_APPS_EST_RATING
NK Maribor	Aleksander Rajčević	SEASON_APPS_CONFIRMED	6	https://www.eurofotbal.cz/kluby/slovinsko/nk-maribor/soupiska/2010-2011/	1	23	59	SEASON_APPS_EST_RATING
NK Maribor	Arghus	UNVERIFIED_SOURCE_GAP			1	23	65	UNVERIFIED_ESTIMATED
NK Maribor	Mitja Viler	SEASON_APPS_CONFIRMED	6	https://www.eurofotbal.cz/kluby/slovinsko/nk-maribor/soupiska/2010-2011/	1	23	59	SEASON_APPS_EST_RATING
NK Maribor	Dejan Trajkovski	UNVERIFIED_SOURCE_GAP			1	32	66	UNVERIFIED_ESTIMATED
NK Maribor	Martin Milec	UNVERIFIED_SOURCE_GAP			1	29	66	UNVERIFIED_ESTIMATED
NK Maribor	Aleš Mejač	SEASON_APPS_CONFIRMED	5	https://www.eurofotbal.cz/kluby/slovinsko/nk-maribor/soupiska/2010-2011/	1	27	58	SEASON_APPS_EST_RATING
NK Maribor	Marcos Tavares	SEASON_APPS_CONFIRMED	6	https://www.eurofotbal.cz/kluby/slovinsko/nk-maribor/soupiska/2010-2011/	3	26	59	SEASON_APPS_EST_RATING
NK Maribor	Dejan Mezga	SEASON_APPS_CONFIRMED	6	https://www.eurofotbal.cz/kluby/slovinsko/nk-maribor/soupiska/2010-2011/	2	25	59	SEASON_APPS_EST_RATING
NK Maribor	Goran Cvijanović	SEASON_APPS_CONFIRMED	6	https://www.eurofotbal.cz/kluby/slovinsko/nk-maribor/soupiska/2010-2011/	2	23	59	SEASON_APPS_EST_RATING
NK Maribor	Aleš Mertelj	SEASON_APPS_CONFIRMED	6	https://www.eurofotbal.cz/kluby/slovinsko/nk-maribor/soupiska/2010-2011/	2	23	59	SEASON_APPS_EST_RATING
NK Maribor	Robert Berić	SEASON_APPS_CONFIRMED	1	https://www.eurofotbal.cz/kluby/slovinsko/nk-maribor/soupiska/2010-2011/	3	19	55	SEASON_APPS_EST_RATING
NK Maribor	Etien Velikonja	UNVERIFIED_SOURCE_GAP			2	21	59	UNVERIFIED_ESTIMATED
NK Maribor	Dalibor Volaš	SEASON_APPS_CONFIRMED	6	https://www.eurofotbal.cz/kluby/slovinsko/nk-maribor/soupiska/2010-2011/	3	23	59	SEASON_APPS_EST_RATING
NK Maribor	Agim Ibraimi	UNVERIFIED_SOURCE_GAP			3	26	59	UNVERIFIED_ESTIMATED
NK Maribor	Željko Filipović	SEASON_APPS_CONFIRMED	0	https://www.eurofotbal.cz/kluby/slovinsko/nk-maribor/soupiska/2010-2011/	2	21	56	SEASON_APPS_EST_RATING
NK Maribor	Nejc Potokar	UNVERIFIED_SOURCE_GAP			3	22	63	UNVERIFIED_ESTIMATED
AIK	Ivan Turina	SEASON_APPS_CONFIRMED	12	https://www.eurofotbal.cz/kluby/svedsko/aik-solna/soupiska/2010/	0	29	65	SEASON_APPS_EST_RATING
AIK	Daniel Örlund	UNVERIFIED_SOURCE_GAP			0	20	65	UNVERIFIED_ESTIMATED
AIK	Nils-Eric Johansson	SEASON_APPS_CONFIRMED	27	https://www.eurofotbal.cz/kluby/svedsko/aik-solna/soupiska/2010/	1	30	68	SEASON_APPS_EST_RATING
AIK	Per Karlsson	SEASON_APPS_CONFIRMED	22	https://www.eurofotbal.cz/kluby/svedsko/aik-solna/soupiska/2010/	1	24	67	SEASON_APPS_EST_RATING
AIK	Niklas Backman	SEASON_APPS_CONFIRMED	25	https://www.eurofotbal.cz/kluby/svedsko/aik-solna/soupiska/2010/	1	21	66	SEASON_APPS_EST_RATING
AIK	Martin Lorentzson	SEASON_APPS_CONFIRMED	15	https://www.eurofotbal.cz/kluby/svedsko/aik-solna/soupiska/2010/	1	25	65	SEASON_APPS_EST_RATING
AIK	Helgi Valur Daníelsson	SEASON_APPS_CONFIRMED	16	https://www.eurofotbal.cz/kluby/svedsko/aik-solna/soupiska/2010/	2	28	65	SEASON_APPS_EST_RATING
AIK	Robert Åhman Persson	SEASON_APPS_CONFIRMED	14	https://www.eurofotbal.cz/kluby/svedsko/aik-solna/soupiska/2010/	2	22	64	SEASON_APPS_EST_RATING
AIK	Daniel Tjernström	SEASON_APPS_CONFIRMED	21	https://www.eurofotbal.cz/kluby/svedsko/aik-solna/soupiska/2010/	2	36	65	SEASON_APPS_EST_RATING
AIK	Dulee Johnson	SEASON_APPS_CONFIRMED	20	https://www.eurofotbal.cz/kluby/svedsko/aik-solna/soupiska/2010/	2	25	66	SEASON_APPS_EST_RATING
AIK	Viktor Lundberg	SEASON_APPS_CONFIRMED	22	https://www.eurofotbal.cz/kluby/svedsko/aik-solna/soupiska/2010/	2	18	65	SEASON_APPS_EST_RATING
AIK	Mohamed Bangura	SEASON_APPS_CONFIRMED	13	https://www.eurofotbal.cz/kluby/svedsko/aik-solna/soupiska/2010/	3	20	63	SEASON_APPS_EST_RATING
AIK	Teteh Bangura	UNVERIFIED_SOURCE_GAP			2	26	70	UNVERIFIED_ESTIMATED
AIK	Goran Ljubojević	SEASON_APPS_CONFIRMED	12	https://www.eurofotbal.cz/kluby/svedsko/aik-solna/soupiska/2010/	3	26	64	SEASON_APPS_EST_RATING
AIK	Kenny Pavey	SEASON_APPS_CONFIRMED	26	https://www.eurofotbal.cz/kluby/svedsko/aik-solna/soupiska/2010/	2	30	67	SEASON_APPS_EST_RATING
AIK	Antônio Flávio	SEASON_APPS_ADDED	28	https://www.eurofotbal.cz/kluby/svedsko/aik-solna/soupiska/2010/	3	23	68	SEASON_ARCHIVE_EST_RATING
AIK	Pontus Engblom	SEASON_APPS_ADDED	18	https://www.eurofotbal.cz/kluby/svedsko/aik-solna/soupiska/2010/	3	18	63	SEASON_ARCHIVE_EST_RATING
Helsingborgs IF	Erik Edman	SEASON_APPS_CONFIRMED	33	https://www.eurofotbal.cz/kluby/svedsko/helsingborgs-if/soupiska/2010/	1	31	72	SEASON_APPS_FIFA11
Helsingborgs IF	Marcus Lantz	SEASON_APPS_CONFIRMED	30	https://www.eurofotbal.cz/kluby/svedsko/helsingborgs-if/soupiska/2010/	2	34	71	SEASON_APPS_FIFA11
Helsingborgs IF	Alexander Gerndt	SEASON_APPS_CONFIRMED	17	https://www.eurofotbal.cz/kluby/svedsko/helsingborgs-if/soupiska/2010/	3	23	70	SEASON_APPS_FIFA11
Helsingborgs IF	Ardian Gashi	SEASON_APPS_CONFIRMED	31	https://www.eurofotbal.cz/kluby/svedsko/helsingborgs-if/soupiska/2010/	3	28	68	SEASON_APPS_FIFA11
Helsingborgs IF	Joel Ekstrand	SEASON_APPS_CONFIRMED	24	https://www.eurofotbal.cz/kluby/svedsko/helsingborgs-if/soupiska/2010/	2	21	68	SEASON_APPS_FIFA11
Helsingborgs IF	Mattias Lindström	SEASON_APPS_CONFIRMED	31	https://www.eurofotbal.cz/kluby/svedsko/helsingborgs-if/soupiska/2010/	2	29	68	SEASON_APPS_FIFA11
Helsingborgs IF	Christoffer Andersson	SEASON_APPS_CONFIRMED	34	https://www.eurofotbal.cz/kluby/svedsko/helsingborgs-if/soupiska/2010/	2	31	67	SEASON_APPS_FIFA11
Helsingborgs IF	Marcus Nilsson	SEASON_APPS_CONFIRMED	32	https://www.eurofotbal.cz/kluby/svedsko/helsingborgs-if/soupiska/2010/	1	22	67	SEASON_APPS_FIFA11
Helsingborgs IF	Rasmus Jönsson	SEASON_APPS_CONFIRMED	34	https://www.eurofotbal.cz/kluby/svedsko/helsingborgs-if/soupiska/2010/	3	20	66	SEASON_APPS_FIFA11
Helsingborgs IF	Erik Sundin	SEASON_APPS_CONFIRMED	30	https://www.eurofotbal.cz/kluby/svedsko/helsingborgs-if/soupiska/2010/	2	31	64	SEASON_APPS_FIFA11
Helsingborgs IF	Hannu Patronen	SEASON_APPS_CONFIRMED	12	https://www.eurofotbal.cz/kluby/svedsko/helsingborgs-if/soupiska/2010/	2	25	63	SEASON_APPS_FIFA11
Helsingborgs IF	Markus Holgersson	SEASON_APPS_CONFIRMED	31	https://www.eurofotbal.cz/kluby/svedsko/helsingborgs-if/soupiska/2010/	1	24	63	SEASON_APPS_FIFA11
Helsingborgs IF	May Mahlangu	SEASON_APPS_CONFIRMED	21	https://www.eurofotbal.cz/kluby/svedsko/helsingborgs-if/soupiska/2010/	2	20	63	SEASON_APPS_FIFA11
Helsingborgs IF	Erik Wahlstedt	SEASON_APPS_CONFIRMED	10	https://www.eurofotbal.cz/kluby/svedsko/helsingborgs-if/soupiska/2010/	1	33	61	SEASON_APPS_FIFA11
Helsingborgs IF	Porcellis	SEASON_APPS_CONFIRMED	7	https://www.eurofotbal.cz/kluby/svedsko/helsingborgs-if/soupiska/2010/	3	23	59	SEASON_APPS_FIFA11
Helsingborgs IF	Fredrik Liverstam	SEASON_APPS_CONFIRMED	3	https://www.eurofotbal.cz/kluby/svedsko/helsingborgs-if/soupiska/2010/	1	21	58	SEASON_APPS_FIFA11
Helsingborgs IF	Pär Hansson	SEASON_APPS_ADDED	34	https://www.eurofotbal.cz/kluby/svedsko/helsingborgs-if/soupiska/2010/	0	23	67	SEASON_ARCHIVE_EST_RATING
Helsingborgs IF	Oscar Berglund	SEASON_APPS_ADDED	1	https://www.eurofotbal.cz/kluby/svedsko/helsingborgs-if/soupiska/2010/	0	25	60	SEASON_ARCHIVE_EST_RATING
IF Elfsborg	Stefan Ishizaki	SEASON_APPS_CONFIRMED	13	https://www.eurofotbal.cz/kluby/svedsko/if-elfsborg/soupiska/2010/	2	27	74	SEASON_APPS_FIFA11
IF Elfsborg	Anders Svensson	SEASON_APPS_CONFIRMED	28	https://www.eurofotbal.cz/kluby/svedsko/if-elfsborg/soupiska/2010/	2	33	73	SEASON_APPS_FIFA11
IF Elfsborg	Daniel Nordmark	SEASON_APPS_CONFIRMED	26	https://www.eurofotbal.cz/kluby/svedsko/if-elfsborg/soupiska/2010/	2	22	72	SEASON_APPS_FIFA11
IF Elfsborg	Denni Avdic	SEASON_APPS_CONFIRMED	30	https://www.eurofotbal.cz/kluby/svedsko/if-elfsborg/soupiska/2010/	3	21	71	SEASON_APPS_FIFA11
IF Elfsborg	Jon Jönsson	SEASON_APPS_CONFIRMED	15	https://www.eurofotbal.cz/kluby/svedsko/if-elfsborg/soupiska/2010/	1	26	67	SEASON_APPS_FIFA11
IF Elfsborg	Martin Ericsson	SEASON_APPS_CONFIRMED	22	https://www.eurofotbal.cz/kluby/svedsko/if-elfsborg/soupiska/2010/	2	29	67	SEASON_APPS_FIFA11
IF Elfsborg	Johan Larsson	SEASON_APPS_CONFIRMED	30	https://www.eurofotbal.cz/kluby/svedsko/if-elfsborg/soupiska/2010/	2	19	65	SEASON_APPS_FIFA11
IF Elfsborg	Mathias Florén	SEASON_APPS_CONFIRMED	29	https://www.eurofotbal.cz/kluby/svedsko/if-elfsborg/soupiska/2010/	1	33	65	SEASON_APPS_FIFA11
IF Elfsborg	Teddy Lučić	SEASON_APPS_CONFIRMED	12	https://www.eurofotbal.cz/kluby/svedsko/if-elfsborg/soupiska/2010/	1	36	65	SEASON_APPS_FIFA11
IF Elfsborg	Amadou Jawo	SEASON_APPS_CONFIRMED	21	https://www.eurofotbal.cz/kluby/svedsko/if-elfsborg/soupiska/2010/	2	25	64	SEASON_APPS_FIFA11
IF Elfsborg	Daniel Mobaeck	SEASON_APPS_CONFIRMED	28	https://www.eurofotbal.cz/kluby/svedsko/if-elfsborg/soupiska/2010/	2	29	64	SEASON_APPS_FIFA11
IF Elfsborg	James Keene	SEASON_APPS_CONFIRMED	26	https://www.eurofotbal.cz/kluby/svedsko/if-elfsborg/soupiska/2010/	3	24	62	SEASON_APPS_FIFA11
IF Elfsborg	Johan Karlsson	SEASON_APPS_CONFIRMED	23	https://www.eurofotbal.cz/kluby/svedsko/if-elfsborg/soupiska/2010/	1	34	62	SEASON_APPS_FIFA11
IF Elfsborg	Andreas Klarström	SEASON_APPS_CONFIRMED	12	https://www.eurofotbal.cz/kluby/svedsko/if-elfsborg/soupiska/2010/	2	32	61	SEASON_APPS_FIFA11
IF Elfsborg	Niklas Hult	SEASON_APPS_CONFIRMED	9	https://www.eurofotbal.cz/kluby/svedsko/if-elfsborg/soupiska/2010/	2	20	61	SEASON_APPS_FIFA11
IF Elfsborg	Anders Wikström	SEASON_APPS_CONFIRMED	19	https://www.eurofotbal.cz/kluby/svedsko/if-elfsborg/soupiska/2010/	1	28	60	SEASON_APPS_FIFA11
IF Elfsborg	Fredrik Berglund	SEASON_APPS_CONFIRMED	10	https://www.eurofotbal.cz/kluby/svedsko/if-elfsborg/soupiska/2010/	3	30	60	SEASON_APPS_FIFA11
IF Elfsborg	Jari Ilola	SEASON_APPS_CONFIRMED	0	https://www.eurofotbal.cz/kluby/svedsko/if-elfsborg/soupiska/2010/	2	31	60	SEASON_APPS_FIFA11
IF Elfsborg	Ante Čović	SEASON_APPS_ADDED	17	https://www.eurofotbal.cz/kluby/svedsko/if-elfsborg/soupiska/2010/	0	34	63	SEASON_ARCHIVE_EST_RATING
IF Elfsborg	Joakim Wulff	SEASON_APPS_ADDED	9	https://www.eurofotbal.cz/kluby/svedsko/if-elfsborg/soupiska/2010/	0	31	61	SEASON_ARCHIVE_EST_RATING
Malmö FF	Johan Dahlin	SEASON_APPS_CONFIRMED	29	https://www.eurofotbal.cz/kluby/svedsko/malm-ff/soupiska/2010/	0	23	68	SEASON_APPS_EST_RATING
Malmö FF	Daniel Andersson	SEASON_APPS_CONFIRMED	31	https://www.eurofotbal.cz/kluby/svedsko/malm-ff/soupiska/2010/	2	32	70	SEASON_APPS_FIFA11
Malmö FF	Guillermo Molins	SEASON_APPS_CONFIRMED	29	https://www.eurofotbal.cz/kluby/svedsko/malm-ff/soupiska/2010/	3	21	70	SEASON_APPS_FIFA11
Malmö FF	Wilton Figueiredo	SEASON_APPS_CONFIRMED	28	https://www.eurofotbal.cz/kluby/svedsko/malm-ff/soupiska/2010/	3	27	70	SEASON_APPS_FIFA11
Malmö FF	Daniel Larsson	SEASON_APPS_CONFIRMED	29	https://www.eurofotbal.cz/kluby/svedsko/malm-ff/soupiska/2010/	3	23	69	SEASON_APPS_FIFA11
Malmö FF	Ivo Pekalski	SEASON_APPS_CONFIRMED	25	https://www.eurofotbal.cz/kluby/svedsko/malm-ff/soupiska/2010/	2	19	68	SEASON_APPS_FIFA11
Malmö FF	Jiloan Hamad	SEASON_APPS_CONFIRMED	28	https://www.eurofotbal.cz/kluby/svedsko/malm-ff/soupiska/2010/	3	19	68	SEASON_APPS_FIFA11
Malmö FF	Jimmy Durmaz	SEASON_APPS_CONFIRMED	28	https://www.eurofotbal.cz/kluby/svedsko/malm-ff/soupiska/2010/	2	20	68	SEASON_APPS_FIFA11
Malmö FF	Ricardinho	SEASON_APPS_CONFIRMED	23	https://www.eurofotbal.cz/kluby/svedsko/malm-ff/soupiska/2010/	1	25	68	SEASON_APPS_FIFA11
Malmö FF	Agon Mehmeti	SEASON_APPS_CONFIRMED	25	https://www.eurofotbal.cz/kluby/svedsko/malm-ff/soupiska/2010/	3	20	66	SEASON_APPS_FIFA11
Malmö FF	Jasmin Sudić	SEASON_APPS_CONFIRMED	6	https://www.eurofotbal.cz/kluby/svedsko/malm-ff/soupiska/2010/	1	19	65	SEASON_APPS_FIFA11
Malmö FF	Miljan Mutavdžić	SEASON_APPS_CONFIRMED	12	https://www.eurofotbal.cz/kluby/svedsko/malm-ff/soupiska/2010/	2	24	64	SEASON_APPS_FIFA11
Malmö FF	Rick Kruys	SEASON_APPS_CONFIRMED	4	https://www.eurofotbal.cz/kluby/svedsko/malm-ff/soupiska/2010/	2	24	63	SEASON_APPS_FIFA11
Malmö FF	Markus Halsti	SEASON_APPS_CONFIRMED	8	https://www.eurofotbal.cz/kluby/svedsko/malm-ff/soupiska/2010/	1	25	62	SEASON_APPS_FIFA11
Malmö FF	Jeffrey Aubynn	SEASON_APPS_CONFIRMED	21	https://www.eurofotbal.cz/kluby/svedsko/malm-ff/soupiska/2010/	3	32	60	SEASON_APPS_FIFA11
Malmö FF	Joseph Elanga	SEASON_APPS_CONFIRMED	10	https://www.eurofotbal.cz/kluby/svedsko/malm-ff/soupiska/2010/	1	30	60	SEASON_APPS_FIFA11
Malmö FF	Pontus Jansson	SEASON_APPS_CONFIRMED	19	https://www.eurofotbal.cz/kluby/svedsko/malm-ff/soupiska/2010/	3	19	60	SEASON_APPS_FIFA11
Malmö FF	Alexander Nilsson	SEASON_APPS_CONFIRMED	3	https://www.eurofotbal.cz/kluby/svedsko/malm-ff/soupiska/2010/	3	17	59	SEASON_APPS_FIFA11
Malmö FF	Ulrich Vinzents	SEASON_APPS_ADDED	30	https://www.eurofotbal.cz/kluby/svedsko/malm-ff/soupiska/2010/	1	33	68	SEASON_ARCHIVE_EST_RATING
IFK Göteborg	Kim Christensen	SEASON_APPS_CONFIRMED	14	https://www.eurofotbal.cz/kluby/svedsko/ifk-goteborg/soupiska/2010/	0	30	66	SEASON_APPS_EST_RATING
IFK Göteborg	Stefan Selakovic	SEASON_APPS_CONFIRMED	28	https://www.eurofotbal.cz/kluby/svedsko/ifk-goteborg/soupiska/2010/	2	33	78	SEASON_APPS_FIFA11
IFK Göteborg	Ragnar Sigurdsson	SEASON_APPS_CONFIRMED	29	https://www.eurofotbal.cz/kluby/svedsko/ifk-goteborg/soupiska/2010/	1	23	74	SEASON_APPS_FIFA11
IFK Göteborg	Tobias Hysén	SEASON_APPS_CONFIRMED	23	https://www.eurofotbal.cz/kluby/svedsko/ifk-goteborg/soupiska/2010/	3	27	71	SEASON_APPS_FIFA11
IFK Göteborg	Adam Johansson	SEASON_APPS_CONFIRMED	28	https://www.eurofotbal.cz/kluby/svedsko/ifk-goteborg/soupiska/2010/	1	27	67	SEASON_APPS_FIFA11
IFK Göteborg	Mikael Dyrestam	SEASON_APPS_CONFIRMED	0	https://www.eurofotbal.cz/kluby/svedsko/ifk-goteborg/soupiska/2010/	1	18	64	SEASON_APPS_FIFA11
IFK Göteborg	Robin Söder	SEASON_APPS_CONFIRMED	14	https://www.eurofotbal.cz/kluby/svedsko/ifk-goteborg/soupiska/2010/	3	18	64	SEASON_APPS_FIFA11
IFK Göteborg	Sebastian Eriksson	SEASON_APPS_CONFIRMED	26	https://www.eurofotbal.cz/kluby/svedsko/ifk-goteborg/soupiska/2010/	1	21	63	SEASON_APPS_FIFA11
IFK Göteborg	Theódór Elmar Bjarnason	UNVERIFIED_SOURCE_GAP			2	32	63	UNVERIFIED_FIFA11_RATING_EST_AGE_ECONOMY
IFK Göteborg	Thomas Olsson	SEASON_APPS_CONFIRMED	26	https://www.eurofotbal.cz/kluby/svedsko/ifk-goteborg/soupiska/2010/	2	34	63	SEASON_APPS_FIFA11
IFK Göteborg	Hannes Stiller	SEASON_APPS_CONFIRMED	12	https://www.eurofotbal.cz/kluby/svedsko/ifk-goteborg/soupiska/2010/	3	31	62	SEASON_APPS_FIFA11
IFK Göteborg	Hjálmar Jónsson	SEASON_APPS_CONFIRMED	26	https://www.eurofotbal.cz/kluby/svedsko/ifk-goteborg/soupiska/2010/	1	29	62	SEASON_APPS_FIFA11
IFK Göteborg	Jakob Johansson	SEASON_APPS_CONFIRMED	27	https://www.eurofotbal.cz/kluby/svedsko/ifk-goteborg/soupiska/2010/	2	19	61	SEASON_APPS_FIFA11
IFK Göteborg	Karl Svensson	SEASON_APPS_CONFIRMED	6	https://www.eurofotbal.cz/kluby/svedsko/ifk-goteborg/soupiska/2010/	1	25	61	SEASON_APPS_FIFA11
IFK Göteborg	Tobias Sana	SEASON_APPS_CONFIRMED	12	https://www.eurofotbal.cz/kluby/svedsko/ifk-goteborg/soupiska/2010/	2	20	61	SEASON_APPS_FIFA11
IFK Göteborg	Nicklas Carlsson	SEASON_APPS_CONFIRMED	12	https://www.eurofotbal.cz/kluby/svedsko/ifk-goteborg/soupiska/2010/	1	30	60	SEASON_APPS_FIFA11
IFK Göteborg	Pär Ericsson	SEASON_APPS_CONFIRMED	12	https://www.eurofotbal.cz/kluby/svedsko/ifk-goteborg/soupiska/2010/	3	21	60	SEASON_APPS_FIFA11
IFK Göteborg	Erik Lund	SEASON_APPS_CONFIRMED	23	https://www.eurofotbal.cz/kluby/svedsko/ifk-goteborg/soupiska/2010/	1	21	59	SEASON_APPS_FIFA11
IFK Göteborg	Niklas Bärkroth	SEASON_APPS_CONFIRMED	16	https://www.eurofotbal.cz/kluby/svedsko/ifk-goteborg/soupiska/2010/	3	18	58	SEASON_APPS_FIFA11
IFK Göteborg	Alexander Faltsetas	SEASON_APPS_CONFIRMED	19	https://www.eurofotbal.cz/kluby/svedsko/ifk-goteborg/soupiska/2010/	2	22	54	SEASON_APPS_FIFA11
IFK Göteborg	Marcus Sandberg	SEASON_APPS_ADDED	16	https://www.eurofotbal.cz/kluby/svedsko/ifk-goteborg/soupiska/2010/	0	19	63	SEASON_ARCHIVE_EST_RATING
IFK Göteborg	Elmar Bjarnason	SEASON_APPS_ADDED	23	https://www.eurofotbal.cz/kluby/svedsko/ifk-goteborg/soupiska/2010/	2	22	66	SEASON_ARCHIVE_EST_RATING
BSC Young Boys	Marco Wölfli	SEASON_APPS_CONFIRMED	46	https://www.eurofotbal.cz/kluby/svycarsko/bsc-young-boys/soupiska/2010-2011/	0	27	73	SEASON_APPS_EST_RATING
BSC Young Boys	Christoph Spycher	SEASON_APPS_CONFIRMED	38	https://www.eurofotbal.cz/kluby/svycarsko/bsc-young-boys/soupiska/2010-2011/	1	32	71	SEASON_APPS_FIFA11
BSC Young Boys	David Degen	SEASON_APPS_CONFIRMED	44	https://www.eurofotbal.cz/kluby/svycarsko/bsc-young-boys/soupiska/2010-2011/	2	27	70	SEASON_APPS_FIFA11
BSC Young Boys	Alberto Regazzoni	SEASON_APPS_CONFIRMED	19	https://www.eurofotbal.cz/kluby/svycarsko/bsc-young-boys/soupiska/2010-2011/	2	27	68	SEASON_APPS_FIFA11
BSC Young Boys	Mario Raimondi	SEASON_APPS_CONFIRMED	35	https://www.eurofotbal.cz/kluby/svycarsko/bsc-young-boys/soupiska/2010-2011/	2	30	68	SEASON_APPS_FIFA11
BSC Young Boys	Emiliano Dudar	SEASON_APPS_CONFIRMED	22	https://www.eurofotbal.cz/kluby/svycarsko/bsc-young-boys/soupiska/2010-2011/	1	28	67	SEASON_APPS_FIFA11
BSC Young Boys	Moreno Costanzo	SEASON_APPS_CONFIRMED	43	https://www.eurofotbal.cz/kluby/svycarsko/bsc-young-boys/soupiska/2010-2011/	3	22	67	SEASON_APPS_FIFA11
BSC Young Boys	Alain Nef	SEASON_APPS_CONFIRMED	35	https://www.eurofotbal.cz/kluby/svycarsko/bsc-young-boys/soupiska/2010-2011/	1	28	71	SEASON_APPS_EST_RATING
BSC Young Boys	Marco Schneuwly	SEASON_APPS_CONFIRMED	24	https://www.eurofotbal.cz/kluby/svycarsko/bsc-young-boys/soupiska/2010-2011/	3	25	64	SEASON_APPS_FIFA11
BSC Young Boys	Xavier Hochstrasser	SEASON_APPS_CONFIRMED	20	https://www.eurofotbal.cz/kluby/svycarsko/bsc-young-boys/soupiska/2010-2011/	2	22	64	SEASON_APPS_FIFA11
BSC Young Boys	François Affolter	SEASON_APPS_CONFIRMED	46	https://www.eurofotbal.cz/kluby/svycarsko/bsc-young-boys/soupiska/2010-2011/	1	19	63	SEASON_APPS_FIFA11
BSC Young Boys	Scott Sutter	SEASON_APPS_CONFIRMED	45	https://www.eurofotbal.cz/kluby/svycarsko/bsc-young-boys/soupiska/2010-2011/	2	24	63	SEASON_APPS_FIFA11
BSC Young Boys	Senad Lulić	SEASON_APPS_CONFIRMED	43	https://www.eurofotbal.cz/kluby/svycarsko/bsc-young-boys/soupiska/2010-2011/	2	24	63	SEASON_APPS_FIFA11
BSC Young Boys	Thierry Doubai	SEASON_APPS_CONFIRMED	43	https://www.eurofotbal.cz/kluby/svycarsko/bsc-young-boys/soupiska/2010-2011/	2	22	63	SEASON_APPS_FIFA11
BSC Young Boys	Christian Schneuwly	SEASON_APPS_CONFIRMED	23	https://www.eurofotbal.cz/kluby/svycarsko/bsc-young-boys/soupiska/2010-2011/	2	22	59	SEASON_APPS_FIFA11
BSC Young Boys	Henri Bienvenu	SEASON_APPS_ADDED	45	https://www.eurofotbal.cz/kluby/svycarsko/bsc-young-boys/soupiska/2010-2011/	3	22	71	SEASON_ARCHIVE_EST_RATING
BSC Young Boys	Ammar Jemal	SEASON_APPS_ADDED	37	https://www.eurofotbal.cz/kluby/svycarsko/bsc-young-boys/soupiska/2010-2011/	1	23	71	SEASON_ARCHIVE_EST_RATING
BSC Young Boys	Emmanuel Mayuka	SEASON_APPS_ADDED	36	https://www.eurofotbal.cz/kluby/svycarsko/bsc-young-boys/soupiska/2010-2011/	3	19	69	SEASON_ARCHIVE_EST_RATING
FC Basel	Franco Costanzo	SEASON_APPS_CONFIRMED	44	https://www.eurofotbal.cz/kluby/svycarsko/fc-basilej/soupiska/2010-2011/	0	29	75	SEASON_APPS_EST_RATING
FC Basel	Alexander Frei	SEASON_APPS_CONFIRMED	46	https://www.eurofotbal.cz/kluby/svycarsko/fc-basilej/soupiska/2010-2011/	3	31	77	SEASON_APPS_FIFA11
FC Basel	Xherdan Shaqiri	SEASON_APPS_CONFIRMED	40	https://www.eurofotbal.cz/kluby/svycarsko/fc-basilej/soupiska/2010-2011/	2	18	74	SEASON_APPS_FIFA11
FC Basel	Benjamin Huggel	SEASON_APPS_CONFIRMED	34	https://www.eurofotbal.cz/kluby/svycarsko/fc-basilej/soupiska/2010-2011/	2	33	73	SEASON_APPS_FIFA11
FC Basel	Gilles Yapi	UNVERIFIED_SOURCE_GAP			1	32	67	UNVERIFIED_ESTIMATED
FC Basel	Marco Streller	SEASON_APPS_CONFIRMED	34	https://www.eurofotbal.cz/kluby/svycarsko/fc-basilej/soupiska/2010-2011/	3	29	73	SEASON_APPS_FIFA11
FC Basel	Behrang Safari	SEASON_APPS_CONFIRMED	40	https://www.eurofotbal.cz/kluby/svycarsko/fc-basilej/soupiska/2010-2011/	1	25	72	SEASON_APPS_FIFA11
FC Basel	Scott Chipperfield	SEASON_APPS_CONFIRMED	29	https://www.eurofotbal.cz/kluby/svycarsko/fc-basilej/soupiska/2010-2011/	2	34	72	SEASON_APPS_FIFA11
FC Basel	Valentin Stocker	SEASON_APPS_CONFIRMED	36	https://www.eurofotbal.cz/kluby/svycarsko/fc-basilej/soupiska/2010-2011/	2	21	72	SEASON_APPS_FIFA11
FC Basel	Çağdaş Atan	SEASON_APPS_CONFIRMED	16	https://www.eurofotbal.cz/kluby/svycarsko/fc-basilej/soupiska/2010-2011/	1	30	71	SEASON_APPS_FIFA11
FC Basel	Samuel Inkoom	SEASON_APPS_CONFIRMED	26	https://www.eurofotbal.cz/kluby/svycarsko/fc-basilej/soupiska/2010-2011/	1	21	70	SEASON_APPS_FIFA11
FC Basel	David Abraham	SEASON_APPS_CONFIRMED	40	https://www.eurofotbal.cz/kluby/svycarsko/fc-basilej/soupiska/2010-2011/	1	24	69	SEASON_APPS_FIFA11
FC Basel	Federico Almerares	SEASON_APPS_CONFIRMED	21	https://www.eurofotbal.cz/kluby/svycarsko/fc-basilej/soupiska/2010-2011/	3	25	66	SEASON_APPS_FIFA11
FC Basel	Reto Zanni	SEASON_APPS_CONFIRMED	6	https://www.eurofotbal.cz/kluby/svycarsko/fc-basilej/soupiska/2010-2011/	1	30	66	SEASON_APPS_FIFA11
FC Basel	Cabral	SEASON_APPS_CONFIRMED	29	https://www.eurofotbal.cz/kluby/svycarsko/fc-basilej/soupiska/2010-2011/	2	21	62	SEASON_APPS_FIFA11
FC Basel	Beg Ferati	SEASON_APPS_CONFIRMED	22	https://www.eurofotbal.cz/kluby/svycarsko/fc-basilej/soupiska/2010-2011/	1	23	61	SEASON_APPS_FIFA11
FC Basel	Pascal Schürpf	SEASON_APPS_CONFIRMED	5	https://www.eurofotbal.cz/kluby/svycarsko/fc-basilej/soupiska/2010-2011/	2	21	58	SEASON_APPS_FIFA11
FC Basel	Gilles Yapi-Yapo	SEASON_APPS_ADDED	42	https://www.eurofotbal.cz/kluby/svycarsko/fc-basilej/soupiska/2010-2011/	2	28	74	SEASON_ARCHIVE_EST_RATING
FC Basel	Fwayo Tembo	SEASON_APPS_ADDED	32	https://www.eurofotbal.cz/kluby/svycarsko/fc-basilej/soupiska/2010-2011/	2	21	71	SEASON_ARCHIVE_EST_RATING
FC Basel	Jacques Zoua	SEASON_APPS_ADDED	28	https://www.eurofotbal.cz/kluby/svycarsko/fc-basilej/soupiska/2010-2011/	3	18	69	SEASON_ARCHIVE_EST_RATING
FC Basel	Granit Xhaka	SEASON_APPS_ADDED	26	https://www.eurofotbal.cz/kluby/svycarsko/fc-basilej/soupiska/2010-2011/	2	17	68	SEASON_ARCHIVE_EST_RATING
FC Basel	Markus Steinhöfer	SEASON_APPS_ADDED	20	https://www.eurofotbal.cz/kluby/svycarsko/fc-basilej/soupiska/2010-2011/	1	24	69	SEASON_ARCHIVE_EST_RATING
FC St. Gallen	Daniel Lopar	SEASON_APPS_CONFIRMED	10	https://www.eurofotbal.cz/kluby/svycarsko/fc-st-gallen/soupiska/2010-2011/	0	25	63	SEASON_APPS_EST_RATING
FC St. Gallen	Mario Frick	SEASON_APPS_CONFIRMED	15	https://www.eurofotbal.cz/kluby/svycarsko/fc-st-gallen/soupiska/2010-2011/	3	35	67	SEASON_APPS_FIFA11
FC St. Gallen	Daniel Imhof	SEASON_APPS_CONFIRMED	29	https://www.eurofotbal.cz/kluby/svycarsko/fc-st-gallen/soupiska/2010-2011/	2	32	66	SEASON_APPS_FIFA11
FC St. Gallen	Fabian Frei	SEASON_APPS_CONFIRMED	35	https://www.eurofotbal.cz/kluby/svycarsko/fc-st-gallen/soupiska/2010-2011/	2	21	61	SEASON_APPS_FIFA11
FC St. Gallen	Tim Bakens	SEASON_APPS_CONFIRMED	17	https://www.eurofotbal.cz/kluby/svycarsko/fc-st-gallen/soupiska/2010-2011/	1	27	60	SEASON_APPS_FIFA11
FC St. Gallen	Philipp Muntwiler	SEASON_APPS_CONFIRMED	34	https://www.eurofotbal.cz/kluby/svycarsko/fc-st-gallen/soupiska/2010-2011/	2	23	59	SEASON_APPS_FIFA11
FC St. Gallen	Kristian Nushi	SEASON_APPS_CONFIRMED	29	https://www.eurofotbal.cz/kluby/svycarsko/fc-st-gallen/soupiska/2010-2011/	2	28	58	SEASON_APPS_FIFA11
FC St. Gallen	Lukas Schenkel	SEASON_APPS_CONFIRMED	36	https://www.eurofotbal.cz/kluby/svycarsko/fc-st-gallen/soupiska/2010-2011/	1	26	58	SEASON_APPS_FIFA11
FC St. Gallen	Nico Abegglen	SEASON_APPS_CONFIRMED	27	https://www.eurofotbal.cz/kluby/svycarsko/fc-st-gallen/soupiska/2010-2011/	3	20	57	SEASON_APPS_FIFA11
FC St. Gallen	Marco Hämmerli	SEASON_APPS_CONFIRMED	20	https://www.eurofotbal.cz/kluby/svycarsko/fc-st-gallen/soupiska/2010-2011/	1	25	56	SEASON_APPS_FIFA11
FC St. Gallen	Adrian Winter	SEASON_APPS_CONFIRMED	29	https://www.eurofotbal.cz/kluby/svycarsko/fc-st-gallen/soupiska/2010-2011/	2	24	53	SEASON_APPS_FIFA11
FC St. Gallen	Michael Lang	SEASON_APPS_CONFIRMED	32	https://www.eurofotbal.cz/kluby/svycarsko/fc-st-gallen/soupiska/2010-2011/	1	19	53	SEASON_APPS_FIFA11
FC St. Gallen	Pa Modou Jagne	SEASON_APPS_CONFIRMED	24	https://www.eurofotbal.cz/kluby/svycarsko/fc-st-gallen/soupiska/2010-2011/	2	20	65	SEASON_APPS_EST_RATING
FC St. Gallen	Moreno Merenda	UNVERIFIED_SOURCE_GAP			2	27	64	UNVERIFIED_ESTIMATED
FC St. Gallen	Germano Vailati	SEASON_APPS_ADDED	27	https://www.eurofotbal.cz/kluby/svycarsko/fc-st-gallen/soupiska/2010-2011/	0	29	68	SEASON_ARCHIVE_EST_RATING
FC Thun	David da Costa	SEASON_APPS_CONFIRMED	37	https://www.eurofotbal.cz/kluby/svycarsko/fc-thun/soupiska/2010-2011/	0	24	69	SEASON_APPS_EST_RATING
FC Thun	Marc Schneider	SEASON_APPS_CONFIRMED	23	https://www.eurofotbal.cz/kluby/svycarsko/fc-thun/soupiska/2010-2011/	1	30	65	SEASON_APPS_FIFA11
FC Thun	Milaim Rama	SEASON_APPS_CONFIRMED	15	https://www.eurofotbal.cz/kluby/svycarsko/fc-thun/soupiska/2010-2011/	3	34	59	SEASON_APPS_FIFA11
FC Thun	Roland Bättig	SEASON_APPS_CONFIRMED	36	https://www.eurofotbal.cz/kluby/svycarsko/fc-thun/soupiska/2010-2011/	2	31	58	SEASON_APPS_FIFA11
FC Thun	Stipe Matić	SEASON_APPS_CONFIRMED	35	https://www.eurofotbal.cz/kluby/svycarsko/fc-thun/soupiska/2010-2011/	1	31	57	SEASON_APPS_FIFA11
FC Thun	Giuseppe Morello	SEASON_APPS_CONFIRMED	15	https://www.eurofotbal.cz/kluby/svycarsko/fc-thun/soupiska/2010-2011/	3	24	56	SEASON_APPS_FIFA11
FC Thun	Muhamed Demiri	SEASON_APPS_CONFIRMED	33	https://www.eurofotbal.cz/kluby/svycarsko/fc-thun/soupiska/2010-2011/	2	24	56	SEASON_APPS_FIFA11
FC Thun	Stefan Glarner	SEASON_APPS_CONFIRMED	30	https://www.eurofotbal.cz/kluby/svycarsko/fc-thun/soupiska/2010-2011/	2	22	56	SEASON_APPS_FIFA11
FC Thun	Benjamin Lüthi	SEASON_APPS_CONFIRMED	33	https://www.eurofotbal.cz/kluby/svycarsko/fc-thun/soupiska/2010-2011/	2	21	55	SEASON_APPS_FIFA11
FC Thun	Ezequiel Scarione	SEASON_APPS_CONFIRMED	19	https://www.eurofotbal.cz/kluby/svycarsko/fc-thun/soupiska/2010-2011/	2	25	55	SEASON_APPS_FIFA11
FC Thun	Stephan Andrist	SEASON_APPS_CONFIRMED	23	https://www.eurofotbal.cz/kluby/svycarsko/fc-thun/soupiska/2010-2011/	2	22	54	SEASON_APPS_FIFA11
FC Thun	Dennis Hediger	SEASON_APPS_CONFIRMED	20	https://www.eurofotbal.cz/kluby/svycarsko/fc-thun/soupiska/2010-2011/	2	23	65	SEASON_APPS_EST_RATING
FC Thun	Nelson Ferreira	UNVERIFIED_SOURCE_GAP			2	32	65	UNVERIFIED_ESTIMATED
FC Thun	Marco Aratore	UNVERIFIED_SOURCE_GAP			2	29	61	UNVERIFIED_ESTIMATED
FC Thun	Nick Proschwitz	SEASON_APPS_ADDED	33	https://www.eurofotbal.cz/kluby/svycarsko/fc-thun/soupiska/2010-2011/	3	23	68	SEASON_ARCHIVE_EST_RATING
FC Thun	Timm Klose	SEASON_APPS_ADDED	32	https://www.eurofotbal.cz/kluby/svycarsko/fc-thun/soupiska/2010-2011/	1	22	67	SEASON_ARCHIVE_EST_RATING
FC Thun	Andreas Wittwer	SEASON_APPS_ADDED	28	https://www.eurofotbal.cz/kluby/svycarsko/fc-thun/soupiska/2010-2011/	1	19	65	SEASON_ARCHIVE_EST_RATING
FC Thun	Thomas Reinmann	SEASON_APPS_ADDED	18	https://www.eurofotbal.cz/kluby/svycarsko/fc-thun/soupiska/2010-2011/	1	27	64	SEASON_ARCHIVE_EST_RATING
FC Thun	Dario Lezcano	SEASON_APPS_ADDED	18	https://www.eurofotbal.cz/kluby/svycarsko/fc-thun/soupiska/2010-2011/	2	20	63	SEASON_ARCHIVE_EST_RATING
FC Zürich	Johnny Leoni	SEASON_APPS_CONFIRMED	15	https://www.eurofotbal.cz/kluby/svycarsko/fc-curych/soupiska/2010-2011/	0	26	67	SEASON_APPS_EST_RATING
FC Zürich	Yassine Chikhaoui	SEASON_APPS_CONFIRMED	5	https://www.eurofotbal.cz/kluby/svycarsko/fc-curych/soupiska/2010-2011/	2	23	72	SEASON_APPS_FIFA11
FC Zürich	Ludovic Magnin	SEASON_APPS_CONFIRMED	26	https://www.eurofotbal.cz/kluby/svycarsko/fc-curych/soupiska/2010-2011/	1	31	71	SEASON_APPS_FIFA11
FC Zürich	Alexandre Alphonse	SEASON_APPS_CONFIRMED	28	https://www.eurofotbal.cz/kluby/svycarsko/fc-curych/soupiska/2010-2011/	3	28	69	SEASON_APPS_FIFA11
FC Zürich	Eric Hassli	SEASON_APPS_CONFIRMED	17	https://www.eurofotbal.cz/kluby/svycarsko/fc-curych/soupiska/2010-2011/	3	29	69	SEASON_APPS_FIFA11
FC Zürich	Xavier Margairaz	SEASON_APPS_CONFIRMED	28	https://www.eurofotbal.cz/kluby/svycarsko/fc-curych/soupiska/2010-2011/	2	26	69	SEASON_APPS_FIFA11
FC Zürich	Dušan Djurić	SEASON_APPS_CONFIRMED	35	https://www.eurofotbal.cz/kluby/svycarsko/fc-curych/soupiska/2010-2011/	2	25	68	SEASON_APPS_FIFA11
FC Zürich	Alain Rochat	SEASON_APPS_CONFIRMED	11	https://www.eurofotbal.cz/kluby/svycarsko/fc-curych/soupiska/2010-2011/	1	27	66	SEASON_APPS_FIFA11
FC Zürich	Amine Chermiti	SEASON_APPS_CONFIRMED	19	https://www.eurofotbal.cz/kluby/svycarsko/fc-curych/soupiska/2010-2011/	3	22	65	SEASON_APPS_FIFA11
FC Zürich	Florian Stahel	SEASON_APPS_CONFIRMED	12	https://www.eurofotbal.cz/kluby/svycarsko/fc-curych/soupiska/2010-2011/	1	25	65	SEASON_APPS_FIFA11
FC Zürich	Heinz Barmettler	SEASON_APPS_CONFIRMED	3	https://www.eurofotbal.cz/kluby/svycarsko/fc-curych/soupiska/2010-2011/	1	23	64	SEASON_APPS_FIFA11
FC Zürich	Silvan Aegerter	SEASON_APPS_CONFIRMED	33	https://www.eurofotbal.cz/kluby/svycarsko/fc-curych/soupiska/2010-2011/	2	30	64	SEASON_APPS_FIFA11
FC Zürich	Marco Schönbächler	SEASON_APPS_CONFIRMED	31	https://www.eurofotbal.cz/kluby/svycarsko/fc-curych/soupiska/2010-2011/	3	20	62	SEASON_APPS_FIFA11
FC Zürich	Adrian Nikci	SEASON_APPS_CONFIRMED	27	https://www.eurofotbal.cz/kluby/svycarsko/fc-curych/soupiska/2010-2011/	3	20	59	SEASON_APPS_FIFA11
FC Zürich	Milan Gajić	SEASON_APPS_CONFIRMED	5	https://www.eurofotbal.cz/kluby/svycarsko/fc-curych/soupiska/2010-2011/	2	23	58	SEASON_APPS_FIFA11
FC Zürich	Admir Mehmedi	SEASON_APPS_CONFIRMED	35	https://www.eurofotbal.cz/kluby/svycarsko/fc-curych/soupiska/2010-2011/	3	19	53	SEASON_APPS_FIFA11
FC Zürich	Andrea Guatelli	SEASON_APPS_ADDED	23	https://www.eurofotbal.cz/kluby/svycarsko/fc-curych/soupiska/2010-2011/	0	26	69	SEASON_ARCHIVE_EST_RATING
FC Zürich	Chaker Zouaghi	SEASON_APPS_ADDED	30	https://www.eurofotbal.cz/kluby/svycarsko/fc-curych/soupiska/2010-2011/	2	25	70	SEASON_ARCHIVE_EST_RATING
FC Zürich	Philippe Koch	SEASON_APPS_ADDED	28	https://www.eurofotbal.cz/kluby/svycarsko/fc-curych/soupiska/2010-2011/	1	19	67	SEASON_ARCHIVE_EST_RATING
FC Zürich	Jorge Teixeira	SEASON_APPS_ADDED	28	https://www.eurofotbal.cz/kluby/svycarsko/fc-curych/soupiska/2010-2011/	1	23	69	SEASON_ARCHIVE_EST_RATING
FC Zürich	Stjepan Kukuruzović	SEASON_APPS_ADDED	28	https://www.eurofotbal.cz/kluby/svycarsko/fc-curych/soupiska/2010-2011/	2	21	68	SEASON_ARCHIVE_EST_RATING
Lausanne-Sport	Anthony Favre	SEASON_APPS_CONFIRMED	10	https://www.eurofotbal.cz/kluby/svycarsko/lausanne-sport/soupiska/2010-2011/	0	26	63	SEASON_APPS_EST_RATING
Lausanne-Sport	Guillaume Katz	SEASON_APPS_CONFIRMED	10	https://www.eurofotbal.cz/kluby/svycarsko/lausanne-sport/soupiska/2010-2011/	1	21	61	SEASON_APPS_EST_RATING
Lausanne-Sport	Jérôme Sonnerat	SEASON_APPS_CONFIRMED	11	https://www.eurofotbal.cz/kluby/svycarsko/lausanne-sport/soupiska/2010-2011/	1	25	63	SEASON_APPS_EST_RATING
Lausanne-Sport	Mickaël Castejon	SEASON_APPS_CONFIRMED	2	https://www.eurofotbal.cz/kluby/svycarsko/lausanne-sport/soupiska/2010-2011/	0	25	61	SEASON_APPS_EST_RATING
Lausanne-Sport	Abdoulaye Ba	UNVERIFIED_SOURCE_GAP			1	29	64	UNVERIFIED_ESTIMATED
Lausanne-Sport	Stéphane Nater	UNVERIFIED_SOURCE_GAP			1	27	67	UNVERIFIED_ESTIMATED
Lausanne-Sport	Alexandre Pasche	SEASON_APPS_CONFIRMED	6	https://www.eurofotbal.cz/kluby/svycarsko/lausanne-sport/soupiska/2010-2011/	2	19	60	SEASON_APPS_EST_RATING
Lausanne-Sport	Nicolas Marazzi	SEASON_APPS_CONFIRMED	10	https://www.eurofotbal.cz/kluby/svycarsko/lausanne-sport/soupiska/2010-2011/	2	29	62	SEASON_APPS_EST_RATING
Lausanne-Sport	Jocelyn Roux	SEASON_APPS_CONFIRMED	10	https://www.eurofotbal.cz/kluby/svycarsko/lausanne-sport/soupiska/2010-2011/	3	23	62	SEASON_APPS_EST_RATING
Lausanne-Sport	Moustapha Tall	UNVERIFIED_SOURCE_GAP			2	20	61	UNVERIFIED_ESTIMATED
Lausanne-Sport	Matt Moussilou	SEASON_APPS_CONFIRMED	0	https://www.eurofotbal.cz/kluby/svycarsko/lausanne-sport/soupiska/2010-2011/	3	28	60	SEASON_APPS_EST_RATING
Lausanne-Sport	Yannis Tafer	UNVERIFIED_SOURCE_GAP			2	26	63	UNVERIFIED_ESTIMATED
Lausanne-Sport	Yves Miéville	UNVERIFIED_SOURCE_GAP			2	24	64	UNVERIFIED_ESTIMATED
Lausanne-Sport	Raphaël Khelifi	UNVERIFIED_SOURCE_GAP			2	32	65	UNVERIFIED_ESTIMATED
Lausanne-Sport	Gaëtan Karlen	UNVERIFIED_SOURCE_GAP			2	24	62	UNVERIFIED_ESTIMATED
Grasshopper Club Zürich	Boris Smiljanić	SEASON_APPS_CONFIRMED	21	https://www.eurofotbal.cz/kluby/svycarsko/grasshopper-curych/soupiska/2010-2011/	1	33	71	SEASON_APPS_FIFA11
Grasshopper Club Zürich	Ricardo Cabanas	SEASON_APPS_CONFIRMED	6	https://www.eurofotbal.cz/kluby/svycarsko/grasshopper-curych/soupiska/2010-2011/	2	31	69	SEASON_APPS_FIFA11
Grasshopper Club Zürich	Guillermo Vallori	SEASON_APPS_CONFIRMED	38	https://www.eurofotbal.cz/kluby/svycarsko/grasshopper-curych/soupiska/2010-2011/	1	28	67	SEASON_APPS_FIFA11
Grasshopper Club Zürich	Paulo Menezes	SEASON_APPS_CONFIRMED	35	https://www.eurofotbal.cz/kluby/svycarsko/grasshopper-curych/soupiska/2010-2011/	1	28	66	SEASON_APPS_FIFA11
Grasshopper Club Zürich	Veroljub Salatić	SEASON_APPS_CONFIRMED	33	https://www.eurofotbal.cz/kluby/svycarsko/grasshopper-curych/soupiska/2010-2011/	2	24	66	SEASON_APPS_FIFA11
Grasshopper Club Zürich	Davide Callà	SEASON_APPS_CONFIRMED	10	https://www.eurofotbal.cz/kluby/svycarsko/grasshopper-curych/soupiska/2010-2011/	2	25	65	SEASON_APPS_FIFA11
Grasshopper Club Zürich	Vincenzo Rennella	SEASON_APPS_CONFIRMED	22	https://www.eurofotbal.cz/kluby/svycarsko/grasshopper-curych/soupiska/2010-2011/	3	21	63	SEASON_APPS_FIFA11
Grasshopper Club Zürich	Alessandro Riedle	SEASON_APPS_CONFIRMED	8	https://www.eurofotbal.cz/kluby/svycarsko/grasshopper-curych/soupiska/2010-2011/	3	18	62	SEASON_APPS_FIFA11
Grasshopper Club Zürich	Steven Lang	SEASON_APPS_CONFIRMED	25	https://www.eurofotbal.cz/kluby/svycarsko/grasshopper-curych/soupiska/2010-2011/	2	22	61	SEASON_APPS_FIFA11
Grasshopper Club Zürich	Innocent Emeghara	SEASON_APPS_CONFIRMED	36	https://www.eurofotbal.cz/kluby/svycarsko/grasshopper-curych/soupiska/2010-2011/	3	21	60	SEASON_APPS_FIFA11
Grasshopper Club Zürich	Kay Voser	SEASON_APPS_CONFIRMED	15	https://www.eurofotbal.cz/kluby/svycarsko/grasshopper-curych/soupiska/2010-2011/	1	23	60	SEASON_APPS_FIFA11
Grasshopper Club Zürich	Nzuzi Toko	SEASON_APPS_CONFIRMED	31	https://www.eurofotbal.cz/kluby/svycarsko/grasshopper-curych/soupiska/2010-2011/	2	19	60	SEASON_APPS_FIFA11
Grasshopper Club Zürich	Josip Colina	SEASON_APPS_CONFIRMED	28	https://www.eurofotbal.cz/kluby/svycarsko/grasshopper-curych/soupiska/2010-2011/	1	29	59	SEASON_APPS_FIFA11
Grasshopper Club Zürich	Roman Bürki	SEASON_APPS_CONFIRMED	11	https://www.eurofotbal.cz/kluby/svycarsko/grasshopper-curych/soupiska/2010-2011/	0	19	63	SEASON_APPS_EST_RATING
Grasshopper Club Zürich	Izet Hajrović	SEASON_APPS_CONFIRMED	22	https://www.eurofotbal.cz/kluby/svycarsko/grasshopper-curych/soupiska/2010-2011/	2	18	66	SEASON_APPS_EST_RATING
Grasshopper Club Zürich	Amir Abrashi	SEASON_APPS_CONFIRMED	30	https://www.eurofotbal.cz/kluby/svycarsko/grasshopper-curych/soupiska/2010-2011/	2	20	69	SEASON_APPS_EST_RATING
Grasshopper Club Zürich	Swen König	SEASON_APPS_ADDED	17	https://www.eurofotbal.cz/kluby/svycarsko/grasshopper-curych/soupiska/2010-2011/	0	24	66	SEASON_ARCHIVE_EST_RATING
Grasshopper Club Zürich	Steven Zuber	SEASON_APPS_ADDED	36	https://www.eurofotbal.cz/kluby/svycarsko/grasshopper-curych/soupiska/2010-2011/	2	18	69	SEASON_ARCHIVE_EST_RATING
Grasshopper Club Zürich	Daniel Pavlović	SEASON_APPS_ADDED	28	https://www.eurofotbal.cz/kluby/svycarsko/grasshopper-curych/soupiska/2010-2011/	1	22	68	SEASON_ARCHIVE_EST_RATING
FC Sion	Andris Vaņins	SEASON_APPS_CONFIRMED	35	https://www.eurofotbal.cz/kluby/svycarsko/fc-sion/soupiska/2010-2011/	0	30	72	SEASON_APPS_EST_RATING
FC Sion	George Ogăraru	SEASON_APPS_CONFIRMED	28	https://www.eurofotbal.cz/kluby/svycarsko/fc-sion/soupiska/2010-2011/	1	30	69	SEASON_APPS_FIFA11
FC Sion	Michael Dingsdag	SEASON_APPS_CONFIRMED	36	https://www.eurofotbal.cz/kluby/svycarsko/fc-sion/soupiska/2010-2011/	1	27	68	SEASON_APPS_FIFA11
FC Sion	Vilmos Vanczák	SEASON_APPS_CONFIRMED	34	https://www.eurofotbal.cz/kluby/svycarsko/fc-sion/soupiska/2010-2011/	1	27	66	SEASON_APPS_FIFA11
FC Sion	Adaílton	SEASON_APPS_CONFIRMED	32	https://www.eurofotbal.cz/kluby/svycarsko/fc-sion/soupiska/2010-2011/	1	27	65	SEASON_APPS_FIFA11
FC Sion	Goran Obradović	SEASON_APPS_CONFIRMED	35	https://www.eurofotbal.cz/kluby/svycarsko/fc-sion/soupiska/2010-2011/	2	34	65	SEASON_APPS_FIFA11
FC Sion	Fabrizio Zambrella	SEASON_APPS_CONFIRMED	28	https://www.eurofotbal.cz/kluby/svycarsko/fc-sion/soupiska/2010-2011/	2	24	64	SEASON_APPS_FIFA11
FC Sion	Nicolas Marin	SEASON_APPS_CONFIRMED	17	https://www.eurofotbal.cz/kluby/svycarsko/fc-sion/soupiska/2010-2011/	3	29	63	SEASON_APPS_FIFA11
FC Sion	Arnaud Bühler	SEASON_APPS_CONFIRMED	37	https://www.eurofotbal.cz/kluby/svycarsko/fc-sion/soupiska/2010-2011/	1	25	60	SEASON_APPS_FIFA11
FC Sion	Serey Die	UNVERIFIED_SOURCE_GAP			2	23	59	UNVERIFIED_FIFA11_RATING_EST_AGE_ECONOMY
FC Sion	Abdoul Karim Yoda	SEASON_APPS_CONFIRMED	21	https://www.eurofotbal.cz/kluby/svycarsko/fc-sion/soupiska/2010-2011/	2	21	58	SEASON_APPS_FIFA11
FC Sion	Enes Fermino	SEASON_APPS_CONFIRMED	1	https://www.eurofotbal.cz/kluby/svycarsko/fc-sion/soupiska/2010-2011/	2	23	55	SEASON_APPS_FIFA11
FC Sion	Jonas Elmer	SEASON_APPS_CONFIRMED	22	https://www.eurofotbal.cz/kluby/svycarsko/fc-sion/soupiska/2010-2011/	1	22	54	SEASON_APPS_FIFA11
FC Sion	Giovanni Sio	SEASON_APPS_CONFIRMED	32	https://www.eurofotbal.cz/kluby/svycarsko/fc-sion/soupiska/2010-2011/	2	21	69	SEASON_APPS_EST_RATING
FC Sion	Moustapha Dabo	UNVERIFIED_SOURCE_GAP			2	25	62	UNVERIFIED_ESTIMATED
FC Sion	Aleksandar Prijović	SEASON_APPS_CONFIRMED	26	https://www.eurofotbal.cz/kluby/svycarsko/fc-sion/soupiska/2010-2011/	3	20	67	SEASON_APPS_EST_RATING
FC Sion	Rodrigo	SEASON_APPS_ADDED	32	https://www.eurofotbal.cz/kluby/svycarsko/fc-sion/soupiska/2010-2011/	2	29	70	SEASON_ARCHIVE_EST_RATING
FC Sion	Anthony Sauthier	SEASON_APPS_ADDED	29	https://www.eurofotbal.cz/kluby/svycarsko/fc-sion/soupiska/2010-2011/	2	19	67	SEASON_ARCHIVE_EST_RATING
FC Sion	Álvaro Domínguez	SEASON_APPS_ADDED	25	https://www.eurofotbal.cz/kluby/svycarsko/fc-sion/soupiska/2010-2011/	2	29	68	SEASON_ARCHIVE_EST_RATING
FC Sion	Dragan Mrđa	SEASON_APPS_ADDED	19	https://www.eurofotbal.cz/kluby/svycarsko/fc-sion/soupiska/2010-2011/	3	26	67	SEASON_ARCHIVE_EST_RATING
Beşiktaş	Hakan Arıkan	SEASON_APPS_CONFIRMED	16	https://www.eurofotbal.cz/kluby/turecko/besiktas-jk/soupiska/2010-2011/	0	27	70	SEASON_APPS_EST_RATING
Beşiktaş	Cenk Gönen	SEASON_APPS_CONFIRMED	21	https://www.eurofotbal.cz/kluby/turecko/besiktas-jk/soupiska/2010-2011/	0	22	69	SEASON_APPS_EST_RATING
Beşiktaş	Ricardo Quaresma	SEASON_APPS_CONFIRMED	34	https://www.eurofotbal.cz/kluby/turecko/besiktas-jk/soupiska/2010-2011/	2	26	73	SEASON_APPS_EST_RATING
Beşiktaş	Guti	SEASON_APPS_CONFIRMED	35	https://www.eurofotbal.cz/kluby/turecko/besiktas-jk/soupiska/2010-2011/	2	33	81	SEASON_APPS_FIFA11
Beşiktaş	Nihat Kahveci	SEASON_APPS_CONFIRMED	18	https://www.eurofotbal.cz/kluby/turecko/besiktas-jk/soupiska/2010-2011/	3	30	69	SEASON_APPS_EST_RATING
Beşiktaş	Fabian Ernst	SEASON_APPS_CONFIRMED	43	https://www.eurofotbal.cz/kluby/turecko/besiktas-jk/soupiska/2010-2011/	2	31	79	SEASON_APPS_FIFA11
Beşiktaş	İbrahim Toraman	SEASON_APPS_CONFIRMED	40	https://www.eurofotbal.cz/kluby/turecko/besiktas-jk/soupiska/2010-2011/	1	28	79	SEASON_APPS_FIFA11
Beşiktaş	Matteo Ferrari	SEASON_APPS_CONFIRMED	15	https://www.eurofotbal.cz/kluby/turecko/besiktas-jk/soupiska/2010-2011/	1	30	78	SEASON_APPS_FIFA11
Beşiktaş	Rodrigo Tabata	SEASON_APPS_CONFIRMED	23	https://www.eurofotbal.cz/kluby/turecko/besiktas-jk/soupiska/2010-2011/	2	29	77	SEASON_APPS_FIFA11
Beşiktaş	Bobô	SEASON_APPS_CONFIRMED	36	https://www.eurofotbal.cz/kluby/turecko/besiktas-jk/soupiska/2010-2011/	3	25	76	SEASON_APPS_FIFA11
Beşiktaş	Fatih Tekke	SEASON_APPS_CONFIRMED	2	https://www.eurofotbal.cz/kluby/turecko/besiktas-jk/soupiska/2010-2011/	3	32	76	SEASON_APPS_FIFA11
Beşiktaş	Filip Hološko	SEASON_APPS_CONFIRMED	21	https://www.eurofotbal.cz/kluby/turecko/besiktas-jk/soupiska/2010-2011/	3	26	76	SEASON_APPS_FIFA11
Beşiktaş	Roberto Hilbert	SEASON_APPS_CONFIRMED	41	https://www.eurofotbal.cz/kluby/turecko/besiktas-jk/soupiska/2010-2011/	2	25	75	SEASON_APPS_FIFA11
Beşiktaş	Mert Nobre	UNVERIFIED_SOURCE_GAP			3	31	74	UNVERIFIED_FIFA11_RATING_EST_AGE_ECONOMY
Beşiktaş	Michael Fink	SEASON_APPS_CONFIRMED	5	https://www.eurofotbal.cz/kluby/turecko/besiktas-jk/soupiska/2010-2011/	2	28	74	SEASON_APPS_FIFA11
Beşiktaş	Ekrem Dağ	SEASON_APPS_CONFIRMED	22	https://www.eurofotbal.cz/kluby/turecko/besiktas-jk/soupiska/2010-2011/	1	29	73	SEASON_APPS_FIFA11
Beşiktaş	Yusuf Şimşek	SEASON_APPS_CONFIRMED	1	https://www.eurofotbal.cz/kluby/turecko/besiktas-jk/soupiska/2010-2011/	2	35	73	SEASON_APPS_FIFA11
Beşiktaş	Mehmet Aurelio	SEASON_APPS_CONFIRMED	33	https://www.eurofotbal.cz/kluby/turecko/besiktas-jk/soupiska/2010-2011/	2	32	71	SEASON_APPS_FIFA11
Beşiktaş	İsmail Köybaşı	SEASON_APPS_CONFIRMED	31	https://www.eurofotbal.cz/kluby/turecko/besiktas-jk/soupiska/2010-2011/	1	21	70	SEASON_APPS_FIFA11
Beşiktaş	Necip Uysal	SEASON_APPS_CONFIRMED	37	https://www.eurofotbal.cz/kluby/turecko/besiktas-jk/soupiska/2010-2011/	2	19	70	SEASON_APPS_FIFA11
Beşiktaş	İbrahim Üzülmez	SEASON_APPS_CONFIRMED	21	https://www.eurofotbal.cz/kluby/turecko/besiktas-jk/soupiska/2010-2011/	1	36	66	SEASON_APPS_FIFA11
Beşiktaş	Márcio Nobre	SEASON_APPS_ADDED	32	https://www.eurofotbal.cz/kluby/turecko/besiktas-jk/soupiska/2010-2011/	3	29	73	SEASON_ARCHIVE_EST_RATING
Beşiktaş	Hugo Almeida	SEASON_APPS_ADDED	19	https://www.eurofotbal.cz/kluby/turecko/besiktas-jk/soupiska/2010-2011/	3	26	77	SEASON_ARCHIVE_EST_RATING
Beşiktaş	Manuel Fernandes	SEASON_APPS_ADDED	18	https://www.eurofotbal.cz/kluby/turecko/besiktas-jk/soupiska/2010-2011/	2	24	76	SEASON_ARCHIVE_EST_RATING
Bursaspor	Dimitar Ivankov	SEASON_APPS_CONFIRMED	33	https://www.eurofotbal.cz/kluby/turecko/bursaspor/soupiska/2010-2011/	0	34	71	SEASON_APPS_EST_RATING
Bursaspor	Sercan Yıldırım	SEASON_APPS_CONFIRMED	29	https://www.eurofotbal.cz/kluby/turecko/bursaspor/soupiska/2010-2011/	3	20	69	SEASON_APPS_EST_RATING
Bursaspor	Federico Insúa	SEASON_APPS_CONFIRMED	24	https://www.eurofotbal.cz/kluby/turecko/bursaspor/soupiska/2010-2011/	2	30	75	SEASON_APPS_FIFA11
Bursaspor	Milan Stepanov	SEASON_APPS_CONFIRMED	15	https://www.eurofotbal.cz/kluby/turecko/bursaspor/soupiska/2010-2011/	1	27	74	SEASON_APPS_FIFA11
Bursaspor	Ömer Erdoğan	SEASON_APPS_CONFIRMED	32	https://www.eurofotbal.cz/kluby/turecko/bursaspor/soupiska/2010-2011/	1	33	74	SEASON_APPS_FIFA11
Bursaspor	Volkan Şen	SEASON_APPS_CONFIRMED	33	https://www.eurofotbal.cz/kluby/turecko/bursaspor/soupiska/2010-2011/	2	23	73	SEASON_APPS_FIFA11
Bursaspor	Ivan Ergić	SEASON_APPS_CONFIRMED	33	https://www.eurofotbal.cz/kluby/turecko/bursaspor/soupiska/2010-2011/	2	29	72	SEASON_APPS_FIFA11
Bursaspor	Gökçek Vederson	UNVERIFIED_SOURCE_GAP			1	21	71	UNVERIFIED_FIFA11_RATING_EST_AGE_ECONOMY
Bursaspor	Ozan İpek	SEASON_APPS_CONFIRMED	36	https://www.eurofotbal.cz/kluby/turecko/bursaspor/soupiska/2010-2011/	2	23	71	SEASON_APPS_FIFA11
Bursaspor	Ali Tandoğan	SEASON_APPS_CONFIRMED	28	https://www.eurofotbal.cz/kluby/turecko/bursaspor/soupiska/2010-2011/	2	32	70	SEASON_APPS_FIFA11
Bursaspor	Gustav Svensson	SEASON_APPS_CONFIRMED	21	https://www.eurofotbal.cz/kluby/turecko/bursaspor/soupiska/2010-2011/	2	23	69	SEASON_APPS_FIFA11
Bursaspor	Hüseyin Çimşir	SEASON_APPS_CONFIRMED	19	https://www.eurofotbal.cz/kluby/turecko/bursaspor/soupiska/2010-2011/	2	31	69	SEASON_APPS_FIFA11
Bursaspor	Pablo Batalla	SEASON_APPS_CONFIRMED	36	https://www.eurofotbal.cz/kluby/turecko/bursaspor/soupiska/2010-2011/	2	26	68	SEASON_APPS_FIFA11
Bursaspor	Turgay Bahadır	SEASON_APPS_CONFIRMED	32	https://www.eurofotbal.cz/kluby/turecko/bursaspor/soupiska/2010-2011/	3	26	71	SEASON_APPS_EST_RATING
Bursaspor	Giani Kiriță	SEASON_APPS_CONFIRMED	8	https://www.eurofotbal.cz/kluby/turecko/bursaspor/soupiska/2010-2011/	2	33	66	SEASON_APPS_FIFA11
Bursaspor	Mustafa Keçeli	SEASON_APPS_CONFIRMED	20	https://www.eurofotbal.cz/kluby/turecko/bursaspor/soupiska/2010-2011/	1	31	66	SEASON_APPS_FIFA11
Bursaspor	Bekir Ozan Has	SEASON_APPS_CONFIRMED	24	https://www.eurofotbal.cz/kluby/turecko/bursaspor/soupiska/2010-2011/	2	25	65	SEASON_APPS_FIFA11
Bursaspor	İbrahim Öztürk	SEASON_APPS_CONFIRMED	24	https://www.eurofotbal.cz/kluby/turecko/bursaspor/soupiska/2010-2011/	1	29	65	SEASON_APPS_FIFA11
Bursaspor	Serdar Aziz	SEASON_APPS_CONFIRMED	20	https://www.eurofotbal.cz/kluby/turecko/bursaspor/soupiska/2010-2011/	1	19	64	SEASON_APPS_FIFA11
Bursaspor	Wederson	SEASON_APPS_ADDED	36	https://www.eurofotbal.cz/kluby/turecko/bursaspor/soupiska/2010-2011/	1	29	72	SEASON_ARCHIVE_EST_RATING
Bursaspor	Sercan Yildirim	SEASON_APPS_ADDED	29	https://www.eurofotbal.cz/kluby/turecko/bursaspor/soupiska/2010-2011/	3	20	72	SEASON_ARCHIVE_EST_RATING
Bursaspor	Leonel Núňez	SEASON_APPS_ADDED	19	https://www.eurofotbal.cz/kluby/turecko/bursaspor/soupiska/2010-2011/	3	25	68	SEASON_ARCHIVE_EST_RATING
Fenerbahçe	Volkan Demirel	SEASON_APPS_CONFIRMED	36	https://www.eurofotbal.cz/kluby/turecko/fenerbahce-sk/soupiska/2010-2011/	0	28	75	SEASON_APPS_EST_RATING
Fenerbahçe	Diego Lugano	SEASON_APPS_CONFIRMED	31	https://www.eurofotbal.cz/kluby/turecko/fenerbahce-sk/soupiska/2010-2011/	1	29	85	SEASON_APPS_FIFA11
Fenerbahçe	Emre Belözoğlu	SEASON_APPS_CONFIRMED	30	https://www.eurofotbal.cz/kluby/turecko/fenerbahce-sk/soupiska/2010-2011/	2	29	73	SEASON_APPS_EST_RATING
Fenerbahçe	Mamadou Niang	SEASON_APPS_CONFIRMED	32	https://www.eurofotbal.cz/kluby/turecko/fenerbahce-sk/soupiska/2010-2011/	3	30	83	SEASON_APPS_FIFA11
Fenerbahçe	Gökhan Ünal	SEASON_APPS_CONFIRMED	8	https://www.eurofotbal.cz/kluby/turecko/fenerbahce-sk/soupiska/2010-2011/	3	28	77	SEASON_APPS_FIFA11
Fenerbahçe	Dani Güiza	SEASON_APPS_CONFIRMED	4	https://www.eurofotbal.cz/kluby/turecko/fenerbahce-sk/soupiska/2010-2011/	3	29	66	SEASON_APPS_EST_RATING
Fenerbahçe	Colin Kâzım-Richards	SEASON_APPS_CONFIRMED	7	https://www.eurofotbal.cz/kluby/turecko/fenerbahce-sk/soupiska/2010-2011/	2	23	67	SEASON_APPS_EST_RATING
Fenerbahçe	Semih Şentürk	SEASON_APPS_CONFIRMED	31	https://www.eurofotbal.cz/kluby/turecko/fenerbahce-sk/soupiska/2010-2011/	3	27	77	SEASON_APPS_FIFA11
Fenerbahçe	Mehmet Topuz	SEASON_APPS_CONFIRMED	36	https://www.eurofotbal.cz/kluby/turecko/fenerbahce-sk/soupiska/2010-2011/	2	26	76	SEASON_APPS_FIFA11
Fenerbahçe	Miroslav Stoch	SEASON_APPS_CONFIRMED	29	https://www.eurofotbal.cz/kluby/turecko/fenerbahce-sk/soupiska/2010-2011/	2	20	76	SEASON_APPS_FIFA11
Fenerbahçe	André Santos	SEASON_APPS_CONFIRMED	32	https://www.eurofotbal.cz/kluby/turecko/fenerbahce-sk/soupiska/2010-2011/	1	27	75	SEASON_APPS_FIFA11
Fenerbahçe	Fabio Bilica	SEASON_APPS_CONFIRMED	12	https://www.eurofotbal.cz/kluby/turecko/fenerbahce-sk/soupiska/2010-2011/	1	31	75	SEASON_APPS_FIFA11
Fenerbahçe	Gökhan Gönül	SEASON_APPS_CONFIRMED	35	https://www.eurofotbal.cz/kluby/turecko/fenerbahce-sk/soupiska/2010-2011/	1	25	75	SEASON_APPS_FIFA11
Fenerbahçe	Joseph Yobo	SEASON_APPS_CONFIRMED	32	https://www.eurofotbal.cz/kluby/turecko/fenerbahce-sk/soupiska/2010-2011/	1	29	75	SEASON_APPS_FIFA11
Fenerbahçe	Uğur Boral	SEASON_APPS_CONFIRMED	1	https://www.eurofotbal.cz/kluby/turecko/fenerbahce-sk/soupiska/2010-2011/	1	28	75	SEASON_APPS_FIFA11
Fenerbahçe	Issiar Dia	SEASON_APPS_CONFIRMED	29	https://www.eurofotbal.cz/kluby/turecko/fenerbahce-sk/soupiska/2010-2011/	3	23	74	SEASON_APPS_FIFA11
Fenerbahçe	Caner Erkin	SEASON_APPS_CONFIRMED	24	https://www.eurofotbal.cz/kluby/turecko/fenerbahce-sk/soupiska/2010-2011/	2	21	72	SEASON_APPS_FIFA11
Fenerbahçe	Özer Hurmacı	SEASON_APPS_CONFIRMED	17	https://www.eurofotbal.cz/kluby/turecko/fenerbahce-sk/soupiska/2010-2011/	2	23	72	SEASON_APPS_FIFA11
Fenerbahçe	Selçuk Şahin	SEASON_APPS_CONFIRMED	23	https://www.eurofotbal.cz/kluby/turecko/fenerbahce-sk/soupiska/2010-2011/	2	29	71	SEASON_APPS_FIFA11
Fenerbahçe	Bekir İrtegün	SEASON_APPS_ADDED	18	https://www.eurofotbal.cz/kluby/turecko/fenerbahce-sk/soupiska/2010-2011/	1	26	69	SEASON_ARCHIVE_EST_RATING
Galatasaray	Ufuk Ceylan	SEASON_APPS_CONFIRMED	21	https://www.eurofotbal.cz/kluby/turecko/galatasaray-sk/soupiska/2010-2011/	0	24	70	SEASON_APPS_EST_RATING
Galatasaray	Aykut Erçetin	SEASON_APPS_CONFIRMED	10	https://www.eurofotbal.cz/kluby/turecko/galatasaray-sk/soupiska/2010-2011/	0	27	68	SEASON_APPS_EST_RATING
Galatasaray	Arda Turan	SEASON_APPS_CONFIRMED	19	https://www.eurofotbal.cz/kluby/turecko/galatasaray-sk/soupiska/2010-2011/	2	23	85	SEASON_APPS_FIFA11
Galatasaray	Zvjezdan Misimović	SEASON_APPS_CONFIRMED	9	https://www.eurofotbal.cz/kluby/turecko/galatasaray-sk/soupiska/2010-2011/	2	28	83	SEASON_APPS_FIFA11
Galatasaray	Elano	SEASON_APPS_CONFIRMED	8	https://www.eurofotbal.cz/kluby/turecko/galatasaray-sk/soupiska/2010-2011/	2	29	82	SEASON_APPS_FIFA11
Galatasaray	Servet Çetin	SEASON_APPS_CONFIRMED	39	https://www.eurofotbal.cz/kluby/turecko/galatasaray-sk/soupiska/2010-2011/	1	29	82	SEASON_APPS_FIFA11
Galatasaray	Milan Baroš	SEASON_APPS_CONFIRMED	21	https://www.eurofotbal.cz/kluby/turecko/galatasaray-sk/soupiska/2010-2011/	3	28	81	SEASON_APPS_FIFA11
Galatasaray	Lucas Neill	SEASON_APPS_CONFIRMED	32	https://www.eurofotbal.cz/kluby/turecko/galatasaray-sk/soupiska/2010-2011/	1	32	80	SEASON_APPS_FIFA11
Galatasaray	Lorik Cana	SEASON_APPS_CONFIRMED	30	https://www.eurofotbal.cz/kluby/turecko/galatasaray-sk/soupiska/2010-2011/	2	27	78	SEASON_APPS_FIFA11
Galatasaray	Harry Kewell	SEASON_APPS_CONFIRMED	25	https://www.eurofotbal.cz/kluby/turecko/galatasaray-sk/soupiska/2010-2011/	2	31	77	SEASON_APPS_FIFA11
Galatasaray	Juan Pablo Pino	SEASON_APPS_CONFIRMED	23	https://www.eurofotbal.cz/kluby/turecko/galatasaray-sk/soupiska/2010-2011/	3	23	77	SEASON_APPS_FIFA11
Galatasaray	Emiliano Insúa	SEASON_APPS_CONFIRMED	17	https://www.eurofotbal.cz/kluby/turecko/galatasaray-sk/soupiska/2010-2011/	1	21	75	SEASON_APPS_FIFA11
Galatasaray	Hakan Balta	SEASON_APPS_CONFIRMED	27	https://www.eurofotbal.cz/kluby/turecko/galatasaray-sk/soupiska/2010-2011/	1	27	75	SEASON_APPS_FIFA11
Galatasaray	Sabri Sarıoğlu	SEASON_APPS_CONFIRMED	28	https://www.eurofotbal.cz/kluby/turecko/galatasaray-sk/soupiska/2010-2011/	1	26	75	SEASON_APPS_FIFA11
Galatasaray	Gökhan Zan	SEASON_APPS_CONFIRMED	16	https://www.eurofotbal.cz/kluby/turecko/galatasaray-sk/soupiska/2010-2011/	1	28	74	SEASON_APPS_FIFA11
Galatasaray	Serdar Özkan	SEASON_APPS_CONFIRMED	7	https://www.eurofotbal.cz/kluby/turecko/galatasaray-sk/soupiska/2010-2011/	2	23	74	SEASON_APPS_FIFA11
Galatasaray	Barış Özbek	SEASON_APPS_CONFIRMED	20	https://www.eurofotbal.cz/kluby/turecko/galatasaray-sk/soupiska/2010-2011/	2	23	73	SEASON_APPS_FIFA11
Galatasaray	Mustafa Sarp	SEASON_APPS_CONFIRMED	27	https://www.eurofotbal.cz/kluby/turecko/galatasaray-sk/soupiska/2010-2011/	2	29	73	SEASON_APPS_FIFA11
Galatasaray	Ayhan Akman	SEASON_APPS_CONFIRMED	33	https://www.eurofotbal.cz/kluby/turecko/galatasaray-sk/soupiska/2010-2011/	2	33	70	SEASON_APPS_FIFA11
Galatasaray	Serkan Kurtuluş	SEASON_APPS_ADDED	18	https://www.eurofotbal.cz/kluby/turecko/galatasaray-sk/soupiska/2010-2011/	2	20	68	SEASON_ARCHIVE_EST_RATING
Trabzonspor	Onur Kıvrak	SEASON_APPS_CONFIRMED	29	https://www.eurofotbal.cz/kluby/turecko/trabzonspor/soupiska/2010-2011/	0	22	71	SEASON_APPS_EST_RATING
Trabzonspor	Ibrahima Yattara	SEASON_APPS_CONFIRMED	26	https://www.eurofotbal.cz/kluby/turecko/trabzonspor/soupiska/2010-2011/	2	30	79	SEASON_APPS_FIFA11
Trabzonspor	Alanzinho	SEASON_APPS_CONFIRMED	34	https://www.eurofotbal.cz/kluby/turecko/trabzonspor/soupiska/2010-2011/	2	27	78	SEASON_APPS_FIFA11
Trabzonspor	Egemen Korkmaz	SEASON_APPS_CONFIRMED	27	https://www.eurofotbal.cz/kluby/turecko/trabzonspor/soupiska/2010-2011/	1	27	77	SEASON_APPS_FIFA11
Trabzonspor	Burak Yılmaz	SEASON_APPS_CONFIRMED	34	https://www.eurofotbal.cz/kluby/turecko/trabzonspor/soupiska/2010-2011/	3	25	74	SEASON_APPS_FIFA11
Trabzonspor	Gustavo Colman	SEASON_APPS_CONFIRMED	35	https://www.eurofotbal.cz/kluby/turecko/trabzonspor/soupiska/2010-2011/	2	25	74	SEASON_APPS_FIFA11
Trabzonspor	Jajá Coelho	UNVERIFIED_SOURCE_GAP			3	22	72	UNVERIFIED_FIFA11_RATING_EST_AGE_ECONOMY
Trabzonspor	Serkan Balcı	SEASON_APPS_CONFIRMED	35	https://www.eurofotbal.cz/kluby/turecko/trabzonspor/soupiska/2010-2011/	1	26	71	SEASON_APPS_FIFA11
Trabzonspor	Sezer Badur	SEASON_APPS_CONFIRMED	4	https://www.eurofotbal.cz/kluby/turecko/trabzonspor/soupiska/2010-2011/	2	26	71	SEASON_APPS_FIFA11
Trabzonspor	Umut Bulut	SEASON_APPS_CONFIRMED	36	https://www.eurofotbal.cz/kluby/turecko/trabzonspor/soupiska/2010-2011/	3	27	71	SEASON_APPS_FIFA11
Trabzonspor	Arkadiusz Głowacki	SEASON_APPS_CONFIRMED	19	https://www.eurofotbal.cz/kluby/turecko/trabzonspor/soupiska/2010-2011/	1	31	70	SEASON_APPS_FIFA11
Trabzonspor	Giray Kaçar	SEASON_APPS_CONFIRMED	33	https://www.eurofotbal.cz/kluby/turecko/trabzonspor/soupiska/2010-2011/	1	25	73	SEASON_APPS_EST_RATING
Trabzonspor	Tayfun Cora	SEASON_APPS_CONFIRMED	4	https://www.eurofotbal.cz/kluby/turecko/trabzonspor/soupiska/2010-2011/	1	26	67	SEASON_APPS_FIFA11
Trabzonspor	Selçuk İnan	SEASON_APPS_CONFIRMED	37	https://www.eurofotbal.cz/kluby/turecko/trabzonspor/soupiska/2010-2011/	2	25	74	SEASON_APPS_EST_RATING
Trabzonspor	Engin Baytar	SEASON_APPS_CONFIRMED	19	https://www.eurofotbal.cz/kluby/turecko/trabzonspor/soupiska/2010-2011/	2	27	70	SEASON_APPS_EST_RATING
Trabzonspor	Ceyhun Gülselam	SEASON_APPS_CONFIRMED	29	https://www.eurofotbal.cz/kluby/turecko/trabzonspor/soupiska/2010-2011/	2	22	71	SEASON_APPS_EST_RATING
Trabzonspor	Piotr Brożek	SEASON_APPS_CONFIRMED	8	https://www.eurofotbal.cz/kluby/turecko/trabzonspor/soupiska/2010-2011/	1	27	67	SEASON_APPS_EST_RATING
Trabzonspor	Pawel Brożek	SEASON_APPS_CONFIRMED	13	https://www.eurofotbal.cz/kluby/turecko/trabzonspor/soupiska/2010-2011/	3	27	68	SEASON_APPS_EST_RATING
Trabzonspor	Jajá	SEASON_APPS_ADDED	31	https://www.eurofotbal.cz/kluby/turecko/trabzonspor/soupiska/2010-2011/	3	24	73	SEASON_ARCHIVE_EST_RATING
Trabzonspor	Hrvoje Čale	SEASON_APPS_ADDED	27	https://www.eurofotbal.cz/kluby/turecko/trabzonspor/soupiska/2010-2011/	1	25	72	SEASON_ARCHIVE_EST_RATING
Trabzonspor	Barış Ataş	SEASON_APPS_ADDED	19	https://www.eurofotbal.cz/kluby/turecko/trabzonspor/soupiska/2010-2011/	2	23	70	SEASON_ARCHIVE_EST_RATING
Dynamo Kyiv	Maksym Koval	SEASON_APPS_CONFIRMED	17	https://www.eurofotbal.cz/kluby/ukrajina/dynamo-kyjev/soupiska/2010-2011/	0	17	67	SEASON_APPS_EST_RATING
Dynamo Kyiv	Oleksandr Shovkovskyi	SEASON_APPS_CONFIRMED	20	https://www.eurofotbal.cz/kluby/ukrajina/dynamo-kyjev/soupiska/2010-2011/	0	35	70	SEASON_APPS_EST_RATING
Dynamo Kyiv	Denys Boyko	SEASON_APPS_CONFIRMED	11	https://www.eurofotbal.cz/kluby/ukrajina/dynamo-kyjev/soupiska/2010-2011/	0	22	67	SEASON_APPS_EST_RATING
Dynamo Kyiv	Taras Mykhalyk	SEASON_APPS_CONFIRMED	29	https://www.eurofotbal.cz/kluby/ukrajina/dynamo-kyjev/soupiska/2010-2011/	1	26	72	SEASON_APPS_EST_RATING
Dynamo Kyiv	Badr El Kaddouri	SEASON_APPS_CONFIRMED	25	https://www.eurofotbal.cz/kluby/ukrajina/dynamo-kyjev/soupiska/2010-2011/	1	29	71	SEASON_APPS_EST_RATING
Dynamo Kyiv	Yevhen Khacheridi	SEASON_APPS_CONFIRMED	27	https://www.eurofotbal.cz/kluby/ukrajina/dynamo-kyjev/soupiska/2010-2011/	1	23	72	SEASON_APPS_EST_RATING
Dynamo Kyiv	Goran Popov	SEASON_APPS_CONFIRMED	28	https://www.eurofotbal.cz/kluby/ukrajina/dynamo-kyjev/soupiska/2010-2011/	1	25	72	SEASON_APPS_EST_RATING
Dynamo Kyiv	Yussuf Ayila	UNVERIFIED_SOURCE_GAP			1	24	72	UNVERIFIED_ESTIMATED
Dynamo Kyiv	Andriy Nesmachnyi	SEASON_APPS_CONFIRMED	4	https://www.eurofotbal.cz/kluby/ukrajina/dynamo-kyjev/soupiska/2010-2011/	1	31	65	SEASON_APPS_EST_RATING
Dynamo Kyiv	Ognjen Vukojević	SEASON_APPS_CONFIRMED	46	https://www.eurofotbal.cz/kluby/ukrajina/dynamo-kyjev/soupiska/2010-2011/	2	26	75	SEASON_APPS_EST_RATING
Dynamo Kyiv	Andriy Yarmolenko	SEASON_APPS_CONFIRMED	45	https://www.eurofotbal.cz/kluby/ukrajina/dynamo-kyjev/soupiska/2010-2011/	3	20	74	SEASON_APPS_EST_RATING
Dynamo Kyiv	Roman Eremenko	SEASON_APPS_CONFIRMED	44	https://www.eurofotbal.cz/kluby/ukrajina/dynamo-kyjev/soupiska/2010-2011/	2	23	75	SEASON_APPS_EST_RATING
Dynamo Kyiv	Oleh Husyev	SEASON_APPS_CONFIRMED	39	https://www.eurofotbal.cz/kluby/ukrajina/dynamo-kyjev/soupiska/2010-2011/	2	27	75	SEASON_APPS_EST_RATING
Dynamo Kyiv	Denys Harmash	SEASON_APPS_CONFIRMED	31	https://www.eurofotbal.cz/kluby/ukrajina/dynamo-kyjev/soupiska/2010-2011/	2	20	72	SEASON_APPS_EST_RATING
Dynamo Kyiv	Miloš Ninković	SEASON_APPS_CONFIRMED	20	https://www.eurofotbal.cz/kluby/ukrajina/dynamo-kyjev/soupiska/2010-2011/	2	25	70	SEASON_APPS_EST_RATING
Dynamo Kyiv	Facundo Bertoglio	SEASON_APPS_CONFIRMED	6	https://www.eurofotbal.cz/kluby/ukrajina/dynamo-kyjev/soupiska/2010-2011/	2	20	66	SEASON_APPS_EST_RATING
Dynamo Kyiv	Artem Milevskyi	SEASON_APPS_CONFIRMED	42	https://www.eurofotbal.cz/kluby/ukrajina/dynamo-kyjev/soupiska/2010-2011/	3	25	75	SEASON_APPS_EST_RATING
Dynamo Kyiv	Andriy Shevchenko	SEASON_APPS_CONFIRMED	32	https://www.eurofotbal.cz/kluby/ukrajina/dynamo-kyjev/soupiska/2010-2011/	3	33	72	SEASON_APPS_EST_RATING
Dynamo Kyiv	Roman Zozulya	SEASON_APPS_CONFIRMED	21	https://www.eurofotbal.cz/kluby/ukrajina/dynamo-kyjev/soupiska/2010-2011/	3	20	69	SEASON_APPS_EST_RATING
Dynamo Kyiv	Artem Kravets	SEASON_APPS_CONFIRMED	17	https://www.eurofotbal.cz/kluby/ukrajina/dynamo-kyjev/soupiska/2010-2011/	3	21	68	SEASON_APPS_EST_RATING
Dynamo Kyiv	Danilo Silva	SEASON_APPS_ADDED	39	https://www.eurofotbal.cz/kluby/ukrajina/dynamo-kyjev/soupiska/2010-2011/	1	23	75	SEASON_ARCHIVE_EST_RATING
Dynamo Kyiv	Betão	SEASON_APPS_ADDED	36	https://www.eurofotbal.cz/kluby/ukrajina/dynamo-kyjev/soupiska/2010-2011/	1	26	74	SEASON_ARCHIVE_EST_RATING
Dynamo Kyiv	Leandro Almeida	SEASON_APPS_ADDED	29	https://www.eurofotbal.cz/kluby/ukrajina/dynamo-kyjev/soupiska/2010-2011/	1	23	72	SEASON_ARCHIVE_EST_RATING
Dynamo Kyiv	Ayila Yussuf	SEASON_APPS_ADDED	23	https://www.eurofotbal.cz/kluby/ukrajina/dynamo-kyjev/soupiska/2010-2011/	2	25	71	SEASON_ARCHIVE_EST_RATING
Karpaty Lviv	Andriy Tlumak	UNVERIFIED_SOURCE_GAP			0	31	68	UNVERIFIED_ESTIMATED
Karpaty Lviv	Martin Bogatinov	SEASON_APPS_CONFIRMED	8	https://www.national-football-teams.com/old/club/2623/2010_1/Karpaty_Lviv.html	0	24	65	SEASON_APPS_EST_RATING
Karpaty Lviv	Artem Fedetskyi	SEASON_APPS_CONFIRMED	23	https://www.national-football-teams.com/old/club/2623/2010_1/Karpaty_Lviv.html	1	25	69	SEASON_APPS_EST_RATING
Karpaty Lviv	Ivan Milošević	UNVERIFIED_SOURCE_GAP			1	32	68	UNVERIFIED_ESTIMATED
Karpaty Lviv	Nemanja Tubić	UNVERIFIED_SOURCE_GAP			1	32	62	UNVERIFIED_ESTIMATED
Karpaty Lviv	Igor Oshchipko	SEASON_APPS_CONFIRMED	10	https://www.national-football-teams.com/old/club/2623/2010_1/Karpaty_Lviv.html	1	24	65	SEASON_APPS_EST_RATING
Karpaty Lviv	Andriy Tkachuk	UNVERIFIED_SOURCE_GAP			1	28	66	UNVERIFIED_ESTIMATED
Karpaty Lviv	Samson Godwin	SEASON_APPS_CONFIRMED	25	https://www.national-football-teams.com/old/club/2623/2010_1/Karpaty_Lviv.html	2	26	69	SEASON_APPS_EST_RATING
Karpaty Lviv	Oleg Golodyuk	UNVERIFIED_SOURCE_GAP			2	23	69	UNVERIFIED_ESTIMATED
Karpaty Lviv	Igor Khudobyak	SEASON_APPS_CONFIRMED	26	https://www.national-football-teams.com/old/club/2623/2010_1/Karpaty_Lviv.html	2	25	69	SEASON_APPS_EST_RATING
Karpaty Lviv	Mikhail Kopolovets	UNVERIFIED_SOURCE_GAP			2	20	63	UNVERIFIED_ESTIMATED
Karpaty Lviv	Lucas Pérez	UNVERIFIED_SOURCE_GAP			2	32	67	UNVERIFIED_ESTIMATED
Karpaty Lviv	Batista	UNVERIFIED_SOURCE_GAP			2	30	63	UNVERIFIED_ESTIMATED
Karpaty Lviv	Sergei Kuznetsov	UNVERIFIED_SOURCE_GAP			2	27	70	UNVERIFIED_ESTIMATED
Karpaty Lviv	Denis Kozhanov	SEASON_APPS_CONFIRMED	27	https://www.national-football-teams.com/old/club/2623/2010_1/Karpaty_Lviv.html	3	23	70	SEASON_APPS_EST_RATING
Karpaty Lviv	William Rocha	UNVERIFIED_SOURCE_GAP			3	32	62	UNVERIFIED_ESTIMATED
Karpaty Lviv	Gregor Balažic	SEASON_APPS_CONFIRMED	5	https://www.national-football-teams.com/old/club/2623/2010_1/Karpaty_Lviv.html	1	22	63	SEASON_APPS_EST_RATING
Karpaty Lviv	Danilo Avelar	UNVERIFIED_SOURCE_GAP			3	27	69	UNVERIFIED_ESTIMATED
Karpaty Lviv	Sergei Zenjov	SEASON_APPS_ADDED	18	https://www.national-football-teams.com/old/club/2623/2010_1/Karpaty_Lviv.html	3	21	66	SEASON_ARCHIVE_EST_RATING
Karpaty Lviv	Aleksandre Guruli	SEASON_APPS_ADDED	18	https://www.national-football-teams.com/old/club/2623/2010_1/Karpaty_Lviv.html	3	24	67	SEASON_ARCHIVE_EST_RATING
Metalist Kharkiv	Vladimir Dišljenković	SEASON_APPS_CONFIRMED	24	https://www.eurofotbal.cz/kluby/ukrajina/metalist-charkov/soupiska/2010-2011/	0	29	70	SEASON_APPS_EST_RATING
Metalist Kharkiv	Maksym Startsev	SEASON_APPS_CONFIRMED	13	https://www.eurofotbal.cz/kluby/ukrajina/metalist-charkov/soupiska/2010-2011/	0	30	67	SEASON_APPS_EST_RATING
Metalist Kharkiv	Oleksandr Horyainov	SEASON_APPS_CONFIRMED	5	https://www.eurofotbal.cz/kluby/ukrajina/metalist-charkov/soupiska/2010-2011/	0	35	64	SEASON_APPS_EST_RATING
Metalist Kharkiv	Milan Obradović	SEASON_APPS_CONFIRMED	36	https://www.eurofotbal.cz/kluby/ukrajina/metalist-charkov/soupiska/2010-2011/	1	32	71	SEASON_APPS_EST_RATING
Metalist Kharkiv	Cristian Villagra	SEASON_APPS_CONFIRMED	31	https://www.eurofotbal.cz/kluby/ukrajina/metalist-charkov/soupiska/2010-2011/	1	24	71	SEASON_APPS_EST_RATING
Metalist Kharkiv	Oleksandr Romanchuk	SEASON_APPS_CONFIRMED	26	https://www.eurofotbal.cz/kluby/ukrajina/metalist-charkov/soupiska/2010-2011/	1	25	69	SEASON_APPS_EST_RATING
Metalist Kharkiv	Papa Guèye	SEASON_APPS_CONFIRMED	29	https://www.eurofotbal.cz/kluby/ukrajina/metalist-charkov/soupiska/2010-2011/	1	26	70	SEASON_APPS_EST_RATING
Metalist Kharkiv	Vitalie Bordian	SEASON_APPS_CONFIRMED	22	https://www.eurofotbal.cz/kluby/ukrajina/metalist-charkov/soupiska/2010-2011/	1	25	69	SEASON_APPS_EST_RATING
Metalist Kharkiv	Lukáš Štetina	SEASON_APPS_CONFIRMED	2	https://www.eurofotbal.cz/kluby/ukrajina/metalist-charkov/soupiska/2010-2011/	1	19	61	SEASON_APPS_EST_RATING
Metalist Kharkiv	Edmar	SEASON_APPS_CONFIRMED	35	https://www.eurofotbal.cz/kluby/ukrajina/metalist-charkov/soupiska/2010-2011/	2	30	72	SEASON_APPS_EST_RATING
Metalist Kharkiv	Serhiy Valyayev	SEASON_APPS_CONFIRMED	34	https://www.eurofotbal.cz/kluby/ukrajina/metalist-charkov/soupiska/2010-2011/	2	31	70	SEASON_APPS_EST_RATING
Metalist Kharkiv	Oleh Shelayev	SEASON_APPS_CONFIRMED	31	https://www.eurofotbal.cz/kluby/ukrajina/metalist-charkov/soupiska/2010-2011/	2	33	70	SEASON_APPS_EST_RATING
Metalist Kharkiv	Sani Kaita	SEASON_APPS_CONFIRMED	9	https://www.eurofotbal.cz/kluby/ukrajina/metalist-charkov/soupiska/2010-2011/	2	24	65	SEASON_APPS_EST_RATING
Metalist Kharkiv	Denys Oliynyk	SEASON_APPS_CONFIRMED	37	https://www.eurofotbal.cz/kluby/ukrajina/metalist-charkov/soupiska/2010-2011/	2	23	72	SEASON_APPS_EST_RATING
Metalist Kharkiv	Marko Dević	SEASON_APPS_CONFIRMED	30	https://www.eurofotbal.cz/kluby/ukrajina/metalist-charkov/soupiska/2010-2011/	3	26	71	SEASON_APPS_EST_RATING
Metalist Kharkiv	Taison	SEASON_APPS_CONFIRMED	27	https://www.eurofotbal.cz/kluby/ukrajina/metalist-charkov/soupiska/2010-2011/	3	22	69	SEASON_APPS_EST_RATING
Metalist Kharkiv	Andriy Vorobey	SEASON_APPS_CONFIRMED	29	https://www.eurofotbal.cz/kluby/ukrajina/metalist-charkov/soupiska/2010-2011/	3	31	69	SEASON_APPS_EST_RATING
Metalist Kharkiv	Jonathan Cristaldo	SEASON_APPS_CONFIRMED	11	https://www.eurofotbal.cz/kluby/ukrajina/metalist-charkov/soupiska/2010-2011/	3	21	65	SEASON_APPS_EST_RATING
Metalist Kharkiv	Sebastián Blanco	SEASON_APPS_CONFIRMED	2	https://www.eurofotbal.cz/kluby/ukrajina/metalist-charkov/soupiska/2010-2011/	2	22	62	SEASON_APPS_EST_RATING
Metalist Kharkiv	Cleiton Xavier	SEASON_APPS_ADDED	35	https://www.eurofotbal.cz/kluby/ukrajina/metalist-charkov/soupiska/2010-2011/	2	27	72	SEASON_ARCHIVE_EST_RATING
Metalist Kharkiv	Fininho	SEASON_APPS_ADDED	30	https://www.eurofotbal.cz/kluby/ukrajina/metalist-charkov/soupiska/2010-2011/	2	26	71	SEASON_ARCHIVE_EST_RATING
Metalist Kharkiv	Serhij Pšeničnych	SEASON_APPS_ADDED	21	https://www.eurofotbal.cz/kluby/ukrajina/metalist-charkov/soupiska/2010-2011/	1	28	68	SEASON_ARCHIVE_EST_RATING
Shakhtar Donetsk	Andriy Pyatov	SEASON_APPS_CONFIRMED	42	https://www.eurofotbal.cz/kluby/ukrajina/sachtar-doneck/soupiska/2010-2011/	0	26	78	SEASON_APPS_EST_RATING
Shakhtar Donetsk	Oleksandr Rybka	UNVERIFIED_SOURCE_GAP			0	27	70	UNVERIFIED_ESTIMATED
Shakhtar Donetsk	Dmytro Chygrynskiy	UNVERIFIED_SOURCE_GAP			1	25	74	UNVERIFIED_ESTIMATED
Shakhtar Donetsk	Yaroslav Rakitskiy	UNVERIFIED_SOURCE_GAP			1	28	73	UNVERIFIED_ESTIMATED
Shakhtar Donetsk	Olexandr Kucher	SEASON_APPS_CONFIRMED	17	https://www.eurofotbal.cz/kluby/ukrajina/sachtar-doneck/soupiska/2010-2011/	1	27	71	SEASON_APPS_EST_RATING
Shakhtar Donetsk	Darijo Srna	SEASON_APPS_CONFIRMED	39	https://www.eurofotbal.cz/kluby/ukrajina/sachtar-doneck/soupiska/2010-2011/	1	28	77	SEASON_APPS_EST_RATING
Shakhtar Donetsk	Razvan Raț	SEASON_APPS_CONFIRMED	27	https://www.eurofotbal.cz/kluby/ukrajina/sachtar-doneck/soupiska/2010-2011/	1	29	74	SEASON_APPS_EST_RATING
Shakhtar Donetsk	Tomáš Hübschman	SEASON_APPS_CONFIRMED	27	https://www.eurofotbal.cz/kluby/ukrajina/sachtar-doneck/soupiska/2010-2011/	2	28	74	SEASON_APPS_EST_RATING
Shakhtar Donetsk	Fernandinho	SEASON_APPS_CONFIRMED	20	https://www.eurofotbal.cz/kluby/ukrajina/sachtar-doneck/soupiska/2010-2011/	2	25	72	SEASON_APPS_EST_RATING
Shakhtar Donetsk	Willian	SEASON_APPS_CONFIRMED	42	https://www.eurofotbal.cz/kluby/ukrajina/sachtar-doneck/soupiska/2010-2011/	2	21	76	SEASON_APPS_EST_RATING
Shakhtar Donetsk	Jadson	SEASON_APPS_CONFIRMED	38	https://www.eurofotbal.cz/kluby/ukrajina/sachtar-doneck/soupiska/2010-2011/	2	26	77	SEASON_APPS_EST_RATING
Shakhtar Donetsk	Douglas Costa	SEASON_APPS_CONFIRMED	42	https://www.eurofotbal.cz/kluby/ukrajina/sachtar-doneck/soupiska/2010-2011/	2	19	75	SEASON_APPS_EST_RATING
Shakhtar Donetsk	Henrikh Mkhitaryan	SEASON_APPS_CONFIRMED	27	https://www.eurofotbal.cz/kluby/ukrajina/sachtar-doneck/soupiska/2010-2011/	2	21	73	SEASON_APPS_EST_RATING
Shakhtar Donetsk	Alex Teixeira	SEASON_APPS_CONFIRMED	39	https://www.eurofotbal.cz/kluby/ukrajina/sachtar-doneck/soupiska/2010-2011/	2	20	76	SEASON_APPS_EST_RATING
Shakhtar Donetsk	Luiz Adriano	SEASON_APPS_CONFIRMED	36	https://www.eurofotbal.cz/kluby/ukrajina/sachtar-doneck/soupiska/2010-2011/	3	23	76	SEASON_APPS_EST_RATING
Shakhtar Donetsk	Eduardo da Silva	SEASON_APPS_CONFIRMED	33	https://www.eurofotbal.cz/kluby/ukrajina/sachtar-doneck/soupiska/2010-2011/	3	27	75	SEASON_APPS_EST_RATING
Shakhtar Donetsk	Marcelo Moreno	SEASON_APPS_CONFIRMED	22	https://www.eurofotbal.cz/kluby/ukrajina/sachtar-doneck/soupiska/2010-2011/	3	23	73	SEASON_APPS_EST_RATING
Shakhtar Donetsk	Vitaliy Vitsenets	UNVERIFIED_SOURCE_GAP			3	24	66	UNVERIFIED_ESTIMATED
Shakhtar Donetsk	Ilsinho	UNVERIFIED_SOURCE_GAP			3	29	72	UNVERIFIED_ESTIMATED
Shakhtar Donetsk	Mariusz Lewandowski	UNVERIFIED_SOURCE_GAP			3	28	73	UNVERIFIED_ESTIMATED
Shakhtar Donetsk	Jaroslav Rakickyj	SEASON_APPS_ADDED	34	https://www.eurofotbal.cz/kluby/ukrajina/sachtar-doneck/soupiska/2010-2011/	1	20	74	SEASON_ARCHIVE_EST_RATING
Shakhtar Donetsk	Dmytro Čyhrynskyj	SEASON_APPS_ADDED	21	https://www.eurofotbal.cz/kluby/ukrajina/sachtar-doneck/soupiska/2010-2011/	1	23	72	SEASON_ARCHIVE_EST_RATING
Shakhtar Donetsk	Vitalij Vicenec	SEASON_APPS_ADDED	20	https://www.eurofotbal.cz/kluby/ukrajina/sachtar-doneck/soupiska/2010-2011/	2	19	70	SEASON_ARCHIVE_EST_RATING
Shakhtar Donetsk	Taras Stepanenko	SEASON_APPS_ADDED	19	https://www.eurofotbal.cz/kluby/ukrajina/sachtar-doneck/soupiska/2010-2011/	2	20	71	SEASON_ARCHIVE_EST_RATING
Shakhtar Donetsk	Oleksij Haj	SEASON_APPS_ADDED	18	https://www.eurofotbal.cz/kluby/ukrajina/sachtar-doneck/soupiska/2010-2011/	2	27	71	SEASON_ARCHIVE_EST_RATING
Vorskla Poltava	Serhiy Dolhanskyi	UNVERIFIED_SOURCE_GAP			0	30	69	UNVERIFIED_ESTIMATED
Vorskla Poltava	Ahmed Januzi	SEASON_APPS_CONFIRMED	22	https://www.eurofotbal.cz/kluby/ukrajina/vorskla-poltava/soupiska/2010-2011/	3	22	68	SEASON_APPS_EST_RATING
Vorskla Poltava	Jovan Markoski	SEASON_APPS_CONFIRMED	30	https://www.eurofotbal.cz/kluby/ukrajina/vorskla-poltava/soupiska/2010-2011/	2	30	71	SEASON_APPS_EST_RATING
Vorskla Poltava	Roman Bezus	SEASON_APPS_CONFIRMED	27	https://www.eurofotbal.cz/kluby/ukrajina/vorskla-poltava/soupiska/2010-2011/	2	19	68	SEASON_APPS_EST_RATING
Vorskla Poltava	Armend Dallku	SEASON_APPS_CONFIRMED	30	https://www.eurofotbal.cz/kluby/ukrajina/vorskla-poltava/soupiska/2010-2011/	1	26	71	SEASON_APPS_EST_RATING
Vorskla Poltava	Volodymyr Chesnakov	SEASON_APPS_CONFIRMED	22	https://www.eurofotbal.cz/kluby/ukrajina/vorskla-poltava/soupiska/2010-2011/	1	22	68	SEASON_APPS_EST_RATING
Vorskla Poltava	Pavlo Rebenok	UNVERIFIED_SOURCE_GAP			1	24	69	UNVERIFIED_ESTIMATED
Vorskla Poltava	Oleh Krasnopyorov	SEASON_APPS_CONFIRMED	29	https://www.eurofotbal.cz/kluby/ukrajina/vorskla-poltava/soupiska/2010-2011/	1	30	70	SEASON_APPS_EST_RATING
Vorskla Poltava	Denis Kulakov	SEASON_APPS_CONFIRMED	30	https://www.eurofotbal.cz/kluby/ukrajina/vorskla-poltava/soupiska/2010-2011/	2	24	71	SEASON_APPS_EST_RATING
Vorskla Poltava	Ivan Kryvosheienko	UNVERIFIED_SOURCE_GAP			2	32	65	UNVERIFIED_ESTIMATED
Vorskla Poltava	Vasyl Sachko	SEASON_APPS_CONFIRMED	26	https://www.eurofotbal.cz/kluby/ukrajina/vorskla-poltava/soupiska/2010-2011/	3	35	68	SEASON_APPS_EST_RATING
Vorskla Poltava	Serhiy Zakarlyuka	UNVERIFIED_SOURCE_GAP			2	24	63	UNVERIFIED_ESTIMATED
Vorskla Poltava	Yevhen Selin	SEASON_APPS_CONFIRMED	29	https://www.eurofotbal.cz/kluby/ukrajina/vorskla-poltava/soupiska/2010-2011/	1	22	69	SEASON_APPS_EST_RATING
Vorskla Poltava	Andriy Oberemko	SEASON_APPS_CONFIRMED	4	https://www.eurofotbal.cz/kluby/ukrajina/vorskla-poltava/soupiska/2010-2011/	2	26	64	SEASON_APPS_EST_RATING
Vorskla Poltava	Aleksandr Matveyev	SEASON_APPS_CONFIRMED	1	https://www.eurofotbal.cz/kluby/ukrajina/vorskla-poltava/soupiska/2010-2011/	1	21	62	SEASON_APPS_EST_RATING
Vorskla Poltava	Dmytro Yesin	SEASON_APPS_CONFIRMED	22	https://www.eurofotbal.cz/kluby/ukrajina/vorskla-poltava/soupiska/2010-2011/	2	30	69	SEASON_APPS_EST_RATING
Vorskla Poltava	Sergej Dolganskij	SEASON_APPS_ADDED	24	https://www.eurofotbal.cz/kluby/ukrajina/vorskla-poltava/soupiska/2010-2011/	0	34	69	SEASON_ARCHIVE_EST_RATING
Vorskla Poltava	Artem Hromov	SEASON_APPS_ADDED	26	https://www.eurofotbal.cz/kluby/ukrajina/vorskla-poltava/soupiska/2010-2011/	2	20	68	SEASON_ARCHIVE_EST_RATING
Dnipro Dnipropetrovsk	Jan Laštůvka	SEASON_APPS_CONFIRMED	23	https://www.eurofotbal.cz/kluby/ukrajina/dnepr-dnepropetrovsk/soupiska/2010-2011/	0	28	70	SEASON_APPS_EST_RATING
Dnipro Dnipropetrovsk	Anton Kanibolotskyi	SEASON_APPS_CONFIRMED	14	https://www.eurofotbal.cz/kluby/ukrajina/dnepr-dnepropetrovsk/soupiska/2010-2011/	0	22	66	SEASON_APPS_EST_RATING
Dnipro Dnipropetrovsk	Andriy Rusol	SEASON_APPS_CONFIRMED	26	https://www.eurofotbal.cz/kluby/ukrajina/dnepr-dnepropetrovsk/soupiska/2010-2011/	1	27	69	SEASON_APPS_EST_RATING
Dnipro Dnipropetrovsk	Vitaliy Mandzyuk	SEASON_APPS_CONFIRMED	28	https://www.eurofotbal.cz/kluby/ukrajina/dnepr-dnepropetrovsk/soupiska/2010-2011/	1	24	70	SEASON_APPS_EST_RATING
Dnipro Dnipropetrovsk	Yevhen Cheberyachko	SEASON_APPS_CONFIRMED	33	https://www.eurofotbal.cz/kluby/ukrajina/dnepr-dnepropetrovsk/soupiska/2010-2011/	1	27	71	SEASON_APPS_EST_RATING
Dnipro Dnipropetrovsk	Ruslan Rotan	SEASON_APPS_CONFIRMED	26	https://www.eurofotbal.cz/kluby/ukrajina/dnepr-dnepropetrovsk/soupiska/2010-2011/	2	28	69	SEASON_APPS_EST_RATING
Dnipro Dnipropetrovsk	Serhiy Nazarenko	SEASON_APPS_CONFIRMED	29	https://www.eurofotbal.cz/kluby/ukrajina/dnepr-dnepropetrovsk/soupiska/2010-2011/	2	30	70	SEASON_APPS_EST_RATING
Dnipro Dnipropetrovsk	Maksym Kalynychenko	SEASON_APPS_CONFIRMED	18	https://www.eurofotbal.cz/kluby/ukrajina/dnepr-dnepropetrovsk/soupiska/2010-2011/	2	31	66	SEASON_APPS_EST_RATING
Dnipro Dnipropetrovsk	Yevhen Konoplyanka	SEASON_APPS_CONFIRMED	31	https://www.eurofotbal.cz/kluby/ukrajina/dnepr-dnepropetrovsk/soupiska/2010-2011/	3	20	70	SEASON_APPS_EST_RATING
Dnipro Dnipropetrovsk	Giuliano	SEASON_APPS_CONFIRMED	11	https://www.eurofotbal.cz/kluby/ukrajina/dnepr-dnepropetrovsk/soupiska/2010-2011/	2	20	65	SEASON_APPS_EST_RATING
Dnipro Dnipropetrovsk	Jaba Kankava	SEASON_APPS_CONFIRMED	0	https://www.eurofotbal.cz/kluby/ukrajina/dnepr-dnepropetrovsk/soupiska/2010-2011/	2	24	63	SEASON_APPS_EST_RATING
Dnipro Dnipropetrovsk	Oleksandr Hladkyi	SEASON_APPS_CONFIRMED	24	https://www.eurofotbal.cz/kluby/ukrajina/dnepr-dnepropetrovsk/soupiska/2010-2011/	3	22	68	SEASON_APPS_EST_RATING
Dnipro Dnipropetrovsk	Yevhen Seleznyov	SEASON_APPS_CONFIRMED	31	https://www.eurofotbal.cz/kluby/ukrajina/dnepr-dnepropetrovsk/soupiska/2010-2011/	3	25	71	SEASON_APPS_EST_RATING
Dnipro Dnipropetrovsk	Matheus	SEASON_APPS_CONFIRMED	3	https://www.eurofotbal.cz/kluby/ukrajina/dnepr-dnepropetrovsk/soupiska/2010-2011/	3	27	64	SEASON_APPS_EST_RATING
Dnipro Dnipropetrovsk	Mario Holek	SEASON_APPS_CONFIRMED	12	https://www.eurofotbal.cz/kluby/ukrajina/dnepr-dnepropetrovsk/soupiska/2010-2011/	2	23	66	SEASON_APPS_EST_RATING
Dnipro Dnipropetrovsk	Serhij Kravčenko	SEASON_APPS_ADDED	33	https://www.eurofotbal.cz/kluby/ukrajina/dnepr-dnepropetrovsk/soupiska/2010-2011/	2	27	71	SEASON_ARCHIVE_EST_RATING
Dnipro Dnipropetrovsk	Vitalij Denisov	SEASON_APPS_ADDED	30	https://www.eurofotbal.cz/kluby/ukrajina/dnepr-dnepropetrovsk/soupiska/2010-2011/	1	23	71	SEASON_ARCHIVE_EST_RATING
Dnipro Dnipropetrovsk	Jevhen Šachov	SEASON_APPS_ADDED	23	https://www.eurofotbal.cz/kluby/ukrajina/dnepr-dnepropetrovsk/soupiska/2010-2011/	2	19	67	SEASON_ARCHIVE_EST_RATING
Dnipro Dnipropetrovsk	Osmar Ferreyra	SEASON_APPS_ADDED	22	https://www.eurofotbal.cz/kluby/ukrajina/dnepr-dnepropetrovsk/soupiska/2010-2011/	2	27	69	SEASON_ARCHIVE_EST_RATING
Dnipro Dnipropetrovsk	Uča Lobžanidze	SEASON_APPS_ADDED	21	https://www.eurofotbal.cz/kluby/ukrajina/dnepr-dnepropetrovsk/soupiska/2010-2011/	1	23	68	SEASON_ARCHIVE_EST_RATING
Dnipro Dnipropetrovsk	Volodymyr Homeňuk	SEASON_APPS_ADDED	19	https://www.eurofotbal.cz/kluby/ukrajina/dnepr-dnepropetrovsk/soupiska/2010-2011/	3	25	68	SEASON_ARCHIVE_EST_RATING
