club_id	player	identity_key	position	dob	appearances	source_url
eu_austria_austria-wien	Robert Almer	robertalmer	GK	20.03.1984	10	https://www.eurofotbal.cz/kluby/rakousko/austria-viden/soupiska/2010-2011/
eu_austria_austria-wien	Heinz Lindner	heinzlindner	GK	17.07.1990	27	https://www.eurofotbal.cz/kluby/rakousko/austria-viden/soupiska/2010-2011/
eu_austria_austria-wien	Szabolcs Sáfár	szabolcssafar	GK	20.08.1974	4	https://www.eurofotbal.cz/kluby/rakousko/austria-viden/soupiska/2010-2011/
eu_austria_austria-wien	Aleksandar Dragović	aleksandardragovic	DEF	06.03.1991	23	https://www.eurofotbal.cz/kluby/rakousko/austria-viden/soupiska/2010-2011/
eu_austria_austria-wien	Niklas Hoheneder	niklashoheneder	DEF	17.08.1986	6	https://www.eurofotbal.cz/kluby/rakousko/austria-viden/soupiska/2010-2011/
eu_austria_austria-wien	Fabian Koch	fabiankoch	DEF	24.06.1989	10	https://www.eurofotbal.cz/kluby/rakousko/austria-viden/soupiska/2010-2011/
eu_austria_austria-wien	Marin Leovac	marinleovac	DEF	07.08.1988	21	https://www.eurofotbal.cz/kluby/rakousko/austria-viden/soupiska/2010-2011/
eu_austria_austria-wien	Georg Margreitter	georgmargreitter	DEF	07.11.1988	29	https://www.eurofotbal.cz/kluby/rakousko/austria-viden/soupiska/2010-2011/
eu_austria_austria-wien	Manuel Ortlechner	manuelortlechner	DEF	04.03.1980	31	https://www.eurofotbal.cz/kluby/rakousko/austria-viden/soupiska/2010-2011/
eu_austria_austria-wien	Lukas Rotpuller	lukasrotpuller	DEF	31.03.1991	0	https://www.eurofotbal.cz/kluby/rakousko/austria-viden/soupiska/2010-2011/
eu_austria_austria-wien	Markus Suttner	markussuttner	DEF	16.04.1987	31	https://www.eurofotbal.cz/kluby/rakousko/austria-viden/soupiska/2010-2011/
eu_austria_austria-wien	Fernando Ariel Troyanski	fernandoarieltroyanski	DEF	24.11.1977	3	https://www.eurofotbal.cz/kluby/rakousko/austria-viden/soupiska/2010-2011/
eu_austria_austria-wien	Manuel Wallner	manuelwallner	DEF	25.10.1988	2	https://www.eurofotbal.cz/kluby/rakousko/austria-viden/soupiska/2010-2011/
eu_austria_austria-wien	Milenko Ačimović	milenkoacimovic	MID	15.02.1977	0	https://www.eurofotbal.cz/kluby/rakousko/austria-viden/soupiska/2010-2011/
eu_austria_austria-wien	Nacer Barazite	nacerbarazite	MID	27.05.1990	15	https://www.eurofotbal.cz/kluby/rakousko/austria-viden/soupiska/2010-2011/
eu_austria_austria-wien	Julian Baumgartlinger	julianbaumgartlinger	MID	02.01.1988	34	https://www.eurofotbal.cz/kluby/rakousko/austria-viden/soupiska/2010-2011/
eu_austria_austria-wien	Emir Dilaver	emirdilaver	MID	07.05.1991	3	https://www.eurofotbal.cz/kluby/rakousko/austria-viden/soupiska/2010-2011/
eu_austria_austria-wien	Alexander Gorgon	alexandergorgon	MID	28.10.1988	3	https://www.eurofotbal.cz/kluby/rakousko/austria-viden/soupiska/2010-2011/
eu_austria_austria-wien	Peter Hlinka	peterhlinka	MID	05.12.1978	29	https://www.eurofotbal.cz/kluby/rakousko/austria-viden/soupiska/2010-2011/
eu_austria_austria-wien	Zlatko Junuzović	zlatkojunuzovic	MID	26.09.1987	34	https://www.eurofotbal.cz/kluby/rakousko/austria-viden/soupiska/2010-2011/
eu_austria_austria-wien	Florian Klein	florianklein	MID	17.11.1986	40	https://www.eurofotbal.cz/kluby/rakousko/austria-viden/soupiska/2010-2011/
eu_austria_austria-wien	Michael Liendl	michaelliendl	MID	25.10.1985	34	https://www.eurofotbal.cz/kluby/rakousko/austria-viden/soupiska/2010-2011/
eu_austria_austria-wien	Patrick Salomon	patricksalomon	MID	10.06.1988	9	https://www.eurofotbal.cz/kluby/rakousko/austria-viden/soupiska/2010-2011/
eu_austria_austria-wien	Marko Stanković	markostankovic	MID	17.02.1986	32	https://www.eurofotbal.cz/kluby/rakousko/austria-viden/soupiska/2010-2011/
eu_austria_austria-wien	Petr Voříšek	petrvorisek	MID	19.03.1979	11	https://www.eurofotbal.cz/kluby/rakousko/austria-viden/soupiska/2010-2011/
eu_austria_austria-wien	Tomáš Jun	tomasjun	ATT	17.01.1983	30	https://www.eurofotbal.cz/kluby/rakousko/austria-viden/soupiska/2010-2011/
eu_austria_austria-wien	Roland Linz	rolandlinz	ATT	09.08.1981	40	https://www.eurofotbal.cz/kluby/rakousko/austria-viden/soupiska/2010-2011/
eu_austria_austria-wien	Schumacher	schumacher	ATT	31.08.1986	14	https://www.eurofotbal.cz/kluby/rakousko/austria-viden/soupiska/2010-2011/
eu_austria_austria-wien	Dario Tadic	dariotadic	ATT	11.05.1990	17	https://www.eurofotbal.cz/kluby/rakousko/austria-viden/soupiska/2010-2011/
eu_austria_austria-wien	Andreas Tiffner	andreastiffner	ATT	10.02.1991	2	https://www.eurofotbal.cz/kluby/rakousko/austria-viden/soupiska/2010-2011/
eu_austria_rapid-wien	Raimund Hedl	raimundhedl	GK	31.08.1974	30	https://www.eurofotbal.cz/kluby/rakousko/rapid-viden/soupiska/2010-2011/
eu_austria_rapid-wien	Lukas Königshofer	lukaskonigshofer	GK	16.03.1989	0	https://www.eurofotbal.cz/kluby/rakousko/rapid-viden/soupiska/2010-2011/
eu_austria_rapid-wien	Helge Payer	helgepayer	GK	09.08.1979	17	https://www.eurofotbal.cz/kluby/rakousko/rapid-viden/soupiska/2010-2011/
eu_austria_rapid-wien	Thomas Bergmann	thomasbergmann	DEF	20.09.1989	0	https://www.eurofotbal.cz/kluby/rakousko/rapid-viden/soupiska/2010-2011/
eu_austria_rapid-wien	Andreas Dober	andreasdober	DEF	31.03.1986	15	https://www.eurofotbal.cz/kluby/rakousko/rapid-viden/soupiska/2010-2011/
eu_austria_rapid-wien	Hannes Eder	hanneseder	DEF	05.09.1983	3	https://www.eurofotbal.cz/kluby/rakousko/rapid-viden/soupiska/2010-2011/
eu_austria_rapid-wien	Markus Katzer	markuskatzer	DEF	11.12.1979	40	https://www.eurofotbal.cz/kluby/rakousko/rapid-viden/soupiska/2010-2011/
eu_austria_rapid-wien	Tanju Kayhan	tanjukayhan	DEF	22.07.1989	39	https://www.eurofotbal.cz/kluby/rakousko/rapid-viden/soupiska/2010-2011/
eu_austria_rapid-wien	Andrei Lebeděv	andreilebedev	DEF	01.02.1991	0	https://www.eurofotbal.cz/kluby/rakousko/rapid-viden/soupiska/2010-2011/
eu_austria_rapid-wien	Jürgen Patocka	jurgenpatocka	DEF	30.07.1977	23	https://www.eurofotbal.cz/kluby/rakousko/rapid-viden/soupiska/2010-2011/
eu_austria_rapid-wien	Christoph Schößwendter	christophschowendter	DEF	16.07.1988	0	https://www.eurofotbal.cz/kluby/rakousko/rapid-viden/soupiska/2010-2011/
eu_austria_rapid-wien	Thomas Schrammel	thomasschrammel	DEF	05.09.1987	0	https://www.eurofotbal.cz/kluby/rakousko/rapid-viden/soupiska/2010-2011/
eu_austria_rapid-wien	Ragnvald Soma	ragnvaldsoma	DEF	10.11.1979	41	https://www.eurofotbal.cz/kluby/rakousko/rapid-viden/soupiska/2010-2011/
eu_austria_rapid-wien	Mario Sonnleitner	mariosonnleitner	DEF	08.10.1986	41	https://www.eurofotbal.cz/kluby/rakousko/rapid-viden/soupiska/2010-2011/
eu_austria_rapid-wien	Christopher Drazan	christopherdrazan	MID	02.10.1990	29	https://www.eurofotbal.cz/kluby/rakousko/rapid-viden/soupiska/2010-2011/
eu_austria_rapid-wien	Markus Heikkinen	markusheikkinen	MID	13.10.1978	36	https://www.eurofotbal.cz/kluby/rakousko/rapid-viden/soupiska/2010-2011/
eu_austria_rapid-wien	Thomas Hinum	thomashinum	MID	24.07.1987	15	https://www.eurofotbal.cz/kluby/rakousko/rapid-viden/soupiska/2010-2011/
eu_austria_rapid-wien	Dominik Hofbauer	dominikhofbauer	MID	19.09.1990	0	https://www.eurofotbal.cz/kluby/rakousko/rapid-viden/soupiska/2010-2011/
eu_austria_rapid-wien	Steffen Hofmann	steffenhofmann	MID	09.09.1980	34	https://www.eurofotbal.cz/kluby/rakousko/rapid-viden/soupiska/2010-2011/
eu_austria_rapid-wien	Veli Kavlak	velikavlak	MID	03.11.1988	29	https://www.eurofotbal.cz/kluby/rakousko/rapid-viden/soupiska/2010-2011/
eu_austria_rapid-wien	Stefan Kulovits	stefankulovits	MID	19.04.1983	24	https://www.eurofotbal.cz/kluby/rakousko/rapid-viden/soupiska/2010-2011/
eu_austria_rapid-wien	Yasin Pehlivan	yasinpehlivan	MID	05.01.1989	27	https://www.eurofotbal.cz/kluby/rakousko/rapid-viden/soupiska/2010-2011/
eu_austria_rapid-wien	Boris Prokopić	borisprokopic	MID	29.03.1988	12	https://www.eurofotbal.cz/kluby/rakousko/rapid-viden/soupiska/2010-2011/
eu_austria_rapid-wien	Christoph Saurer	christophsaurer	MID	22.01.1986	30	https://www.eurofotbal.cz/kluby/rakousko/rapid-viden/soupiska/2010-2011/
eu_austria_rapid-wien	Michael Schimpelsberger	michaelschimpelsberger	MID	12.02.1991	6	https://www.eurofotbal.cz/kluby/rakousko/rapid-viden/soupiska/2010-2011/
eu_austria_rapid-wien	Fabiano	fabiano	ATT	24.11.1985	1	https://www.eurofotbal.cz/kluby/rakousko/rapid-viden/soupiska/2010-2011/
eu_austria_rapid-wien	René Gartler	renegartler	ATT	21.10.1985	23	https://www.eurofotbal.cz/kluby/rakousko/rapid-viden/soupiska/2010-2011/
eu_austria_rapid-wien	Nikica Jelavić	nikicajelavic	ATT	27.08.1985	6	https://www.eurofotbal.cz/kluby/rakousko/rapid-viden/soupiska/2010-2011/
eu_austria_rapid-wien	Mario Konrad	mariokonrad	ATT	22.01.1983	0	https://www.eurofotbal.cz/kluby/rakousko/rapid-viden/soupiska/2010-2011/
eu_austria_rapid-wien	Vasil Kuleski	vasilkuleski	ATT	21.03.1993	1	https://www.eurofotbal.cz/kluby/rakousko/rapid-viden/soupiska/2010-2011/
eu_austria_rapid-wien	Atdhe Nuhiu	atdhenuhiu	ATT	29.07.1989	35	https://www.eurofotbal.cz/kluby/rakousko/rapid-viden/soupiska/2010-2011/
eu_austria_rapid-wien	Hamdi Salihi	hamdisalihi	ATT	19.01.1984	39	https://www.eurofotbal.cz/kluby/rakousko/rapid-viden/soupiska/2010-2011/
eu_austria_rapid-wien	Christopher Trimmel	christophertrimmel	ATT	24.02.1987	38	https://www.eurofotbal.cz/kluby/rakousko/rapid-viden/soupiska/2010-2011/
eu_austria_rapid-wien	Jan Vennegoor of Hesselink	janvennegoorofhesselink	ATT	07.11.1978	13	https://www.eurofotbal.cz/kluby/rakousko/rapid-viden/soupiska/2010-2011/
eu_austria_red-bull-salzburg	Heinz Arzberger	heinzarzberger	GK	27.08.1972	0	https://www.eurofotbal.cz/kluby/rakousko/red-bull-salzburg/soupiska/2010-2011/
eu_austria_red-bull-salzburg	Eddie Gustafsson	eddiegustafsson	GK	31.01.1977	8	https://www.eurofotbal.cz/kluby/rakousko/red-bull-salzburg/soupiska/2010-2011/
eu_austria_red-bull-salzburg	Niclas Heimann	niclasheimann	GK	12.03.1991	0	https://www.eurofotbal.cz/kluby/rakousko/red-bull-salzburg/soupiska/2010-2011/
eu_austria_red-bull-salzburg	Wolfgang Schober	wolfgangschober	GK	06.07.1989	0	https://www.eurofotbal.cz/kluby/rakousko/red-bull-salzburg/soupiska/2010-2011/
eu_austria_red-bull-salzburg	Gerhard Tremmel	gerhardtremmel	GK	16.11.1978	37	https://www.eurofotbal.cz/kluby/rakousko/red-bull-salzburg/soupiska/2010-2011/
eu_austria_red-bull-salzburg	Alexander Walke	alexanderwalke	GK	06.06.1983	1	https://www.eurofotbal.cz/kluby/rakousko/red-bull-salzburg/soupiska/2010-2011/
eu_austria_red-bull-salzburg	Rabiu Afolabi	rabiuafolabi	DEF	18.04.1980	43	https://www.eurofotbal.cz/kluby/rakousko/red-bull-salzburg/soupiska/2010-2011/
eu_austria_red-bull-salzburg	László Bodnár	laszlobodnar	DEF	25.02.1979	9	https://www.eurofotbal.cz/kluby/rakousko/red-bull-salzburg/soupiska/2010-2011/
eu_austria_red-bull-salzburg	Douglas	douglas	DEF	07.03.1984	0	https://www.eurofotbal.cz/kluby/rakousko/red-bull-salzburg/soupiska/2010-2011/
eu_austria_red-bull-salzburg	Milan Dudić	milandudic	DEF	01.11.1979	15	https://www.eurofotbal.cz/kluby/rakousko/red-bull-salzburg/soupiska/2010-2011/
eu_austria_red-bull-salzburg	Stefan Hierländer	stefanhierlander	DEF	03.02.1991	24	https://www.eurofotbal.cz/kluby/rakousko/red-bull-salzburg/soupiska/2010-2011/
eu_austria_red-bull-salzburg	Martin Hinteregger	martinhinteregger	DEF	07.09.1992	26	https://www.eurofotbal.cz/kluby/rakousko/red-bull-salzburg/soupiska/2010-2011/
eu_austria_red-bull-salzburg	Ibrahim Sekagya	ibrahimsekagya	DEF	19.12.1980	40	https://www.eurofotbal.cz/kluby/rakousko/red-bull-salzburg/soupiska/2010-2011/
eu_austria_red-bull-salzburg	Franz Schiemer	franzschiemer	DEF	21.03.1986	35	https://www.eurofotbal.cz/kluby/rakousko/red-bull-salzburg/soupiska/2010-2011/
eu_austria_red-bull-salzburg	Christian Schwegler	christianschwegler	DEF	06.06.1984	22	https://www.eurofotbal.cz/kluby/rakousko/red-bull-salzburg/soupiska/2010-2011/
eu_austria_red-bull-salzburg	Andreas Ulmer	andreasulmer	DEF	30.10.1985	10	https://www.eurofotbal.cz/kluby/rakousko/red-bull-salzburg/soupiska/2010-2011/
eu_austria_red-bull-salzburg	Thomas Augustinussen	thomasaugustinussen	MID	20.03.1981	13	https://www.eurofotbal.cz/kluby/rakousko/red-bull-salzburg/soupiska/2010-2011/
eu_austria_red-bull-salzburg	Simon Cziommer	simoncziommer	MID	06.11.1980	29	https://www.eurofotbal.cz/kluby/rakousko/red-bull-salzburg/soupiska/2010-2011/
eu_austria_red-bull-salzburg	Christoph Leitgeb	christophleitgeb	MID	14.04.1985	45	https://www.eurofotbal.cz/kluby/rakousko/red-bull-salzburg/soupiska/2010-2011/
eu_austria_red-bull-salzburg	David Mendes da Silva	davidmendesdasilva	MID	04.08.1982	30	https://www.eurofotbal.cz/kluby/rakousko/red-bull-salzburg/soupiska/2010-2011/
eu_austria_red-bull-salzburg	Daniel Offenbacher	danieloffenbacher	MID	18.02.1992	4	https://www.eurofotbal.cz/kluby/rakousko/red-bull-salzburg/soupiska/2010-2011/
eu_austria_red-bull-salzburg	Nikola Pokrivać	nikolapokrivac	MID	26.11.1985	13	https://www.eurofotbal.cz/kluby/rakousko/red-bull-salzburg/soupiska/2010-2011/
eu_austria_red-bull-salzburg	Dušan Švento	dusansvento	MID	01.08.1985	38	https://www.eurofotbal.cz/kluby/rakousko/red-bull-salzburg/soupiska/2010-2011/
eu_austria_red-bull-salzburg	Georg Teigl	georgteigl	MID	09.02.1991	8	https://www.eurofotbal.cz/kluby/rakousko/red-bull-salzburg/soupiska/2010-2011/
eu_austria_red-bull-salzburg	Somen Tchoyi	somentchoyi	MID	29.03.1983	1	https://www.eurofotbal.cz/kluby/rakousko/red-bull-salzburg/soupiska/2010-2011/
eu_austria_red-bull-salzburg	Admir Vladavić	admirvladavic	MID	29.06.1982	0	https://www.eurofotbal.cz/kluby/rakousko/red-bull-salzburg/soupiska/2010-2011/
eu_austria_red-bull-salzburg	Alan	alan	ATT	10.07.1989	30	https://www.eurofotbal.cz/kluby/rakousko/red-bull-salzburg/soupiska/2010-2011/
eu_austria_red-bull-salzburg	Alexander Aschauer	alexanderaschauer	ATT	14.03.1992	0	https://www.eurofotbal.cz/kluby/rakousko/red-bull-salzburg/soupiska/2010-2011/
eu_austria_red-bull-salzburg	Joaquín Boghossian	joaquinboghossian	ATT	19.06.1987	24	https://www.eurofotbal.cz/kluby/rakousko/red-bull-salzburg/soupiska/2010-2011/
eu_austria_red-bull-salzburg	Jakob Jantscher	jakobjantscher	ATT	08.01.1989	37	https://www.eurofotbal.cz/kluby/rakousko/red-bull-salzburg/soupiska/2010-2011/
eu_austria_red-bull-salzburg	Marco Meilinger	marcomeilinger	ATT	03.08.1991	0	https://www.eurofotbal.cz/kluby/rakousko/red-bull-salzburg/soupiska/2010-2011/
eu_austria_red-bull-salzburg	Robin Nelisse	robinnelisse	ATT	25.01.1978	0	https://www.eurofotbal.cz/kluby/rakousko/red-bull-salzburg/soupiska/2010-2011/
eu_austria_red-bull-salzburg	Louis Ngwat-Mahop	louisngwatmahop	ATT	16.09.1987	6	https://www.eurofotbal.cz/kluby/rakousko/red-bull-salzburg/soupiska/2010-2011/
eu_austria_red-bull-salzburg	Johan Vonlanthen	johanvonlanthen	ATT	01.02.1986	1	https://www.eurofotbal.cz/kluby/rakousko/red-bull-salzburg/soupiska/2010-2011/
eu_austria_red-bull-salzburg	Roman Wallner	romanwallner	ATT	04.02.1982	40	https://www.eurofotbal.cz/kluby/rakousko/red-bull-salzburg/soupiska/2010-2011/
eu_austria_red-bull-salzburg	Gonzalo Zarate	gonzalozarate	ATT	06.08.1984	44	https://www.eurofotbal.cz/kluby/rakousko/red-bull-salzburg/soupiska/2010-2011/
eu_austria_sturm-graz	Daniel Bartosch	danielbartosch	GK	20.05.1990	0	https://www.eurofotbal.cz/kluby/rakousko/sk-sturm-graz/soupiska/2010-2011/
eu_austria_sturm-graz	Silvije Čavlina	silvijecavlina	GK	22.04.1977	10	https://www.eurofotbal.cz/kluby/rakousko/sk-sturm-graz/soupiska/2010-2011/
eu_austria_sturm-graz	Christian Gratzei	christiangratzei	GK	19.09.1981	31	https://www.eurofotbal.cz/kluby/rakousko/sk-sturm-graz/soupiska/2010-2011/
eu_austria_sturm-graz	Thomas Burgstaller	thomasburgstaller	DEF	09.01.1980	21	https://www.eurofotbal.cz/kluby/rakousko/sk-sturm-graz/soupiska/2010-2011/
eu_austria_sturm-graz	Martin Ehrenreich	martinehrenreich	DEF	10.05.1983	19	https://www.eurofotbal.cz/kluby/rakousko/sk-sturm-graz/soupiska/2010-2011/
eu_austria_sturm-graz	Ferdinand Feldhofer	ferdinandfeldhofer	DEF	23.10.1979	22	https://www.eurofotbal.cz/kluby/rakousko/sk-sturm-graz/soupiska/2010-2011/
eu_austria_sturm-graz	Dominic Pürcher	dominicpurcher	DEF	24.06.1988	24	https://www.eurofotbal.cz/kluby/rakousko/sk-sturm-graz/soupiska/2010-2011/
eu_austria_sturm-graz	Gordon Schildenfeld	gordonschildenfeld	DEF	18.03.1985	41	https://www.eurofotbal.cz/kluby/rakousko/sk-sturm-graz/soupiska/2010-2011/
eu_austria_sturm-graz	Haris Bukva	harisbukva	MID	15.03.1988	14	https://www.eurofotbal.cz/kluby/rakousko/sk-sturm-graz/soupiska/2010-2011/
eu_austria_sturm-graz	Sandro Foda	sandrofoda	MID	28.12.1989	6	https://www.eurofotbal.cz/kluby/rakousko/sk-sturm-graz/soupiska/2010-2011/
eu_austria_sturm-graz	Andreas Hölzl	andreasholzl	MID	16.03.1985	36	https://www.eurofotbal.cz/kluby/rakousko/sk-sturm-graz/soupiska/2010-2011/
eu_austria_sturm-graz	Florian Kainz	floriankainz	MID	24.10.1992	15	https://www.eurofotbal.cz/kluby/rakousko/sk-sturm-graz/soupiska/2010-2011/
eu_austria_sturm-graz	Mario Kienzl	mariokienzl	MID	19.12.1983	31	https://www.eurofotbal.cz/kluby/rakousko/sk-sturm-graz/soupiska/2010-2011/
eu_austria_sturm-graz	Christian Klem	christianklem	MID	21.04.1991	21	https://www.eurofotbal.cz/kluby/rakousko/sk-sturm-graz/soupiska/2010-2011/
eu_austria_sturm-graz	Patrick Mevoungou	patrickmevoungou	MID	15.02.1986	13	https://www.eurofotbal.cz/kluby/rakousko/sk-sturm-graz/soupiska/2010-2011/
eu_austria_sturm-graz	Samir Muratović	samirmuratovic	MID	25.02.1976	27	https://www.eurofotbal.cz/kluby/rakousko/sk-sturm-graz/soupiska/2010-2011/
eu_austria_sturm-graz	Timo Perthel	timoperthel	MID	11.02.1989	20	https://www.eurofotbal.cz/kluby/rakousko/sk-sturm-graz/soupiska/2010-2011/
eu_austria_sturm-graz	Klaus Salmutter	klaussalmutter	MID	03.01.1984	16	https://www.eurofotbal.cz/kluby/rakousko/sk-sturm-graz/soupiska/2010-2011/
eu_austria_sturm-graz	Joachim Standfest	joachimstandfest	MID	30.05.1980	37	https://www.eurofotbal.cz/kluby/rakousko/sk-sturm-graz/soupiska/2010-2011/
eu_austria_sturm-graz	Manuel Weber	manuelweber	MID	28.08.1985	39	https://www.eurofotbal.cz/kluby/rakousko/sk-sturm-graz/soupiska/2010-2011/
eu_austria_sturm-graz	Patrick Wolf	patrickwolf	MID	04.05.1981	9	https://www.eurofotbal.cz/kluby/rakousko/sk-sturm-graz/soupiska/2010-2011/
eu_austria_sturm-graz	Mario Haas	mariohaas	ATT	16.09.1974	36	https://www.eurofotbal.cz/kluby/rakousko/sk-sturm-graz/soupiska/2010-2011/
eu_austria_sturm-graz	Dominic Hassler	dominichassler	ATT	30.03.1981	1	https://www.eurofotbal.cz/kluby/rakousko/sk-sturm-graz/soupiska/2010-2011/
eu_austria_sturm-graz	Roman Kienast	romankienast	ATT	29.03.1984	36	https://www.eurofotbal.cz/kluby/rakousko/sk-sturm-graz/soupiska/2010-2011/
eu_austria_sturm-graz	Imre Szabics	imreszabics	ATT	22.03.1981	38	https://www.eurofotbal.cz/kluby/rakousko/sk-sturm-graz/soupiska/2010-2011/
eu_austria_sturm-graz	Marvin Weinberger	marvinweinberger	ATT	04.04.1989	6	https://www.eurofotbal.cz/kluby/rakousko/sk-sturm-graz/soupiska/2010-2011/
eu_azerbaijan_neftci-pfk	Rauf Mehdijev	raufmehdijev	GK	17.10.1976	0	https://www.eurofotbal.cz/kluby/azerbajdzan/neftci-baku/soupiska/2010-2011/
eu_azerbaijan_neftci-pfk	Igor Mitreski	igormitreski	DEF	19.02.1979	0	https://www.eurofotbal.cz/kluby/azerbajdzan/neftci-baku/soupiska/2010-2011/
eu_azerbaijan_neftci-pfk	Araz Abdullayev	arazabdullayev	MID	18.04.1992	0	https://www.eurofotbal.cz/kluby/azerbajdzan/neftci-baku/soupiska/2010-2011/
eu_azerbaijan_neftci-pfk	Amit Guluzade	amitguluzade	MID	20.11.1992	0	https://www.eurofotbal.cz/kluby/azerbajdzan/neftci-baku/soupiska/2010-2011/
eu_azerbaijan_neftci-pfk	Émile Mpenza	emilempenza	ATT	04.07.1978	0	https://www.eurofotbal.cz/kluby/azerbajdzan/neftci-baku/soupiska/2010-2011/
eu_azerbaijan_neftci-pfk	Bachodir Nasimov	bachodirnasimov	ATT	02.05.1987	0	https://www.eurofotbal.cz/kluby/azerbajdzan/neftci-baku/soupiska/2010-2011/
eu_azerbaijan_neftci-pfk	Vladimir Voskobojnikov	vladimirvoskobojnikov	ATT	02.02.1983	0	https://www.eurofotbal.cz/kluby/azerbajdzan/neftci-baku/soupiska/2010-2011/
eu_azerbaijan_qarabag-fk	Bojan Pavlović	bojanpavlovic	GK	08.11.1986	0	https://www.eurofotbal.cz/kluby/azerbajdzan/qarabag-agdam/soupiska/2010-2011/
eu_azerbaijan_qarabag-fk	Färhad Väliyev	farhadvaliyev	GK	01.11.1980	4	https://www.eurofotbal.cz/kluby/azerbajdzan/qarabag-agdam/soupiska/2010-2011/
eu_azerbaijan_qarabag-fk	Samir Abbasov	samirabbasov	DEF	01.02.1978	4	https://www.eurofotbal.cz/kluby/azerbajdzan/qarabag-agdam/soupiska/2010-2011/
eu_azerbaijan_qarabag-fk	Zaur Häşimov	zaurhasimov	DEF	24.11.1981	1	https://www.eurofotbal.cz/kluby/azerbajdzan/qarabag-agdam/soupiska/2010-2011/
eu_azerbaijan_qarabag-fk	Maksim Medvedev	maksimmedvedev	DEF	29.09.1989	4	https://www.eurofotbal.cz/kluby/azerbajdzan/qarabag-agdam/soupiska/2010-2011/
eu_azerbaijan_qarabag-fk	Farruch Rahimov	farruchrahimov	DEF	22.11.1990	1	https://www.eurofotbal.cz/kluby/azerbajdzan/qarabag-agdam/soupiska/2010-2011/
eu_azerbaijan_qarabag-fk	Räşad Färhad Sadiqov	rasadfarhadsadiqov	DEF	16.06.1982	4	https://www.eurofotbal.cz/kluby/azerbajdzan/qarabag-agdam/soupiska/2010-2011/
eu_azerbaijan_qarabag-fk	Admir Teli	admirteli	DEF	02.06.1981	4	https://www.eurofotbal.cz/kluby/azerbajdzan/qarabag-agdam/soupiska/2010-2011/
eu_azerbaijan_qarabag-fk	Ansi Agolli	ansiagolli	MID	11.10.1982	4	https://www.eurofotbal.cz/kluby/azerbajdzan/qarabag-agdam/soupiska/2010-2011/
eu_azerbaijan_qarabag-fk	Arslan Kärimov	arslankarimov	MID	01.01.1974	3	https://www.eurofotbal.cz/kluby/azerbajdzan/qarabag-agdam/soupiska/2010-2011/
eu_azerbaijan_qarabag-fk	Elvin Mämmädov	elvinmammadov	MID	18.07.1988	1	https://www.eurofotbal.cz/kluby/azerbajdzan/qarabag-agdam/soupiska/2010-2011/
eu_azerbaijan_qarabag-fk	Nderim Nedzipi	nderimnedzipi	MID	22.05.1984	0	https://www.eurofotbal.cz/kluby/azerbajdzan/qarabag-agdam/soupiska/2010-2011/
eu_azerbaijan_qarabag-fk	Andrejs Rubins	andrejsrubins	MID	26.11.1978	4	https://www.eurofotbal.cz/kluby/azerbajdzan/qarabag-agdam/soupiska/2010-2011/
eu_azerbaijan_qarabag-fk	Räşad Äbülfäz Sadiqov	rasadabulfazsadiqov	MID	08.10.1983	4	https://www.eurofotbal.cz/kluby/azerbajdzan/qarabag-agdam/soupiska/2010-2011/
eu_azerbaijan_qarabag-fk	Namiq Yusifov	namiqyusifov	MID	14.08.1986	1	https://www.eurofotbal.cz/kluby/azerbajdzan/qarabag-agdam/soupiska/2010-2011/
eu_azerbaijan_qarabag-fk	Giorgi Ademia	giorgiademia	ATT	10.03.1981	4	https://www.eurofotbal.cz/kluby/azerbajdzan/qarabag-agdam/soupiska/2010-2011/
eu_azerbaijan_qarabag-fk	Rauf Äliyev	raufaliyev	ATT	12.02.1989	4	https://www.eurofotbal.cz/kluby/azerbajdzan/qarabag-agdam/soupiska/2010-2011/
eu_azerbaijan_qarabag-fk	Emin İmamäliyev	eminimamaliyev	ATT	07.08.1980	3	https://www.eurofotbal.cz/kluby/azerbajdzan/qarabag-agdam/soupiska/2010-2011/
eu_azerbaijan_qarabag-fk	Äfran Ismayilov	afranismayilov	ATT	08.10.1988	2	https://www.eurofotbal.cz/kluby/azerbajdzan/qarabag-agdam/soupiska/2010-2011/
eu_azerbaijan_qarabag-fk	Vüqar Nadirov	vuqarnadirov	ATT	15.06.1987	4	https://www.eurofotbal.cz/kluby/azerbajdzan/qarabag-agdam/soupiska/2010-2011/
eu_belarus_bate-borisov	Aljaksandr Hutar	aljaksandrhutar	GK	18.04.1989	0	https://www.eurofotbal.cz/kluby/belorusko/bate-borisov/soupiska/2010/
eu_belarus_bate-borisov	Dmytro Ivanov	dmytroivanov	GK	30.09.1989	0	https://www.eurofotbal.cz/kluby/belorusko/bate-borisov/soupiska/2010/
eu_belarus_bate-borisov	Raman Scjapanaw	ramanscjapanaw	GK	06.08.1991	0	https://www.eurofotbal.cz/kluby/belorusko/bate-borisov/soupiska/2010/
eu_belarus_bate-borisov	Sjarhej Veramko	sjarhejveramko	GK	16.10.1982	0	https://www.eurofotbal.cz/kluby/belorusko/bate-borisov/soupiska/2010/
eu_belarus_bate-borisov	Maksim Bardačow	maksimbardacow	DEF	18.05.1986	0	https://www.eurofotbal.cz/kluby/belorusko/bate-borisov/soupiska/2010/
eu_belarus_bate-borisov	Aljaksandr Jurevič	aljaksandrjurevic	DEF	08.08.1979	0	https://www.eurofotbal.cz/kluby/belorusko/bate-borisov/soupiska/2010/
eu_belarus_bate-borisov	Arcjom Radzkow	arcjomradzkow	DEF	26.08.1985	0	https://www.eurofotbal.cz/kluby/belorusko/bate-borisov/soupiska/2010/
eu_belarus_bate-borisov	Vladimir Rževskij	vladimirrzevskij	DEF	19.07.1987	0	https://www.eurofotbal.cz/kluby/belorusko/bate-borisov/soupiska/2010/
eu_belarus_bate-borisov	Sjarhej Sasnowski	sjarhejsasnowski	DEF	14.08.1981	0	https://www.eurofotbal.cz/kluby/belorusko/bate-borisov/soupiska/2010/
eu_belarus_bate-borisov	Ihar Šytaw	iharsytaw	DEF	24.10.1986	0	https://www.eurofotbal.cz/kluby/belorusko/bate-borisov/soupiska/2010/
eu_belarus_bate-borisov	Edhar Aljachnovič	edharaljachnovic	MID	17.05.1987	0	https://www.eurofotbal.cz/kluby/belorusko/bate-borisov/soupiska/2010/
eu_belarus_bate-borisov	Dzmitryj Baha	dzmitryjbaha	MID	04.01.1990	0	https://www.eurofotbal.cz/kluby/belorusko/bate-borisov/soupiska/2010/
eu_belarus_bate-borisov	Renan Bressan	renanbressan	MID	03.11.1988	0	https://www.eurofotbal.cz/kluby/belorusko/bate-borisov/soupiska/2010/
eu_belarus_bate-borisov	Dzmitryj Lichtarovič	dzmitryjlichtarovic	MID	01.03.1978	0	https://www.eurofotbal.cz/kluby/belorusko/bate-borisov/soupiska/2010/
eu_belarus_bate-borisov	Pavel Njachajčyk	pavelnjachajcyk	MID	15.07.1988	0	https://www.eurofotbal.cz/kluby/belorusko/bate-borisov/soupiska/2010/
eu_belarus_bate-borisov	Aljaksandr Pavlow	aljaksandrpavlow	MID	18.08.1984	0	https://www.eurofotbal.cz/kluby/belorusko/bate-borisov/soupiska/2010/
eu_belarus_bate-borisov	Ihar Stasevič	iharstasevic	MID	21.10.1985	0	https://www.eurofotbal.cz/kluby/belorusko/bate-borisov/soupiska/2010/
eu_belarus_bate-borisov	Sjarhej Tichonowskyj	sjarhejtichonowskyj	MID	26.06.1990	0	https://www.eurofotbal.cz/kluby/belorusko/bate-borisov/soupiska/2010/
eu_belarus_bate-borisov	Aljaksandr Valadzko	aljaksandrvaladzko	MID	18.06.1986	0	https://www.eurofotbal.cz/kluby/belorusko/bate-borisov/soupiska/2010/
eu_belarus_bate-borisov	Aleksandr Alumona	aleksandralumona	ATT	18.12.1983	0	https://www.eurofotbal.cz/kluby/belorusko/bate-borisov/soupiska/2010/
eu_belarus_bate-borisov	Sjarhej Bubnow	sjarhejbubnow	ATT	13.04.1989	0	https://www.eurofotbal.cz/kluby/belorusko/bate-borisov/soupiska/2010/
eu_belarus_bate-borisov	Hovhannes Goharjan	hovhannesgoharjan	ATT	18.03.1988	0	https://www.eurofotbal.cz/kluby/belorusko/bate-borisov/soupiska/2010/
eu_belarus_bate-borisov	Arcjom Kancavy	arcjomkancavy	ATT	20.05.1983	0	https://www.eurofotbal.cz/kluby/belorusko/bate-borisov/soupiska/2010/
eu_belarus_bate-borisov	Vital Radzivonaw	vitalradzivonaw	ATT	11.12.1983	0	https://www.eurofotbal.cz/kluby/belorusko/bate-borisov/soupiska/2010/
eu_belarus_bate-borisov	Maksim Skavyš	maksimskavys	ATT	13.11.1989	0	https://www.eurofotbal.cz/kluby/belorusko/bate-borisov/soupiska/2010/
eu_belarus_dinamo-minsk	Janko Valkanov	jankovalkanov	DEF	25.07.1982	0	https://www.eurofotbal.cz/kluby/belorusko/dinamo-minsk/soupiska/2010/
eu_belarus_dinamo-minsk	Aleh Veracila	alehveracila	DEF	10.07.1988	0	https://www.eurofotbal.cz/kluby/belorusko/dinamo-minsk/soupiska/2010/
eu_belarus_dinamo-minsk	Andrej Čuchlej	andrejcuchlej	MID	02.10.1987	0	https://www.eurofotbal.cz/kluby/belorusko/dinamo-minsk/soupiska/2010/
eu_belarus_dinamo-minsk	Sjarhej Kisljak	sjarhejkisljak	MID	06.08.1987	0	https://www.eurofotbal.cz/kluby/belorusko/dinamo-minsk/soupiska/2010/
eu_belarus_dinamo-minsk	Anton Pucila	antonpucila	MID	10.06.1987	0	https://www.eurofotbal.cz/kluby/belorusko/dinamo-minsk/soupiska/2010/
eu_belarus_dinamo-minsk	Ruslan Pimenov	ruslanpimenov	ATT	25.11.1981	0	https://www.eurofotbal.cz/kluby/belorusko/dinamo-minsk/soupiska/2010/
eu_belarus_dinamo-minsk	Aljaksandr Sazankow	aljaksandrsazankow	ATT	08.03.1984	0	https://www.eurofotbal.cz/kluby/belorusko/dinamo-minsk/soupiska/2010/
eu_belgium_club-brugge-kv	Colin Coosemans	colincoosemans	GK	03.08.1992	20	https://www.eurofotbal.cz/kluby/belgie/club-bruggy/soupiska/2010-2011/
eu_belgium_club-brugge-kv	Geert De Vlieger	geertdevlieger	GK	16.10.1971	15	https://www.eurofotbal.cz/kluby/belgie/club-bruggy/soupiska/2010-2011/
eu_belgium_club-brugge-kv	Stijn Stijnen	stijnstijnen	GK	07.04.1981	16	https://www.eurofotbal.cz/kluby/belgie/club-bruggy/soupiska/2010-2011/
eu_belgium_club-brugge-kv	Camozzato	camozzato	DEF	17.06.1983	30	https://www.eurofotbal.cz/kluby/belgie/club-bruggy/soupiska/2010-2011/
eu_belgium_club-brugge-kv	Júnior Díaz	juniordiaz	DEF	12.09.1983	17	https://www.eurofotbal.cz/kluby/belgie/club-bruggy/soupiska/2010-2011/
eu_belgium_club-brugge-kv	Ryan Donk	ryandonk	DEF	30.03.1986	44	https://www.eurofotbal.cz/kluby/belgie/club-bruggy/soupiska/2010-2011/
eu_belgium_club-brugge-kv	Carl Hoefkens	carlhoefkens	DEF	06.10.1978	45	https://www.eurofotbal.cz/kluby/belgie/club-bruggy/soupiska/2010-2011/
eu_belgium_club-brugge-kv	Michael Klukowski	michaelklukowski	DEF	27.05.1981	1	https://www.eurofotbal.cz/kluby/belgie/club-bruggy/soupiska/2010-2011/
eu_belgium_club-brugge-kv	Jeroen Simaeys	jeroensimaeys	DEF	12.05.1985	33	https://www.eurofotbal.cz/kluby/belgie/club-bruggy/soupiska/2010-2011/
eu_belgium_club-brugge-kv	Peter van der Heyden	petervanderheyden	DEF	16.07.1976	37	https://www.eurofotbal.cz/kluby/belgie/club-bruggy/soupiska/2010-2011/
eu_belgium_club-brugge-kv	Daan van Gijseghem	daanvangijseghem	DEF	02.03.1988	34	https://www.eurofotbal.cz/kluby/belgie/club-bruggy/soupiska/2010-2011/
eu_belgium_club-brugge-kv	Jorn Vermeulen	jornvermeulen	DEF	16.04.1987	11	https://www.eurofotbal.cz/kluby/belgie/club-bruggy/soupiska/2010-2011/
eu_belgium_club-brugge-kv	Jonathan Blondel	jonathanblondel	MID	03.04.1984	33	https://www.eurofotbal.cz/kluby/belgie/club-bruggy/soupiska/2010-2011/
eu_belgium_club-brugge-kv	Wilfried Dalmat	wilfrieddalmat	MID	17.07.1982	68	https://www.eurofotbal.cz/kluby/belgie/club-bruggy/soupiska/2010-2011/
eu_belgium_club-brugge-kv	Nabil Dirar	nabildirar	MID	25.02.1986	40	https://www.eurofotbal.cz/kluby/belgie/club-bruggy/soupiska/2010-2011/
eu_belgium_club-brugge-kv	Karel Geraerts	karelgeraerts	MID	05.01.1982	36	https://www.eurofotbal.cz/kluby/belgie/club-bruggy/soupiska/2010-2011/
eu_belgium_club-brugge-kv	Maxime Lestienne	maximelestienne	MID	17.06.1992	19	https://www.eurofotbal.cz/kluby/belgie/club-bruggy/soupiska/2010-2011/
eu_belgium_club-brugge-kv	Vadis Odjidja-Ofoe	vadisodjidjaofoe	MID	21.02.1989	45	https://www.eurofotbal.cz/kluby/belgie/club-bruggy/soupiska/2010-2011/
eu_belgium_club-brugge-kv	Ivan Perišić	ivanperisic	MID	02.02.1989	46	https://www.eurofotbal.cz/kluby/belgie/club-bruggy/soupiska/2010-2011/
eu_belgium_club-brugge-kv	Thibaut Van Acker	thibautvanacker	MID	21.11.1991	8	https://www.eurofotbal.cz/kluby/belgie/club-bruggy/soupiska/2010-2011/
eu_belgium_club-brugge-kv	Ronald Vargas	ronaldvargas	MID	02.12.1986	27	https://www.eurofotbal.cz/kluby/belgie/club-bruggy/soupiska/2010-2011/
eu_belgium_club-brugge-kv	Joseph Akpala	josephakpala	ATT	24.08.1986	30	https://www.eurofotbal.cz/kluby/belgie/club-bruggy/soupiska/2010-2011/
eu_belgium_club-brugge-kv	Mohamed Dahmane	mohameddahmane	ATT	09.04.1982	2	https://www.eurofotbal.cz/kluby/belgie/club-bruggy/soupiska/2010-2011/
eu_belgium_club-brugge-kv	Dorge Kouemaha	dorgekouemaha	ATT	28.06.1983	41	https://www.eurofotbal.cz/kluby/belgie/club-bruggy/soupiska/2010-2011/
eu_belgium_club-brugge-kv	Ibrahim Salou	ibrahimsalou	ATT	29.05.1979	0	https://www.eurofotbal.cz/kluby/belgie/club-bruggy/soupiska/2010-2011/
eu_belgium_club-brugge-kv	Stefan Šćepović	stefanscepovic	ATT	10.01.1990	7	https://www.eurofotbal.cz/kluby/belgie/club-bruggy/soupiska/2010-2011/
eu_belgium_kaa-gent	Frank Boeckx	frankboeckx	GK	27.09.1986	8	https://www.eurofotbal.cz/kluby/belgie/kaa-gent/soupiska/2010-2011/
eu_belgium_kaa-gent	Sébastien Bruzzese	sebastienbruzzese	GK	01.03.1989	3	https://www.eurofotbal.cz/kluby/belgie/kaa-gent/soupiska/2010-2011/
eu_belgium_kaa-gent	Bojan Jorgačević	bojanjorgacevic	GK	12.02.1982	43	https://www.eurofotbal.cz/kluby/belgie/kaa-gent/soupiska/2010-2011/
eu_belgium_kaa-gent	César Arzo	cesararzo	DEF	21.01.1986	16	https://www.eurofotbal.cz/kluby/belgie/kaa-gent/soupiska/2010-2011/
eu_belgium_kaa-gent	Alpha Bâ	alphaba	DEF	01.01.1989	2	https://www.eurofotbal.cz/kluby/belgie/kaa-gent/soupiska/2010-2011/
eu_belgium_kaa-gent	Mario Barić	mariobaric	DEF	15.04.1985	29	https://www.eurofotbal.cz/kluby/belgie/kaa-gent/soupiska/2010-2011/
eu_belgium_kaa-gent	Adriano Duarte	adrianoduarte	DEF	29.01.1980	7	https://www.eurofotbal.cz/kluby/belgie/kaa-gent/soupiska/2010-2011/
eu_belgium_kaa-gent	Erlend Hanstveit	erlendhanstveit	DEF	28.01.1981	42	https://www.eurofotbal.cz/kluby/belgie/kaa-gent/soupiska/2010-2011/
eu_belgium_kaa-gent	Grégory Mertens	gregorymertens	DEF	02.01.1991	0	https://www.eurofotbal.cz/kluby/belgie/kaa-gent/soupiska/2010-2011/
eu_belgium_kaa-gent	Roy Myrie	roymyrie	DEF	21.08.1982	7	https://www.eurofotbal.cz/kluby/belgie/kaa-gent/soupiska/2010-2011/
eu_belgium_kaa-gent	Roberto Rosales	robertorosales	DEF	20.11.1988	1	https://www.eurofotbal.cz/kluby/belgie/kaa-gent/soupiska/2010-2011/
eu_belgium_kaa-gent	Matija Škarabot	matijaskarabot	DEF	04.02.1988	9	https://www.eurofotbal.cz/kluby/belgie/kaa-gent/soupiska/2010-2011/
eu_belgium_kaa-gent	Marko Šuler	markosuler	DEF	09.03.1983	40	https://www.eurofotbal.cz/kluby/belgie/kaa-gent/soupiska/2010-2011/
eu_belgium_kaa-gent	Wallace	wallace	DEF	29.10.1986	29	https://www.eurofotbal.cz/kluby/belgie/kaa-gent/soupiska/2010-2011/
eu_belgium_kaa-gent	Rándall Azofeifa	randallazofeifa	MID	30.12.1984	24	https://www.eurofotbal.cz/kluby/belgie/kaa-gent/soupiska/2010-2011/
eu_belgium_kaa-gent	Ibrahima Conté I	ibrahimacontei	MID	03.04.1991	36	https://www.eurofotbal.cz/kluby/belgie/kaa-gent/soupiska/2010-2011/
eu_belgium_kaa-gent	Yassine El Ghanassy	yassineelghanassy	MID	12.07.1990	52	https://www.eurofotbal.cz/kluby/belgie/kaa-gent/soupiska/2010-2011/
eu_belgium_kaa-gent	Christophe Grondin	christophegrondin	MID	02.09.1983	37	https://www.eurofotbal.cz/kluby/belgie/kaa-gent/soupiska/2010-2011/
eu_belgium_kaa-gent	Jesper Jørgensen	jesperjrgensen	MID	09.05.1984	16	https://www.eurofotbal.cz/kluby/belgie/kaa-gent/soupiska/2010-2011/
eu_belgium_kaa-gent	Christophe Lepoint	christophelepoint	MID	24.10.1984	15	https://www.eurofotbal.cz/kluby/belgie/kaa-gent/soupiska/2010-2011/
eu_belgium_kaa-gent	Zakaria M'Sila	zakariamsila	MID	06.04.1992	1	https://www.eurofotbal.cz/kluby/belgie/kaa-gent/soupiska/2010-2011/
eu_belgium_kaa-gent	Tim Smolders	timsmolders	MID	26.08.1980	46	https://www.eurofotbal.cz/kluby/belgie/kaa-gent/soupiska/2010-2011/
eu_belgium_kaa-gent	Yaya Soumahoro	yayasoumahoro	MID	28.09.1989	25	https://www.eurofotbal.cz/kluby/belgie/kaa-gent/soupiska/2010-2011/
eu_belgium_kaa-gent	Bernd Thijs	berndthijs	MID	28.06.1978	40	https://www.eurofotbal.cz/kluby/belgie/kaa-gent/soupiska/2010-2011/
eu_belgium_kaa-gent	Kenny Thompson	kennythompson	MID	26.04.1985	16	https://www.eurofotbal.cz/kluby/belgie/kaa-gent/soupiska/2010-2011/
eu_belgium_kaa-gent	Hannes van der Bruggen	hannesvanderbruggen	MID	01.04.1993	2	https://www.eurofotbal.cz/kluby/belgie/kaa-gent/soupiska/2010-2011/
eu_belgium_kaa-gent	Stef Wils	stefwils	MID	02.08.1982	40	https://www.eurofotbal.cz/kluby/belgie/kaa-gent/soupiska/2010-2011/
eu_belgium_kaa-gent	Shlomi Arbeitman	shlomiarbeitman	ATT	14.05.1985	36	https://www.eurofotbal.cz/kluby/belgie/kaa-gent/soupiska/2010-2011/
eu_belgium_kaa-gent	Elimane Coulibaly	elimanecoulibaly	ATT	15.03.1980	42	https://www.eurofotbal.cz/kluby/belgie/kaa-gent/soupiska/2010-2011/
eu_belgium_kaa-gent	Adnan Čustović	adnancustovic	ATT	14.04.1978	3	https://www.eurofotbal.cz/kluby/belgie/kaa-gent/soupiska/2010-2011/
eu_belgium_kaa-gent	Stijn De Smet	stijndesmet	ATT	27.03.1985	36	https://www.eurofotbal.cz/kluby/belgie/kaa-gent/soupiska/2010-2011/
eu_belgium_kaa-gent	M'Baye Leye	mbayeleye	ATT	01.12.1982	2	https://www.eurofotbal.cz/kluby/belgie/kaa-gent/soupiska/2010-2011/
eu_belgium_kaa-gent	Zlatan Ljubijankič	zlatanljubijankic	ATT	15.12.1983	45	https://www.eurofotbal.cz/kluby/belgie/kaa-gent/soupiska/2010-2011/
eu_belgium_kaa-gent	Ilombe Mboyo	ilombemboyo	ATT	22.04.1987	13	https://www.eurofotbal.cz/kluby/belgie/kaa-gent/soupiska/2010-2011/
eu_belgium_kaa-gent	Edson Montaño	edsonmontano	ATT	15.03.1991	4	https://www.eurofotbal.cz/kluby/belgie/kaa-gent/soupiska/2010-2011/
eu_belgium_krc-genk	Koen Casteels	koencasteels	GK	25.06.1992	0	https://www.eurofotbal.cz/kluby/belgie/krc-genk/soupiska/2010-2011/
eu_belgium_krc-genk	Thibaut Courtois	thibautcourtois	GK	11.05.1992	42	https://www.eurofotbal.cz/kluby/belgie/krc-genk/soupiska/2010-2011/
eu_belgium_krc-genk	László Köteles	laszlokoteles	GK	01.09.1984	1	https://www.eurofotbal.cz/kluby/belgie/krc-genk/soupiska/2010-2011/
eu_belgium_krc-genk	Gilles Lentz	gilleslentz	GK	01.02.1992	0	https://www.eurofotbal.cz/kluby/belgie/krc-genk/soupiska/2010-2011/
eu_belgium_krc-genk	Davino Verhulst	davinoverhulst	GK	25.11.1987	0	https://www.eurofotbal.cz/kluby/belgie/krc-genk/soupiska/2010-2011/
eu_belgium_krc-genk	João Carlos	joaocarlos	DEF	01.01.1982	21	https://www.eurofotbal.cz/kluby/belgie/krc-genk/soupiska/2010-2011/
eu_belgium_krc-genk	Dimitri Daeseleire	dimitridaeseleire	DEF	18.05.1990	3	https://www.eurofotbal.cz/kluby/belgie/krc-genk/soupiska/2010-2011/
eu_belgium_krc-genk	Timothy Durwael	timothydurwael	DEF	24.02.1991	3	https://www.eurofotbal.cz/kluby/belgie/krc-genk/soupiska/2010-2011/
eu_belgium_krc-genk	David Hubert	davidhubert	DEF	12.02.1988	35	https://www.eurofotbal.cz/kluby/belgie/krc-genk/soupiska/2010-2011/
eu_belgium_krc-genk	Torben Joneleit	torbenjoneleit	DEF	15.05.1987	30	https://www.eurofotbal.cz/kluby/belgie/krc-genk/soupiska/2010-2011/
eu_belgium_krc-genk	Eric Matoukou	ericmatoukou	DEF	08.07.1983	38	https://www.eurofotbal.cz/kluby/belgie/krc-genk/soupiska/2010-2011/
eu_belgium_krc-genk	Chris Mavinga	chrismavinga	DEF	26.05.1991	9	https://www.eurofotbal.cz/kluby/belgie/krc-genk/soupiska/2010-2011/
eu_belgium_krc-genk	Nádson	nadson	DEF	18.10.1984	13	https://www.eurofotbal.cz/kluby/belgie/krc-genk/soupiska/2010-2011/
eu_belgium_krc-genk	Anele Ngcongca	anelengcongca	DEF	21.10.1987	43	https://www.eurofotbal.cz/kluby/belgie/krc-genk/soupiska/2010-2011/
eu_belgium_krc-genk	Anthony Vanden Borre	anthonyvandenborre	DEF	24.10.1987	16	https://www.eurofotbal.cz/kluby/belgie/krc-genk/soupiska/2010-2011/
eu_belgium_krc-genk	Thomas Buffel	thomasbuffel	MID	19.02.1981	35	https://www.eurofotbal.cz/kluby/belgie/krc-genk/soupiska/2010-2011/
eu_belgium_krc-genk	Fabien Camus	fabiencamus	MID	28.02.1985	20	https://www.eurofotbal.cz/kluby/belgie/krc-genk/soupiska/2010-2011/
eu_belgium_krc-genk	Kevin De Bruyne	kevindebruyne	MID	28.06.1991	34	https://www.eurofotbal.cz/kluby/belgie/krc-genk/soupiska/2010-2011/
eu_belgium_krc-genk	Anthony Limbombe	anthonylimbombe	MID	15.07.1994	16	https://www.eurofotbal.cz/kluby/belgie/krc-genk/soupiska/2010-2011/
eu_belgium_krc-genk	Dugary Ndabashinze	dugaryndabashinze	MID	08.10.1989	24	https://www.eurofotbal.cz/kluby/belgie/krc-genk/soupiska/2010-2011/
eu_belgium_krc-genk	Daniel Pudil	danielpudil	MID	27.09.1985	40	https://www.eurofotbal.cz/kluby/belgie/krc-genk/soupiska/2010-2011/
eu_belgium_krc-genk	Dániel Tőzsér	danieltozser	MID	12.05.1985	42	https://www.eurofotbal.cz/kluby/belgie/krc-genk/soupiska/2010-2011/
eu_belgium_krc-genk	Maurizio Aquino	maurizioaquino	ATT	01.03.1990	2	https://www.eurofotbal.cz/kluby/belgie/krc-genk/soupiska/2010-2011/
eu_belgium_krc-genk	Elyaniv Barda	elyanivbarda	ATT	15.12.1981	34	https://www.eurofotbal.cz/kluby/belgie/krc-genk/soupiska/2010-2011/
eu_belgium_krc-genk	Stein Huysegems	steinhuysegems	ATT	16.06.1982	2	https://www.eurofotbal.cz/kluby/belgie/krc-genk/soupiska/2010-2011/
eu_belgium_krc-genk	Leroy Labylle	leroylabylle	ATT	11.03.1991	3	https://www.eurofotbal.cz/kluby/belgie/krc-genk/soupiska/2010-2011/
eu_belgium_krc-genk	Kennedy Nwanganga	kennedynwanganga	ATT	15.08.1990	15	https://www.eurofotbal.cz/kluby/belgie/krc-genk/soupiska/2010-2011/
eu_belgium_krc-genk	Marvin Ogunjimi	marvinogunjimi	ATT	12.10.1987	35	https://www.eurofotbal.cz/kluby/belgie/krc-genk/soupiska/2010-2011/
eu_belgium_krc-genk	Jelle Vossen	jellevossen	ATT	22.03.1989	40	https://www.eurofotbal.cz/kluby/belgie/krc-genk/soupiska/2010-2011/
eu_belgium_krc-genk	Samuel Yeboah	samuelyeboah	ATT	25.06.1986	3	https://www.eurofotbal.cz/kluby/belgie/krc-genk/soupiska/2010-2011/
eu_belgium_ksc-lokeren	Boubacar Barry	boubacarbarry	GK	30.12.1979	32	https://www.eurofotbal.cz/kluby/belgie/ksc-lokeren/soupiska/2010-2011/
eu_belgium_ksc-lokeren	Stefan Deloose	stefandeloose	GK	14.01.1990	0	https://www.eurofotbal.cz/kluby/belgie/ksc-lokeren/soupiska/2010-2011/
eu_belgium_ksc-lokeren	Jugoslav Lazić	jugoslavlazic	GK	12.12.1979	8	https://www.eurofotbal.cz/kluby/belgie/ksc-lokeren/soupiska/2010-2011/
eu_belgium_ksc-lokeren	Laurens De Bock	laurensdebock	DEF	07.11.1992	25	https://www.eurofotbal.cz/kluby/belgie/ksc-lokeren/soupiska/2010-2011/
eu_belgium_ksc-lokeren	Sepp De Roover	seppderoover	DEF	12.11.1984	17	https://www.eurofotbal.cz/kluby/belgie/ksc-lokeren/soupiska/2010-2011/
eu_belgium_ksc-lokeren	Frédéric Dupré	fredericdupre	DEF	12.05.1979	0	https://www.eurofotbal.cz/kluby/belgie/ksc-lokeren/soupiska/2010-2011/
eu_belgium_ksc-lokeren	Hassan El Mouataz	hassanelmouataz	DEF	21.09.1981	8	https://www.eurofotbal.cz/kluby/belgie/ksc-lokeren/soupiska/2010-2011/
eu_belgium_ksc-lokeren	Ibrahima Gueyé	ibrahimagueye	DEF	19.02.1978	17	https://www.eurofotbal.cz/kluby/belgie/ksc-lokeren/soupiska/2010-2011/
eu_belgium_ksc-lokeren	Mijat Marić	mijatmaric	DEF	30.04.1984	32	https://www.eurofotbal.cz/kluby/belgie/ksc-lokeren/soupiska/2010-2011/
eu_belgium_ksc-lokeren	Jérémy Taravel	jeremytaravel	DEF	17.04.1987	36	https://www.eurofotbal.cz/kluby/belgie/ksc-lokeren/soupiska/2010-2011/
eu_belgium_ksc-lokeren	Karel Van Lierde	karelvanlierde	DEF	25.06.1991	1	https://www.eurofotbal.cz/kluby/belgie/ksc-lokeren/soupiska/2010-2011/
eu_belgium_ksc-lokeren	Julien Bailleul	julienbailleul	MID	15.02.1988	9	https://www.eurofotbal.cz/kluby/belgie/ksc-lokeren/soupiska/2010-2011/
eu_belgium_ksc-lokeren	Geir Ludvig Fevang	geirludvigfevang	MID	17.11.1980	12	https://www.eurofotbal.cz/kluby/belgie/ksc-lokeren/soupiska/2010-2011/
eu_belgium_ksc-lokeren	Marcel Kimemba Mbayo	marcelkimembambayo	MID	23.04.1978	18	https://www.eurofotbal.cz/kluby/belgie/ksc-lokeren/soupiska/2010-2011/
eu_belgium_ksc-lokeren	Ivan Leko	ivanleko	MID	07.02.1978	40	https://www.eurofotbal.cz/kluby/belgie/ksc-lokeren/soupiska/2010-2011/
eu_belgium_ksc-lokeren	Killian Overmeire	killianovermeire	MID	06.12.1985	38	https://www.eurofotbal.cz/kluby/belgie/ksc-lokeren/soupiska/2010-2011/
eu_belgium_ksc-lokeren	Koen Persoons	koenpersoons	MID	12.07.1983	37	https://www.eurofotbal.cz/kluby/belgie/ksc-lokeren/soupiska/2010-2011/
eu_belgium_ksc-lokeren	Sulejman Smajić	sulejmansmajic	MID	13.08.1984	3	https://www.eurofotbal.cz/kluby/belgie/ksc-lokeren/soupiska/2010-2011/
eu_belgium_ksc-lokeren	Tiko	tiko	MID	12.12.1980	30	https://www.eurofotbal.cz/kluby/belgie/ksc-lokeren/soupiska/2010-2011/
eu_belgium_ksc-lokeren	Jore Trompet	joretrompet	MID	30.07.1992	7	https://www.eurofotbal.cz/kluby/belgie/ksc-lokeren/soupiska/2010-2011/
eu_belgium_ksc-lokeren	Vegard Braaten	vegardbraaten	ATT	30.06.1987	2	https://www.eurofotbal.cz/kluby/belgie/ksc-lokeren/soupiska/2010-2011/
eu_belgium_ksc-lokeren	Benjamin De Ceulaer	benjamindeceulaer	ATT	19.12.1983	37	https://www.eurofotbal.cz/kluby/belgie/ksc-lokeren/soupiska/2010-2011/
eu_belgium_ksc-lokeren	Niil De Pauw	niildepauw	ATT	06.01.1990	35	https://www.eurofotbal.cz/kluby/belgie/ksc-lokeren/soupiska/2010-2011/
eu_belgium_ksc-lokeren	Donovan Deekman	donovandeekman	ATT	23.06.1988	19	https://www.eurofotbal.cz/kluby/belgie/ksc-lokeren/soupiska/2010-2011/
eu_belgium_ksc-lokeren	Alfred Finnbogason	alfredfinnbogason	ATT	01.02.1989	15	https://www.eurofotbal.cz/kluby/belgie/ksc-lokeren/soupiska/2010-2011/
eu_belgium_ksc-lokeren	Sanharib Malki	sanharibmalki	ATT	01.03.1984	2	https://www.eurofotbal.cz/kluby/belgie/ksc-lokeren/soupiska/2010-2011/
eu_belgium_ksc-lokeren	Jérémy Perbet	jeremyperbet	ATT	12.12.1984	3	https://www.eurofotbal.cz/kluby/belgie/ksc-lokeren/soupiska/2010-2011/
eu_belgium_ksc-lokeren	Benjamin Mokulu Tembe	benjaminmokulutembe	ATT	11.10.1989	38	https://www.eurofotbal.cz/kluby/belgie/ksc-lokeren/soupiska/2010-2011/
eu_belgium_ksc-lokeren	Derrick Tshimanga	derricktshimanga	ATT	06.11.1988	27	https://www.eurofotbal.cz/kluby/belgie/ksc-lokeren/soupiska/2010-2011/
eu_belgium_ksc-lokeren	Ivan Yagan	ivanyagan	ATT	11.10.1989	1	https://www.eurofotbal.cz/kluby/belgie/ksc-lokeren/soupiska/2010-2011/
eu_belgium_rsc-anderlecht	Michaël Cordier	michaelcordier	GK	27.03.1984	1	https://www.eurofotbal.cz/kluby/belgie/rsc-anderlecht/soupiska/2010-2011/
eu_belgium_rsc-anderlecht	Mulopo Kudimbana	mulopokudimbana	GK	21.01.1987	0	https://www.eurofotbal.cz/kluby/belgie/rsc-anderlecht/soupiska/2010-2011/
eu_belgium_rsc-anderlecht	Silvio Proto	silvioproto	GK	23.05.1983	49	https://www.eurofotbal.cz/kluby/belgie/rsc-anderlecht/soupiska/2010-2011/
eu_belgium_rsc-anderlecht	Stefan Roef	stefanroef	GK	27.02.1992	0	https://www.eurofotbal.cz/kluby/belgie/rsc-anderlecht/soupiska/2010-2011/
eu_belgium_rsc-anderlecht	Davy Schollen	davyschollen	GK	28.02.1978	5	https://www.eurofotbal.cz/kluby/belgie/rsc-anderlecht/soupiska/2010-2011/
eu_belgium_rsc-anderlecht	Pier Barrios	pierbarrios	DEF	01.07.1990	0	https://www.eurofotbal.cz/kluby/belgie/rsc-anderlecht/soupiska/2010-2011/
eu_belgium_rsc-anderlecht	Víctor Bernárdez	victorbernardez	DEF	24.05.1982	22	https://www.eurofotbal.cz/kluby/belgie/rsc-anderlecht/soupiska/2010-2011/
eu_belgium_rsc-anderlecht	Olivier Deschacht	olivierdeschacht	DEF	16.02.1981	20	https://www.eurofotbal.cz/kluby/belgie/rsc-anderlecht/soupiska/2010-2011/
eu_belgium_rsc-anderlecht	Guillaume Gillet	guillaumegillet	DEF	09.03.1984	53	https://www.eurofotbal.cz/kluby/belgie/rsc-anderlecht/soupiska/2010-2011/
eu_belgium_rsc-anderlecht	Roland Juhász	rolandjuhasz	DEF	01.07.1983	48	https://www.eurofotbal.cz/kluby/belgie/rsc-anderlecht/soupiska/2010-2011/
eu_belgium_rsc-anderlecht	Jan Lecjaks	janlecjaks	DEF	09.08.1990	39	https://www.eurofotbal.cz/kluby/belgie/rsc-anderlecht/soupiska/2010-2011/
eu_belgium_rsc-anderlecht	Ondřej Mazuch	ondrejmazuch	DEF	15.03.1989	46	https://www.eurofotbal.cz/kluby/belgie/rsc-anderlecht/soupiska/2010-2011/
eu_belgium_rsc-anderlecht	Nemanja Rnić	nemanjarnic	DEF	30.09.1984	6	https://www.eurofotbal.cz/kluby/belgie/rsc-anderlecht/soupiska/2010-2011/
eu_belgium_rsc-anderlecht	Ablaye Seck	ablayeseck	DEF	10.03.1988	2	https://www.eurofotbal.cz/kluby/belgie/rsc-anderlecht/soupiska/2010-2011/
eu_belgium_rsc-anderlecht	Marcin Wasilewski	marcinwasilewski	DEF	09.06.1980	19	https://www.eurofotbal.cz/kluby/belgie/rsc-anderlecht/soupiska/2010-2011/
eu_belgium_rsc-anderlecht	Ziguy Badibanga	ziguybadibanga	MID	26.11.1991	18	https://www.eurofotbal.cz/kluby/belgie/rsc-anderlecht/soupiska/2010-2011/
eu_belgium_rsc-anderlecht	Lucas Biglia	lucasbiglia	MID	30.01.1986	34	https://www.eurofotbal.cz/kluby/belgie/rsc-anderlecht/soupiska/2010-2011/
eu_belgium_rsc-anderlecht	Bouba	bouba	MID	05.04.1990	1	https://www.eurofotbal.cz/kluby/belgie/rsc-anderlecht/soupiska/2010-2011/
eu_belgium_rsc-anderlecht	Mbark Boussoufa	mbarkboussoufa	MID	15.08.1984	33	https://www.eurofotbal.cz/kluby/belgie/rsc-anderlecht/soupiska/2010-2011/
eu_belgium_rsc-anderlecht	Fernando Canesin	fernandocanesin	MID	27.02.1992	1	https://www.eurofotbal.cz/kluby/belgie/rsc-anderlecht/soupiska/2010-2011/
eu_belgium_rsc-anderlecht	Christophe Diandy	christophediandy	MID	25.11.1990	10	https://www.eurofotbal.cz/kluby/belgie/rsc-anderlecht/soupiska/2010-2011/
eu_belgium_rsc-anderlecht	Thomas Chatelle	thomaschatelle	MID	31.03.1981	3	https://www.eurofotbal.cz/kluby/belgie/rsc-anderlecht/soupiska/2010-2011/
eu_belgium_rsc-anderlecht	Sacha Kljestan	sachakljestan	MID	09.09.1985	33	https://www.eurofotbal.cz/kluby/belgie/rsc-anderlecht/soupiska/2010-2011/
eu_belgium_rsc-anderlecht	Cheikhou Kouyaté	cheikhoukouyate	MID	21.12.1989	33	https://www.eurofotbal.cz/kluby/belgie/rsc-anderlecht/soupiska/2010-2011/
eu_belgium_rsc-anderlecht	Jonathan Legear	jonathanlegear	MID	13.04.1987	31	https://www.eurofotbal.cz/kluby/belgie/rsc-anderlecht/soupiska/2010-2011/
eu_belgium_rsc-anderlecht	Lukáš Mareček	lukasmarecek	MID	17.04.1990	23	https://www.eurofotbal.cz/kluby/belgie/rsc-anderlecht/soupiska/2010-2011/
eu_belgium_rsc-anderlecht	Jan Polák	janpolak	MID	14.03.1981	25	https://www.eurofotbal.cz/kluby/belgie/rsc-anderlecht/soupiska/2010-2011/
eu_belgium_rsc-anderlecht	Tom De Sutter	tomdesutter	ATT	03.07.1985	25	https://www.eurofotbal.cz/kluby/belgie/rsc-anderlecht/soupiska/2010-2011/
eu_belgium_rsc-anderlecht	Pablo Chavarría	pablochavarria	ATT	02.01.1988	7	https://www.eurofotbal.cz/kluby/belgie/rsc-anderlecht/soupiska/2010-2011/
eu_belgium_rsc-anderlecht	Junior Kabananga	juniorkabananga	ATT	04.04.1989	6	https://www.eurofotbal.cz/kluby/belgie/rsc-anderlecht/soupiska/2010-2011/
eu_belgium_rsc-anderlecht	Nathan Kabasele	nathankabasele	ATT	14.01.1994	3	https://www.eurofotbal.cz/kluby/belgie/rsc-anderlecht/soupiska/2010-2011/
eu_belgium_rsc-anderlecht	Kanu	kanu	ATT	23.09.1987	35	https://www.eurofotbal.cz/kluby/belgie/rsc-anderlecht/soupiska/2010-2011/
eu_belgium_rsc-anderlecht	Romelu Lukaku	romelulukaku	ATT	13.05.1993	49	https://www.eurofotbal.cz/kluby/belgie/rsc-anderlecht/soupiska/2010-2011/
eu_belgium_rsc-anderlecht	Matías Suárez	matiassuarez	ATT	09.05.1988	47	https://www.eurofotbal.cz/kluby/belgie/rsc-anderlecht/soupiska/2010-2011/
eu_belgium_rsc-anderlecht	Dalibor Veselinović	daliborveselinovic	ATT	21.09.1987	14	https://www.eurofotbal.cz/kluby/belgie/rsc-anderlecht/soupiska/2010-2011/
eu_belgium_standard-liege	Srđan Blažić	sranblazic	GK	26.11.1982	15	https://www.eurofotbal.cz/kluby/belgie/standard-lutych/soupiska/2010-2011/
eu_belgium_standard-liege	Sinan Bolat	sinanbolat	GK	03.09.1988	27	https://www.eurofotbal.cz/kluby/belgie/standard-lutych/soupiska/2010-2011/
eu_belgium_standard-liege	Kristof van Hout	kristofvanhout	GK	09.02.1987	6	https://www.eurofotbal.cz/kluby/belgie/standard-lutych/soupiska/2010-2011/
eu_belgium_standard-liege	Abdelfattah Boukhriss	abdelfattahboukhriss	DEF	22.10.1986	1	https://www.eurofotbal.cz/kluby/belgie/standard-lutych/soupiska/2010-2011/
eu_belgium_standard-liege	Laurent Ciman	laurentciman	DEF	05.08.1985	32	https://www.eurofotbal.cz/kluby/belgie/standard-lutych/soupiska/2010-2011/
eu_belgium_standard-liege	Francois D'Onofrio	francoisdonofrio	DEF	06.10.1990	1	https://www.eurofotbal.cz/kluby/belgie/standard-lutych/soupiska/2010-2011/
eu_belgium_standard-liege	Felipe	felipe	DEF	15.05.1987	14	https://www.eurofotbal.cz/kluby/belgie/standard-lutych/soupiska/2010-2011/
eu_belgium_standard-liege	Réginal Goreux	reginalgoreux	DEF	31.12.1987	21	https://www.eurofotbal.cz/kluby/belgie/standard-lutych/soupiska/2010-2011/
eu_belgium_standard-liege	Kanu	kanu	DEF	03.05.1984	17	https://www.eurofotbal.cz/kluby/belgie/standard-lutych/soupiska/2010-2011/
eu_belgium_standard-liege	Eliaquim Mangala	eliaquimmangala	DEF	13.02.1991	41	https://www.eurofotbal.cz/kluby/belgie/standard-lutych/soupiska/2010-2011/
eu_belgium_standard-liege	Daniel Opare	danielopare	DEF	18.10.1990	38	https://www.eurofotbal.cz/kluby/belgie/standard-lutych/soupiska/2010-2011/
eu_belgium_standard-liege	Sébastien Pocognoli	sebastienpocognoli	DEF	01.08.1987	39	https://www.eurofotbal.cz/kluby/belgie/standard-lutych/soupiska/2010-2011/
eu_belgium_standard-liege	Victor Ramos	victorramos	DEF	05.05.1989	13	https://www.eurofotbal.cz/kluby/belgie/standard-lutych/soupiska/2010-2011/
eu_belgium_standard-liege	Jelle Van Damme	jellevandamme	DEF	10.10.1983	21	https://www.eurofotbal.cz/kluby/belgie/standard-lutych/soupiska/2010-2011/
eu_belgium_standard-liege	Arnor Angéli	arnorangeli	MID	25.02.1991	6	https://www.eurofotbal.cz/kluby/belgie/standard-lutych/soupiska/2010-2011/
eu_belgium_standard-liege	Franck Berrier	franckberrier	MID	02.02.1984	9	https://www.eurofotbal.cz/kluby/belgie/standard-lutych/soupiska/2010-2011/
eu_belgium_standard-liege	Eric Bokanga	ericbokanga	MID	09.10.1988	14	https://www.eurofotbal.cz/kluby/belgie/standard-lutych/soupiska/2010-2011/
eu_belgium_standard-liege	Pape Abdou Camara	papeabdoucamara	MID	24.09.1991	19	https://www.eurofotbal.cz/kluby/belgie/standard-lutych/soupiska/2010-2011/
eu_belgium_standard-liege	Mehdi Carcela-González	mehdicarcelagonzalez	MID	01.07.1989	43	https://www.eurofotbal.cz/kluby/belgie/standard-lutych/soupiska/2010-2011/
eu_belgium_standard-liege	Koen Daerden	koendaerden	MID	08.03.1982	19	https://www.eurofotbal.cz/kluby/belgie/standard-lutych/soupiska/2010-2011/
eu_belgium_standard-liege	Danilo	danilo	MID	13.01.1990	3	https://www.eurofotbal.cz/kluby/belgie/standard-lutych/soupiska/2010-2011/
eu_belgium_standard-liege	Steven Defour	stevendefour	MID	15.04.1988	32	https://www.eurofotbal.cz/kluby/belgie/standard-lutych/soupiska/2010-2011/
eu_belgium_standard-liege	Hans Dibi	hansdibi	MID	23.06.1988	1	https://www.eurofotbal.cz/kluby/belgie/standard-lutych/soupiska/2010-2011/
eu_belgium_standard-liege	Grégory Dufer	gregorydufer	MID	19.12.1981	0	https://www.eurofotbal.cz/kluby/belgie/standard-lutych/soupiska/2010-2011/
eu_belgium_standard-liege	Henri Eninful	henrieninful	MID	21.07.1992	4	https://www.eurofotbal.cz/kluby/belgie/standard-lutych/soupiska/2010-2011/
eu_belgium_standard-liege	Alen Pamić	alenpamic	MID	15.10.1989	0	https://www.eurofotbal.cz/kluby/belgie/standard-lutych/soupiska/2010-2011/
eu_belgium_standard-liege	Tino-Sven Sušič	tinosvensusic	MID	13.02.1992	0	https://www.eurofotbal.cz/kluby/belgie/standard-lutych/soupiska/2010-2011/
eu_belgium_standard-liege	Christopher Verbist	christopherverbist	MID	08.10.1991	3	https://www.eurofotbal.cz/kluby/belgie/standard-lutych/soupiska/2010-2011/
eu_belgium_standard-liege	Axel Witsel	axelwitsel	MID	12.01.1989	42	https://www.eurofotbal.cz/kluby/belgie/standard-lutych/soupiska/2010-2011/
eu_belgium_standard-liege	Franco Zennaro	francozennaro	MID	01.04.1993	0	https://www.eurofotbal.cz/kluby/belgie/standard-lutych/soupiska/2010-2011/
eu_belgium_standard-liege	Michy Batshuayi	michybatshuayi	ATT	02.10.1993	2	https://www.eurofotbal.cz/kluby/belgie/standard-lutych/soupiska/2010-2011/
eu_belgium_standard-liege	Christian Benteke	christianbenteke	ATT	03.12.1990	5	https://www.eurofotbal.cz/kluby/belgie/standard-lutych/soupiska/2010-2011/
eu_belgium_standard-liege	Cyriac	cyriac	ATT	05.08.1990	19	https://www.eurofotbal.cz/kluby/belgie/standard-lutych/soupiska/2010-2011/
eu_belgium_standard-liege	Tom De Mul	tomdemul	ATT	04.03.1986	0	https://www.eurofotbal.cz/kluby/belgie/standard-lutych/soupiska/2010-2011/
eu_belgium_standard-liege	Gheorghe Grozav	gheorghegrozav	ATT	29.09.1990	10	https://www.eurofotbal.cz/kluby/belgie/standard-lutych/soupiska/2010-2011/
eu_belgium_standard-liege	Edouard Kabamba	edouardkabamba	ATT	24.01.1987	0	https://www.eurofotbal.cz/kluby/belgie/standard-lutych/soupiska/2010-2011/
eu_belgium_standard-liege	Leroy Labylle	leroylabylle	ATT	11.03.1991	2	https://www.eurofotbal.cz/kluby/belgie/standard-lutych/soupiska/2010-2011/
eu_belgium_standard-liege	M'Baye Leye	mbayeleye	ATT	01.12.1982	38	https://www.eurofotbal.cz/kluby/belgie/standard-lutych/soupiska/2010-2011/
eu_belgium_standard-liege	Emad Moteab	emadmoteab	ATT	20.02.1983	0	https://www.eurofotbal.cz/kluby/belgie/standard-lutych/soupiska/2010-2011/
eu_belgium_standard-liege	Aloys Nong	aloysnong	ATT	16.10.1983	26	https://www.eurofotbal.cz/kluby/belgie/standard-lutych/soupiska/2010-2011/
eu_belgium_standard-liege	Luigi Pieroni	luigipieroni	ATT	08.09.1980	19	https://www.eurofotbal.cz/kluby/belgie/standard-lutych/soupiska/2010-2011/
eu_belgium_standard-liege	Mohamed Tchité	mohamedtchite	ATT	31.01.1984	33	https://www.eurofotbal.cz/kluby/belgie/standard-lutych/soupiska/2010-2011/
eu_bulgaria_cska-sofia	Daniel Bekono	danielbekono	GK	31.05.1978	0	https://www.eurofotbal.cz/kluby/bulharsko/cska-sofia/soupiska/2010-2011/
eu_bulgaria_cska-sofia	Zdravko Čavdarov	zdravkocavdarov	GK	05.05.1985	0	https://www.eurofotbal.cz/kluby/bulharsko/cska-sofia/soupiska/2010-2011/
eu_bulgaria_cska-sofia	Ivan Karadžov	ivankaradzov	GK	12.07.1989	2	https://www.eurofotbal.cz/kluby/bulharsko/cska-sofia/soupiska/2010-2011/
eu_bulgaria_cska-sofia	Raïs M'Bolhi	raismbolhi	GK	25.04.1986	6	https://www.eurofotbal.cz/kluby/bulharsko/cska-sofia/soupiska/2010-2011/
eu_bulgaria_cska-sofia	Ivajlo Petrov	ivajlopetrov	GK	03.05.1973	0	https://www.eurofotbal.cz/kluby/bulharsko/cska-sofia/soupiska/2010-2011/
eu_bulgaria_cska-sofia	Giuseppe Aquaro	giuseppeaquaro	DEF	21.05.1983	7	https://www.eurofotbal.cz/kluby/bulharsko/cska-sofia/soupiska/2010-2011/
eu_bulgaria_cska-sofia	Hugo Báez	hugobaez	DEF	24.07.1983	0	https://www.eurofotbal.cz/kluby/bulharsko/cska-sofia/soupiska/2010-2011/
eu_bulgaria_cska-sofia	Ivan Bandalovski	ivanbandalovski	DEF	23.11.1986	0	https://www.eurofotbal.cz/kluby/bulharsko/cska-sofia/soupiska/2010-2011/
eu_bulgaria_cska-sofia	Martin Dečev	martindecev	DEF	12.04.1990	3	https://www.eurofotbal.cz/kluby/bulharsko/cska-sofia/soupiska/2010-2011/
eu_bulgaria_cska-sofia	Fabrizio Grillo	fabriziogrillo	DEF	02.02.1987	4	https://www.eurofotbal.cz/kluby/bulharsko/cska-sofia/soupiska/2010-2011/
eu_bulgaria_cska-sofia	Jordan Minev	jordanminev	DEF	14.10.1980	3	https://www.eurofotbal.cz/kluby/bulharsko/cska-sofia/soupiska/2010-2011/
eu_bulgaria_cska-sofia	Apostol Popov	apostolpopov	DEF	22.12.1982	0	https://www.eurofotbal.cz/kluby/bulharsko/cska-sofia/soupiska/2010-2011/
eu_bulgaria_cska-sofia	Kostadin Stojanov	kostadinstojanov	DEF	02.05.1986	5	https://www.eurofotbal.cz/kluby/bulharsko/cska-sofia/soupiska/2010-2011/
eu_bulgaria_cska-sofia	Pavel Vidanov	pavelvidanov	DEF	01.08.1988	7	https://www.eurofotbal.cz/kluby/bulharsko/cska-sofia/soupiska/2010-2011/
eu_bulgaria_cska-sofia	Boris Galčev	borisgalcev	MID	31.10.1983	5	https://www.eurofotbal.cz/kluby/bulharsko/cska-sofia/soupiska/2010-2011/
eu_bulgaria_cska-sofia	Emil Gargorov	emilgargorov	MID	15.02.1981	0	https://www.eurofotbal.cz/kluby/bulharsko/cska-sofia/soupiska/2010-2011/
eu_bulgaria_cska-sofia	Jonathan Gómez	jonathangomez	MID	28.07.1985	0	https://www.eurofotbal.cz/kluby/bulharsko/cska-sofia/soupiska/2010-2011/
eu_bulgaria_cska-sofia	Todor Jančev	todorjancev	MID	19.05.1976	8	https://www.eurofotbal.cz/kluby/bulharsko/cska-sofia/soupiska/2010-2011/
eu_bulgaria_cska-sofia	Kosta Janev	kostajanev	MID	27.04.1983	4	https://www.eurofotbal.cz/kluby/bulharsko/cska-sofia/soupiska/2010-2011/
eu_bulgaria_cska-sofia	Nikolaj Mančev	nikolajmancev	MID	08.01.1984	0	https://www.eurofotbal.cz/kluby/bulharsko/cska-sofia/soupiska/2010-2011/
eu_bulgaria_cska-sofia	Marquinhos	marquinhos	MID	30.04.1982	8	https://www.eurofotbal.cz/kluby/bulharsko/cska-sofia/soupiska/2010-2011/
eu_bulgaria_cska-sofia	Viktors Morozs	viktorsmorozs	MID	30.07.1980	0	https://www.eurofotbal.cz/kluby/bulharsko/cska-sofia/soupiska/2010-2011/
eu_bulgaria_cska-sofia	Sérgio Organista	sergioorganista	MID	26.08.1984	0	https://www.eurofotbal.cz/kluby/bulharsko/cska-sofia/soupiska/2010-2011/
eu_bulgaria_cska-sofia	Florentin Petre	florentinpetre	MID	15.01.1976	0	https://www.eurofotbal.cz/kluby/bulharsko/cska-sofia/soupiska/2010-2011/
eu_bulgaria_cska-sofia	Četin Sadula	cetinsadula	MID	16.06.1987	0	https://www.eurofotbal.cz/kluby/bulharsko/cska-sofia/soupiska/2010-2011/
eu_bulgaria_cska-sofia	Petar Stojanov	petarstojanov	MID	15.08.1985	0	https://www.eurofotbal.cz/kluby/bulharsko/cska-sofia/soupiska/2010-2011/
eu_bulgaria_cska-sofia	William Tiero	williamtiero	MID	03.12.1980	2	https://www.eurofotbal.cz/kluby/bulharsko/cska-sofia/soupiska/2010-2011/
eu_bulgaria_cska-sofia	Aleksandar Tonev	aleksandartonev	MID	02.02.1990	7	https://www.eurofotbal.cz/kluby/bulharsko/cska-sofia/soupiska/2010-2011/
eu_bulgaria_cska-sofia	Lucas Trecarichi	lucastrecarichi	MID	12.02.1991	1	https://www.eurofotbal.cz/kluby/bulharsko/cska-sofia/soupiska/2010-2011/
eu_bulgaria_cska-sofia	Rumen Trifonov	rumentrifonov	MID	21.02.1985	6	https://www.eurofotbal.cz/kluby/bulharsko/cska-sofia/soupiska/2010-2011/
eu_bulgaria_cska-sofia	Spas Delev	spasdelev	ATT	22.09.1989	7	https://www.eurofotbal.cz/kluby/bulharsko/cska-sofia/soupiska/2010-2011/
eu_bulgaria_cska-sofia	Stanko Jovčev	stankojovcev	ATT	15.04.1988	0	https://www.eurofotbal.cz/kluby/bulharsko/cska-sofia/soupiska/2010-2011/
eu_bulgaria_cska-sofia	Tomi Kostadinov	tomikostadinov	ATT	15.03.1991	2	https://www.eurofotbal.cz/kluby/bulharsko/cska-sofia/soupiska/2010-2011/
eu_bulgaria_cska-sofia	Stanislav Kostov	stanislavkostov	ATT	02.10.1991	0	https://www.eurofotbal.cz/kluby/bulharsko/cska-sofia/soupiska/2010-2011/
eu_bulgaria_cska-sofia	Gregory Nelson	gregorynelson	ATT	31.01.1988	5	https://www.eurofotbal.cz/kluby/bulharsko/cska-sofia/soupiska/2010-2011/
eu_bulgaria_cska-sofia	Blagoj Paskov	blagojpaskov	ATT	02.03.1991	0	https://www.eurofotbal.cz/kluby/bulharsko/cska-sofia/soupiska/2010-2011/
eu_bulgaria_cska-sofia	Michel Platini	michelplatini	ATT	08.09.1983	4	https://www.eurofotbal.cz/kluby/bulharsko/cska-sofia/soupiska/2010-2011/
eu_bulgaria_cska-sofia	Rui Miguel	ruimiguel	ATT	30.01.1984	0	https://www.eurofotbal.cz/kluby/bulharsko/cska-sofia/soupiska/2010-2011/
eu_bulgaria_cska-sofia	Dormušali Saidhodža	dormusalisaidhodza	ATT	16.05.1986	1	https://www.eurofotbal.cz/kluby/bulharsko/cska-sofia/soupiska/2010-2011/
eu_bulgaria_cska-sofia	Cillian Sheridan	cilliansheridan	ATT	23.02.1989	7	https://www.eurofotbal.cz/kluby/bulharsko/cska-sofia/soupiska/2010-2011/
eu_bulgaria_cska-sofia	Christian Tiboni	christiantiboni	ATT	06.04.1988	2	https://www.eurofotbal.cz/kluby/bulharsko/cska-sofia/soupiska/2010-2011/
eu_bulgaria_cska-sofia	Ivajlo Zafirov	ivajlozafirov	ATT	16.04.1992	0	https://www.eurofotbal.cz/kluby/bulharsko/cska-sofia/soupiska/2010-2011/
eu_bulgaria_levski-sofia	Kiril Akalski	kirilakalski	GK	17.10.1985	1	https://www.eurofotbal.cz/kluby/bulharsko/levski-sofia/soupiska/2010-2011/
eu_bulgaria_levski-sofia	Cvetan Dimitrov	cvetandimitrov	GK	10.02.1987	0	https://www.eurofotbal.cz/kluby/bulharsko/levski-sofia/soupiska/2010-2011/
eu_bulgaria_levski-sofia	Plamen Iliev	plameniliev	GK	30.11.1991	0	https://www.eurofotbal.cz/kluby/bulharsko/levski-sofia/soupiska/2010-2011/
eu_bulgaria_levski-sofia	Božidar Mitrev	bozidarmitrev	GK	31.03.1987	6	https://www.eurofotbal.cz/kluby/bulharsko/levski-sofia/soupiska/2010-2011/
eu_bulgaria_levski-sofia	Georgi Petkov	georgipetkov	GK	14.03.1976	3	https://www.eurofotbal.cz/kluby/bulharsko/levski-sofia/soupiska/2010-2011/
eu_bulgaria_levski-sofia	Chakib Benzoukane	chakibbenzoukane	DEF	07.08.1986	2	https://www.eurofotbal.cz/kluby/bulharsko/levski-sofia/soupiska/2010-2011/
eu_bulgaria_levski-sofia	Serginho Greene	serginhogreene	DEF	24.06.1982	8	https://www.eurofotbal.cz/kluby/bulharsko/levski-sofia/soupiska/2010-2011/
eu_bulgaria_levski-sofia	Ivo Ivanov	ivoivanov	DEF	11.03.1985	9	https://www.eurofotbal.cz/kluby/bulharsko/levski-sofia/soupiska/2010-2011/
eu_bulgaria_levski-sofia	Jordan Miliev	jordanmiliev	DEF	05.10.1987	9	https://www.eurofotbal.cz/kluby/bulharsko/levski-sofia/soupiska/2010-2011/
eu_bulgaria_levski-sofia	Veselin Minev	veselinminev	DEF	14.10.1980	9	https://www.eurofotbal.cz/kluby/bulharsko/levski-sofia/soupiska/2010-2011/
eu_bulgaria_levski-sofia	Dustley Mulder	dustleymulder	DEF	27.01.1985	10	https://www.eurofotbal.cz/kluby/bulharsko/levski-sofia/soupiska/2010-2011/
eu_bulgaria_levski-sofia	Youssef Rabeh	youssefrabeh	DEF	13.04.1985	0	https://www.eurofotbal.cz/kluby/bulharsko/levski-sofia/soupiska/2010-2011/
eu_bulgaria_levski-sofia	Stefan Stančev	stefanstancev	DEF	26.04.1989	1	https://www.eurofotbal.cz/kluby/bulharsko/levski-sofia/soupiska/2010-2011/
eu_bulgaria_levski-sofia	Kalin Štarkov	kalinstarkov	DEF	20.05.1984	1	https://www.eurofotbal.cz/kluby/bulharsko/levski-sofia/soupiska/2010-2011/
eu_bulgaria_levski-sofia	Elin Topuzakov	elintopuzakov	DEF	05.02.1977	0	https://www.eurofotbal.cz/kluby/bulharsko/levski-sofia/soupiska/2010-2011/
eu_bulgaria_levski-sofia	Marko Vidović	markovidovic	DEF	30.06.1988	0	https://www.eurofotbal.cz/kluby/bulharsko/levski-sofia/soupiska/2010-2011/
eu_bulgaria_levski-sofia	Lúcio Wagner	luciowagner	DEF	15.06.1976	0	https://www.eurofotbal.cz/kluby/bulharsko/levski-sofia/soupiska/2010-2011/
eu_bulgaria_levski-sofia	Aleksandar Aleksandrov	aleksandaraleksandrov	MID	19.01.1975	4	https://www.eurofotbal.cz/kluby/bulharsko/levski-sofia/soupiska/2010-2011/
eu_bulgaria_levski-sofia	Lačezar Baltanov	lacezarbaltanov	MID	11.07.1988	4	https://www.eurofotbal.cz/kluby/bulharsko/levski-sofia/soupiska/2010-2011/
eu_bulgaria_levski-sofia	Daniel Dimov	danieldimov	MID	21.01.1989	0	https://www.eurofotbal.cz/kluby/bulharsko/levski-sofia/soupiska/2010-2011/
eu_bulgaria_levski-sofia	Vladimir Gadžev	vladimirgadzev	MID	18.07.1987	8	https://www.eurofotbal.cz/kluby/bulharsko/levski-sofia/soupiska/2010-2011/
eu_bulgaria_levski-sofia	Joãozinho	joaozinho	MID	25.12.1988	10	https://www.eurofotbal.cz/kluby/bulharsko/levski-sofia/soupiska/2010-2011/
eu_bulgaria_levski-sofia	Marian Ognjanov	marianognjanov	MID	30.07.1988	7	https://www.eurofotbal.cz/kluby/bulharsko/levski-sofia/soupiska/2010-2011/
eu_bulgaria_levski-sofia	Saša Simonović	sasasimonovic	MID	20.07.1975	0	https://www.eurofotbal.cz/kluby/bulharsko/levski-sofia/soupiska/2010-2011/
eu_bulgaria_levski-sofia	Darko Tasevski	darkotasevski	MID	20.05.1984	8	https://www.eurofotbal.cz/kluby/bulharsko/levski-sofia/soupiska/2010-2011/
eu_bulgaria_levski-sofia	Dimitar Telkijski	dimitartelkijski	MID	05.05.1977	1	https://www.eurofotbal.cz/kluby/bulharsko/levski-sofia/soupiska/2010-2011/
eu_bulgaria_levski-sofia	Rachid Tiberkanine	rachidtiberkanine	MID	28.03.1985	0	https://www.eurofotbal.cz/kluby/bulharsko/levski-sofia/soupiska/2010-2011/
eu_bulgaria_levski-sofia	Garra Dembélé	garradembele	ATT	21.02.1986	10	https://www.eurofotbal.cz/kluby/bulharsko/levski-sofia/soupiska/2010-2011/
eu_bulgaria_levski-sofia	Georgi Hristov	georgihristov	ATT	10.01.1985	0	https://www.eurofotbal.cz/kluby/bulharsko/levski-sofia/soupiska/2010-2011/
eu_bulgaria_levski-sofia	Ismail Isa	ismailisa	ATT	26.06.1989	4	https://www.eurofotbal.cz/kluby/bulharsko/levski-sofia/soupiska/2010-2011/
eu_bulgaria_levski-sofia	Hristo Jovov	hristojovov	ATT	04.11.1977	6	https://www.eurofotbal.cz/kluby/bulharsko/levski-sofia/soupiska/2010-2011/
eu_bulgaria_levski-sofia	Aleksandar Kirov	aleksandarkirov	ATT	25.10.1990	5	https://www.eurofotbal.cz/kluby/bulharsko/levski-sofia/soupiska/2010-2011/
eu_bulgaria_levski-sofia	Daniel Mladenov	danielmladenov	ATT	25.05.1987	10	https://www.eurofotbal.cz/kluby/bulharsko/levski-sofia/soupiska/2010-2011/
eu_bulgaria_levski-sofia	Andwelé Slory	andweleslory	ATT	27.09.1982	3	https://www.eurofotbal.cz/kluby/bulharsko/levski-sofia/soupiska/2010-2011/
eu_bulgaria_levski-sofia	Bojan Tabakov	bojantabakov	ATT	02.02.1990	0	https://www.eurofotbal.cz/kluby/bulharsko/levski-sofia/soupiska/2010-2011/
eu_bulgaria_levski-sofia	Jeanvion Yulu-Matondo	jeanvionyulumatondo	ATT	05.01.1986	0	https://www.eurofotbal.cz/kluby/bulharsko/levski-sofia/soupiska/2010-2011/
eu_bulgaria_ludogorets-razgrad	Emil Mihajlov	emilmihajlov	GK	01.03.1988	0	https://www.eurofotbal.cz/kluby/bulharsko/ludogorec-razgrad/soupiska/2010-2011/
eu_bulgaria_ludogorets-razgrad	Martin Dečev	martindecev	DEF	12.04.1990	0	https://www.eurofotbal.cz/kluby/bulharsko/ludogorec-razgrad/soupiska/2010-2011/
eu_bulgaria_ludogorets-razgrad	Georgi Georgiev	georgigeorgiev	DEF	25.02.1981	0	https://www.eurofotbal.cz/kluby/bulharsko/ludogorec-razgrad/soupiska/2010-2011/
eu_bulgaria_ludogorets-razgrad	Stanislav Žekov	stanislavzekov	DEF	06.02.1980	0	https://www.eurofotbal.cz/kluby/bulharsko/ludogorec-razgrad/soupiska/2010-2011/
eu_bulgaria_ludogorets-razgrad	Mihail Aleksandrov	mihailaleksandrov	MID	11.06.1989	0	https://www.eurofotbal.cz/kluby/bulharsko/ludogorec-razgrad/soupiska/2010-2011/
eu_bulgaria_ludogorets-razgrad	Dimo Atanasov	dimoatanasov	MID	24.10.1985	0	https://www.eurofotbal.cz/kluby/bulharsko/ludogorec-razgrad/soupiska/2010-2011/
eu_bulgaria_ludogorets-razgrad	Miroslav Ivanov	miroslavivanov	MID	09.11.1981	0	https://www.eurofotbal.cz/kluby/bulharsko/ludogorec-razgrad/soupiska/2010-2011/
eu_bulgaria_ludogorets-razgrad	Shener Remzi	shenerremzi	MID	18.08.1976	0	https://www.eurofotbal.cz/kluby/bulharsko/ludogorec-razgrad/soupiska/2010-2011/
eu_bulgaria_ludogorets-razgrad	Miroslav Antonov	miroslavantonov	ATT	10.03.1986	0	https://www.eurofotbal.cz/kluby/bulharsko/ludogorec-razgrad/soupiska/2010-2011/
eu_bulgaria_ludogorets-razgrad	Choco	choco	ATT	18.01.1990	0	https://www.eurofotbal.cz/kluby/bulharsko/ludogorec-razgrad/soupiska/2010-2011/
eu_bulgaria_ludogorets-razgrad	Todor Kolev	todorkolev	ATT	08.02.1980	0	https://www.eurofotbal.cz/kluby/bulharsko/ludogorec-razgrad/soupiska/2010-2011/
eu_bulgaria_ludogorets-razgrad	Antonio Pavlov	antoniopavlov	ATT	02.09.1988	0	https://www.eurofotbal.cz/kluby/bulharsko/ludogorec-razgrad/soupiska/2010-2011/
eu_bulgaria_ludogorets-razgrad	Zoran Zlatkovski	zoranzlatkovski	ATT	05.04.1987	0	https://www.eurofotbal.cz/kluby/bulharsko/ludogorec-razgrad/soupiska/2010-2011/
eu_bulgaria_litex-lovech	Galatto	galatto	GK	10.04.1983	2	https://www.eurofotbal.cz/kluby/bulharsko/litex-lovec/soupiska/2010-2011/
eu_bulgaria_litex-lovech	Uroš Golubović	urosgolubovic	GK	19.08.1976	1	https://www.eurofotbal.cz/kluby/bulharsko/litex-lovec/soupiska/2010-2011/
eu_bulgaria_litex-lovech	Todor Todorov	todortodorov	GK	09.05.1982	0	https://www.eurofotbal.cz/kluby/bulharsko/litex-lovec/soupiska/2010-2011/
eu_bulgaria_litex-lovech	Vinícius	vinicius	GK	19.07.1985	1	https://www.eurofotbal.cz/kluby/bulharsko/litex-lovec/soupiska/2010-2011/
eu_bulgaria_litex-lovech	Alexandre Barthe	alexandrebarthe	DEF	05.03.1986	2	https://www.eurofotbal.cz/kluby/bulharsko/litex-lovec/soupiska/2010-2011/
eu_bulgaria_litex-lovech	Džemal Berberović	dzemalberberovic	DEF	05.11.1981	2	https://www.eurofotbal.cz/kluby/bulharsko/litex-lovec/soupiska/2010-2011/
eu_bulgaria_litex-lovech	Nikolaj Bodurov	nikolajbodurov	DEF	30.05.1986	3	https://www.eurofotbal.cz/kluby/bulharsko/litex-lovec/soupiska/2010-2011/
eu_bulgaria_litex-lovech	Aleksandar Cvetkov	aleksandarcvetkov	DEF	31.08.1990	2	https://www.eurofotbal.cz/kluby/bulharsko/litex-lovec/soupiska/2010-2011/
eu_bulgaria_litex-lovech	Plamen Nikolov	plamennikolov	DEF	12.06.1985	3	https://www.eurofotbal.cz/kluby/bulharsko/litex-lovec/soupiska/2010-2011/
eu_bulgaria_litex-lovech	Mihail Venkov	mihailvenkov	DEF	28.07.1983	1	https://www.eurofotbal.cz/kluby/bulharsko/litex-lovec/soupiska/2010-2011/
eu_bulgaria_litex-lovech	Petar Zanev	petarzanev	DEF	18.10.1985	3	https://www.eurofotbal.cz/kluby/bulharsko/litex-lovec/soupiska/2010-2011/
eu_bulgaria_litex-lovech	Borislav Borisov	borislavborisov	MID	27.09.1990	0	https://www.eurofotbal.cz/kluby/bulharsko/litex-lovec/soupiska/2010-2011/
eu_bulgaria_litex-lovech	Momčil Cvetanov	momcilcvetanov	MID	03.12.1990	1	https://www.eurofotbal.cz/kluby/bulharsko/litex-lovec/soupiska/2010-2011/
eu_bulgaria_litex-lovech	Diego Ferraresso	diegoferraresso	MID	21.05.1992	0	https://www.eurofotbal.cz/kluby/bulharsko/litex-lovec/soupiska/2010-2011/
eu_bulgaria_litex-lovech	Hristo Janev	hristojanev	MID	04.05.1979	4	https://www.eurofotbal.cz/kluby/bulharsko/litex-lovec/soupiska/2010-2011/
eu_bulgaria_litex-lovech	Nebojša Jelenković	nebojsajelenkovic	MID	26.05.1978	4	https://www.eurofotbal.cz/kluby/bulharsko/litex-lovec/soupiska/2010-2011/
eu_bulgaria_litex-lovech	Doka Madureira	dokamadureira	MID	11.02.1984	1	https://www.eurofotbal.cz/kluby/bulharsko/litex-lovec/soupiska/2010-2011/
eu_bulgaria_litex-lovech	Georgi Milanov	georgimilanov	MID	19.02.1992	4	https://www.eurofotbal.cz/kluby/bulharsko/litex-lovec/soupiska/2010-2011/
eu_bulgaria_litex-lovech	Neném	nenem	MID	20.09.1986	0	https://www.eurofotbal.cz/kluby/bulharsko/litex-lovec/soupiska/2010-2011/
eu_bulgaria_litex-lovech	Ivajlo Petkov	ivajlopetkov	MID	24.03.1976	3	https://www.eurofotbal.cz/kluby/bulharsko/litex-lovec/soupiska/2010-2011/
eu_bulgaria_litex-lovech	Sandrinho	sandrinho	MID	05.06.1980	4	https://www.eurofotbal.cz/kluby/bulharsko/litex-lovec/soupiska/2010-2011/
eu_bulgaria_litex-lovech	Tom	tom	MID	23.07.1985	4	https://www.eurofotbal.cz/kluby/bulharsko/litex-lovec/soupiska/2010-2011/
eu_bulgaria_litex-lovech	Florin Bratu	florinbratu	ATT	02.01.1980	3	https://www.eurofotbal.cz/kluby/bulharsko/litex-lovec/soupiska/2010-2011/
eu_bulgaria_litex-lovech	Papa Diouf	papadiouf	ATT	22.06.1989	0	https://www.eurofotbal.cz/kluby/bulharsko/litex-lovec/soupiska/2010-2011/
eu_bulgaria_litex-lovech	Dejan Djermanović	dejandjermanovic	ATT	17.06.1988	0	https://www.eurofotbal.cz/kluby/bulharsko/litex-lovec/soupiska/2010-2011/
eu_bulgaria_litex-lovech	Wilfried Niflore	wilfriedniflore	ATT	29.04.1981	4	https://www.eurofotbal.cz/kluby/bulharsko/litex-lovec/soupiska/2010-2011/
eu_bulgaria_litex-lovech	Ivelin Popov	ivelinpopov	ATT	26.10.1987	2	https://www.eurofotbal.cz/kluby/bulharsko/litex-lovec/soupiska/2010-2011/
eu_bulgaria_litex-lovech	Svetoslav Todorov	svetoslavtodorov	ATT	30.08.1978	1	https://www.eurofotbal.cz/kluby/bulharsko/litex-lovec/soupiska/2010-2011/
eu_croatia_dinamo-zagreb	Tomislav Butina	tomislavbutina	GK	30.03.1974	3	https://www.eurofotbal.cz/kluby/chorvatsko/dinamo-zahreb/soupiska/2010-2011/
eu_croatia_dinamo-zagreb	Ivan Kelava	ivankelava	GK	20.02.1988	37	https://www.eurofotbal.cz/kluby/chorvatsko/dinamo-zahreb/soupiska/2010-2011/
eu_croatia_dinamo-zagreb	Filip Lončarić	filiploncaric	GK	17.09.1986	9	https://www.eurofotbal.cz/kluby/chorvatsko/dinamo-zahreb/soupiska/2010-2011/
eu_croatia_dinamo-zagreb	Igor Vidaković	igorvidakovic	GK	20.08.1983	0	https://www.eurofotbal.cz/kluby/chorvatsko/dinamo-zahreb/soupiska/2010-2011/
eu_croatia_dinamo-zagreb	Tomislav Barbarić	tomislavbarbaric	DEF	29.03.1989	17	https://www.eurofotbal.cz/kluby/chorvatsko/dinamo-zahreb/soupiska/2010-2011/
eu_croatia_dinamo-zagreb	Leandro Cufré	leandrocufre	DEF	09.05.1978	40	https://www.eurofotbal.cz/kluby/chorvatsko/dinamo-zahreb/soupiska/2010-2011/
eu_croatia_dinamo-zagreb	Luis Ibáñez	luisibanez	DEF	15.07.1988	36	https://www.eurofotbal.cz/kluby/chorvatsko/dinamo-zahreb/soupiska/2010-2011/
eu_croatia_dinamo-zagreb	Leonard Mesarić	leonardmesaric	DEF	10.08.1983	21	https://www.eurofotbal.cz/kluby/chorvatsko/dinamo-zahreb/soupiska/2010-2011/
eu_croatia_dinamo-zagreb	Dario Šimić	dariosimic	DEF	12.11.1975	2	https://www.eurofotbal.cz/kluby/chorvatsko/dinamo-zahreb/soupiska/2010-2011/
eu_croatia_dinamo-zagreb	Tonel	tonel	DEF	13.04.1980	35	https://www.eurofotbal.cz/kluby/chorvatsko/dinamo-zahreb/soupiska/2010-2011/
eu_croatia_dinamo-zagreb	Šime Vrsaljko	simevrsaljko	DEF	10.01.1992	28	https://www.eurofotbal.cz/kluby/chorvatsko/dinamo-zahreb/soupiska/2010-2011/
eu_croatia_dinamo-zagreb	Arijan Ademi	arijanademi	MID	29.05.1991	35	https://www.eurofotbal.cz/kluby/chorvatsko/dinamo-zahreb/soupiska/2010-2011/
eu_croatia_dinamo-zagreb	Milan Badelj	milanbadelj	MID	25.02.1989	47	https://www.eurofotbal.cz/kluby/chorvatsko/dinamo-zahreb/soupiska/2010-2011/
eu_croatia_dinamo-zagreb	Igor Bišćan	igorbiscan	MID	04.05.1978	26	https://www.eurofotbal.cz/kluby/chorvatsko/dinamo-zahreb/soupiska/2010-2011/
eu_croatia_dinamo-zagreb	Josip Brezovec	josipbrezovec	MID	12.03.1986	9	https://www.eurofotbal.cz/kluby/chorvatsko/dinamo-zahreb/soupiska/2010-2011/
eu_croatia_dinamo-zagreb	Adrián Calello	adriancalello	MID	14.05.1987	30	https://www.eurofotbal.cz/kluby/chorvatsko/dinamo-zahreb/soupiska/2010-2011/
eu_croatia_dinamo-zagreb	Etto	etto	MID	08.03.1981	21	https://www.eurofotbal.cz/kluby/chorvatsko/dinamo-zahreb/soupiska/2010-2011/
eu_croatia_dinamo-zagreb	Petar Franjić	petarfranjic	MID	21.08.1991	0	https://www.eurofotbal.cz/kluby/chorvatsko/dinamo-zahreb/soupiska/2010-2011/
eu_croatia_dinamo-zagreb	Mathias Chago	mathiaschago	MID	06.03.1983	26	https://www.eurofotbal.cz/kluby/chorvatsko/dinamo-zahreb/soupiska/2010-2011/
eu_croatia_dinamo-zagreb	Mateo Kovačić	mateokovacic	MID	06.05.1994	9	https://www.eurofotbal.cz/kluby/chorvatsko/dinamo-zahreb/soupiska/2010-2011/
eu_croatia_dinamo-zagreb	Pedro Morales	pedromorales	MID	25.05.1985	26	https://www.eurofotbal.cz/kluby/chorvatsko/dinamo-zahreb/soupiska/2010-2011/
eu_croatia_dinamo-zagreb	Antun Palić	antunpalic	MID	25.06.1988	4	https://www.eurofotbal.cz/kluby/chorvatsko/dinamo-zahreb/soupiska/2010-2011/
eu_croatia_dinamo-zagreb	Sammir	sammir	MID	23.04.1987	38	https://www.eurofotbal.cz/kluby/chorvatsko/dinamo-zahreb/soupiska/2010-2011/
eu_croatia_dinamo-zagreb	Ivan Tomečak	ivantomecak	MID	07.12.1989	31	https://www.eurofotbal.cz/kluby/chorvatsko/dinamo-zahreb/soupiska/2010-2011/
eu_croatia_dinamo-zagreb	Ante Tomić	antetomic	MID	23.05.1983	0	https://www.eurofotbal.cz/kluby/chorvatsko/dinamo-zahreb/soupiska/2010-2011/
eu_croatia_dinamo-zagreb	Domagoj Antolić	domagojantolic	ATT	30.06.1990	1	https://www.eurofotbal.cz/kluby/chorvatsko/dinamo-zahreb/soupiska/2010-2011/
eu_croatia_dinamo-zagreb	Fatos Bećiraj	fatosbeciraj	ATT	04.12.1988	35	https://www.eurofotbal.cz/kluby/chorvatsko/dinamo-zahreb/soupiska/2010-2011/
eu_croatia_dinamo-zagreb	Fatos Beqiraj	fatosbeqiraj	ATT	05.05.1988	0	https://www.eurofotbal.cz/kluby/chorvatsko/dinamo-zahreb/soupiska/2010-2011/
eu_croatia_dinamo-zagreb	Dodô	dodo	ATT	16.10.1987	11	https://www.eurofotbal.cz/kluby/chorvatsko/dinamo-zahreb/soupiska/2010-2011/
eu_croatia_dinamo-zagreb	Andrej Kramarić	andrejkramaric	ATT	19.06.1991	16	https://www.eurofotbal.cz/kluby/chorvatsko/dinamo-zahreb/soupiska/2010-2011/
eu_croatia_dinamo-zagreb	Ivan Plum	ivanplum	ATT	06.05.1992	0	https://www.eurofotbal.cz/kluby/chorvatsko/dinamo-zahreb/soupiska/2010-2011/
eu_croatia_dinamo-zagreb	Ante Rukavina	anterukavina	ATT	18.06.1986	35	https://www.eurofotbal.cz/kluby/chorvatsko/dinamo-zahreb/soupiska/2010-2011/
eu_croatia_dinamo-zagreb	Ilija Sivonjič	ilijasivonjic	ATT	10.07.1987	8	https://www.eurofotbal.cz/kluby/chorvatsko/dinamo-zahreb/soupiska/2010-2011/
eu_croatia_dinamo-zagreb	Miroslav Slepička	miroslavslepicka	ATT	10.11.1981	6	https://www.eurofotbal.cz/kluby/chorvatsko/dinamo-zahreb/soupiska/2010-2011/
eu_croatia_dinamo-zagreb	Jakub Sylvestr	jakubsylvestr	ATT	02.02.1989	24	https://www.eurofotbal.cz/kluby/chorvatsko/dinamo-zahreb/soupiska/2010-2011/
eu_croatia_dinamo-zagreb	Mario Šitum	mariositum	ATT	04.04.1992	6	https://www.eurofotbal.cz/kluby/chorvatsko/dinamo-zahreb/soupiska/2010-2011/
eu_croatia_hnk-rijeka	Robert Lisjak	robertlisjak	GK	05.02.1978	32	https://www.eurofotbal.cz/kluby/chorvatsko/nk-rijeka/soupiska/2010-2011/
eu_croatia_hnk-rijeka	Tomislav Pelin	tomislavpelin	GK	26.03.1981	0	https://www.eurofotbal.cz/kluby/chorvatsko/nk-rijeka/soupiska/2010-2011/
eu_croatia_hnk-rijeka	Simon Sluga	simonsluga	GK	17.03.1993	0	https://www.eurofotbal.cz/kluby/chorvatsko/nk-rijeka/soupiska/2010-2011/
eu_croatia_hnk-rijeka	Duje Baković	dujebakovic	DEF	07.06.1986	23	https://www.eurofotbal.cz/kluby/chorvatsko/nk-rijeka/soupiska/2010-2011/
eu_croatia_hnk-rijeka	Fausto Budicin	faustobudicin	DEF	01.05.1981	32	https://www.eurofotbal.cz/kluby/chorvatsko/nk-rijeka/soupiska/2010-2011/
eu_croatia_hnk-rijeka	Igor Čagalj	igorcagalj	DEF	08.10.1982	26	https://www.eurofotbal.cz/kluby/chorvatsko/nk-rijeka/soupiska/2010-2011/
eu_croatia_hnk-rijeka	Kenan Čejvanović	kenancejvanovic	DEF	09.08.1986	0	https://www.eurofotbal.cz/kluby/chorvatsko/nk-rijeka/soupiska/2010-2011/
eu_croatia_hnk-rijeka	Denis Ljubović	denisljubovic	DEF	20.03.1988	6	https://www.eurofotbal.cz/kluby/chorvatsko/nk-rijeka/soupiska/2010-2011/
eu_croatia_hnk-rijeka	Mario Tadejević	mariotadejevic	DEF	28.08.1989	0	https://www.eurofotbal.cz/kluby/chorvatsko/nk-rijeka/soupiska/2010-2011/
eu_croatia_hnk-rijeka	Mikael-David Yourassowsky	mikaeldavidyourassowsky	DEF	26.02.1983	7	https://www.eurofotbal.cz/kluby/chorvatsko/nk-rijeka/soupiska/2010-2011/
eu_croatia_hnk-rijeka	Kristijan Čaval	kristijancaval	MID	11.10.1978	25	https://www.eurofotbal.cz/kluby/chorvatsko/nk-rijeka/soupiska/2010-2011/
eu_croatia_hnk-rijeka	Antonini Čulina	antoniniculina	MID	27.01.1992	21	https://www.eurofotbal.cz/kluby/chorvatsko/nk-rijeka/soupiska/2010-2011/
eu_croatia_hnk-rijeka	Milan Djurišić	milandjurisic	MID	11.04.1987	9	https://www.eurofotbal.cz/kluby/chorvatsko/nk-rijeka/soupiska/2010-2011/
eu_croatia_hnk-rijeka	Vedran Gerc	vedrangerc	MID	14.02.1986	13	https://www.eurofotbal.cz/kluby/chorvatsko/nk-rijeka/soupiska/2010-2011/
eu_croatia_hnk-rijeka	Damir Kreilach	damirkreilach	MID	16.04.1989	30	https://www.eurofotbal.cz/kluby/chorvatsko/nk-rijeka/soupiska/2010-2011/
eu_croatia_hnk-rijeka	Davor Landeka	davorlandeka	MID	18.09.1984	29	https://www.eurofotbal.cz/kluby/chorvatsko/nk-rijeka/soupiska/2010-2011/
eu_croatia_hnk-rijeka	Mato Miloš	matomilos	MID	30.06.1993	1	https://www.eurofotbal.cz/kluby/chorvatsko/nk-rijeka/soupiska/2010-2011/
eu_croatia_hnk-rijeka	Antonio Rukavina	antoniorukavina	MID	06.05.1985	11	https://www.eurofotbal.cz/kluby/chorvatsko/nk-rijeka/soupiska/2010-2011/
eu_croatia_hnk-rijeka	Hrvoje Štrok	hrvojestrok	MID	14.07.1980	31	https://www.eurofotbal.cz/kluby/chorvatsko/nk-rijeka/soupiska/2010-2011/
eu_croatia_hnk-rijeka	Andro Švrljuga	androsvrljuga	MID	24.10.1985	30	https://www.eurofotbal.cz/kluby/chorvatsko/nk-rijeka/soupiska/2010-2011/
eu_croatia_hnk-rijeka	Neven Vukman	nevenvukman	MID	11.04.1985	20	https://www.eurofotbal.cz/kluby/chorvatsko/nk-rijeka/soupiska/2010-2011/
eu_croatia_hnk-rijeka	Ivan Bijelić	ivanbijelic	ATT	15.01.1990	2	https://www.eurofotbal.cz/kluby/chorvatsko/nk-rijeka/soupiska/2010-2011/
eu_croatia_hnk-rijeka	Radomir Đalović	radomiralovic	ATT	29.10.1982	22	https://www.eurofotbal.cz/kluby/chorvatsko/nk-rijeka/soupiska/2010-2011/
eu_croatia_hnk-rijeka	Sandi Križman	sandikrizman	ATT	17.08.1989	19	https://www.eurofotbal.cz/kluby/chorvatsko/nk-rijeka/soupiska/2010-2011/
eu_croatia_hnk-rijeka	Matija Matko	matijamatko	ATT	20.09.1982	0	https://www.eurofotbal.cz/kluby/chorvatsko/nk-rijeka/soupiska/2010-2011/
eu_croatia_hnk-rijeka	Dražen Pilčić	drazenpilcic	ATT	24.10.1989	11	https://www.eurofotbal.cz/kluby/chorvatsko/nk-rijeka/soupiska/2010-2011/
eu_croatia_hnk-rijeka	Ivan Rodić	ivanrodic	ATT	11.11.1985	15	https://www.eurofotbal.cz/kluby/chorvatsko/nk-rijeka/soupiska/2010-2011/
eu_croatia_hnk-rijeka	Valentino Stepcić	valentinostepcic	ATT	16.01.1990	18	https://www.eurofotbal.cz/kluby/chorvatsko/nk-rijeka/soupiska/2010-2011/
eu_croatia_hnk-rijeka	Sergio Zijler	sergiozijler	ATT	08.07.1987	4	https://www.eurofotbal.cz/kluby/chorvatsko/nk-rijeka/soupiska/2010-2011/
eu_croatia_hajduk-split	Lovre Kalinić	lovrekalinic	GK	03.04.1990	1	https://www.eurofotbal.cz/kluby/chorvatsko/hajduk-split/soupiska/2010-2011/
eu_croatia_hajduk-split	Božidar Radošević	bozidarradosevic	GK	04.04.1989	13	https://www.eurofotbal.cz/kluby/chorvatsko/hajduk-split/soupiska/2010-2011/
eu_croatia_hajduk-split	Danijel Subašić	danijelsubasic	GK	27.10.1984	28	https://www.eurofotbal.cz/kluby/chorvatsko/hajduk-split/soupiska/2010-2011/
eu_croatia_hajduk-split	Josip Barišić	josipbarisic	DEF	12.08.1983	5	https://www.eurofotbal.cz/kluby/chorvatsko/hajduk-split/soupiska/2010-2011/
eu_croatia_hajduk-split	Domagoj Boljat	domagojboljat	DEF	25.01.1991	0	https://www.eurofotbal.cz/kluby/chorvatsko/hajduk-split/soupiska/2010-2011/
eu_croatia_hajduk-split	Jurica Buljat	juricabuljat	DEF	12.09.1986	36	https://www.eurofotbal.cz/kluby/chorvatsko/hajduk-split/soupiska/2010-2011/
eu_croatia_hajduk-split	Marijan Buljat	marijanbuljat	DEF	12.09.1981	2	https://www.eurofotbal.cz/kluby/chorvatsko/hajduk-split/soupiska/2010-2011/
eu_croatia_hajduk-split	Ervin Bulku	ervinbulku	DEF	03.03.1981	19	https://www.eurofotbal.cz/kluby/chorvatsko/hajduk-split/soupiska/2010-2011/
eu_croatia_hajduk-split	Tomislav Glumac	tomislavglumac	DEF	14.05.1991	0	https://www.eurofotbal.cz/kluby/chorvatsko/hajduk-split/soupiska/2010-2011/
eu_croatia_hajduk-split	Matej Jonjić	matejjonjic	DEF	29.01.1991	6	https://www.eurofotbal.cz/kluby/chorvatsko/hajduk-split/soupiska/2010-2011/
eu_croatia_hajduk-split	Tonči Kukoč	toncikukoc	DEF	25.09.1990	1	https://www.eurofotbal.cz/kluby/chorvatsko/hajduk-split/soupiska/2010-2011/
eu_croatia_hajduk-split	Mario Maloča	mariomaloca	DEF	04.05.1989	38	https://www.eurofotbal.cz/kluby/chorvatsko/hajduk-split/soupiska/2010-2011/
eu_croatia_hajduk-split	Hrvoje Vejić	hrvojevejic	DEF	08.06.1977	29	https://www.eurofotbal.cz/kluby/chorvatsko/hajduk-split/soupiska/2010-2011/
eu_croatia_hajduk-split	Srđan Andrić	sranandric	MID	05.01.1980	23	https://www.eurofotbal.cz/kluby/chorvatsko/hajduk-split/soupiska/2010-2011/
eu_croatia_hajduk-split	Franko Andrijašević	frankoandrijasevic	MID	22.06.1991	8	https://www.eurofotbal.cz/kluby/chorvatsko/hajduk-split/soupiska/2010-2011/
eu_croatia_hajduk-split	Mario Brkljača	mariobrkljaca	MID	07.02.1985	30	https://www.eurofotbal.cz/kluby/chorvatsko/hajduk-split/soupiska/2010-2011/
eu_croatia_hajduk-split	Senijad Ibričić	senijadibricic	MID	26.09.1985	29	https://www.eurofotbal.cz/kluby/chorvatsko/hajduk-split/soupiska/2010-2011/
eu_croatia_hajduk-split	Goran Jozinović	goranjozinovic	MID	27.08.1990	26	https://www.eurofotbal.cz/kluby/chorvatsko/hajduk-split/soupiska/2010-2011/
eu_croatia_hajduk-split	Krešo Ljubičić	kresoljubicic	MID	26.09.1988	13	https://www.eurofotbal.cz/kluby/chorvatsko/hajduk-split/soupiska/2010-2011/
eu_croatia_hajduk-split	Marin Ljubičič	marinljubicic	MID	15.07.1988	26	https://www.eurofotbal.cz/kluby/chorvatsko/hajduk-split/soupiska/2010-2011/
eu_croatia_hajduk-split	Mirko Oremuš	mirkooremus	MID	06.09.1988	32	https://www.eurofotbal.cz/kluby/chorvatsko/hajduk-split/soupiska/2010-2011/
eu_croatia_hajduk-split	Ante Režić	anterezic	MID	04.06.1988	12	https://www.eurofotbal.cz/kluby/chorvatsko/hajduk-split/soupiska/2010-2011/
eu_croatia_hajduk-split	Anas Sharbini	anassharbini	MID	21.02.1987	28	https://www.eurofotbal.cz/kluby/chorvatsko/hajduk-split/soupiska/2010-2011/
eu_croatia_hajduk-split	Ivan Strinić	ivanstrinic	MID	17.07.1987	23	https://www.eurofotbal.cz/kluby/chorvatsko/hajduk-split/soupiska/2010-2011/
eu_croatia_hajduk-split	Mario Tičinović	marioticinovic	MID	20.08.1991	9	https://www.eurofotbal.cz/kluby/chorvatsko/hajduk-split/soupiska/2010-2011/
eu_croatia_hajduk-split	Marin Tomasov	marintomasov	MID	31.08.1987	37	https://www.eurofotbal.cz/kluby/chorvatsko/hajduk-split/soupiska/2010-2011/
eu_croatia_hajduk-split	Dinko Trebotić	dinkotrebotic	MID	30.07.1990	27	https://www.eurofotbal.cz/kluby/chorvatsko/hajduk-split/soupiska/2010-2011/
eu_croatia_hajduk-split	Duje Čop	dujecop	ATT	01.02.1990	22	https://www.eurofotbal.cz/kluby/chorvatsko/hajduk-split/soupiska/2010-2011/
eu_croatia_hajduk-split	Mario Sačer	mariosacer	ATT	17.11.1990	2	https://www.eurofotbal.cz/kluby/chorvatsko/hajduk-split/soupiska/2010-2011/
eu_croatia_hajduk-split	Ahmad Sharbini	ahmadsharbini	ATT	21.02.1987	17	https://www.eurofotbal.cz/kluby/chorvatsko/hajduk-split/soupiska/2010-2011/
eu_croatia_hajduk-split	Ante Vukušić	antevukusic	ATT	04.06.1991	39	https://www.eurofotbal.cz/kluby/chorvatsko/hajduk-split/soupiska/2010-2011/
eu_croatia_hajduk-split	Marin Žulim	marinzulim	ATT	26.10.1991	0	https://www.eurofotbal.cz/kluby/chorvatsko/hajduk-split/soupiska/2010-2011/
eu_cyprus_aek-larnaca	Marco Fortin	marcofortin	GK	08.07.1974	0	https://www.eurofotbal.cz/kluby/kypr/aek-larnaka/soupiska/2010-2011/
eu_cyprus_aek-larnaca	Luke Dimech	lukedimech	DEF	11.01.1977	0	https://www.eurofotbal.cz/kluby/kypr/aek-larnaka/soupiska/2010-2011/
eu_cyprus_aek-larnaca	Kevin Hofland	kevinhofland	DEF	07.06.1979	0	https://www.eurofotbal.cz/kluby/kypr/aek-larnaka/soupiska/2010-2011/
eu_cyprus_aek-larnaca	Loukas Louka	loukaslouka	DEF	17.04.1978	0	https://www.eurofotbal.cz/kluby/kypr/aek-larnaka/soupiska/2010-2011/
eu_cyprus_aek-larnaca	Tom Caluwé	tomcaluwe	MID	11.04.1978	0	https://www.eurofotbal.cz/kluby/kypr/aek-larnaka/soupiska/2010-2011/
eu_cyprus_aek-larnaca	Jason Demetriou	jasondemetriou	MID	18.11.1987	0	https://www.eurofotbal.cz/kluby/kypr/aek-larnaka/soupiska/2010-2011/
eu_cyprus_aek-larnaca	Ali El Omari	alielomari	MID	27.06.1978	0	https://www.eurofotbal.cz/kluby/kypr/aek-larnaka/soupiska/2010-2011/
eu_cyprus_aek-larnaca	Edwin Linssen	edwinlinssen	MID	28.08.1980	0	https://www.eurofotbal.cz/kluby/kypr/aek-larnaka/soupiska/2010-2011/
eu_cyprus_aek-larnaca	Margaça	margaca	MID	17.07.1985	0	https://www.eurofotbal.cz/kluby/kypr/aek-larnaka/soupiska/2010-2011/
eu_cyprus_aek-larnaca	Jean Paulista	jeanpaulista	MID	28.11.1977	0	https://www.eurofotbal.cz/kluby/kypr/aek-larnaka/soupiska/2010-2011/
eu_cyprus_aek-larnaca	Gregoor van Dijk	gregoorvandijk	MID	16.11.1981	0	https://www.eurofotbal.cz/kluby/kypr/aek-larnaka/soupiska/2010-2011/
eu_cyprus_aek-larnaca	Arnal	arnal	ATT	21.11.1980	0	https://www.eurofotbal.cz/kluby/kypr/aek-larnaka/soupiska/2010-2011/
eu_cyprus_aek-larnaca	Nestor Mitidis	nestormitidis	ATT	01.06.1991	0	https://www.eurofotbal.cz/kluby/kypr/aek-larnaka/soupiska/2010-2011/
eu_cyprus_aek-larnaca	Andres Oper	andresoper	ATT	07.11.1977	0	https://www.eurofotbal.cz/kluby/kypr/aek-larnaka/soupiska/2010-2011/
eu_cyprus_aek-larnaca	Gorka Pintado	gorkapintado	ATT	24.03.1978	0	https://www.eurofotbal.cz/kluby/kypr/aek-larnaka/soupiska/2010-2011/
eu_cyprus_apoel	Dionisios Chiotis	dionisioschiotis	GK	04.06.1977	4	https://www.eurofotbal.cz/kluby/kypr/apoel-nikosie/soupiska/2010-2011/
eu_cyprus_apoel	Kyriakos Ioannou	kyriakosioannou	GK	08.10.1990	0	https://www.eurofotbal.cz/kluby/kypr/apoel-nikosie/soupiska/2010-2011/
eu_cyprus_apoel	Anastasios Kissas	anastasioskissas	GK	18.01.1988	0	https://www.eurofotbal.cz/kluby/kypr/apoel-nikosie/soupiska/2010-2011/
eu_cyprus_apoel	Marios Antoniades	mariosantoniades	DEF	14.05.1990	0	https://www.eurofotbal.cz/kluby/kypr/apoel-nikosie/soupiska/2010-2011/
eu_cyprus_apoel	William Boaventura	williamboaventura	DEF	14.02.1980	4	https://www.eurofotbal.cz/kluby/kypr/apoel-nikosie/soupiska/2010-2011/
eu_cyprus_apoel	Marios Elia	marioselia	DEF	14.04.1979	0	https://www.eurofotbal.cz/kluby/kypr/apoel-nikosie/soupiska/2010-2011/
eu_cyprus_apoel	Boban Grnčarov	bobangrncarov	DEF	12.08.1982	4	https://www.eurofotbal.cz/kluby/kypr/apoel-nikosie/soupiska/2010-2011/
eu_cyprus_apoel	Paulo Jorge	paulojorge	DEF	16.06.1980	4	https://www.eurofotbal.cz/kluby/kypr/apoel-nikosie/soupiska/2010-2011/
eu_cyprus_apoel	Christos Kontis	christoskontis	DEF	13.05.1975	1	https://www.eurofotbal.cz/kluby/kypr/apoel-nikosie/soupiska/2010-2011/
eu_cyprus_apoel	Vangelis Koutsopoulos	vangeliskoutsopoulos	DEF	02.02.1980	0	https://www.eurofotbal.cz/kluby/kypr/apoel-nikosie/soupiska/2010-2011/
eu_cyprus_apoel	Nuno Morais	nunomorais	DEF	29.01.1984	2	https://www.eurofotbal.cz/kluby/kypr/apoel-nikosie/soupiska/2010-2011/
eu_cyprus_apoel	Joost Broerse	joostbroerse	MID	08.05.1979	3	https://www.eurofotbal.cz/kluby/kypr/apoel-nikosie/soupiska/2010-2011/
eu_cyprus_apoel	Kostas Charalampidis	kostascharalampidis	MID	25.07.1981	4	https://www.eurofotbal.cz/kluby/kypr/apoel-nikosie/soupiska/2010-2011/
eu_cyprus_apoel	Chrysis Michael	chrysismichael	MID	26.05.1977	0	https://www.eurofotbal.cz/kluby/kypr/apoel-nikosie/soupiska/2010-2011/
eu_cyprus_apoel	Hélio Pinto	heliopinto	MID	29.02.1984	4	https://www.eurofotbal.cz/kluby/kypr/apoel-nikosie/soupiska/2010-2011/
eu_cyprus_apoel	Savvas Poursaitidis	savvaspoursaitidis	MID	23.06.1976	2	https://www.eurofotbal.cz/kluby/kypr/apoel-nikosie/soupiska/2010-2011/
eu_cyprus_apoel	Marinos Satsias	marinossatsias	MID	24.05.1978	1	https://www.eurofotbal.cz/kluby/kypr/apoel-nikosie/soupiska/2010-2011/
eu_cyprus_apoel	Anthos Solomou	anthossolomou	MID	30.11.1985	4	https://www.eurofotbal.cz/kluby/kypr/apoel-nikosie/soupiska/2010-2011/
eu_cyprus_apoel	Marios Theodorou	mariostheodorou	MID	07.04.1991	0	https://www.eurofotbal.cz/kluby/kypr/apoel-nikosie/soupiska/2010-2011/
eu_cyprus_apoel	Aílton	ailton	ATT	20.08.1984	3	https://www.eurofotbal.cz/kluby/kypr/apoel-nikosie/soupiska/2010-2011/
eu_cyprus_apoel	Nektarios Alexandrou	nektariosalexandrou	ATT	19.12.1983	1	https://www.eurofotbal.cz/kluby/kypr/apoel-nikosie/soupiska/2010-2011/
eu_cyprus_apoel	Gustavo Manduca	gustavomanduca	ATT	08.06.1980	4	https://www.eurofotbal.cz/kluby/kypr/apoel-nikosie/soupiska/2010-2011/
eu_cyprus_apoel	Marcinho	marcinho	ATT	25.03.1981	3	https://www.eurofotbal.cz/kluby/kypr/apoel-nikosie/soupiska/2010-2011/
eu_cyprus_apoel	Nenad Mirosavljević	nenadmirosavljevic	ATT	04.09.1977	0	https://www.eurofotbal.cz/kluby/kypr/apoel-nikosie/soupiska/2010-2011/
eu_cyprus_apoel	Adrian Sikora	adriansikora	ATT	19.03.1980	0	https://www.eurofotbal.cz/kluby/kypr/apoel-nikosie/soupiska/2010-2011/
eu_cyprus_apoel	Esteban Solari	estebansolari	ATT	02.06.1980	4	https://www.eurofotbal.cz/kluby/kypr/apoel-nikosie/soupiska/2010-2011/
eu_cyprus_apoel	Ivan Tričkovski	ivantrickovski	ATT	18.04.1987	3	https://www.eurofotbal.cz/kluby/kypr/apoel-nikosie/soupiska/2010-2011/
eu_cyprus_apollon-limassol	Aleš Chvalovský	aleschvalovsky	GK	29.05.1979	0	https://www.eurofotbal.cz/kluby/kypr/apollon-limassol/soupiska/2010-2011/
eu_cyprus_apollon-limassol	Nico Pellatz	nicopellatz	GK	08.07.1986	0	https://www.eurofotbal.cz/kluby/kypr/apollon-limassol/soupiska/2010-2011/
eu_cyprus_apollon-limassol	Nasief Morris	nasiefmorris	DEF	16.04.1981	0	https://www.eurofotbal.cz/kluby/kypr/apollon-limassol/soupiska/2010-2011/
eu_cyprus_apollon-limassol	Samuel Neva	samuelneva	DEF	15.05.1981	0	https://www.eurofotbal.cz/kluby/kypr/apollon-limassol/soupiska/2010-2011/
eu_cyprus_apollon-limassol	Moustapha Bangura	moustaphabangura	MID	24.10.1989	0	https://www.eurofotbal.cz/kluby/kypr/apollon-limassol/soupiska/2010-2011/
eu_cyprus_apollon-limassol	Martin Kolář	martinkolar	MID	18.09.1983	0	https://www.eurofotbal.cz/kluby/kypr/apollon-limassol/soupiska/2010-2011/
eu_cyprus_apollon-limassol	Kamil Kosowski	kamilkosowski	MID	30.08.1977	0	https://www.eurofotbal.cz/kluby/kypr/apollon-limassol/soupiska/2010-2011/
eu_cyprus_apollon-limassol	Felix Ogbuke	felixogbuke	MID	18.09.1985	0	https://www.eurofotbal.cz/kluby/kypr/apollon-limassol/soupiska/2010-2011/
eu_cyprus_apollon-limassol	Andreas Stavrou	andreasstavrou	MID	27.10.1988	0	https://www.eurofotbal.cz/kluby/kypr/apollon-limassol/soupiska/2010-2011/
eu_cyprus_apollon-limassol	Manuel Agogo	manuelagogo	ATT	01.08.1979	0	https://www.eurofotbal.cz/kluby/kypr/apollon-limassol/soupiska/2010-2011/
eu_cyprus_apollon-limassol	Miljan Mrdaković	miljanmrdakovic	ATT	06.05.1982	0	https://www.eurofotbal.cz/kluby/kypr/apollon-limassol/soupiska/2010-2011/
eu_cyprus_apollon-limassol	Antonio Núñez	antonionunez	ATT	15.01.1979	0	https://www.eurofotbal.cz/kluby/kypr/apollon-limassol/soupiska/2010-2011/
eu_cyprus_omonia-nicosia	Antonis Georgallides	antonisgeorgallides	GK	30.01.1982	3	https://www.eurofotbal.cz/kluby/kypr/omonia-nikosie/soupiska/2010-2011/
eu_cyprus_omonia-nicosia	Dragoslav Jevrić	dragoslavjevric	GK	08.07.1974	1	https://www.eurofotbal.cz/kluby/kypr/omonia-nikosie/soupiska/2010-2011/
eu_cyprus_omonia-nicosia	Iago Bouzón	iagobouzon	DEF	16.06.1983	4	https://www.eurofotbal.cz/kluby/kypr/omonia-nikosie/soupiska/2010-2011/
eu_cyprus_omonia-nicosia	Davidson Morais	davidsonmorais	DEF	18.07.1981	4	https://www.eurofotbal.cz/kluby/kypr/omonia-nikosie/soupiska/2010-2011/
eu_cyprus_omonia-nicosia	Víctor Espasandín	victorespasandin	DEF	16.03.1985	1	https://www.eurofotbal.cz/kluby/kypr/omonia-nikosie/soupiska/2010-2011/
eu_cyprus_omonia-nicosia	Elias Charalambous	eliascharalambous	DEF	25.09.1980	4	https://www.eurofotbal.cz/kluby/kypr/omonia-nikosie/soupiska/2010-2011/
eu_cyprus_omonia-nicosia	Christos Karypidis	christoskarypidis	DEF	02.12.1982	2	https://www.eurofotbal.cz/kluby/kypr/omonia-nikosie/soupiska/2010-2011/
eu_cyprus_omonia-nicosia	Yuval Spungin	yuvalspungin	DEF	03.04.1987	0	https://www.eurofotbal.cz/kluby/kypr/omonia-nikosie/soupiska/2010-2011/
eu_cyprus_omonia-nicosia	Timo Wenzel	timowenzel	DEF	30.11.1977	2	https://www.eurofotbal.cz/kluby/kypr/omonia-nikosie/soupiska/2010-2011/
eu_cyprus_omonia-nicosia	Bruno Aguiar	brunoaguiar	MID	24.02.1981	0	https://www.eurofotbal.cz/kluby/kypr/omonia-nikosie/soupiska/2010-2011/
eu_cyprus_omonia-nicosia	Stathis Aloneftis	stathisaloneftis	MID	29.03.1983	4	https://www.eurofotbal.cz/kluby/kypr/omonia-nikosie/soupiska/2010-2011/
eu_cyprus_omonia-nicosia	Giorgos Efrem	giorgosefrem	MID	05.07.1989	4	https://www.eurofotbal.cz/kluby/kypr/omonia-nikosie/soupiska/2010-2011/
eu_cyprus_omonia-nicosia	Dimitris Grammozis	dimitrisgrammozis	MID	08.07.1978	0	https://www.eurofotbal.cz/kluby/kypr/omonia-nikosie/soupiska/2010-2011/
eu_cyprus_omonia-nicosia	Noel Kaseke	noelkaseke	MID	24.12.1980	4	https://www.eurofotbal.cz/kluby/kypr/omonia-nikosie/soupiska/2010-2011/
eu_cyprus_omonia-nicosia	Leandro	leandro	MID	19.03.1982	4	https://www.eurofotbal.cz/kluby/kypr/omonia-nikosie/soupiska/2010-2011/
eu_cyprus_omonia-nicosia	Konstantinos Makrides	konstantinosmakrides	MID	13.01.1982	4	https://www.eurofotbal.cz/kluby/kypr/omonia-nikosie/soupiska/2010-2011/
eu_cyprus_omonia-nicosia	José Manuel Rueda	josemanuelrueda	MID	30.01.1988	2	https://www.eurofotbal.cz/kluby/kypr/omonia-nikosie/soupiska/2010-2011/
eu_cyprus_omonia-nicosia	Andreas Avraam	andreasavraam	ATT	06.06.1987	4	https://www.eurofotbal.cz/kluby/kypr/omonia-nikosie/soupiska/2010-2011/
eu_cyprus_omonia-nicosia	Demetris Christofi	demetrischristofi	ATT	28.09.1988	0	https://www.eurofotbal.cz/kluby/kypr/omonia-nikosie/soupiska/2010-2011/
eu_cyprus_omonia-nicosia	Michalis Konstantinou	michaliskonstantinou	ATT	19.02.1978	3	https://www.eurofotbal.cz/kluby/kypr/omonia-nikosie/soupiska/2010-2011/
eu_cyprus_omonia-nicosia	Lomana LuaLua	lomanalualua	ATT	28.12.1980	2	https://www.eurofotbal.cz/kluby/kypr/omonia-nikosie/soupiska/2010-2011/
eu_cyprus_omonia-nicosia	Hernán Rengifo	hernanrengifo	ATT	18.04.1983	4	https://www.eurofotbal.cz/kluby/kypr/omonia-nikosie/soupiska/2010-2011/
eu_cyprus_anorthosis-famagusta	Marcos Argüello	marcosarguello	GK	28.06.1981	4	https://www.eurofotbal.cz/kluby/kypr/anorthosis-famagusta/soupiska/2010-2011/
eu_cyprus_anorthosis-famagusta	Wojciech Kowalewski	wojciechkowalewski	GK	11.05.1977	0	https://www.eurofotbal.cz/kluby/kypr/anorthosis-famagusta/soupiska/2010-2011/
eu_cyprus_anorthosis-famagusta	Matúš Kozáčik	matuskozacik	GK	27.12.1983	3	https://www.eurofotbal.cz/kluby/kypr/anorthosis-famagusta/soupiska/2010-2011/
eu_cyprus_anorthosis-famagusta	Álvaro Brachi	alvarobrachi	DEF	06.01.1986	1	https://www.eurofotbal.cz/kluby/kypr/anorthosis-famagusta/soupiska/2010-2011/
eu_cyprus_anorthosis-famagusta	Jürgen Colin	jurgencolin	DEF	20.01.1981	0	https://www.eurofotbal.cz/kluby/kypr/anorthosis-famagusta/soupiska/2010-2011/
eu_cyprus_anorthosis-famagusta	Georgios Georgiou	georgiosgeorgiou	DEF	24.09.1979	4	https://www.eurofotbal.cz/kluby/kypr/anorthosis-famagusta/soupiska/2010-2011/
eu_cyprus_anorthosis-famagusta	Janício	janicio	DEF	30.11.1979	5	https://www.eurofotbal.cz/kluby/kypr/anorthosis-famagusta/soupiska/2010-2011/
eu_cyprus_anorthosis-famagusta	Nikos Katsavakis	nikoskatsavakis	DEF	16.05.1979	5	https://www.eurofotbal.cz/kluby/kypr/anorthosis-famagusta/soupiska/2010-2011/
eu_cyprus_anorthosis-famagusta	Andreas Konstantinou	andreaskonstantinou	DEF	12.10.1980	2	https://www.eurofotbal.cz/kluby/kypr/anorthosis-famagusta/soupiska/2010-2011/
eu_cyprus_anorthosis-famagusta	Jeffrey Leiwakabessy	jeffreyleiwakabessy	DEF	23.02.1981	5	https://www.eurofotbal.cz/kluby/kypr/anorthosis-famagusta/soupiska/2010-2011/
eu_cyprus_anorthosis-famagusta	Valentinos Sielis	valentinossielis	DEF	01.03.1990	1	https://www.eurofotbal.cz/kluby/kypr/anorthosis-famagusta/soupiska/2010-2011/
eu_cyprus_anorthosis-famagusta	Civard Sprockel	civardsprockel	DEF	10.05.1983	0	https://www.eurofotbal.cz/kluby/kypr/anorthosis-famagusta/soupiska/2010-2011/
eu_cyprus_anorthosis-famagusta	Marko Vidović	markovidovic	DEF	30.06.1988	2	https://www.eurofotbal.cz/kluby/kypr/anorthosis-famagusta/soupiska/2010-2011/
eu_cyprus_anorthosis-famagusta	Stanislav Angelov	stanislavangelov	MID	12.04.1978	0	https://www.eurofotbal.cz/kluby/kypr/anorthosis-famagusta/soupiska/2010-2011/
eu_cyprus_anorthosis-famagusta	Richard Eromoigbe	richarderomoigbe	MID	26.06.1984	0	https://www.eurofotbal.cz/kluby/kypr/anorthosis-famagusta/soupiska/2010-2011/
eu_cyprus_anorthosis-famagusta	Mark Fotheringham	markfotheringham	MID	22.10.1983	1	https://www.eurofotbal.cz/kluby/kypr/anorthosis-famagusta/soupiska/2010-2011/
eu_cyprus_anorthosis-famagusta	Pablo Frontini	pablofrontini	MID	03.05.1984	2	https://www.eurofotbal.cz/kluby/kypr/anorthosis-famagusta/soupiska/2010-2011/
eu_cyprus_anorthosis-famagusta	Ronald García	ronaldgarcia	MID	17.12.1980	4	https://www.eurofotbal.cz/kluby/kypr/anorthosis-famagusta/soupiska/2010-2011/
eu_cyprus_anorthosis-famagusta	Adamos Chatzigeorgiou	adamoschatzigeorgiou	MID	18.09.1992	1	https://www.eurofotbal.cz/kluby/kypr/anorthosis-famagusta/soupiska/2010-2011/
eu_cyprus_anorthosis-famagusta	Vincent Laban	vincentlaban	MID	09.09.1984	5	https://www.eurofotbal.cz/kluby/kypr/anorthosis-famagusta/soupiska/2010-2011/
eu_cyprus_anorthosis-famagusta	Ricardo Laborde	ricardolaborde	MID	16.02.1988	2	https://www.eurofotbal.cz/kluby/kypr/anorthosis-famagusta/soupiska/2010-2011/
eu_cyprus_anorthosis-famagusta	Marko Ljubinković	markoljubinkovic	MID	07.12.1981	0	https://www.eurofotbal.cz/kluby/kypr/anorthosis-famagusta/soupiska/2010-2011/
eu_cyprus_anorthosis-famagusta	Christos Marangos	christosmarangos	MID	09.05.1983	6	https://www.eurofotbal.cz/kluby/kypr/anorthosis-famagusta/soupiska/2010-2011/
eu_cyprus_anorthosis-famagusta	Miguel Pedro	miguelpedro	MID	06.11.1983	3	https://www.eurofotbal.cz/kluby/kypr/anorthosis-famagusta/soupiska/2010-2011/
eu_cyprus_anorthosis-famagusta	Cristóvão Ramos	cristovaoramos	MID	25.03.1983	6	https://www.eurofotbal.cz/kluby/kypr/anorthosis-famagusta/soupiska/2010-2011/
eu_cyprus_anorthosis-famagusta	Giannis Skopelitis	giannisskopelitis	MID	02.03.1978	3	https://www.eurofotbal.cz/kluby/kypr/anorthosis-famagusta/soupiska/2010-2011/
eu_cyprus_anorthosis-famagusta	Cafú	cafu	ATT	17.11.1977	6	https://www.eurofotbal.cz/kluby/kypr/anorthosis-famagusta/soupiska/2010-2011/
eu_cyprus_anorthosis-famagusta	Lucas Concistre	lucasconcistre	ATT	24.02.1983	1	https://www.eurofotbal.cz/kluby/kypr/anorthosis-famagusta/soupiska/2010-2011/
eu_cyprus_anorthosis-famagusta	Carles Coto	carlescoto	ATT	11.02.1988	4	https://www.eurofotbal.cz/kluby/kypr/anorthosis-famagusta/soupiska/2010-2011/
eu_cyprus_anorthosis-famagusta	Ioannis Okkas	ioannisokkas	ATT	11.02.1977	6	https://www.eurofotbal.cz/kluby/kypr/anorthosis-famagusta/soupiska/2010-2011/
eu_cyprus_anorthosis-famagusta	Andreas Papathanasiou	andreaspapathanasiou	ATT	03.10.1983	2	https://www.eurofotbal.cz/kluby/kypr/anorthosis-famagusta/soupiska/2010-2011/
eu_cyprus_anorthosis-famagusta	Emanuel Perrone	emanuelperrone	ATT	14.06.1983	0	https://www.eurofotbal.cz/kluby/kypr/anorthosis-famagusta/soupiska/2010-2011/
eu_czech_slavia-praha	Jan Hanuš	janhanus	GK	28.04.1988	0	https://www.eurofotbal.cz/kluby/cesko/slavia-praha/soupiska/2010-2011/
eu_czech_slavia-praha	Anssi Jaakkola	anssijaakkola	GK	13.03.1987	4	https://www.eurofotbal.cz/kluby/cesko/slavia-praha/soupiska/2010-2011/
eu_czech_slavia-praha	Martin Vaniak	martinvaniak	GK	04.10.1970	20	https://www.eurofotbal.cz/kluby/cesko/slavia-praha/soupiska/2010-2011/
eu_czech_slavia-praha	Zdeněk Zlámal	zdenekzlamal	GK	05.11.1985	11	https://www.eurofotbal.cz/kluby/cesko/slavia-praha/soupiska/2010-2011/
eu_czech_slavia-praha	Ondřej Čelůstka	ondrejcelustka	DEF	18.06.1989	33	https://www.eurofotbal.cz/kluby/cesko/slavia-praha/soupiska/2010-2011/
eu_czech_slavia-praha	Martin Dostál	martindostal	DEF	23.09.1989	8	https://www.eurofotbal.cz/kluby/cesko/slavia-praha/soupiska/2010-2011/
eu_czech_slavia-praha	David Hubáček	davidhubacek	DEF	23.02.1977	32	https://www.eurofotbal.cz/kluby/cesko/slavia-praha/soupiska/2010-2011/
eu_czech_slavia-praha	Josef Kaufman	josefkaufman	DEF	27.03.1984	14	https://www.eurofotbal.cz/kluby/cesko/slavia-praha/soupiska/2010-2011/
eu_czech_slavia-praha	Jiří Koubský	jirikoubsky	DEF	05.08.1982	14	https://www.eurofotbal.cz/kluby/cesko/slavia-praha/soupiska/2010-2011/
eu_czech_slavia-praha	Petr Mareš	petrmares	DEF	17.01.1991	0	https://www.eurofotbal.cz/kluby/cesko/slavia-praha/soupiska/2010-2011/
eu_czech_slavia-praha	Vitali Trubila	vitalitrubila	DEF	07.01.1985	15	https://www.eurofotbal.cz/kluby/cesko/slavia-praha/soupiska/2010-2011/
eu_czech_slavia-praha	Benjamin Vomáčka	benjaminvomacka	DEF	27.06.1978	10	https://www.eurofotbal.cz/kluby/cesko/slavia-praha/soupiska/2010-2011/
eu_czech_slavia-praha	Tijani Belaid	tijanibelaid	MID	06.09.1987	12	https://www.eurofotbal.cz/kluby/cesko/slavia-praha/soupiska/2010-2011/
eu_czech_slavia-praha	Jaroslav Černý	jaroslavcerny	MID	26.06.1979	15	https://www.eurofotbal.cz/kluby/cesko/slavia-praha/soupiska/2010-2011/
eu_czech_slavia-praha	Milan Černý	milancerny	MID	16.03.1988	32	https://www.eurofotbal.cz/kluby/cesko/slavia-praha/soupiska/2010-2011/
eu_czech_slavia-praha	Bassirou Dembélé	bassiroudembele	MID	28.01.1990	8	https://www.eurofotbal.cz/kluby/cesko/slavia-praha/soupiska/2010-2011/
eu_czech_slavia-praha	Filip Duranski	filipduranski	MID	17.07.1991	1	https://www.eurofotbal.cz/kluby/cesko/slavia-praha/soupiska/2010-2011/
eu_czech_slavia-praha	Peter Grajciar	petergrajciar	MID	17.09.1983	2	https://www.eurofotbal.cz/kluby/cesko/slavia-praha/soupiska/2010-2011/
eu_czech_slavia-praha	Adam Hloušek	adamhlousek	MID	20.12.1988	4	https://www.eurofotbal.cz/kluby/cesko/slavia-praha/soupiska/2010-2011/
eu_czech_slavia-praha	Martin Hurka	martinhurka	MID	20.04.1993	2	https://www.eurofotbal.cz/kluby/cesko/slavia-praha/soupiska/2010-2011/
eu_czech_slavia-praha	Petr Janda	petrjanda	MID	05.01.1987	32	https://www.eurofotbal.cz/kluby/cesko/slavia-praha/soupiska/2010-2011/
eu_czech_slavia-praha	Lukáš Jarolím	lukasjarolim	MID	29.07.1976	28	https://www.eurofotbal.cz/kluby/cesko/slavia-praha/soupiska/2010-2011/
eu_czech_slavia-praha	Karol Kisel	karolkisel	MID	15.03.1977	29	https://www.eurofotbal.cz/kluby/cesko/slavia-praha/soupiska/2010-2011/
eu_czech_slavia-praha	Štěpán Koreš	stepankores	MID	14.02.1989	25	https://www.eurofotbal.cz/kluby/cesko/slavia-praha/soupiska/2010-2011/
eu_czech_slavia-praha	Zoran Milutinović	zoranmilutinovic	MID	01.03.1988	15	https://www.eurofotbal.cz/kluby/cesko/slavia-praha/soupiska/2010-2011/
eu_czech_slavia-praha	Ondřej Petrák	ondrejpetrak	MID	11.03.1992	2	https://www.eurofotbal.cz/kluby/cesko/slavia-praha/soupiska/2010-2011/
eu_czech_slavia-praha	Václav Prošek	vaclavprosek	MID	08.04.1993	1	https://www.eurofotbal.cz/kluby/cesko/slavia-praha/soupiska/2010-2011/
eu_czech_slavia-praha	Hocine Ragued	hocineragued	MID	11.02.1983	13	https://www.eurofotbal.cz/kluby/cesko/slavia-praha/soupiska/2010-2011/
eu_czech_slavia-praha	Petr Trapp	petrtrapp	MID	06.12.1985	12	https://www.eurofotbal.cz/kluby/cesko/slavia-praha/soupiska/2010-2011/
eu_czech_slavia-praha	Niall Cousens	niallcousens	ATT	25.02.1991	0	https://www.eurofotbal.cz/kluby/cesko/slavia-praha/soupiska/2010-2011/
eu_czech_slavia-praha	Radek Gulajev	radekgulajev	ATT	07.01.1989	0	https://www.eurofotbal.cz/kluby/cesko/slavia-praha/soupiska/2010-2011/
eu_czech_slavia-praha	Jakub Hora	jakubhora	ATT	23.02.1991	32	https://www.eurofotbal.cz/kluby/cesko/slavia-praha/soupiska/2010-2011/
eu_czech_slavia-praha	Jan Mikula	janmikula	ATT	05.01.1992	0	https://www.eurofotbal.cz/kluby/cesko/slavia-praha/soupiska/2010-2011/
eu_czech_slavia-praha	Riste Naumov	ristenaumov	ATT	14.04.1981	0	https://www.eurofotbal.cz/kluby/cesko/slavia-praha/soupiska/2010-2011/
eu_czech_slavia-praha	Jan Pázler	janpazler	ATT	10.01.1991	2	https://www.eurofotbal.cz/kluby/cesko/slavia-praha/soupiska/2010-2011/
eu_czech_slavia-praha	Zbyněk Pospěch	zbynekpospech	ATT	24.10.1982	15	https://www.eurofotbal.cz/kluby/cesko/slavia-praha/soupiska/2010-2011/
eu_czech_slavia-praha	Stanislav Vlček	stanislavvlcek	ATT	26.02.1976	20	https://www.eurofotbal.cz/kluby/cesko/slavia-praha/soupiska/2010-2011/
eu_czech_slavia-praha	Pavel Vyhnal	pavelvyhnal	ATT	25.05.1990	9	https://www.eurofotbal.cz/kluby/cesko/slavia-praha/soupiska/2010-2011/
eu_czech_slavia-praha	Jan Zákostelský	janzakostelsky	ATT	25.11.1991	6	https://www.eurofotbal.cz/kluby/cesko/slavia-praha/soupiska/2010-2011/
eu_czech_slovan-liberec	David Bičík	davidbicik	GK	04.06.1981	30	https://www.eurofotbal.cz/kluby/cesko/slovan-liberec/soupiska/2010-2011/
eu_czech_slovan-liberec	Zbyněk Hauzr	zbynekhauzr	GK	20.04.1973	0	https://www.eurofotbal.cz/kluby/cesko/slovan-liberec/soupiska/2010-2011/
eu_czech_slovan-liberec	Michal Breznaník	michalbreznanik	DEF	16.12.1985	21	https://www.eurofotbal.cz/kluby/cesko/slovan-liberec/soupiska/2010-2011/
eu_czech_slovan-liberec	Radek Dejmek	radekdejmek	DEF	02.02.1988	24	https://www.eurofotbal.cz/kluby/cesko/slovan-liberec/soupiska/2010-2011/
eu_czech_slovan-liberec	Jiří Fleišman	jirifleisman	DEF	02.10.1984	27	https://www.eurofotbal.cz/kluby/cesko/slovan-liberec/soupiska/2010-2011/
eu_czech_slovan-liberec	Theodor Gebre Selassie	theodorgebreselassie	DEF	24.12.1986	29	https://www.eurofotbal.cz/kluby/cesko/slovan-liberec/soupiska/2010-2011/
eu_czech_slovan-liberec	Miroslav Holeňák	miroslavholenak	DEF	10.02.1976	22	https://www.eurofotbal.cz/kluby/cesko/slovan-liberec/soupiska/2010-2011/
eu_czech_slovan-liberec	Tomáš Janů	tomasjanu	DEF	17.09.1973	3	https://www.eurofotbal.cz/kluby/cesko/slovan-liberec/soupiska/2010-2011/
eu_czech_slovan-liberec	Renato Kelić	renatokelic	DEF	31.03.1991	21	https://www.eurofotbal.cz/kluby/cesko/slovan-liberec/soupiska/2010-2011/
eu_czech_slovan-liberec	Lovre Vulin	lovrevulin	DEF	02.09.1984	10	https://www.eurofotbal.cz/kluby/cesko/slovan-liberec/soupiska/2010-2011/
eu_czech_slovan-liberec	Michal Zeman	michalzeman	DEF	18.08.1984	2	https://www.eurofotbal.cz/kluby/cesko/slovan-liberec/soupiska/2010-2011/
eu_czech_slovan-liberec	Petr Zieris	petrzieris	DEF	19.03.1989	3	https://www.eurofotbal.cz/kluby/cesko/slovan-liberec/soupiska/2010-2011/
eu_czech_slovan-liberec	Miloš Bosančić	milosbosancic	MID	22.05.1988	15	https://www.eurofotbal.cz/kluby/cesko/slovan-liberec/soupiska/2010-2011/
eu_czech_slovan-liberec	Bořek Dočkal	borekdockal	MID	30.09.1988	13	https://www.eurofotbal.cz/kluby/cesko/slovan-liberec/soupiska/2010-2011/
eu_czech_slovan-liberec	Marcel Gecov	marcelgecov	MID	01.01.1988	25	https://www.eurofotbal.cz/kluby/cesko/slovan-liberec/soupiska/2010-2011/
eu_czech_slovan-liberec	Jiří Krystan	jirikrystan	MID	31.01.1990	2	https://www.eurofotbal.cz/kluby/cesko/slovan-liberec/soupiska/2010-2011/
eu_czech_slovan-liberec	Jiří Liška	jiriliska	MID	13.03.1982	6	https://www.eurofotbal.cz/kluby/cesko/slovan-liberec/soupiska/2010-2011/
eu_czech_slovan-liberec	Petr Papoušek	petrpapousek	MID	07.05.1977	24	https://www.eurofotbal.cz/kluby/cesko/slovan-liberec/soupiska/2010-2011/
eu_czech_slovan-liberec	Matej Sivrič	matejsivric	MID	31.01.1990	7	https://www.eurofotbal.cz/kluby/cesko/slovan-liberec/soupiska/2010-2011/
eu_czech_slovan-liberec	Lukáš Suk	lukassuk	MID	26.10.1990	0	https://www.eurofotbal.cz/kluby/cesko/slovan-liberec/soupiska/2010-2011/
eu_czech_slovan-liberec	Lukáš Vácha	lukasvacha	MID	13.05.1989	27	https://www.eurofotbal.cz/kluby/cesko/slovan-liberec/soupiska/2010-2011/
eu_czech_slovan-liberec	Ján Vlasko	janvlasko	MID	11.01.1990	6	https://www.eurofotbal.cz/kluby/cesko/slovan-liberec/soupiska/2010-2011/
eu_czech_slovan-liberec	Jakub Vojta	jakubvojta	MID	19.04.1991	7	https://www.eurofotbal.cz/kluby/cesko/slovan-liberec/soupiska/2010-2011/
eu_czech_slovan-liberec	Robin Dejmek	robindejmek	ATT	16.01.1986	0	https://www.eurofotbal.cz/kluby/cesko/slovan-liberec/soupiska/2010-2011/
eu_czech_slovan-liberec	Vojtěch Hadaščok	vojtechhadascok	ATT	08.01.1992	12	https://www.eurofotbal.cz/kluby/cesko/slovan-liberec/soupiska/2010-2011/
eu_czech_slovan-liberec	Andrej Kerić	andrejkeric	ATT	11.02.1986	17	https://www.eurofotbal.cz/kluby/cesko/slovan-liberec/soupiska/2010-2011/
eu_czech_slovan-liberec	Ladislav Martan	ladislavmartan	ATT	02.10.1989	8	https://www.eurofotbal.cz/kluby/cesko/slovan-liberec/soupiska/2010-2011/
eu_czech_slovan-liberec	Jan Nezmar	jannezmar	ATT	05.07.1977	23	https://www.eurofotbal.cz/kluby/cesko/slovan-liberec/soupiska/2010-2011/
eu_czech_slovan-liberec	Jiří Štajner	jiristajner	ATT	27.05.1976	29	https://www.eurofotbal.cz/kluby/cesko/slovan-liberec/soupiska/2010-2011/
eu_czech_sparta-praha	Jaromír Blažek	jaromirblazek	GK	29.12.1972	41	https://www.eurofotbal.cz/kluby/cesko/sparta-praha/soupiska/2010-2011/
eu_czech_sparta-praha	Milan Švenger	milansvenger	GK	06.07.1986	0	https://www.eurofotbal.cz/kluby/cesko/sparta-praha/soupiska/2010-2011/
eu_czech_sparta-praha	Lukáš Zich	lukaszich	GK	10.01.1985	0	https://www.eurofotbal.cz/kluby/cesko/sparta-praha/soupiska/2010-2011/
eu_czech_sparta-praha	Daniel Zítka	danielzitka	GK	20.06.1975	5	https://www.eurofotbal.cz/kluby/cesko/sparta-praha/soupiska/2010-2011/
eu_czech_sparta-praha	Adiaba Bondoa	adiababondoa	DEF	02.01.1987	14	https://www.eurofotbal.cz/kluby/cesko/sparta-praha/soupiska/2010-2011/
eu_czech_sparta-praha	Erich Brabec	erichbrabec	DEF	24.02.1977	44	https://www.eurofotbal.cz/kluby/cesko/sparta-praha/soupiska/2010-2011/
eu_czech_sparta-praha	Lukáš Hejda	lukashejda	DEF	09.03.1990	13	https://www.eurofotbal.cz/kluby/cesko/sparta-praha/soupiska/2010-2011/
eu_czech_sparta-praha	Niklas Hoheneder	niklashoheneder	DEF	17.08.1986	20	https://www.eurofotbal.cz/kluby/cesko/sparta-praha/soupiska/2010-2011/
eu_czech_sparta-praha	Jan Krob	jankrob	DEF	27.04.1987	2	https://www.eurofotbal.cz/kluby/cesko/sparta-praha/soupiska/2010-2011/
eu_czech_sparta-praha	Ondřej Kušnír	ondrejkusnir	DEF	05.04.1984	17	https://www.eurofotbal.cz/kluby/cesko/sparta-praha/soupiska/2010-2011/
eu_czech_sparta-praha	Manuel Pamić	manuelpamic	DEF	20.08.1986	41	https://www.eurofotbal.cz/kluby/cesko/sparta-praha/soupiska/2010-2011/
eu_czech_sparta-praha	Roman Polom	romanpolom	DEF	11.01.1992	0	https://www.eurofotbal.cz/kluby/cesko/sparta-praha/soupiska/2010-2011/
eu_czech_sparta-praha	Tomáš Řepka	tomasrepka	DEF	02.01.1974	35	https://www.eurofotbal.cz/kluby/cesko/sparta-praha/soupiska/2010-2011/
eu_czech_sparta-praha	Tomáš Zápotočný	tomaszapotocny	DEF	13.09.1980	7	https://www.eurofotbal.cz/kluby/cesko/sparta-praha/soupiska/2010-2011/
eu_czech_sparta-praha	Martin Abena	martinabena	MID	14.06.1986	8	https://www.eurofotbal.cz/kluby/cesko/sparta-praha/soupiska/2010-2011/
eu_czech_sparta-praha	Luboš Hušek	luboshusek	MID	26.01.1984	1	https://www.eurofotbal.cz/kluby/cesko/sparta-praha/soupiska/2010-2011/
eu_czech_sparta-praha	Pavel Kadeřábek	pavelkaderabek	MID	25.04.1992	2	https://www.eurofotbal.cz/kluby/cesko/sparta-praha/soupiska/2010-2011/
eu_czech_sparta-praha	Jiří Kladrubský	jirikladrubsky	MID	19.11.1985	34	https://www.eurofotbal.cz/kluby/cesko/sparta-praha/soupiska/2010-2011/
eu_czech_sparta-praha	Ladislav Krejčí	ladislavkrejci	MID	05.07.1992	4	https://www.eurofotbal.cz/kluby/cesko/sparta-praha/soupiska/2010-2011/
eu_czech_sparta-praha	Juraj Kucka	jurajkucka	MID	26.02.1987	24	https://www.eurofotbal.cz/kluby/cesko/sparta-praha/soupiska/2010-2011/
eu_czech_sparta-praha	Marek Matějovský	marekmatejovsky	MID	20.12.1981	36	https://www.eurofotbal.cz/kluby/cesko/sparta-praha/soupiska/2010-2011/
eu_czech_sparta-praha	David Pavelka	davidpavelka	MID	18.05.1991	3	https://www.eurofotbal.cz/kluby/cesko/sparta-praha/soupiska/2010-2011/
eu_czech_sparta-praha	Jakub Podaný	jakubpodany	MID	15.06.1987	26	https://www.eurofotbal.cz/kluby/cesko/sparta-praha/soupiska/2010-2011/
eu_czech_sparta-praha	Libor Sionko	liborsionko	MID	01.02.1977	36	https://www.eurofotbal.cz/kluby/cesko/sparta-praha/soupiska/2010-2011/
eu_czech_sparta-praha	Kamil Vacek	kamilvacek	MID	18.05.1987	34	https://www.eurofotbal.cz/kluby/cesko/sparta-praha/soupiska/2010-2011/
eu_czech_sparta-praha	Martin Zeman	martinzeman	MID	28.03.1989	15	https://www.eurofotbal.cz/kluby/cesko/sparta-praha/soupiska/2010-2011/
eu_czech_sparta-praha	Igor Žofčák	igorzofcak	MID	10.04.1983	10	https://www.eurofotbal.cz/kluby/cesko/sparta-praha/soupiska/2010-2011/
eu_czech_sparta-praha	Wilfried Bony	wilfriedbony	ATT	10.12.1988	24	https://www.eurofotbal.cz/kluby/cesko/sparta-praha/soupiska/2010-2011/
eu_czech_sparta-praha	Jiří Jeslínek	jirijeslinek	ATT	30.09.1987	8	https://www.eurofotbal.cz/kluby/cesko/sparta-praha/soupiska/2010-2011/
eu_czech_sparta-praha	Martin Jirouš	martinjirous	ATT	27.11.1986	0	https://www.eurofotbal.cz/kluby/cesko/sparta-praha/soupiska/2010-2011/
eu_czech_sparta-praha	Václav Kadlec	vaclavkadlec	ATT	20.05.1992	37	https://www.eurofotbal.cz/kluby/cesko/sparta-praha/soupiska/2010-2011/
eu_czech_sparta-praha	Andrej Kerić	andrejkeric	ATT	11.02.1986	15	https://www.eurofotbal.cz/kluby/cesko/sparta-praha/soupiska/2010-2011/
eu_czech_sparta-praha	Leonard Kweuke	leonardkweuke	ATT	12.07.1987	38	https://www.eurofotbal.cz/kluby/cesko/sparta-praha/soupiska/2010-2011/
eu_czech_sparta-praha	Miloš Lačný	miloslacny	ATT	08.03.1988	10	https://www.eurofotbal.cz/kluby/cesko/sparta-praha/soupiska/2010-2011/
eu_czech_sparta-praha	Tomáš Pekhart	tomaspekhart	ATT	26.05.1989	11	https://www.eurofotbal.cz/kluby/cesko/sparta-praha/soupiska/2010-2011/
eu_czech_sparta-praha	Jiří Skalák	jiriskalak	ATT	12.03.1992	0	https://www.eurofotbal.cz/kluby/cesko/sparta-praha/soupiska/2010-2011/
eu_czech_sparta-praha	Lukáš Třešňák	lukastresnak	ATT	03.05.1988	6	https://www.eurofotbal.cz/kluby/cesko/sparta-praha/soupiska/2010-2011/
eu_czech_sparta-praha	Štěpán Vachoušek	stepanvachousek	ATT	26.07.1979	6	https://www.eurofotbal.cz/kluby/cesko/sparta-praha/soupiska/2010-2011/
eu_czech_viktoria-plzen	Ľuboš Ilizi	lubosilizi	GK	13.10.1982	0	https://www.eurofotbal.cz/kluby/cesko/viktoria-plzen/soupiska/2010-2011/
eu_czech_viktoria-plzen	Lukáš Krbeček	lukaskrbecek	GK	27.10.1985	10	https://www.eurofotbal.cz/kluby/cesko/viktoria-plzen/soupiska/2010-2011/
eu_czech_viktoria-plzen	Roman Pavlík	romanpavlik	GK	17.01.1976	22	https://www.eurofotbal.cz/kluby/cesko/viktoria-plzen/soupiska/2010-2011/
eu_czech_viktoria-plzen	Martin Ticháček	martintichacek	GK	15.09.1981	4	https://www.eurofotbal.cz/kluby/cesko/viktoria-plzen/soupiska/2010-2011/
eu_czech_viktoria-plzen	Miloš Brezinský	milosbrezinsky	DEF	02.04.1984	17	https://www.eurofotbal.cz/kluby/cesko/viktoria-plzen/soupiska/2010-2011/
eu_czech_viktoria-plzen	David Bystroň	davidbystron	DEF	18.11.1982	31	https://www.eurofotbal.cz/kluby/cesko/viktoria-plzen/soupiska/2010-2011/
eu_czech_viktoria-plzen	Tomáš Hájovský	tomashajovsky	DEF	10.12.1982	4	https://www.eurofotbal.cz/kluby/cesko/viktoria-plzen/soupiska/2010-2011/
eu_czech_viktoria-plzen	David Limberský	davidlimbersky	DEF	06.10.1983	33	https://www.eurofotbal.cz/kluby/cesko/viktoria-plzen/soupiska/2010-2011/
eu_czech_viktoria-plzen	Jakub Navrátil	jakubnavratil	DEF	01.02.1984	19	https://www.eurofotbal.cz/kluby/cesko/viktoria-plzen/soupiska/2010-2011/
eu_czech_viktoria-plzen	Aleš Neuwirth	alesneuwirth	DEF	04.01.1985	7	https://www.eurofotbal.cz/kluby/cesko/viktoria-plzen/soupiska/2010-2011/
eu_czech_viktoria-plzen	František Rajtoral	frantisekrajtoral	DEF	12.03.1986	32	https://www.eurofotbal.cz/kluby/cesko/viktoria-plzen/soupiska/2010-2011/
eu_czech_viktoria-plzen	Siniša Rožman	sinisarozman	DEF	16.10.1990	0	https://www.eurofotbal.cz/kluby/cesko/viktoria-plzen/soupiska/2010-2011/
eu_czech_viktoria-plzen	František Ševinský	frantiseksevinsky	DEF	31.03.1979	17	https://www.eurofotbal.cz/kluby/cesko/viktoria-plzen/soupiska/2010-2011/
eu_czech_viktoria-plzen	Vladimír Darida	vladimirdarida	MID	08.08.1990	1	https://www.eurofotbal.cz/kluby/cesko/viktoria-plzen/soupiska/2010-2011/
eu_czech_viktoria-plzen	Jakub Dvořák II.	jakubdvorakii	MID	21.12.1989	0	https://www.eurofotbal.cz/kluby/cesko/viktoria-plzen/soupiska/2010-2011/
eu_czech_viktoria-plzen	Martin Fillo	martinfillo	MID	07.02.1986	12	https://www.eurofotbal.cz/kluby/cesko/viktoria-plzen/soupiska/2010-2011/
eu_czech_viktoria-plzen	Pavel Horváth	pavelhorvath	MID	22.04.1975	31	https://www.eurofotbal.cz/kluby/cesko/viktoria-plzen/soupiska/2010-2011/
eu_czech_viktoria-plzen	Martin Hruška	martinhruska	MID	11.05.1981	5	https://www.eurofotbal.cz/kluby/cesko/viktoria-plzen/soupiska/2010-2011/
eu_czech_viktoria-plzen	Petr Jiráček	petrjiracek	MID	02.03.1986	34	https://www.eurofotbal.cz/kluby/cesko/viktoria-plzen/soupiska/2010-2011/
eu_czech_viktoria-plzen	Daniel Kolář	danielkolar	MID	27.10.1985	34	https://www.eurofotbal.cz/kluby/cesko/viktoria-plzen/soupiska/2010-2011/
eu_czech_viktoria-plzen	Jan Mudra	janmudra	MID	22.01.1990	0	https://www.eurofotbal.cz/kluby/cesko/viktoria-plzen/soupiska/2010-2011/
eu_czech_viktoria-plzen	Milan Petržela	milanpetrzela	MID	19.06.1983	31	https://www.eurofotbal.cz/kluby/cesko/viktoria-plzen/soupiska/2010-2011/
eu_czech_viktoria-plzen	Tomáš Rada	tomasrada	MID	28.09.1983	20	https://www.eurofotbal.cz/kluby/cesko/viktoria-plzen/soupiska/2010-2011/
eu_czech_viktoria-plzen	Filip Rýdel	filiprydel	MID	30.03.1984	1	https://www.eurofotbal.cz/kluby/cesko/viktoria-plzen/soupiska/2010-2011/
eu_czech_viktoria-plzen	Martin Sladký	martinsladky	MID	01.03.1992	2	https://www.eurofotbal.cz/kluby/cesko/viktoria-plzen/soupiska/2010-2011/
eu_czech_viktoria-plzen	Petr Trapp	petrtrapp	MID	06.12.1985	11	https://www.eurofotbal.cz/kluby/cesko/viktoria-plzen/soupiska/2010-2011/
eu_czech_viktoria-plzen	David Vaněček	davidvanecek	MID	09.03.1991	3	https://www.eurofotbal.cz/kluby/cesko/viktoria-plzen/soupiska/2010-2011/
eu_czech_viktoria-plzen	Marek Bakoš	marekbakos	ATT	15.04.1983	27	https://www.eurofotbal.cz/kluby/cesko/viktoria-plzen/soupiska/2010-2011/
eu_czech_viktoria-plzen	Michal Ďuriš	michalduris	ATT	01.06.1988	24	https://www.eurofotbal.cz/kluby/cesko/viktoria-plzen/soupiska/2010-2011/
eu_czech_viktoria-plzen	Tomáš Krbeček	tomaskrbecek	ATT	27.10.1985	0	https://www.eurofotbal.cz/kluby/cesko/viktoria-plzen/soupiska/2010-2011/
eu_czech_viktoria-plzen	Michael Krmenčík	michaelkrmencik	ATT	15.03.1993	1	https://www.eurofotbal.cz/kluby/cesko/viktoria-plzen/soupiska/2010-2011/
eu_czech_viktoria-plzen	Bogdan Milić	bogdanmilic	ATT	24.11.1987	1	https://www.eurofotbal.cz/kluby/cesko/viktoria-plzen/soupiska/2010-2011/
eu_czech_viktoria-plzen	Jan Rezek	janrezek	ATT	05.05.1982	35	https://www.eurofotbal.cz/kluby/cesko/viktoria-plzen/soupiska/2010-2011/
eu_czech_viktoria-plzen	David Střihavka	davidstrihavka	ATT	04.03.1983	12	https://www.eurofotbal.cz/kluby/cesko/viktoria-plzen/soupiska/2010-2011/
eu_czech_viktoria-plzen	Dimitri Tatanašvili	dimitritatanasvili	ATT	19.10.1983	1	https://www.eurofotbal.cz/kluby/cesko/viktoria-plzen/soupiska/2010-2011/
eu_czech_viktoria-plzen	Libor Žůrek	liborzurek	ATT	02.11.1979	1	https://www.eurofotbal.cz/kluby/cesko/viktoria-plzen/soupiska/2010-2011/
eu_czech_fk-jablonec	Vilém Fendrich	vilemfendrich	GK	22.01.1991	0	https://www.eurofotbal.cz/kluby/cesko/fk-jablonec/soupiska/2010-2011/
eu_czech_fk-jablonec	Luděk Frydrych	ludekfrydrych	GK	03.01.1987	0	https://www.eurofotbal.cz/kluby/cesko/fk-jablonec/soupiska/2010-2011/
eu_czech_fk-jablonec	Michal Špit	michalspit	GK	09.04.1975	24	https://www.eurofotbal.cz/kluby/cesko/fk-jablonec/soupiska/2010-2011/
eu_czech_fk-jablonec	Roman Valeš	romanvales	GK	06.03.1990	12	https://www.eurofotbal.cz/kluby/cesko/fk-jablonec/soupiska/2010-2011/
eu_czech_fk-jablonec	Vít Beneš	vitbenes	DEF	12.08.1988	16	https://www.eurofotbal.cz/kluby/cesko/fk-jablonec/soupiska/2010-2011/
eu_czech_fk-jablonec	Pavel Drsek	paveldrsek	DEF	22.09.1976	22	https://www.eurofotbal.cz/kluby/cesko/fk-jablonec/soupiska/2010-2011/
eu_czech_fk-jablonec	Lukáš Hejda	lukashejda	DEF	09.03.1990	6	https://www.eurofotbal.cz/kluby/cesko/fk-jablonec/soupiska/2010-2011/
eu_czech_fk-jablonec	Tomáš Huber	tomashuber	DEF	29.08.1985	8	https://www.eurofotbal.cz/kluby/cesko/fk-jablonec/soupiska/2010-2011/
eu_czech_fk-jablonec	Tomáš Jablonský	tomasjablonsky	DEF	21.06.1987	32	https://www.eurofotbal.cz/kluby/cesko/fk-jablonec/soupiska/2010-2011/
eu_czech_fk-jablonec	Matej Krajčík	matejkrajcik	DEF	19.03.1978	13	https://www.eurofotbal.cz/kluby/cesko/fk-jablonec/soupiska/2010-2011/
eu_czech_fk-jablonec	Martin Uvíra	martinuvira	DEF	04.04.1988	1	https://www.eurofotbal.cz/kluby/cesko/fk-jablonec/soupiska/2010-2011/
eu_czech_fk-jablonec	Petr Zábojník	petrzabojnik	DEF	03.10.1980	15	https://www.eurofotbal.cz/kluby/cesko/fk-jablonec/soupiska/2010-2011/
eu_czech_fk-jablonec	Pavel Eliáš	pavelelias	MID	26.11.1986	29	https://www.eurofotbal.cz/kluby/cesko/fk-jablonec/soupiska/2010-2011/
eu_czech_fk-jablonec	Anes Haurdič	aneshaurdic	MID	01.03.1990	19	https://www.eurofotbal.cz/kluby/cesko/fk-jablonec/soupiska/2010-2011/
eu_czech_fk-jablonec	Adam Hloušek	adamhlousek	MID	20.12.1988	0	https://www.eurofotbal.cz/kluby/cesko/fk-jablonec/soupiska/2010-2011/
eu_czech_fk-jablonec	Marek Hovorka	marekhovorka	MID	24.10.1991	1	https://www.eurofotbal.cz/kluby/cesko/fk-jablonec/soupiska/2010-2011/
eu_czech_fk-jablonec	Marek Jarolím	marekjarolim	MID	21.05.1984	30	https://www.eurofotbal.cz/kluby/cesko/fk-jablonec/soupiska/2010-2011/
eu_czech_fk-jablonec	Luboš Loučka	lubosloucka	MID	25.08.1982	34	https://www.eurofotbal.cz/kluby/cesko/fk-jablonec/soupiska/2010-2011/
eu_czech_fk-jablonec	Tomáš Michálek	tomasmichalek	MID	27.11.1977	3	https://www.eurofotbal.cz/kluby/cesko/fk-jablonec/soupiska/2010-2011/
eu_czech_fk-jablonec	Petr Pavlík	petrpavlik	MID	17.07.1978	33	https://www.eurofotbal.cz/kluby/cesko/fk-jablonec/soupiska/2010-2011/
eu_czech_fk-jablonec	Karel Piták	karelpitak	MID	28.01.1980	31	https://www.eurofotbal.cz/kluby/cesko/fk-jablonec/soupiska/2010-2011/
eu_czech_fk-jablonec	Ondřej Vaněk	ondrejvanek	MID	05.07.1990	10	https://www.eurofotbal.cz/kluby/cesko/fk-jablonec/soupiska/2010-2011/
eu_czech_fk-jablonec	Daniel Kocourek	danielkocourek	ATT	12.12.1986	3	https://www.eurofotbal.cz/kluby/cesko/fk-jablonec/soupiska/2010-2011/
eu_czech_fk-jablonec	Jan Kovařík	jankovarik	ATT	19.06.1988	33	https://www.eurofotbal.cz/kluby/cesko/fk-jablonec/soupiska/2010-2011/
eu_czech_fk-jablonec	David Lafata	davidlafata	ATT	18.09.1981	33	https://www.eurofotbal.cz/kluby/cesko/fk-jablonec/soupiska/2010-2011/
eu_czech_fk-jablonec	Muris Mešanović	murismesanovic	ATT	06.07.1990	0	https://www.eurofotbal.cz/kluby/cesko/fk-jablonec/soupiska/2010-2011/
eu_czech_fk-jablonec	Dušan Nulíček	dusannulicek	ATT	02.06.1988	0	https://www.eurofotbal.cz/kluby/cesko/fk-jablonec/soupiska/2010-2011/
eu_czech_fk-jablonec	Tomáš Pekhart	tomaspekhart	ATT	26.05.1989	16	https://www.eurofotbal.cz/kluby/cesko/fk-jablonec/soupiska/2010-2011/
eu_czech_fk-jablonec	Lukáš Třešňák	lukastresnak	ATT	03.05.1988	14	https://www.eurofotbal.cz/kluby/cesko/fk-jablonec/soupiska/2010-2011/
eu_czech_fk-jablonec	Jan Vošahlík	janvosahlik	ATT	08.03.1989	32	https://www.eurofotbal.cz/kluby/cesko/fk-jablonec/soupiska/2010-2011/
eu_denmark_aab-aalborg	Nicolai Larsen	nicolailarsen	GK	09.03.1991	0	https://www.eurofotbal.cz/kluby/dansko/aalborg-bk/soupiska/2010-2011/
eu_denmark_aab-aalborg	Karim Zaza	karimzaza	GK	09.01.1975	34	https://www.eurofotbal.cz/kluby/dansko/aalborg-bk/soupiska/2010-2011/
eu_denmark_aab-aalborg	Jakob Ahlmann	jakobahlmann	DEF	18.01.1991	0	https://www.eurofotbal.cz/kluby/dansko/aalborg-bk/soupiska/2010-2011/
eu_denmark_aab-aalborg	Kasper Bøgelund	kasperbgelund	DEF	08.10.1980	16	https://www.eurofotbal.cz/kluby/dansko/aalborg-bk/soupiska/2010-2011/
eu_denmark_aab-aalborg	Denis Dedovic	denisdedovic	DEF	27.09.1991	0	https://www.eurofotbal.cz/kluby/dansko/aalborg-bk/soupiska/2010-2011/
eu_denmark_aab-aalborg	Michael Lumb	michaellumb	DEF	09.01.1988	14	https://www.eurofotbal.cz/kluby/dansko/aalborg-bk/soupiska/2010-2011/
eu_denmark_aab-aalborg	Dennis Marshall	dennismarshall	DEF	09.08.1985	18	https://www.eurofotbal.cz/kluby/dansko/aalborg-bk/soupiska/2010-2011/
eu_denmark_aab-aalborg	Lasse Nielsen	lassenielsen	DEF	08.01.1988	27	https://www.eurofotbal.cz/kluby/dansko/aalborg-bk/soupiska/2010-2011/
eu_denmark_aab-aalborg	Tobias Ørtoft	tobiasrtoft	DEF	14.07.1991	0	https://www.eurofotbal.cz/kluby/dansko/aalborg-bk/soupiska/2010-2011/
eu_denmark_aab-aalborg	Kenneth Petersen	kennethpetersen	DEF	15.01.1985	22	https://www.eurofotbal.cz/kluby/dansko/aalborg-bk/soupiska/2010-2011/
eu_denmark_aab-aalborg	Kjetil Waehler	kjetilwaehler	DEF	16.03.1976	33	https://www.eurofotbal.cz/kluby/dansko/aalborg-bk/soupiska/2010-2011/
eu_denmark_aab-aalborg	Lucas Andersen	lucasandersen	MID	13.09.1994	11	https://www.eurofotbal.cz/kluby/dansko/aalborg-bk/soupiska/2010-2011/
eu_denmark_aab-aalborg	Thomas Augustinussen	thomasaugustinussen	MID	20.03.1981	14	https://www.eurofotbal.cz/kluby/dansko/aalborg-bk/soupiska/2010-2011/
eu_denmark_aab-aalborg	Anders Due	andersdue	MID	17.03.1982	19	https://www.eurofotbal.cz/kluby/dansko/aalborg-bk/soupiska/2010-2011/
eu_denmark_aab-aalborg	Louay Chanko	louaychanko	MID	29.11.1979	26	https://www.eurofotbal.cz/kluby/dansko/aalborg-bk/soupiska/2010-2011/
eu_denmark_aab-aalborg	Daniel Christensen	danielchristensen	MID	19.09.1988	15	https://www.eurofotbal.cz/kluby/dansko/aalborg-bk/soupiska/2010-2011/
eu_denmark_aab-aalborg	Patrick Kristensen	patrickkristensen	MID	28.04.1987	19	https://www.eurofotbal.cz/kluby/dansko/aalborg-bk/soupiska/2010-2011/
eu_denmark_aab-aalborg	Kasper Kusk	kasperkusk	MID	10.11.1991	2	https://www.eurofotbal.cz/kluby/dansko/aalborg-bk/soupiska/2010-2011/
eu_denmark_aab-aalborg	Jens-Kristian Sørensen	jenskristiansrensen	MID	21.03.1987	13	https://www.eurofotbal.cz/kluby/dansko/aalborg-bk/soupiska/2010-2011/
eu_denmark_aab-aalborg	Mathias Wichmann	mathiaswichmann	MID	06.08.1991	29	https://www.eurofotbal.cz/kluby/dansko/aalborg-bk/soupiska/2010-2011/
eu_denmark_aab-aalborg	Rasmus Würtz	rasmuswurtz	MID	18.09.1983	32	https://www.eurofotbal.cz/kluby/dansko/aalborg-bk/soupiska/2010-2011/
eu_denmark_aab-aalborg	Jeppe Curth	jeppecurth	ATT	21.03.1984	25	https://www.eurofotbal.cz/kluby/dansko/aalborg-bk/soupiska/2010-2011/
eu_denmark_aab-aalborg	Henrik Dalsgaard	henrikdalsgaard	ATT	27.07.1989	16	https://www.eurofotbal.cz/kluby/dansko/aalborg-bk/soupiska/2010-2011/
eu_denmark_aab-aalborg	Nicklas Helenius	nicklashelenius	ATT	08.05.1991	30	https://www.eurofotbal.cz/kluby/dansko/aalborg-bk/soupiska/2010-2011/
eu_denmark_aab-aalborg	Daniel Holm	danielholm	ATT	30.07.1985	0	https://www.eurofotbal.cz/kluby/dansko/aalborg-bk/soupiska/2010-2011/
eu_denmark_aab-aalborg	Kayke	kayke	ATT	01.04.1988	9	https://www.eurofotbal.cz/kluby/dansko/aalborg-bk/soupiska/2010-2011/
eu_denmark_aab-aalborg	Jones Kusi-Asare	joneskusiasare	ATT	21.05.1980	3	https://www.eurofotbal.cz/kluby/dansko/aalborg-bk/soupiska/2010-2011/
eu_denmark_aab-aalborg	Dickson Nwakaeme	dicksonnwakaeme	ATT	21.04.1986	8	https://www.eurofotbal.cz/kluby/dansko/aalborg-bk/soupiska/2010-2011/
eu_denmark_aab-aalborg	Morten Rasmussen	mortenrasmussen	ATT	31.01.1985	14	https://www.eurofotbal.cz/kluby/dansko/aalborg-bk/soupiska/2010-2011/
eu_denmark_aab-aalborg	Chris Rolfe	chrisrolfe	ATT	17.01.1983	7	https://www.eurofotbal.cz/kluby/dansko/aalborg-bk/soupiska/2010-2011/
eu_denmark_aab-aalborg	Ronnie Schwartz	ronnieschwartz	ATT	29.08.1989	17	https://www.eurofotbal.cz/kluby/dansko/aalborg-bk/soupiska/2010-2011/
eu_denmark_aab-aalborg	Marcus Tracy	marcustracy	ATT	02.10.1986	0	https://www.eurofotbal.cz/kluby/dansko/aalborg-bk/soupiska/2010-2011/
eu_denmark_esbjerg-fb	Lukas Hradecky	lukashradecky	GK	24.11.1989	15	https://www.eurofotbal.cz/kluby/dansko/esbjerg-fb/soupiska/2010-2011/
eu_denmark_esbjerg-fb	Tommy Ladefoged	tommyladefoged	GK	31.01.1991	0	https://www.eurofotbal.cz/kluby/dansko/esbjerg-fb/soupiska/2010-2011/
eu_denmark_esbjerg-fb	Lars Winde	larswinde	GK	03.12.1975	22	https://www.eurofotbal.cz/kluby/dansko/esbjerg-fb/soupiska/2010-2011/
eu_denmark_esbjerg-fb	Jakob Ankersen	jakobankersen	DEF	22.09.1990	19	https://www.eurofotbal.cz/kluby/dansko/esbjerg-fb/soupiska/2010-2011/
eu_denmark_esbjerg-fb	Kevin Conboy	kevinconboy	DEF	15.10.1987	33	https://www.eurofotbal.cz/kluby/dansko/esbjerg-fb/soupiska/2010-2011/
eu_denmark_esbjerg-fb	Davidson Drobo-Ampem	davidsondroboampem	DEF	26.03.1988	7	https://www.eurofotbal.cz/kluby/dansko/esbjerg-fb/soupiska/2010-2011/
eu_denmark_esbjerg-fb	Kian Hansen	kianhansen	DEF	03.03.1989	22	https://www.eurofotbal.cz/kluby/dansko/esbjerg-fb/soupiska/2010-2011/
eu_denmark_esbjerg-fb	Nicolai Høgh	nicolaihgh	DEF	09.11.1983	32	https://www.eurofotbal.cz/kluby/dansko/esbjerg-fb/soupiska/2010-2011/
eu_denmark_esbjerg-fb	Jonas Knudsen	jonasknudsen	DEF	16.09.1992	7	https://www.eurofotbal.cz/kluby/dansko/esbjerg-fb/soupiska/2010-2011/
eu_denmark_esbjerg-fb	Martin Rauschenberg	martinrauschenberg	DEF	15.01.1992	4	https://www.eurofotbal.cz/kluby/dansko/esbjerg-fb/soupiska/2010-2011/
eu_denmark_esbjerg-fb	Fredrik Risp	fredrikrisp	DEF	15.12.1980	25	https://www.eurofotbal.cz/kluby/dansko/esbjerg-fb/soupiska/2010-2011/
eu_denmark_esbjerg-fb	Sebastian Andersen	sebastianandersen	MID	23.12.1988	15	https://www.eurofotbal.cz/kluby/dansko/esbjerg-fb/soupiska/2010-2011/
eu_denmark_esbjerg-fb	Martin Braithwaite	martinbraithwaite	MID	05.06.1991	18	https://www.eurofotbal.cz/kluby/dansko/esbjerg-fb/soupiska/2010-2011/
eu_denmark_esbjerg-fb	Martin Fribrock	martinfribrock	MID	28.08.1984	0	https://www.eurofotbal.cz/kluby/dansko/esbjerg-fb/soupiska/2010-2011/
eu_denmark_esbjerg-fb	Thomas Gaardsøe	thomasgaardse	MID	23.01.1979	10	https://www.eurofotbal.cz/kluby/dansko/esbjerg-fb/soupiska/2010-2011/
eu_denmark_esbjerg-fb	Jesper Jørgensen	jesperjrgensen	MID	09.05.1984	20	https://www.eurofotbal.cz/kluby/dansko/esbjerg-fb/soupiska/2010-2011/
eu_denmark_esbjerg-fb	Morten Karlsen	mortenkarlsen	MID	25.03.1979	16	https://www.eurofotbal.cz/kluby/dansko/esbjerg-fb/soupiska/2010-2011/
eu_denmark_esbjerg-fb	Jeppe Mehl	jeppemehl	MID	21.09.1986	33	https://www.eurofotbal.cz/kluby/dansko/esbjerg-fb/soupiska/2010-2011/
eu_denmark_esbjerg-fb	Peter Nymann	peternymann	MID	22.08.1982	34	https://www.eurofotbal.cz/kluby/dansko/esbjerg-fb/soupiska/2010-2011/
eu_denmark_esbjerg-fb	Johan Persson	johanpersson	MID	20.06.1984	6	https://www.eurofotbal.cz/kluby/dansko/esbjerg-fb/soupiska/2010-2011/
eu_denmark_esbjerg-fb	Søren Rieks	srenrieks	MID	07.04.1987	29	https://www.eurofotbal.cz/kluby/dansko/esbjerg-fb/soupiska/2010-2011/
eu_denmark_esbjerg-fb	Mikael Rynell	mikaelrynell	MID	25.02.1982	1	https://www.eurofotbal.cz/kluby/dansko/esbjerg-fb/soupiska/2010-2011/
eu_denmark_esbjerg-fb	Arnór Smárason	arnorsmarason	MID	07.09.1988	25	https://www.eurofotbal.cz/kluby/dansko/esbjerg-fb/soupiska/2010-2011/
eu_denmark_esbjerg-fb	Mikkel Vendelbo	mikkelvendelbo	MID	15.08.1987	36	https://www.eurofotbal.cz/kluby/dansko/esbjerg-fb/soupiska/2010-2011/
eu_denmark_esbjerg-fb	Kevin Timm Bechmann	kevintimmbechmann	ATT	09.07.1989	5	https://www.eurofotbal.cz/kluby/dansko/esbjerg-fb/soupiska/2010-2011/
eu_denmark_esbjerg-fb	Kennie Chopart	kenniechopart	ATT	01.06.1990	2	https://www.eurofotbal.cz/kluby/dansko/esbjerg-fb/soupiska/2010-2011/
eu_denmark_esbjerg-fb	Tim Janssen	timjanssen	ATT	06.03.1986	33	https://www.eurofotbal.cz/kluby/dansko/esbjerg-fb/soupiska/2010-2011/
eu_denmark_esbjerg-fb	Jones Kusi-Asare	joneskusiasare	ATT	21.05.1980	0	https://www.eurofotbal.cz/kluby/dansko/esbjerg-fb/soupiska/2010-2011/
eu_denmark_esbjerg-fb	Jesper Lange	jesperlange	ATT	11.01.1986	33	https://www.eurofotbal.cz/kluby/dansko/esbjerg-fb/soupiska/2010-2011/
eu_denmark_esbjerg-fb	Gunnar Thorvaldsson	gunnarthorvaldsson	ATT	01.04.1982	0	https://www.eurofotbal.cz/kluby/dansko/esbjerg-fb/soupiska/2010-2011/
eu_denmark_esbjerg-fb	Emmanuel Ukpai	emmanuelukpai	ATT	11.10.1987	0	https://www.eurofotbal.cz/kluby/dansko/esbjerg-fb/soupiska/2010-2011/
eu_denmark_fc-copenhagen	Kim Christensen	kimchristensen	GK	16.07.1979	2	https://www.eurofotbal.cz/kluby/dansko/fc-kodan/soupiska/2010-2011/
eu_denmark_fc-copenhagen	Jesper Christiansen	jesperchristiansen	GK	24.04.1978	0	https://www.eurofotbal.cz/kluby/dansko/fc-kodan/soupiska/2010-2011/
eu_denmark_fc-copenhagen	Johan Sellberg-Wiland	johansellbergwiland	GK	24.01.1981	44	https://www.eurofotbal.cz/kluby/dansko/fc-kodan/soupiska/2010-2011/
eu_denmark_fc-copenhagen	Mikael Antonsson	mikaelantonsson	DEF	31.05.1981	40	https://www.eurofotbal.cz/kluby/dansko/fc-kodan/soupiska/2010-2011/
eu_denmark_fc-copenhagen	Jos Hooiveld	joshooiveld	DEF	22.04.1983	11	https://www.eurofotbal.cz/kluby/dansko/fc-kodan/soupiska/2010-2011/
eu_denmark_fc-copenhagen	Danni Jensen	dannijensen	DEF	10.06.1989	0	https://www.eurofotbal.cz/kluby/dansko/fc-kodan/soupiska/2010-2011/
eu_denmark_fc-copenhagen	Mathias Jørgensen	mathiasjrgensen	DEF	23.04.1990	37	https://www.eurofotbal.cz/kluby/dansko/fc-kodan/soupiska/2010-2011/
eu_denmark_fc-copenhagen	Peter Larsson	peterlarsson	DEF	30.04.1984	3	https://www.eurofotbal.cz/kluby/dansko/fc-kodan/soupiska/2010-2011/
eu_denmark_fc-copenhagen	Sölvi Ottesen	solviottesen	DEF	18.02.1984	20	https://www.eurofotbal.cz/kluby/dansko/fc-kodan/soupiska/2010-2011/
eu_denmark_fc-copenhagen	Bryan Oviedo	bryanoviedo	DEF	18.02.1990	2	https://www.eurofotbal.cz/kluby/dansko/fc-kodan/soupiska/2010-2011/
eu_denmark_fc-copenhagen	Zdeněk Pospěch	zdenekpospech	DEF	14.12.1978	44	https://www.eurofotbal.cz/kluby/dansko/fc-kodan/soupiska/2010-2011/
eu_denmark_fc-copenhagen	Oscar Wendt	oscarwendt	DEF	24.10.1985	41	https://www.eurofotbal.cz/kluby/dansko/fc-kodan/soupiska/2010-2011/
eu_denmark_fc-copenhagen	Johan Absalonsen	johanabsalonsen	MID	16.09.1985	3	https://www.eurofotbal.cz/kluby/dansko/fc-kodan/soupiska/2010-2011/
eu_denmark_fc-copenhagen	Pierre Bengtsson	pierrebengtsson	MID	12.04.1988	7	https://www.eurofotbal.cz/kluby/dansko/fc-kodan/soupiska/2010-2011/
eu_denmark_fc-copenhagen	Martin Bergvold	martinbergvold	MID	20.02.1984	7	https://www.eurofotbal.cz/kluby/dansko/fc-kodan/soupiska/2010-2011/
eu_denmark_fc-copenhagen	Christián Bolaños	christianbolanos	MID	17.05.1984	32	https://www.eurofotbal.cz/kluby/dansko/fc-kodan/soupiska/2010-2011/
eu_denmark_fc-copenhagen	Claudemir	claudemir	MID	27.03.1988	45	https://www.eurofotbal.cz/kluby/dansko/fc-kodan/soupiska/2010-2011/
eu_denmark_fc-copenhagen	Thomas Delaney	thomasdelaney	MID	03.09.1991	18	https://www.eurofotbal.cz/kluby/dansko/fc-kodan/soupiska/2010-2011/
eu_denmark_fc-copenhagen	Jesper Grønkjaer	jespergrnkjaer	MID	12.08.1977	38	https://www.eurofotbal.cz/kluby/dansko/fc-kodan/soupiska/2010-2011/
eu_denmark_fc-copenhagen	Thomas Kristensen	thomaskristensen	MID	17.04.1983	31	https://www.eurofotbal.cz/kluby/dansko/fc-kodan/soupiska/2010-2011/
eu_denmark_fc-copenhagen	William Kvist	williamkvist	MID	24.02.1985	45	https://www.eurofotbal.cz/kluby/dansko/fc-kodan/soupiska/2010-2011/
eu_denmark_fc-copenhagen	Hjalte Bo Nørregaard	hjaltebonrregaard	MID	08.04.1981	17	https://www.eurofotbal.cz/kluby/dansko/fc-kodan/soupiska/2010-2011/
eu_denmark_fc-copenhagen	Saban Özdogan	sabanozdogan	MID	14.03.1990	5	https://www.eurofotbal.cz/kluby/dansko/fc-kodan/soupiska/2010-2011/
eu_denmark_fc-copenhagen	Martin Vingaard	martinvingaard	MID	20.03.1985	33	https://www.eurofotbal.cz/kluby/dansko/fc-kodan/soupiska/2010-2011/
eu_denmark_fc-copenhagen	Aílton	ailton	ATT	20.08.1984	1	https://www.eurofotbal.cz/kluby/dansko/fc-kodan/soupiska/2010-2011/
eu_denmark_fc-copenhagen	Søren Frederiksen	srenfrederiksen	ATT	07.08.1989	3	https://www.eurofotbal.cz/kluby/dansko/fc-kodan/soupiska/2010-2011/
eu_denmark_fc-copenhagen	Dame N'Doye	damendoye	ATT	21.02.1985	43	https://www.eurofotbal.cz/kluby/dansko/fc-kodan/soupiska/2010-2011/
eu_denmark_fc-copenhagen	Morten Nordstrand	mortennordstrand	ATT	08.06.1983	5	https://www.eurofotbal.cz/kluby/dansko/fc-kodan/soupiska/2010-2011/
eu_denmark_fc-copenhagen	César Santin	cesarsantin	ATT	24.02.1981	36	https://www.eurofotbal.cz/kluby/dansko/fc-kodan/soupiska/2010-2011/
eu_denmark_fc-copenhagen	Kenneth Zohorè	kennethzohore	ATT	31.01.1994	21	https://www.eurofotbal.cz/kluby/dansko/fc-kodan/soupiska/2010-2011/
eu_denmark_fc-nordsjlland	Jesper Hansen	jesperhansen	GK	31.03.1985	40	https://www.eurofotbal.cz/kluby/dansko/fc-nordsjaelland/soupiska/2010-2011/
eu_denmark_fc-nordsjlland	David Jensen	davidjensen	GK	25.03.1992	0	https://www.eurofotbal.cz/kluby/dansko/fc-nordsjaelland/soupiska/2010-2011/
eu_denmark_fc-nordsjlland	Nenad Novaković	nenadnovakovic	GK	14.07.1982	0	https://www.eurofotbal.cz/kluby/dansko/fc-nordsjaelland/soupiska/2010-2011/
eu_denmark_fc-nordsjlland	Pierre Bengtsson	pierrebengtsson	DEF	12.04.1988	23	https://www.eurofotbal.cz/kluby/dansko/fc-nordsjaelland/soupiska/2010-2011/
eu_denmark_fc-nordsjlland	Andreas Bjelland	andreasbjelland	DEF	11.07.1988	29	https://www.eurofotbal.cz/kluby/dansko/fc-nordsjaelland/soupiska/2010-2011/
eu_denmark_fc-nordsjlland	Jacob Egeris	jacobegeris	DEF	19.01.1990	0	https://www.eurofotbal.cz/kluby/dansko/fc-nordsjaelland/soupiska/2010-2011/
eu_denmark_fc-nordsjlland	Mark Gundelach	markgundelach	DEF	07.01.1992	2	https://www.eurofotbal.cz/kluby/dansko/fc-nordsjaelland/soupiska/2010-2011/
eu_denmark_fc-nordsjlland	Daniel Jensen	danieljensen	DEF	08.05.1985	22	https://www.eurofotbal.cz/kluby/dansko/fc-nordsjaelland/soupiska/2010-2011/
eu_denmark_fc-nordsjlland	Daniel Jørgensen	danieljrgensen	DEF	04.02.1991	0	https://www.eurofotbal.cz/kluby/dansko/fc-nordsjaelland/soupiska/2010-2011/
eu_denmark_fc-nordsjlland	Henrik Kildentoft	henrikkildentoft	DEF	18.03.1985	36	https://www.eurofotbal.cz/kluby/dansko/fc-nordsjaelland/soupiska/2010-2011/
eu_denmark_fc-nordsjlland	Mathias Nielsen	mathiasnielsen	DEF	02.03.1991	1	https://www.eurofotbal.cz/kluby/dansko/fc-nordsjaelland/soupiska/2010-2011/
eu_denmark_fc-nordsjlland	Bryan Oviedo	bryanoviedo	DEF	18.02.1990	17	https://www.eurofotbal.cz/kluby/dansko/fc-nordsjaelland/soupiska/2010-2011/
eu_denmark_fc-nordsjlland	Michael Parkhurst	michaelparkhurst	DEF	24.01.1984	25	https://www.eurofotbal.cz/kluby/dansko/fc-nordsjaelland/soupiska/2010-2011/
eu_denmark_fc-nordsjlland	Enoch Adu	enochadu	MID	14.09.1990	36	https://www.eurofotbal.cz/kluby/dansko/fc-nordsjaelland/soupiska/2010-2011/
eu_denmark_fc-nordsjlland	Oguz Han Aynaoglu	oguzhanaynaoglu	MID	22.03.1992	2	https://www.eurofotbal.cz/kluby/dansko/fc-nordsjaelland/soupiska/2010-2011/
eu_denmark_fc-nordsjlland	Patrice Bernier	patricebernier	MID	23.09.1979	26	https://www.eurofotbal.cz/kluby/dansko/fc-nordsjaelland/soupiska/2010-2011/
eu_denmark_fc-nordsjlland	Anders Due	andersdue	MID	17.03.1982	12	https://www.eurofotbal.cz/kluby/dansko/fc-nordsjaelland/soupiska/2010-2011/
eu_denmark_fc-nordsjlland	Jonas Hebo Rasmussen	jonasheborasmussen	MID	01.08.1991	0	https://www.eurofotbal.cz/kluby/dansko/fc-nordsjaelland/soupiska/2010-2011/
eu_denmark_fc-nordsjlland	Søren Christensen	srenchristensen	MID	29.08.1986	26	https://www.eurofotbal.cz/kluby/dansko/fc-nordsjaelland/soupiska/2010-2011/
eu_denmark_fc-nordsjlland	Mikkel Knudstrup	mikkelknudstrup	MID	28.11.1991	0	https://www.eurofotbal.cz/kluby/dansko/fc-nordsjaelland/soupiska/2010-2011/
eu_denmark_fc-nordsjlland	Matti Lund Nielsen	mattilundnielsen	MID	08.05.1988	32	https://www.eurofotbal.cz/kluby/dansko/fc-nordsjaelland/soupiska/2010-2011/
eu_denmark_fc-nordsjlland	Jores Okore	joresokore	MID	11.08.1992	14	https://www.eurofotbal.cz/kluby/dansko/fc-nordsjaelland/soupiska/2010-2011/
eu_denmark_fc-nordsjlland	Kenni Olsen	kenniolsen	MID	11.06.1985	0	https://www.eurofotbal.cz/kluby/dansko/fc-nordsjaelland/soupiska/2010-2011/
eu_denmark_fc-nordsjlland	Lasse Petry	lassepetry	MID	19.09.1992	1	https://www.eurofotbal.cz/kluby/dansko/fc-nordsjaelland/soupiska/2010-2011/
eu_denmark_fc-nordsjlland	Marcus Pode	marcuspode	MID	27.03.1986	0	https://www.eurofotbal.cz/kluby/dansko/fc-nordsjaelland/soupiska/2010-2011/
eu_denmark_fc-nordsjlland	Philip Rasmussen	philiprasmussen	MID	12.01.1989	1	https://www.eurofotbal.cz/kluby/dansko/fc-nordsjaelland/soupiska/2010-2011/
eu_denmark_fc-nordsjlland	Nikolai Stokholm	nikolaistokholm	MID	01.04.1976	31	https://www.eurofotbal.cz/kluby/dansko/fc-nordsjaelland/soupiska/2010-2011/
eu_denmark_fc-nordsjlland	Bajram Fetai	bajramfetai	ATT	07.09.1985	15	https://www.eurofotbal.cz/kluby/dansko/fc-nordsjaelland/soupiska/2010-2011/
eu_denmark_fc-nordsjlland	Andreas Granskov-Hansen	andreasgranskovhansen	ATT	05.03.1989	32	https://www.eurofotbal.cz/kluby/dansko/fc-nordsjaelland/soupiska/2010-2011/
eu_denmark_fc-nordsjlland	Christian Gytkjaer	christiangytkjaer	ATT	06.05.1990	21	https://www.eurofotbal.cz/kluby/dansko/fc-nordsjaelland/soupiska/2010-2011/
eu_denmark_fc-nordsjlland	Andreas Laudrup	andreaslaudrup	ATT	10.11.1990	30	https://www.eurofotbal.cz/kluby/dansko/fc-nordsjaelland/soupiska/2010-2011/
eu_denmark_fc-nordsjlland	Rawez Lawan	rawezlawan	ATT	04.10.1987	29	https://www.eurofotbal.cz/kluby/dansko/fc-nordsjaelland/soupiska/2010-2011/
eu_denmark_fc-nordsjlland	Emil Lyng	emillyng	ATT	03.08.1989	4	https://www.eurofotbal.cz/kluby/dansko/fc-nordsjaelland/soupiska/2010-2011/
eu_denmark_fc-nordsjlland	Tobias Mikkelsen	tobiasmikkelsen	ATT	18.09.1986	33	https://www.eurofotbal.cz/kluby/dansko/fc-nordsjaelland/soupiska/2010-2011/
eu_denmark_fc-nordsjlland	Nicki Bille Nielsen	nickibillenielsen	ATT	07.02.1988	7	https://www.eurofotbal.cz/kluby/dansko/fc-nordsjaelland/soupiska/2010-2011/
eu_denmark_fc-nordsjlland	Morten Nordstrand	mortennordstrand	ATT	08.06.1983	10	https://www.eurofotbal.cz/kluby/dansko/fc-nordsjaelland/soupiska/2010-2011/
eu_denmark_fc-nordsjlland	Mads Thomsen	madsthomsen	ATT	15.03.1989	1	https://www.eurofotbal.cz/kluby/dansko/fc-nordsjaelland/soupiska/2010-2011/
eu_denmark_odense-bk	Roy Carroll	roycarroll	GK	30.09.1977	24	https://www.eurofotbal.cz/kluby/dansko/odense-boldklub/soupiska/2010-2011/
eu_denmark_odense-bk	Alexander Hansen	alexanderhansen	GK	06.10.1982	5	https://www.eurofotbal.cz/kluby/dansko/odense-boldklub/soupiska/2010-2011/
eu_denmark_odense-bk	Emil Ousager	emilousager	GK	19.07.1987	2	https://www.eurofotbal.cz/kluby/dansko/odense-boldklub/soupiska/2010-2011/
eu_denmark_odense-bk	Mads Toppel	madstoppel	GK	30.01.1982	1	https://www.eurofotbal.cz/kluby/dansko/odense-boldklub/soupiska/2010-2011/
eu_denmark_odense-bk	Stefan Wessels	stefanwessels	GK	28.02.1979	13	https://www.eurofotbal.cz/kluby/dansko/odense-boldklub/soupiska/2010-2011/
eu_denmark_odense-bk	Viljornur Davidsen	viljornurdavidsen	DEF	19.07.1991	0	https://www.eurofotbal.cz/kluby/dansko/odense-boldklub/soupiska/2010-2011/
eu_denmark_odense-bk	Atle Roar Håland	atleroarhaland	DEF	26.07.1977	30	https://www.eurofotbal.cz/kluby/dansko/odense-boldklub/soupiska/2010-2011/
eu_denmark_odense-bk	Thomas Helveg	thomashelveg	DEF	24.06.1971	9	https://www.eurofotbal.cz/kluby/dansko/odense-boldklub/soupiska/2010-2011/
eu_denmark_odense-bk	Daniel Høegh	danielhegh	DEF	06.01.1991	13	https://www.eurofotbal.cz/kluby/dansko/odense-boldklub/soupiska/2010-2011/
eu_denmark_odense-bk	Timmi Johansen	timmijohansen	DEF	08.05.1987	4	https://www.eurofotbal.cz/kluby/dansko/odense-boldklub/soupiska/2010-2011/
eu_denmark_odense-bk	Oliver Larsen	oliverlarsen	DEF	12.11.1991	1	https://www.eurofotbal.cz/kluby/dansko/odense-boldklub/soupiska/2010-2011/
eu_denmark_odense-bk	Bernard Mendy	bernardmendy	DEF	20.08.1981	11	https://www.eurofotbal.cz/kluby/dansko/odense-boldklub/soupiska/2010-2011/
eu_denmark_odense-bk	Anders Møller Christensen	andersmllerchristensen	DEF	26.07.1977	40	https://www.eurofotbal.cz/kluby/dansko/odense-boldklub/soupiska/2010-2011/
eu_denmark_odense-bk	Espen Ruud	espenruud	DEF	26.02.1984	40	https://www.eurofotbal.cz/kluby/dansko/odense-boldklub/soupiska/2010-2011/
eu_denmark_odense-bk	Chris Sørensen	chrissrensen	DEF	27.07.1977	33	https://www.eurofotbal.cz/kluby/dansko/odense-boldklub/soupiska/2010-2011/
eu_denmark_odense-bk	Jonas Troest	jonastroest	DEF	04.03.1985	4	https://www.eurofotbal.cz/kluby/dansko/odense-boldklub/soupiska/2010-2011/
eu_denmark_odense-bk	Hans Henrik Andreasen	hanshenrikandreasen	MID	10.01.1979	40	https://www.eurofotbal.cz/kluby/dansko/odense-boldklub/soupiska/2010-2011/
eu_denmark_odense-bk	Cacá	caca	MID	09.10.1982	5	https://www.eurofotbal.cz/kluby/dansko/odense-boldklub/soupiska/2010-2011/
eu_denmark_odense-bk	Eric Djemba-Djemba	ericdjembadjemba	MID	04.05.1981	33	https://www.eurofotbal.cz/kluby/dansko/odense-boldklub/soupiska/2010-2011/
eu_denmark_odense-bk	Rasmus Falk Jönsson	rasmusfalkjonsson	MID	15.01.1992	13	https://www.eurofotbal.cz/kluby/dansko/odense-boldklub/soupiska/2010-2011/
eu_denmark_odense-bk	Rúrik Gíslason	rurikgislason	MID	25.02.1988	29	https://www.eurofotbal.cz/kluby/dansko/odense-boldklub/soupiska/2010-2011/
eu_denmark_odense-bk	Esben Hansen	esbenhansen	MID	10.08.1981	0	https://www.eurofotbal.cz/kluby/dansko/odense-boldklub/soupiska/2010-2011/
eu_denmark_odense-bk	Henrik Hansen	henrikhansen	MID	28.07.1979	4	https://www.eurofotbal.cz/kluby/dansko/odense-boldklub/soupiska/2010-2011/
eu_denmark_odense-bk	Andreas Johansson	andreasjohansson	MID	05.07.1978	33	https://www.eurofotbal.cz/kluby/dansko/odense-boldklub/soupiska/2010-2011/
eu_denmark_odense-bk	Kalilou Traoré	kaliloutraore	MID	09.09.1987	34	https://www.eurofotbal.cz/kluby/dansko/odense-boldklub/soupiska/2010-2011/
eu_denmark_odense-bk	Johan Absalonsen	johanabsalonsen	ATT	16.09.1985	17	https://www.eurofotbal.cz/kluby/dansko/odense-boldklub/soupiska/2010-2011/
eu_denmark_odense-bk	Njogu Demba-Nyrén	njogudembanyren	ATT	26.06.1979	10	https://www.eurofotbal.cz/kluby/dansko/odense-boldklub/soupiska/2010-2011/
eu_denmark_odense-bk	Oliver Feldballe	oliverfeldballe	ATT	03.04.1990	21	https://www.eurofotbal.cz/kluby/dansko/odense-boldklub/soupiska/2010-2011/
eu_denmark_odense-bk	Bashkim Kadrii	bashkimkadrii	ATT	09.07.1991	28	https://www.eurofotbal.cz/kluby/dansko/odense-boldklub/soupiska/2010-2011/
eu_denmark_odense-bk	Björn Runström	bjornrunstrom	ATT	01.03.1984	0	https://www.eurofotbal.cz/kluby/dansko/odense-boldklub/soupiska/2010-2011/
eu_denmark_odense-bk	Henrik Toft	henriktoft	ATT	15.04.1981	31	https://www.eurofotbal.cz/kluby/dansko/odense-boldklub/soupiska/2010-2011/
eu_denmark_odense-bk	Peter Utaka	peterutaka	ATT	12.02.1984	41	https://www.eurofotbal.cz/kluby/dansko/odense-boldklub/soupiska/2010-2011/
eu_denmark_odense-bk	Anders Winding	anderswinding	ATT	16.02.1991	1	https://www.eurofotbal.cz/kluby/dansko/odense-boldklub/soupiska/2010-2011/
eu_denmark_brndby-if	Stephan Andersen	stephanandersen	GK	26.11.1981	23	https://www.eurofotbal.cz/kluby/dansko/brondby-if/soupiska/2010-2011/
eu_denmark_brndby-if	Michael Tørnes	michaeltrnes	GK	08.01.1986	12	https://www.eurofotbal.cz/kluby/dansko/brondby-if/soupiska/2010-2011/
eu_denmark_brndby-if	Mikkel Bischoff	mikkelbischoff	DEF	03.02.1982	9	https://www.eurofotbal.cz/kluby/dansko/brondby-if/soupiska/2010-2011/
eu_denmark_brndby-if	Dario Dumić	dariodumic	DEF	30.01.1992	0	https://www.eurofotbal.cz/kluby/dansko/brondby-if/soupiska/2010-2011/
eu_denmark_brndby-if	Jan Frederiksen	janfrederiksen	DEF	20.06.1982	20	https://www.eurofotbal.cz/kluby/dansko/brondby-if/soupiska/2010-2011/
eu_denmark_brndby-if	Clarence Goodson	clarencegoodson	DEF	17.05.1982	10	https://www.eurofotbal.cz/kluby/dansko/brondby-if/soupiska/2010-2011/
eu_denmark_brndby-if	Pierre Kanstrup	pierrekanstrup	DEF	21.02.1989	0	https://www.eurofotbal.cz/kluby/dansko/brondby-if/soupiska/2010-2011/
eu_denmark_brndby-if	Anders Randrup	andersrandrup	DEF	16.07.1988	23	https://www.eurofotbal.cz/kluby/dansko/brondby-if/soupiska/2010-2011/
eu_denmark_brndby-if	Daniel Stenderup	danielstenderup	DEF	31.05.1989	22	https://www.eurofotbal.cz/kluby/dansko/brondby-if/soupiska/2010-2011/
eu_denmark_brndby-if	Max von Schlebrügge	maxvonschlebrugge	DEF	01.02.1977	23	https://www.eurofotbal.cz/kluby/dansko/brondby-if/soupiska/2010-2011/
eu_denmark_brndby-if	Daniel Wass	danielwass	DEF	31.05.1989	34	https://www.eurofotbal.cz/kluby/dansko/brondby-if/soupiska/2010-2011/
eu_denmark_brndby-if	Alexander Farnerud	alexanderfarnerud	MID	01.05.1984	18	https://www.eurofotbal.cz/kluby/dansko/brondby-if/soupiska/2010-2011/
eu_denmark_brndby-if	Mathias Gehrt	mathiasgehrt	MID	07.06.1992	12	https://www.eurofotbal.cz/kluby/dansko/brondby-if/soupiska/2010-2011/
eu_denmark_brndby-if	Stefán Gíslason	stefangislason	MID	15.03.1980	0	https://www.eurofotbal.cz/kluby/dansko/brondby-if/soupiska/2010-2011/
eu_denmark_brndby-if	Paul Jatta	pauljatta	MID	21.02.1991	13	https://www.eurofotbal.cz/kluby/dansko/brondby-if/soupiska/2010-2011/
eu_denmark_brndby-if	Mike Jensen	mikejensen	MID	19.02.1988	34	https://www.eurofotbal.cz/kluby/dansko/brondby-if/soupiska/2010-2011/
eu_denmark_brndby-if	Jan Kristiansen	jankristiansen	MID	04.08.1981	30	https://www.eurofotbal.cz/kluby/dansko/brondby-if/soupiska/2010-2011/
eu_denmark_brndby-if	Michael Krohn-Dehli	michaelkrohndehli	MID	06.06.1983	31	https://www.eurofotbal.cz/kluby/dansko/brondby-if/soupiska/2010-2011/
eu_denmark_brndby-if	Kristoffer Munksgaard	kristoffermunksgaard	MID	01.01.1990	1	https://www.eurofotbal.cz/kluby/dansko/brondby-if/soupiska/2010-2011/
eu_denmark_brndby-if	Mikael Nilsson	mikaelnilsson	MID	24.06.1978	34	https://www.eurofotbal.cz/kluby/dansko/brondby-if/soupiska/2010-2011/
eu_denmark_brndby-if	Thomas Rasmussen	thomasrasmussen	MID	16.04.1977	20	https://www.eurofotbal.cz/kluby/dansko/brondby-if/soupiska/2010-2011/
eu_denmark_brndby-if	Jens Stryger Larsen	jensstrygerlarsen	MID	21.02.1991	22	https://www.eurofotbal.cz/kluby/dansko/brondby-if/soupiska/2010-2011/
eu_denmark_brndby-if	Remco van der Schaaf	remcovanderschaaf	MID	28.02.1979	20	https://www.eurofotbal.cz/kluby/dansko/brondby-if/soupiska/2010-2011/
eu_denmark_brndby-if	Nicolaj Agger	nicolajagger	ATT	23.10.1988	52	https://www.eurofotbal.cz/kluby/dansko/brondby-if/soupiska/2010-2011/
eu_denmark_brndby-if	Osama Akharraz	osamaakharraz	ATT	26.11.1990	4	https://www.eurofotbal.cz/kluby/dansko/brondby-if/soupiska/2010-2011/
eu_denmark_brndby-if	Bruno Batata	brunobatata	ATT	26.09.1984	5	https://www.eurofotbal.cz/kluby/dansko/brondby-if/soupiska/2010-2011/
eu_denmark_brndby-if	Martin Bernburg	martinbernburg	ATT	23.12.1985	6	https://www.eurofotbal.cz/kluby/dansko/brondby-if/soupiska/2010-2011/
eu_denmark_brndby-if	Ousman Jallow	ousmanjallow	ATT	21.10.1988	23	https://www.eurofotbal.cz/kluby/dansko/brondby-if/soupiska/2010-2011/
eu_denmark_brndby-if	Peter Madsen	petermadsen	ATT	26.04.1978	3	https://www.eurofotbal.cz/kluby/dansko/brondby-if/soupiska/2010-2011/
eu_denmark_brndby-if	Brent McGrath	brentmcgrath	ATT	18.06.1991	9	https://www.eurofotbal.cz/kluby/dansko/brondby-if/soupiska/2010-2011/
eu_finland_hjk-helsinki	Jani Viander	janiviander	GK	18.08.1975	0	https://www.eurofotbal.cz/kluby/finsko/hjk-helsinky/soupiska/2010/
eu_finland_hjk-helsinki	Tuomas Kansikas	tuomaskansikas	DEF	15.05.1981	0	https://www.eurofotbal.cz/kluby/finsko/hjk-helsinky/soupiska/2010/
eu_finland_hjk-helsinki	Mathias Lindström	mathiaslindstrom	DEF	14.01.1981	0	https://www.eurofotbal.cz/kluby/finsko/hjk-helsinky/soupiska/2010/
eu_finland_hjk-helsinki	Aki Riihilahti	akiriihilahti	MID	09.09.1976	0	https://www.eurofotbal.cz/kluby/finsko/hjk-helsinky/soupiska/2010/
eu_finland_hjk-helsinki	Sebastian Sorsa	sebastiansorsa	MID	25.01.1984	0	https://www.eurofotbal.cz/kluby/finsko/hjk-helsinky/soupiska/2010/
eu_finland_hjk-helsinki	Danny Hoesen	dannyhoesen	ATT	15.01.1991	0	https://www.eurofotbal.cz/kluby/finsko/hjk-helsinky/soupiska/2010/
eu_finland_hjk-helsinki	Juho Mäkelä	juhomakela	ATT	23.06.1983	0	https://www.eurofotbal.cz/kluby/finsko/hjk-helsinky/soupiska/2010/
eu_finland_hjk-helsinki	Teemu Pukki	teemupukki	ATT	29.03.1990	0	https://www.eurofotbal.cz/kluby/finsko/hjk-helsinky/soupiska/2010/
eu_greece_aek-athens	Giannis Arabatzis	giannisarabatzis	GK	28.05.1984	11	https://www.eurofotbal.cz/kluby/recko/aek-ateny/soupiska/2010-2011/
eu_greece_aek-athens	Milan Lukač	milanlukac	GK	04.10.1985	0	https://www.eurofotbal.cz/kluby/recko/aek-ateny/soupiska/2010-2011/
eu_greece_aek-athens	Sebastián Saja	sebastiansaja	GK	05.06.1979	39	https://www.eurofotbal.cz/kluby/recko/aek-ateny/soupiska/2010-2011/
eu_greece_aek-athens	Carlos Araújo	carlosaraujo	DEF	19.11.1981	0	https://www.eurofotbal.cz/kluby/recko/aek-ateny/soupiska/2010-2011/
eu_greece_aek-athens	Claudio Dadomo	claudiodadomo	DEF	10.02.1982	8	https://www.eurofotbal.cz/kluby/recko/aek-ateny/soupiska/2010-2011/
eu_greece_aek-athens	Traianos Dellas	traianosdellas	DEF	31.01.1976	35	https://www.eurofotbal.cz/kluby/recko/aek-ateny/soupiska/2010-2011/
eu_greece_aek-athens	Dino Drpić	dinodrpic	DEF	26.05.1981	2	https://www.eurofotbal.cz/kluby/recko/aek-ateny/soupiska/2010-2011/
eu_greece_aek-athens	Nikos Georgeas	nikosgeorgeas	DEF	27.12.1976	17	https://www.eurofotbal.cz/kluby/recko/aek-ateny/soupiska/2010-2011/
eu_greece_aek-athens	Sanel Jahić	saneljahic	DEF	10.12.1981	25	https://www.eurofotbal.cz/kluby/recko/aek-ateny/soupiska/2010-2011/
eu_greece_aek-athens	Stamatis Kalamiotis	stamatiskalamiotis	DEF	24.04.1990	0	https://www.eurofotbal.cz/kluby/recko/aek-ateny/soupiska/2010-2011/
eu_greece_aek-athens	Nikos Karabelas	nikoskarabelas	DEF	20.12.1984	31	https://www.eurofotbal.cz/kluby/recko/aek-ateny/soupiska/2010-2011/
eu_greece_aek-athens	Dimitris Koutroumanos	dimitriskoutroumanos	DEF	25.02.1987	0	https://www.eurofotbal.cz/kluby/recko/aek-ateny/soupiska/2010-2011/
eu_greece_aek-athens	Konstantinos Manolas	konstantinosmanolas	DEF	14.06.1991	36	https://www.eurofotbal.cz/kluby/recko/aek-ateny/soupiska/2010-2011/
eu_greece_aek-athens	Spyros Matentzidis	spyrosmatentzidis	DEF	23.07.1990	0	https://www.eurofotbal.cz/kluby/recko/aek-ateny/soupiska/2010-2011/
eu_greece_aek-athens	David Mateos	davidmateos	DEF	22.04.1987	12	https://www.eurofotbal.cz/kluby/recko/aek-ateny/soupiska/2010-2011/
eu_greece_aek-athens	Cristian Javier Nasuti	cristianjaviernasuti	DEF	06.09.1982	22	https://www.eurofotbal.cz/kluby/recko/aek-ateny/soupiska/2010-2011/
eu_greece_aek-athens	Christos Patsatzoglou	christospatsatzoglou	DEF	19.03.1979	10	https://www.eurofotbal.cz/kluby/recko/aek-ateny/soupiska/2010-2011/
eu_greece_aek-athens	Anestis Argyriou	anestisargyriou	MID	04.01.1988	7	https://www.eurofotbal.cz/kluby/recko/aek-ateny/soupiska/2010-2011/
eu_greece_aek-athens	Papa Bouba Diop	papaboubadiop	MID	28.01.1978	37	https://www.eurofotbal.cz/kluby/recko/aek-ateny/soupiska/2010-2011/
eu_greece_aek-athens	Eder Luis	ederluis	MID	09.01.1987	15	https://www.eurofotbal.cz/kluby/recko/aek-ateny/soupiska/2010-2011/
eu_greece_aek-athens	Dimitrios Froxilias	dimitriosfroxilias	MID	28.06.1993	1	https://www.eurofotbal.cz/kluby/recko/aek-ateny/soupiska/2010-2011/
eu_greece_aek-athens	Savvas Gentsoglou	savvasgentsoglou	MID	19.09.1990	22	https://www.eurofotbal.cz/kluby/recko/aek-ateny/soupiska/2010-2011/
eu_greece_aek-athens	Roger Guerreiro	rogerguerreiro	MID	25.05.1982	26	https://www.eurofotbal.cz/kluby/recko/aek-ateny/soupiska/2010-2011/
eu_greece_aek-athens	Youssouf Hersi	youssoufhersi	MID	20.08.1982	0	https://www.eurofotbal.cz/kluby/recko/aek-ateny/soupiska/2010-2011/
eu_greece_aek-athens	Pantelis Kafes	panteliskafes	MID	24.06.1978	35	https://www.eurofotbal.cz/kluby/recko/aek-ateny/soupiska/2010-2011/
eu_greece_aek-athens	Viktor Klonaridis	viktorklonaridis	MID	28.07.1992	1	https://www.eurofotbal.cz/kluby/recko/aek-ateny/soupiska/2010-2011/
eu_greece_aek-athens	Panagiotis Lagos	panagiotislagos	MID	18.07.1985	39	https://www.eurofotbal.cz/kluby/recko/aek-ateny/soupiska/2010-2011/
eu_greece_aek-athens	Leonardo	leonardo	MID	22.09.1986	34	https://www.eurofotbal.cz/kluby/recko/aek-ateny/soupiska/2010-2011/
eu_greece_aek-athens	Grigoris Makos	grigorismakos	MID	18.01.1987	40	https://www.eurofotbal.cz/kluby/recko/aek-ateny/soupiska/2010-2011/
eu_greece_aek-athens	Míchel	michel	MID	08.11.1985	18	https://www.eurofotbal.cz/kluby/recko/aek-ateny/soupiska/2010-2011/
eu_greece_aek-athens	Tamandani Nsaliwa	tamandaninsaliwa	MID	28.01.1982	0	https://www.eurofotbal.cz/kluby/recko/aek-ateny/soupiska/2010-2011/
eu_greece_aek-athens	Antonis Rikka	antonisrikka	MID	03.03.1986	0	https://www.eurofotbal.cz/kluby/recko/aek-ateny/soupiska/2010-2011/
eu_greece_aek-athens	Serxhio Abdurahmani	serxhioabdurahmani	ATT	17.07.1992	1	https://www.eurofotbal.cz/kluby/recko/aek-ateny/soupiska/2010-2011/
eu_greece_aek-athens	Nabil Baha	nabilbaha	ATT	12.08.1981	18	https://www.eurofotbal.cz/kluby/recko/aek-ateny/soupiska/2010-2011/
eu_greece_aek-athens	Ismael Blanco	ismaelblanco	ATT	19.01.1983	38	https://www.eurofotbal.cz/kluby/recko/aek-ateny/soupiska/2010-2011/
eu_greece_aek-athens	Nathan Burns	nathanburns	ATT	07.05.1988	25	https://www.eurofotbal.cz/kluby/recko/aek-ateny/soupiska/2010-2011/
eu_greece_aek-athens	Rafik Djebbour	rafikdjebbour	ATT	08.03.1984	18	https://www.eurofotbal.cz/kluby/recko/aek-ateny/soupiska/2010-2011/
eu_greece_aek-athens	Nikos Liberopoulos	nikosliberopoulos	ATT	04.08.1975	34	https://www.eurofotbal.cz/kluby/recko/aek-ateny/soupiska/2010-2011/
eu_greece_aek-athens	Georgios Nikoltsis	georgiosnikoltsis	ATT	06.04.1992	1	https://www.eurofotbal.cz/kluby/recko/aek-ateny/soupiska/2010-2011/
eu_greece_aek-athens	Michalis Pavlis	michalispavlis	ATT	29.09.1989	0	https://www.eurofotbal.cz/kluby/recko/aek-ateny/soupiska/2010-2011/
eu_greece_aek-athens	Ignacio Scocco	ignacioscocco	ATT	29.05.1985	40	https://www.eurofotbal.cz/kluby/recko/aek-ateny/soupiska/2010-2011/
eu_greece_aris-thessaloniki	Juanma	juanma	GK	27.06.1980	5	https://www.eurofotbal.cz/kluby/recko/aris-solun/soupiska/2010-2011/
eu_greece_aris-thessaloniki	Michalis Sifakis	michalissifakis	GK	09.09.1984	34	https://www.eurofotbal.cz/kluby/recko/aris-solun/soupiska/2010-2011/
eu_greece_aris-thessaloniki	Markos Vellidis	markosvellidis	GK	04.04.1987	4	https://www.eurofotbal.cz/kluby/recko/aris-solun/soupiska/2010-2011/
eu_greece_aris-thessaloniki	Giannis Agtzidis	giannisagtzidis	DEF	14.10.1992	0	https://www.eurofotbal.cz/kluby/recko/aris-solun/soupiska/2010-2011/
eu_greece_aris-thessaloniki	Mavroudis Bougaidis	mavroudisbougaidis	DEF	01.06.1993	0	https://www.eurofotbal.cz/kluby/recko/aris-solun/soupiska/2010-2011/
eu_greece_aris-thessaloniki	Efthimios Kouloucheris	efthimioskouloucheris	DEF	10.03.1981	9	https://www.eurofotbal.cz/kluby/recko/aris-solun/soupiska/2010-2011/
eu_greece_aris-thessaloniki	Nikolaos Lazaridis	nikolaoslazaridis	DEF	12.07.1979	39	https://www.eurofotbal.cz/kluby/recko/aris-solun/soupiska/2010-2011/
eu_greece_aris-thessaloniki	Oriol Lozano	oriollozano	DEF	23.05.1981	11	https://www.eurofotbal.cz/kluby/recko/aris-solun/soupiska/2010-2011/
eu_greece_aris-thessaloniki	Michel	michel	DEF	09.06.1981	37	https://www.eurofotbal.cz/kluby/recko/aris-solun/soupiska/2010-2011/
eu_greece_aris-thessaloniki	Neto	neto	DEF	07.02.1981	31	https://www.eurofotbal.cz/kluby/recko/aris-solun/soupiska/2010-2011/
eu_greece_aris-thessaloniki	Grigoris Papazacharias	grigorispapazacharias	DEF	20.03.1985	3	https://www.eurofotbal.cz/kluby/recko/aris-solun/soupiska/2010-2011/
eu_greece_aris-thessaloniki	Ronaldo Guiaro	ronaldoguiaro	DEF	18.02.1974	26	https://www.eurofotbal.cz/kluby/recko/aris-solun/soupiska/2010-2011/
eu_greece_aris-thessaloniki	Kristi Vangjeli	kristivangjeli	DEF	05.09.1985	30	https://www.eurofotbal.cz/kluby/recko/aris-solun/soupiska/2010-2011/
eu_greece_aris-thessaloniki	Christos Aravidis	christosaravidis	MID	13.03.1987	4	https://www.eurofotbal.cz/kluby/recko/aris-solun/soupiska/2010-2011/
eu_greece_aris-thessaloniki	Toni Calvo	tonicalvo	MID	28.03.1987	15	https://www.eurofotbal.cz/kluby/recko/aris-solun/soupiska/2010-2011/
eu_greece_aris-thessaloniki	Nery Castillo	nerycastillo	MID	13.06.1984	11	https://www.eurofotbal.cz/kluby/recko/aris-solun/soupiska/2010-2011/
eu_greece_aris-thessaloniki	Deividas Česnauskis	deividascesnauskis	MID	30.06.1981	15	https://www.eurofotbal.cz/kluby/recko/aris-solun/soupiska/2010-2011/
eu_greece_aris-thessaloniki	Ricardo Faty	ricardofaty	MID	04.08.1986	29	https://www.eurofotbal.cz/kluby/recko/aris-solun/soupiska/2010-2011/
eu_greece_aris-thessaloniki	Ronald García	ronaldgarcia	MID	17.12.1980	0	https://www.eurofotbal.cz/kluby/recko/aris-solun/soupiska/2010-2011/
eu_greece_aris-thessaloniki	Haralambos Ikonomopoulos	haralambosikonomopoulos	MID	09.01.1991	1	https://www.eurofotbal.cz/kluby/recko/aris-solun/soupiska/2010-2011/
eu_greece_aris-thessaloniki	Konstantinos Kasnaferis	konstantinoskasnaferis	MID	22.06.1987	17	https://www.eurofotbal.cz/kluby/recko/aris-solun/soupiska/2010-2011/
eu_greece_aris-thessaloniki	Giorgos Katidis	giorgoskatidis	MID	12.02.1993	2	https://www.eurofotbal.cz/kluby/recko/aris-solun/soupiska/2010-2011/
eu_greece_aris-thessaloniki	Konstantinos Mendrinos	konstantinosmendrinos	MID	28.05.1985	26	https://www.eurofotbal.cz/kluby/recko/aris-solun/soupiska/2010-2011/
eu_greece_aris-thessaloniki	Camel Meriem	camelmeriem	MID	18.10.1979	0	https://www.eurofotbal.cz/kluby/recko/aris-solun/soupiska/2010-2011/
eu_greece_aris-thessaloniki	Mehdi Nafti	mehdinafti	MID	28.11.1978	14	https://www.eurofotbal.cz/kluby/recko/aris-solun/soupiska/2010-2011/
eu_greece_aris-thessaloniki	Danilo Pereira	danilopereira	MID	09.09.1991	5	https://www.eurofotbal.cz/kluby/recko/aris-solun/soupiska/2010-2011/
eu_greece_aris-thessaloniki	Álvaro Portilla	alvaroportilla	MID	28.04.1986	3	https://www.eurofotbal.cz/kluby/recko/aris-solun/soupiska/2010-2011/
eu_greece_aris-thessaloniki	Cristian Portilla	cristianportilla	MID	28.08.1988	9	https://www.eurofotbal.cz/kluby/recko/aris-solun/soupiska/2010-2011/
eu_greece_aris-thessaloniki	Athanasios Prittas	athanasiosprittas	MID	09.01.1979	26	https://www.eurofotbal.cz/kluby/recko/aris-solun/soupiska/2010-2011/
eu_greece_aris-thessaloniki	Juan Carlos Toja	juancarlostoja	MID	24.05.1985	35	https://www.eurofotbal.cz/kluby/recko/aris-solun/soupiska/2010-2011/
eu_greece_aris-thessaloniki	Freddy Adu	freddyadu	ATT	02.06.1989	0	https://www.eurofotbal.cz/kluby/recko/aris-solun/soupiska/2010-2011/
eu_greece_aris-thessaloniki	Raúl Bobadilla	raulbobadilla	ATT	18.06.1987	9	https://www.eurofotbal.cz/kluby/recko/aris-solun/soupiska/2010-2011/
eu_greece_aris-thessaloniki	Daniel Cesarec	danielcesarec	ATT	08.01.1983	31	https://www.eurofotbal.cz/kluby/recko/aris-solun/soupiska/2010-2011/
eu_greece_aris-thessaloniki	Fabiano	fabiano	ATT	24.11.1985	3	https://www.eurofotbal.cz/kluby/recko/aris-solun/soupiska/2010-2011/
eu_greece_aris-thessaloniki	Javito	javito	ATT	04.11.1983	29	https://www.eurofotbal.cz/kluby/recko/aris-solun/soupiska/2010-2011/
eu_greece_aris-thessaloniki	Koke	koke	ATT	27.04.1983	31	https://www.eurofotbal.cz/kluby/recko/aris-solun/soupiska/2010-2011/
eu_greece_aris-thessaloniki	Carlos Ruiz	carlosruiz	ATT	15.09.1979	24	https://www.eurofotbal.cz/kluby/recko/aris-solun/soupiska/2010-2011/
eu_greece_aris-thessaloniki	Daisuke Sakata	daisukesakata	ATT	16.01.1983	7	https://www.eurofotbal.cz/kluby/recko/aris-solun/soupiska/2010-2011/
eu_greece_asteras-tripolis	Nikolaos Anastasopoulos	nikolaosanastasopoulos	GK	05.08.1979	5	https://www.eurofotbal.cz/kluby/recko/asteras-tripolis/soupiska/2010-2011/
eu_greece_asteras-tripolis	Matías Degra	matiasdegra	GK	18.06.1983	26	https://www.eurofotbal.cz/kluby/recko/asteras-tripolis/soupiska/2010-2011/
eu_greece_asteras-tripolis	Giorgos Kyriakopoulos	giorgoskyriakopoulos	GK	21.08.1990	0	https://www.eurofotbal.cz/kluby/recko/asteras-tripolis/soupiska/2010-2011/
eu_greece_asteras-tripolis	Manolis Stefanakos	manolisstefanakos	GK	07.08.1989	0	https://www.eurofotbal.cz/kluby/recko/asteras-tripolis/soupiska/2010-2011/
eu_greece_asteras-tripolis	Leonidas Argyropoulos	leonidasargyropoulos	DEF	29.05.1990	12	https://www.eurofotbal.cz/kluby/recko/asteras-tripolis/soupiska/2010-2011/
eu_greece_asteras-tripolis	Sebastián Bartolini	sebastianbartolini	DEF	01.02.1982	18	https://www.eurofotbal.cz/kluby/recko/asteras-tripolis/soupiska/2010-2011/
eu_greece_asteras-tripolis	Sokratis Fytanidis	sokratisfytanidis	DEF	25.05.1984	25	https://www.eurofotbal.cz/kluby/recko/asteras-tripolis/soupiska/2010-2011/
eu_greece_asteras-tripolis	Vasilios Lambropoulos	vasilioslambropoulos	DEF	31.03.1990	1	https://www.eurofotbal.cz/kluby/recko/asteras-tripolis/soupiska/2010-2011/
eu_greece_asteras-tripolis	Daniel Orozco	danielorozco	DEF	19.02.1987	20	https://www.eurofotbal.cz/kluby/recko/asteras-tripolis/soupiska/2010-2011/
eu_greece_asteras-tripolis	Nikolaos Pantidos	nikolaospantidos	DEF	19.04.1991	0	https://www.eurofotbal.cz/kluby/recko/asteras-tripolis/soupiska/2010-2011/
eu_greece_asteras-tripolis	Christos Pipinis	christospipinis	DEF	01.11.1984	4	https://www.eurofotbal.cz/kluby/recko/asteras-tripolis/soupiska/2010-2011/
eu_greece_asteras-tripolis	Rubén Pulido	rubenpulido	DEF	02.02.1979	22	https://www.eurofotbal.cz/kluby/recko/asteras-tripolis/soupiska/2010-2011/
eu_greece_asteras-tripolis	Anastasios Tsoumagkas	anastasiostsoumagkas	DEF	22.03.1991	0	https://www.eurofotbal.cz/kluby/recko/asteras-tripolis/soupiska/2010-2011/
eu_greece_asteras-tripolis	Bruno Urribarri	brunourribarri	DEF	06.11.1986	25	https://www.eurofotbal.cz/kluby/recko/asteras-tripolis/soupiska/2010-2011/
eu_greece_asteras-tripolis	Nemanja Arsenijević	nemanjaarsenijevic	MID	29.03.1986	12	https://www.eurofotbal.cz/kluby/recko/asteras-tripolis/soupiska/2010-2011/
eu_greece_asteras-tripolis	Adrián Bastía	adrianbastia	MID	20.12.1978	27	https://www.eurofotbal.cz/kluby/recko/asteras-tripolis/soupiska/2010-2011/
eu_greece_asteras-tripolis	Horacio Cardozo	horaciocardozo	MID	29.11.1979	0	https://www.eurofotbal.cz/kluby/recko/asteras-tripolis/soupiska/2010-2011/
eu_greece_asteras-tripolis	Sebastián Carrera	sebastiancarrera	MID	25.05.1978	23	https://www.eurofotbal.cz/kluby/recko/asteras-tripolis/soupiska/2010-2011/
eu_greece_asteras-tripolis	Cris	cris	MID	11.01.1984	10	https://www.eurofotbal.cz/kluby/recko/asteras-tripolis/soupiska/2010-2011/
eu_greece_asteras-tripolis	Georgios Diamantopoulos	georgiosdiamantopoulos	MID	17.03.1991	0	https://www.eurofotbal.cz/kluby/recko/asteras-tripolis/soupiska/2010-2011/
eu_greece_asteras-tripolis	Konstantinos Fortounis	konstantinosfortounis	MID	16.10.1992	25	https://www.eurofotbal.cz/kluby/recko/asteras-tripolis/soupiska/2010-2011/
eu_greece_asteras-tripolis	Mark Kerr	markkerr	MID	02.03.1982	10	https://www.eurofotbal.cz/kluby/recko/asteras-tripolis/soupiska/2010-2011/
eu_greece_asteras-tripolis	Antonis Ladakis	antonisladakis	MID	25.01.1982	29	https://www.eurofotbal.cz/kluby/recko/asteras-tripolis/soupiska/2010-2011/
eu_greece_asteras-tripolis	Marcelo Goianira	marcelogoianira	MID	06.07.1980	4	https://www.eurofotbal.cz/kluby/recko/asteras-tripolis/soupiska/2010-2011/
eu_greece_asteras-tripolis	Rogério Martins	rogeriomartins	MID	19.11.1984	30	https://www.eurofotbal.cz/kluby/recko/asteras-tripolis/soupiska/2010-2011/
eu_greece_asteras-tripolis	Leonel Ríos	leonelrios	MID	17.11.1982	4	https://www.eurofotbal.cz/kluby/recko/asteras-tripolis/soupiska/2010-2011/
eu_greece_asteras-tripolis	Goran Rubil	goranrubil	MID	09.03.1981	11	https://www.eurofotbal.cz/kluby/recko/asteras-tripolis/soupiska/2010-2011/
eu_greece_asteras-tripolis	Nikos Skondras	nikosskondras	MID	16.11.1992	1	https://www.eurofotbal.cz/kluby/recko/asteras-tripolis/soupiska/2010-2011/
eu_greece_asteras-tripolis	Savvas Tsabouris	savvastsabouris	MID	16.07.1986	6	https://www.eurofotbal.cz/kluby/recko/asteras-tripolis/soupiska/2010-2011/
eu_greece_asteras-tripolis	Shikoze Udoji	shikozeudoji	MID	16.07.1986	24	https://www.eurofotbal.cz/kluby/recko/asteras-tripolis/soupiska/2010-2011/
eu_greece_asteras-tripolis	Gavriil Apostolidis	gavriilapostolidis	ATT	12.01.1989	0	https://www.eurofotbal.cz/kluby/recko/asteras-tripolis/soupiska/2010-2011/
eu_greece_asteras-tripolis	Salim Arrache	salimarrache	ATT	14.07.1982	17	https://www.eurofotbal.cz/kluby/recko/asteras-tripolis/soupiska/2010-2011/
eu_greece_asteras-tripolis	Anastasios Bakasetas	anastasiosbakasetas	ATT	28.06.1993	6	https://www.eurofotbal.cz/kluby/recko/asteras-tripolis/soupiska/2010-2011/
eu_greece_asteras-tripolis	Emmanuel Francou	emmanuelfrancou	ATT	31.01.1986	14	https://www.eurofotbal.cz/kluby/recko/asteras-tripolis/soupiska/2010-2011/
eu_greece_asteras-tripolis	Radoslaw Matusiak	radoslawmatusiak	ATT	01.01.1982	4	https://www.eurofotbal.cz/kluby/recko/asteras-tripolis/soupiska/2010-2011/
eu_greece_asteras-tripolis	Athanasios Papazoglou	athanasiospapazoglou	ATT	30.03.1988	9	https://www.eurofotbal.cz/kluby/recko/asteras-tripolis/soupiska/2010-2011/
eu_greece_asteras-tripolis	Artūras Rimkevičius	arturasrimkevicius	ATT	14.04.1983	1	https://www.eurofotbal.cz/kluby/recko/asteras-tripolis/soupiska/2010-2011/
eu_greece_asteras-tripolis	Roberto	roberto	ATT	29.07.1978	9	https://www.eurofotbal.cz/kluby/recko/asteras-tripolis/soupiska/2010-2011/
eu_greece_olympiacos	Balázs Megyeri	balazsmegyeri	GK	31.03.1990	3	https://www.eurofotbal.cz/kluby/recko/olympiakos-pireus/soupiska/2010-2011/
eu_greece_olympiacos	Antonios Nikopolidis	antoniosnikopolidis	GK	14.01.1971	10	https://www.eurofotbal.cz/kluby/recko/olympiakos-pireus/soupiska/2010-2011/
eu_greece_olympiacos	Urko Pardo	urkopardo	GK	28.01.1983	23	https://www.eurofotbal.cz/kluby/recko/olympiakos-pireus/soupiska/2010-2011/
eu_greece_olympiacos	Raúl Bravo	raulbravo	DEF	14.04.1981	20	https://www.eurofotbal.cz/kluby/recko/olympiakos-pireus/soupiska/2010-2011/
eu_greece_olympiacos	José Holebas	joseholebas	DEF	27.06.1984	28	https://www.eurofotbal.cz/kluby/recko/olympiakos-pireus/soupiska/2010-2011/
eu_greece_olympiacos	Leonardo	leonardo	DEF	04.08.1985	0	https://www.eurofotbal.cz/kluby/recko/olympiakos-pireus/soupiska/2010-2011/
eu_greece_olympiacos	Giannis Maniatis	giannismaniatis	DEF	12.10.1986	9	https://www.eurofotbal.cz/kluby/recko/olympiakos-pireus/soupiska/2010-2011/
eu_greece_olympiacos	Olof Mellberg	olofmellberg	DEF	03.09.1977	28	https://www.eurofotbal.cz/kluby/recko/olympiakos-pireus/soupiska/2010-2011/
eu_greece_olympiacos	François Modestó	francoismodesto	DEF	19.08.1978	29	https://www.eurofotbal.cz/kluby/recko/olympiakos-pireus/soupiska/2010-2011/
eu_greece_olympiacos	Avraam Papadopoulos	avraampapadopoulos	DEF	03.12.1984	29	https://www.eurofotbal.cz/kluby/recko/olympiakos-pireus/soupiska/2010-2011/
eu_greece_olympiacos	Giannis Potouridis	giannispotouridis	DEF	27.02.1992	7	https://www.eurofotbal.cz/kluby/recko/olympiakos-pireus/soupiska/2010-2011/
eu_greece_olympiacos	Vasilios Torosidis	vasiliostorosidis	DEF	10.06.1985	23	https://www.eurofotbal.cz/kluby/recko/olympiakos-pireus/soupiska/2010-2011/
eu_greece_olympiacos	Dudu Cearense	duducearense	MID	15.04.1983	21	https://www.eurofotbal.cz/kluby/recko/olympiakos-pireus/soupiska/2010-2011/
eu_greece_olympiacos	Giannis Fetfatzidis	giannisfetfatzidis	MID	21.12.1990	21	https://www.eurofotbal.cz/kluby/recko/olympiakos-pireus/soupiska/2010-2011/
eu_greece_olympiacos	David Fuster	davidfuster	MID	03.02.1982	31	https://www.eurofotbal.cz/kluby/recko/olympiakos-pireus/soupiska/2010-2011/
eu_greece_olympiacos	Georgios Galitsios	georgiosgalitsios	MID	06.07.1986	4	https://www.eurofotbal.cz/kluby/recko/olympiakos-pireus/soupiska/2010-2011/
eu_greece_olympiacos	Óscar González	oscargonzalez	MID	12.11.1982	1	https://www.eurofotbal.cz/kluby/recko/olympiakos-pireus/soupiska/2010-2011/
eu_greece_olympiacos	Moisés Hurtado	moiseshurtado	MID	20.02.1981	17	https://www.eurofotbal.cz/kluby/recko/olympiakos-pireus/soupiska/2010-2011/
eu_greece_olympiacos	Ariel Ibagaza	arielibagaza	MID	27.10.1976	29	https://www.eurofotbal.cz/kluby/recko/olympiakos-pireus/soupiska/2010-2011/
eu_greece_olympiacos	Enzo Maresca	enzomaresca	MID	10.02.1980	2	https://www.eurofotbal.cz/kluby/recko/olympiakos-pireus/soupiska/2010-2011/
eu_greece_olympiacos	Giannis Papadopoulos	giannispapadopoulos	MID	09.03.1989	9	https://www.eurofotbal.cz/kluby/recko/olympiakos-pireus/soupiska/2010-2011/
eu_greece_olympiacos	Albert Riera	albertriera	MID	15.04.1982	28	https://www.eurofotbal.cz/kluby/recko/olympiakos-pireus/soupiska/2010-2011/
eu_greece_olympiacos	Dennis Rommedahl	dennisrommedahl	MID	22.07.1978	22	https://www.eurofotbal.cz/kluby/recko/olympiakos-pireus/soupiska/2010-2011/
eu_greece_olympiacos	Andreas Tatos	andreastatos	MID	11.05.1989	0	https://www.eurofotbal.cz/kluby/recko/olympiakos-pireus/soupiska/2010-2011/
eu_greece_olympiacos	Andreas Vassilogiannis	andreasvassilogiannis	MID	21.02.1991	0	https://www.eurofotbal.cz/kluby/recko/olympiakos-pireus/soupiska/2010-2011/
eu_greece_olympiacos	Jaouad Zaïri	jaouadzairi	MID	17.04.1982	18	https://www.eurofotbal.cz/kluby/recko/olympiakos-pireus/soupiska/2010-2011/
eu_greece_olympiacos	Matt Derbyshire	mattderbyshire	ATT	14.04.1986	1	https://www.eurofotbal.cz/kluby/recko/olympiakos-pireus/soupiska/2010-2011/
eu_greece_olympiacos	Diogo	diogo	ATT	26.05.1987	2	https://www.eurofotbal.cz/kluby/recko/olympiakos-pireus/soupiska/2010-2011/
eu_greece_olympiacos	Rafik Djebbour	rafikdjebbour	ATT	08.03.1984	11	https://www.eurofotbal.cz/kluby/recko/olympiakos-pireus/soupiska/2010-2011/
eu_greece_olympiacos	Kevin Mirallas	kevinmirallas	ATT	05.10.1987	31	https://www.eurofotbal.cz/kluby/recko/olympiakos-pireus/soupiska/2010-2011/
eu_greece_olympiacos	Konstantinos Mitroglou	konstantinosmitroglou	ATT	12.03.1988	7	https://www.eurofotbal.cz/kluby/recko/olympiakos-pireus/soupiska/2010-2011/
eu_greece_olympiacos	Krisztián Németh	krisztiannemeth	ATT	05.01.1989	3	https://www.eurofotbal.cz/kluby/recko/olympiakos-pireus/soupiska/2010-2011/
eu_greece_olympiacos	Marko Pantelić	markopantelic	ATT	15.09.1978	23	https://www.eurofotbal.cz/kluby/recko/olympiakos-pireus/soupiska/2010-2011/
eu_greece_olympiacos	Wanderson	wanderson	ATT	07.02.1994	0	https://www.eurofotbal.cz/kluby/recko/olympiakos-pireus/soupiska/2010-2011/
eu_greece_paok	Asterios Giakoumis	asteriosgiakoumis	GK	03.05.1988	0	https://www.eurofotbal.cz/kluby/recko/paok-solun/soupiska/2010-2011/
eu_greece_paok	Panagiotis Glykos	panagiotisglykos	GK	03.06.1986	0	https://www.eurofotbal.cz/kluby/recko/paok-solun/soupiska/2010-2011/
eu_greece_paok	Konstantinos Chalkias	konstantinoschalkias	GK	30.05.1974	25	https://www.eurofotbal.cz/kluby/recko/paok-solun/soupiska/2010-2011/
eu_greece_paok	Fotis Koutzavasilis	fotiskoutzavasilis	GK	11.03.1989	0	https://www.eurofotbal.cz/kluby/recko/paok-solun/soupiska/2010-2011/
eu_greece_paok	Dario Krešić	dariokresic	GK	11.01.1984	31	https://www.eurofotbal.cz/kluby/recko/paok-solun/soupiska/2010-2011/
eu_greece_paok	Sotiris Balafas	sotirisbalafas	DEF	19.08.1986	10	https://www.eurofotbal.cz/kluby/recko/paok-solun/soupiska/2010-2011/
eu_greece_paok	Bruno Cirillo	brunocirillo	DEF	21.03.1977	38	https://www.eurofotbal.cz/kluby/recko/paok-solun/soupiska/2010-2011/
eu_greece_paok	Pablo Contreras	pablocontreras	DEF	11.09.1978	41	https://www.eurofotbal.cz/kluby/recko/paok-solun/soupiska/2010-2011/
eu_greece_paok	Stelios Malezas	steliosmalezas	DEF	11.03.1985	24	https://www.eurofotbal.cz/kluby/recko/paok-solun/soupiska/2010-2011/
eu_greece_paok	Leftherios Sakellariou	leftheriossakellariou	DEF	17.02.1987	13	https://www.eurofotbal.cz/kluby/recko/paok-solun/soupiska/2010-2011/
eu_greece_paok	Mirko Savini	mirkosavini	DEF	11.03.1979	10	https://www.eurofotbal.cz/kluby/recko/paok-solun/soupiska/2010-2011/
eu_greece_paok	Mirosław Sznaucner	mirosawsznaucner	DEF	09.05.1979	34	https://www.eurofotbal.cz/kluby/recko/paok-solun/soupiska/2010-2011/
eu_greece_paok	Diego Arias	diegoarias	MID	15.06.1985	7	https://www.eurofotbal.cz/kluby/recko/paok-solun/soupiska/2010-2011/
eu_greece_paok	Anis Boussaïdi	anisboussaidi	MID	10.04.1981	20	https://www.eurofotbal.cz/kluby/recko/paok-solun/soupiska/2010-2011/
eu_greece_paok	Nabil El Zhar	nabilelzhar	MID	27.08.1986	32	https://www.eurofotbal.cz/kluby/recko/paok-solun/soupiska/2010-2011/
eu_greece_paok	Etto	etto	MID	08.03.1981	14	https://www.eurofotbal.cz/kluby/recko/paok-solun/soupiska/2010-2011/
eu_greece_paok	Georgios Fotakis	georgiosfotakis	MID	29.10.1981	32	https://www.eurofotbal.cz/kluby/recko/paok-solun/soupiska/2010-2011/
eu_greece_paok	Pablo García	pablogarcia	MID	11.05.1977	43	https://www.eurofotbal.cz/kluby/recko/paok-solun/soupiska/2010-2011/
eu_greece_paok	Militants Christianidis	militantschristianidis	MID	15.07.1992	0	https://www.eurofotbal.cz/kluby/recko/paok-solun/soupiska/2010-2011/
eu_greece_paok	Vladimir Ivić	vladimirivic	MID	07.05.1977	37	https://www.eurofotbal.cz/kluby/recko/paok-solun/soupiska/2010-2011/
eu_greece_paok	Ergys Kaçe	ergyskace	MID	08.07.1993	1	https://www.eurofotbal.cz/kluby/recko/paok-solun/soupiska/2010-2011/
eu_greece_paok	Lino	lino	MID	01.06.1977	33	https://www.eurofotbal.cz/kluby/recko/paok-solun/soupiska/2010-2011/
eu_greece_paok	Hussein Mumin	husseinmumin	MID	24.03.1987	0	https://www.eurofotbal.cz/kluby/recko/paok-solun/soupiska/2010-2011/
eu_greece_paok	Olivier Sorlin	oliviersorlin	MID	09.04.1979	5	https://www.eurofotbal.cz/kluby/recko/paok-solun/soupiska/2010-2011/
eu_greece_paok	Stavros Tsoukalas	stavrostsoukalas	MID	28.05.1988	21	https://www.eurofotbal.cz/kluby/recko/paok-solun/soupiska/2010-2011/
eu_greece_paok	Vitolo	vitolo	MID	09.09.1983	36	https://www.eurofotbal.cz/kluby/recko/paok-solun/soupiska/2010-2011/
eu_greece_paok	Francisco Zuela	franciscozuela	MID	03.08.1983	8	https://www.eurofotbal.cz/kluby/recko/paok-solun/soupiska/2010-2011/
eu_greece_paok	Stefanos Athanasiadis	stefanosathanasiadis	ATT	24.12.1988	26	https://www.eurofotbal.cz/kluby/recko/paok-solun/soupiska/2010-2011/
eu_greece_paok	Cristiano	cristiano	ATT	28.09.1983	7	https://www.eurofotbal.cz/kluby/recko/paok-solun/soupiska/2010-2011/
eu_greece_paok	Lucio Filomeno	luciofilomeno	ATT	08.05.1980	16	https://www.eurofotbal.cz/kluby/recko/paok-solun/soupiska/2010-2011/
eu_greece_paok	Vasilios Koutsianikoulis	vasilioskoutsianikoulis	ATT	09.08.1988	13	https://www.eurofotbal.cz/kluby/recko/paok-solun/soupiska/2010-2011/
eu_greece_paok	Zlatan Muslimović	zlatanmuslimovic	ATT	06.03.1981	32	https://www.eurofotbal.cz/kluby/recko/paok-solun/soupiska/2010-2011/
eu_greece_paok	Athanasios Papazoglou	athanasiospapazoglou	ATT	30.03.1988	11	https://www.eurofotbal.cz/kluby/recko/paok-solun/soupiska/2010-2011/
eu_greece_paok	Dimitris Salpingidis	dimitrissalpingidis	ATT	18.08.1981	51	https://www.eurofotbal.cz/kluby/recko/paok-solun/soupiska/2010-2011/
eu_greece_paok	Vieirinha	vieirinha	ATT	24.01.1986	46	https://www.eurofotbal.cz/kluby/recko/paok-solun/soupiska/2010-2011/
eu_greece_panathinaikos	Daniel Fernandes	danielfernandes	GK	25.09.1983	0	https://www.eurofotbal.cz/kluby/recko/panathinaikos-fc/soupiska/2010-2011/
eu_greece_panathinaikos	Orestis Karnezis	orestiskarnezis	GK	11.07.1985	2	https://www.eurofotbal.cz/kluby/recko/panathinaikos-fc/soupiska/2010-2011/
eu_greece_panathinaikos	Stefanos Kotsolis	stefanoskotsolis	GK	05.06.1979	2	https://www.eurofotbal.cz/kluby/recko/panathinaikos-fc/soupiska/2010-2011/
eu_greece_panathinaikos	Alexandros Tzorvas	alexandrostzorvas	GK	12.08.1982	40	https://www.eurofotbal.cz/kluby/recko/panathinaikos-fc/soupiska/2010-2011/
eu_greece_panathinaikos	Jean-Alain Boumsong	jeanalainboumsong	DEF	14.12.1979	30	https://www.eurofotbal.cz/kluby/recko/panathinaikos-fc/soupiska/2010-2011/
eu_greece_panathinaikos	Gabriel	gabriel	DEF	05.06.1981	3	https://www.eurofotbal.cz/kluby/recko/panathinaikos-fc/soupiska/2010-2011/
eu_greece_panathinaikos	Giorgos Ioannidis	giorgosioannidis	DEF	04.05.1988	11	https://www.eurofotbal.cz/kluby/recko/panathinaikos-fc/soupiska/2010-2011/
eu_greece_panathinaikos	Cédric Kanté	cedrickante	DEF	06.07.1979	33	https://www.eurofotbal.cz/kluby/recko/panathinaikos-fc/soupiska/2010-2011/
eu_greece_panathinaikos	Giorgos Machlelis	giorgosmachlelis	DEF	10.05.1991	0	https://www.eurofotbal.cz/kluby/recko/panathinaikos-fc/soupiska/2010-2011/
eu_greece_panathinaikos	Stergos Marinos	stergosmarinos	DEF	17.09.1987	33	https://www.eurofotbal.cz/kluby/recko/panathinaikos-fc/soupiska/2010-2011/
eu_greece_panathinaikos	Nikolaos Pantidos	nikolaospantidos	DEF	19.04.1991	0	https://www.eurofotbal.cz/kluby/recko/panathinaikos-fc/soupiska/2010-2011/
eu_greece_panathinaikos	Josu Sarriegi	josusarriegi	DEF	19.01.1979	25	https://www.eurofotbal.cz/kluby/recko/panathinaikos-fc/soupiska/2010-2011/
eu_greece_panathinaikos	Georgios Seitaridis	georgiosseitaridis	DEF	04.06.1981	8	https://www.eurofotbal.cz/kluby/recko/panathinaikos-fc/soupiska/2010-2011/
eu_greece_panathinaikos	Nikos Spyropoulos	nikosspyropoulos	DEF	10.10.1983	31	https://www.eurofotbal.cz/kluby/recko/panathinaikos-fc/soupiska/2010-2011/
eu_greece_panathinaikos	Loukas Vyntra	loukasvyntra	DEF	05.02.1981	38	https://www.eurofotbal.cz/kluby/recko/panathinaikos-fc/soupiska/2010-2011/
eu_greece_panathinaikos	Cleyton	cleyton	MID	08.03.1983	7	https://www.eurofotbal.cz/kluby/recko/panathinaikos-fc/soupiska/2010-2011/
eu_greece_panathinaikos	Elini Dimoutsos	elinidimoutsos	MID	18.08.1988	6	https://www.eurofotbal.cz/kluby/recko/panathinaikos-fc/soupiska/2010-2011/
eu_greece_panathinaikos	Gilberto Silva	gilbertosilva	MID	07.10.1976	36	https://www.eurofotbal.cz/kluby/recko/panathinaikos-fc/soupiska/2010-2011/
eu_greece_panathinaikos	Lazaros Christodoulopoulos	lazaroschristodoulopoulos	MID	19.12.1986	32	https://www.eurofotbal.cz/kluby/recko/panathinaikos-fc/soupiska/2010-2011/
eu_greece_panathinaikos	Giorgos Karagounis	giorgoskaragounis	MID	06.03.1977	33	https://www.eurofotbal.cz/kluby/recko/panathinaikos-fc/soupiska/2010-2011/
eu_greece_panathinaikos	Kostas Katsouranis	kostaskatsouranis	MID	21.06.1979	39	https://www.eurofotbal.cz/kluby/recko/panathinaikos-fc/soupiska/2010-2011/
eu_greece_panathinaikos	Sotiris Leontiou	sotirisleontiou	MID	17.07.1984	0	https://www.eurofotbal.cz/kluby/recko/panathinaikos-fc/soupiska/2010-2011/
eu_greece_panathinaikos	Sebastián Leto	sebastianleto	MID	30.08.1986	27	https://www.eurofotbal.cz/kluby/recko/panathinaikos-fc/soupiska/2010-2011/
eu_greece_panathinaikos	Charalampos Mavrias	charalamposmavrias	MID	21.02.1994	6	https://www.eurofotbal.cz/kluby/recko/panathinaikos-fc/soupiska/2010-2011/
eu_greece_panathinaikos	Sotiris Ninis	sotirisninis	MID	03.04.1990	29	https://www.eurofotbal.cz/kluby/recko/panathinaikos-fc/soupiska/2010-2011/
eu_greece_panathinaikos	Damien Plessis	damienplessis	MID	05.03.1988	5	https://www.eurofotbal.cz/kluby/recko/panathinaikos-fc/soupiska/2010-2011/
eu_greece_panathinaikos	Simão	simao	MID	23.07.1988	29	https://www.eurofotbal.cz/kluby/recko/panathinaikos-fc/soupiska/2010-2011/
eu_greece_panathinaikos	Djibril Cissé	djibrilcisse	ATT	12.08.1981	41	https://www.eurofotbal.cz/kluby/recko/panathinaikos-fc/soupiska/2010-2011/
eu_greece_panathinaikos	Luis García Sanz	luisgarciasanz	ATT	24.06.1978	24	https://www.eurofotbal.cz/kluby/recko/panathinaikos-fc/soupiska/2010-2011/
eu_greece_panathinaikos	Sidney Govou	sidneygovou	ATT	27.07.1979	22	https://www.eurofotbal.cz/kluby/recko/panathinaikos-fc/soupiska/2010-2011/
eu_greece_panathinaikos	Vangelis Mantzios	vangelismantzios	ATT	22.04.1983	0	https://www.eurofotbal.cz/kluby/recko/panathinaikos-fc/soupiska/2010-2011/
eu_greece_panathinaikos	Antonis Petropoulos	antonispetropoulos	ATT	28.01.1986	17	https://www.eurofotbal.cz/kluby/recko/panathinaikos-fc/soupiska/2010-2011/
eu_hungary_debreceni-vsc	Mindaugas Malinauskas	mindaugasmalinauskas	GK	11.08.1983	22	https://www.eurofotbal.cz/kluby/madarsko/debreceni-vsc/soupiska/2010-2011/
eu_hungary_debreceni-vsc	Nenad Novaković	nenadnovakovic	GK	14.07.1982	8	https://www.eurofotbal.cz/kluby/madarsko/debreceni-vsc/soupiska/2010-2011/
eu_hungary_debreceni-vsc	Đorđe Pantić	orepantic	GK	27.01.1980	0	https://www.eurofotbal.cz/kluby/madarsko/debreceni-vsc/soupiska/2010-2011/
eu_hungary_debreceni-vsc	Vukašin Poleksić	vukasinpoleksic	GK	30.08.1982	0	https://www.eurofotbal.cz/kluby/madarsko/debreceni-vsc/soupiska/2010-2011/
eu_hungary_debreceni-vsc	István Verpecz	istvanverpecz	GK	04.02.1987	14	https://www.eurofotbal.cz/kluby/madarsko/debreceni-vsc/soupiska/2010-2011/
eu_hungary_debreceni-vsc	Csaba Bernáth	csababernath	DEF	26.03.1979	20	https://www.eurofotbal.cz/kluby/madarsko/debreceni-vsc/soupiska/2010-2011/
eu_hungary_debreceni-vsc	Szilárd Éles	szilardeles	DEF	01.10.1987	0	https://www.eurofotbal.cz/kluby/madarsko/debreceni-vsc/soupiska/2010-2011/
eu_hungary_debreceni-vsc	Marcell Fodor	marcellfodor	DEF	27.10.1987	21	https://www.eurofotbal.cz/kluby/madarsko/debreceni-vsc/soupiska/2010-2011/
eu_hungary_debreceni-vsc	Ádám Komlósi	adamkomlosi	DEF	06.12.1977	19	https://www.eurofotbal.cz/kluby/madarsko/debreceni-vsc/soupiska/2010-2011/
eu_hungary_debreceni-vsc	Mihály Korhut	mihalykorhut	DEF	01.12.1988	2	https://www.eurofotbal.cz/kluby/madarsko/debreceni-vsc/soupiska/2010-2011/
eu_hungary_debreceni-vsc	Zsolt Laczkó	zsoltlaczko	DEF	18.12.1986	21	https://www.eurofotbal.cz/kluby/madarsko/debreceni-vsc/soupiska/2010-2011/
eu_hungary_debreceni-vsc	Ştefan Mardare	stefanmardare	DEF	03.12.1987	4	https://www.eurofotbal.cz/kluby/madarsko/debreceni-vsc/soupiska/2010-2011/
eu_hungary_debreceni-vsc	Péter Máté	petermate	DEF	02.12.1984	3	https://www.eurofotbal.cz/kluby/madarsko/debreceni-vsc/soupiska/2010-2011/
eu_hungary_debreceni-vsc	Mirsad Mijadinoski	mirsadmijadinoski	DEF	01.10.1981	35	https://www.eurofotbal.cz/kluby/madarsko/debreceni-vsc/soupiska/2010-2011/
eu_hungary_debreceni-vsc	Dávid Mohl	davidmohl	DEF	28.04.1985	0	https://www.eurofotbal.cz/kluby/madarsko/debreceni-vsc/soupiska/2010-2011/
eu_hungary_debreceni-vsc	Zoltán Nagy	zoltannagy	DEF	25.10.1985	22	https://www.eurofotbal.cz/kluby/madarsko/debreceni-vsc/soupiska/2010-2011/
eu_hungary_debreceni-vsc	Balázs Nikolov	balazsnikolov	DEF	04.07.1977	3	https://www.eurofotbal.cz/kluby/madarsko/debreceni-vsc/soupiska/2010-2011/
eu_hungary_debreceni-vsc	István Szűcs	istvanszucs	DEF	03.05.1985	6	https://www.eurofotbal.cz/kluby/madarsko/debreceni-vsc/soupiska/2010-2011/
eu_hungary_debreceni-vsc	Dajan Šimac	dajansimac	DEF	04.01.1982	26	https://www.eurofotbal.cz/kluby/madarsko/debreceni-vsc/soupiska/2010-2011/
eu_hungary_debreceni-vsc	Ádám Bódi	adambodi	MID	18.10.1990	29	https://www.eurofotbal.cz/kluby/madarsko/debreceni-vsc/soupiska/2010-2011/
eu_hungary_debreceni-vsc	Péter Czvitkovics	peterczvitkovics	MID	10.02.1983	37	https://www.eurofotbal.cz/kluby/madarsko/debreceni-vsc/soupiska/2010-2011/
eu_hungary_debreceni-vsc	Tibor Dombi	tibordombi	MID	11.11.1973	25	https://www.eurofotbal.cz/kluby/madarsko/debreceni-vsc/soupiska/2010-2011/
eu_hungary_debreceni-vsc	Gyula Illés	gyulailles	MID	09.11.1982	7	https://www.eurofotbal.cz/kluby/madarsko/debreceni-vsc/soupiska/2010-2011/
eu_hungary_debreceni-vsc	Attila Katona	attilakatona	MID	16.01.1981	0	https://www.eurofotbal.cz/kluby/madarsko/debreceni-vsc/soupiska/2010-2011/
eu_hungary_debreceni-vsc	Zoltán Kiss	zoltankiss	MID	18.08.1980	21	https://www.eurofotbal.cz/kluby/madarsko/debreceni-vsc/soupiska/2010-2011/
eu_hungary_debreceni-vsc	Predrag Pavlović	predragpavlovic	MID	19.06.1986	1	https://www.eurofotbal.cz/kluby/madarsko/debreceni-vsc/soupiska/2010-2011/
eu_hungary_debreceni-vsc	Luis Ramos	luisramos	MID	11.04.1985	21	https://www.eurofotbal.cz/kluby/madarsko/debreceni-vsc/soupiska/2010-2011/
eu_hungary_debreceni-vsc	László Rezes	laszlorezes	MID	12.08.1987	8	https://www.eurofotbal.cz/kluby/madarsko/debreceni-vsc/soupiska/2010-2011/
eu_hungary_debreceni-vsc	István Spitzmüller	istvanspitzmuller	MID	14.05.1986	7	https://www.eurofotbal.cz/kluby/madarsko/debreceni-vsc/soupiska/2010-2011/
eu_hungary_debreceni-vsc	Péter Szakály	peterszakaly	MID	17.08.1986	37	https://www.eurofotbal.cz/kluby/madarsko/debreceni-vsc/soupiska/2010-2011/
eu_hungary_debreceni-vsc	József Varga	jozsefvarga	MID	06.06.1988	33	https://www.eurofotbal.cz/kluby/madarsko/debreceni-vsc/soupiska/2010-2011/
eu_hungary_debreceni-vsc	Mbengono Yannick	mbengonoyannick	MID	11.06.1987	33	https://www.eurofotbal.cz/kluby/madarsko/debreceni-vsc/soupiska/2010-2011/
eu_hungary_debreceni-vsc	Etogo Awoundza	etogoawoundza	ATT	09.10.1988	0	https://www.eurofotbal.cz/kluby/madarsko/debreceni-vsc/soupiska/2010-2011/
eu_hungary_debreceni-vsc	Ádám Balajti	adambalajti	ATT	07.03.1991	1	https://www.eurofotbal.cz/kluby/madarsko/debreceni-vsc/soupiska/2010-2011/
eu_hungary_debreceni-vsc	Adamo Coulibaly	adamocoulibaly	ATT	14.08.1981	38	https://www.eurofotbal.cz/kluby/madarsko/debreceni-vsc/soupiska/2010-2011/
eu_hungary_debreceni-vsc	Balázs Farkas	balazsfarkas	ATT	24.04.1988	14	https://www.eurofotbal.cz/kluby/madarsko/debreceni-vsc/soupiska/2010-2011/
eu_hungary_debreceni-vsc	Péter Kabát	peterkabat	ATT	25.09.1977	25	https://www.eurofotbal.cz/kluby/madarsko/debreceni-vsc/soupiska/2010-2011/
eu_hungary_debreceni-vsc	Tamás Kulcsár	tamaskulcsar	ATT	13.10.1982	7	https://www.eurofotbal.cz/kluby/madarsko/debreceni-vsc/soupiska/2010-2011/
eu_hungary_debreceni-vsc	Norbert Mészáros	norbertmeszaros	ATT	19.08.1980	0	https://www.eurofotbal.cz/kluby/madarsko/debreceni-vsc/soupiska/2010-2011/
eu_hungary_debreceni-vsc	Eugéne Salami	eugenesalami	ATT	05.02.1989	9	https://www.eurofotbal.cz/kluby/madarsko/debreceni-vsc/soupiska/2010-2011/
eu_hungary_debreceni-vsc	Péter Szilágyi	peterszilagyi	ATT	26.01.1988	11	https://www.eurofotbal.cz/kluby/madarsko/debreceni-vsc/soupiska/2010-2011/
eu_hungary_debreceni-vsc	Vinicius	vinicius	ATT	12.08.1989	0	https://www.eurofotbal.cz/kluby/madarsko/debreceni-vsc/soupiska/2010-2011/
eu_hungary_videoton-fc	Mladen Božović	mladenbozovic	GK	01.08.1984	32	https://www.eurofotbal.cz/kluby/madarsko/videoton-fc-fehervar/soupiska/2010-2011/
eu_hungary_videoton-fc	Zsolt Sebők	zsoltsebok	GK	03.04.1979	4	https://www.eurofotbal.cz/kluby/madarsko/videoton-fc-fehervar/soupiska/2010-2011/
eu_hungary_videoton-fc	Tomáš Tujvel	tomastujvel	GK	19.09.1983	4	https://www.eurofotbal.cz/kluby/madarsko/videoton-fc-fehervar/soupiska/2010-2011/
eu_hungary_videoton-fc	Marko Andić	markoandic	DEF	14.12.1983	28	https://www.eurofotbal.cz/kluby/madarsko/videoton-fc-fehervar/soupiska/2010-2011/
eu_hungary_videoton-fc	Balázs Farkas	balazsfarkas	DEF	15.10.1979	26	https://www.eurofotbal.cz/kluby/madarsko/videoton-fc-fehervar/soupiska/2010-2011/
eu_hungary_videoton-fc	Gábor Horváth	gaborhorvath	DEF	04.07.1985	8	https://www.eurofotbal.cz/kluby/madarsko/videoton-fc-fehervar/soupiska/2010-2011/
eu_hungary_videoton-fc	Martin Izing	martinizing	DEF	11.01.1992	3	https://www.eurofotbal.cz/kluby/madarsko/videoton-fc-fehervar/soupiska/2010-2011/
eu_hungary_videoton-fc	Pál Lázár	pallazar	DEF	11.03.1988	35	https://www.eurofotbal.cz/kluby/madarsko/videoton-fc-fehervar/soupiska/2010-2011/
eu_hungary_videoton-fc	Zoltán Lipták	zoltanliptak	DEF	10.12.1984	37	https://www.eurofotbal.cz/kluby/madarsko/videoton-fc-fehervar/soupiska/2010-2011/
eu_hungary_videoton-fc	Ádám Présinger	adampresinger	DEF	26.01.1989	0	https://www.eurofotbal.cz/kluby/madarsko/videoton-fc-fehervar/soupiska/2010-2011/
eu_hungary_videoton-fc	Tamás Vaskó	tamasvasko	DEF	20.02.1984	33	https://www.eurofotbal.cz/kluby/madarsko/videoton-fc-fehervar/soupiska/2010-2011/
eu_hungary_videoton-fc	Bojan Djordjic	bojandjordjic	MID	06.02.1982	10	https://www.eurofotbal.cz/kluby/madarsko/videoton-fc-fehervar/soupiska/2010-2011/
eu_hungary_videoton-fc	Ákos Elek	akoselek	MID	21.07.1988	31	https://www.eurofotbal.cz/kluby/madarsko/videoton-fc-fehervar/soupiska/2010-2011/
eu_hungary_videoton-fc	András Gosztonyi	andrasgosztonyi	MID	07.11.1990	32	https://www.eurofotbal.cz/kluby/madarsko/videoton-fc-fehervar/soupiska/2010-2011/
eu_hungary_videoton-fc	Sándor Hidvégi	sandorhidvegi	MID	09.04.1983	14	https://www.eurofotbal.cz/kluby/madarsko/videoton-fc-fehervar/soupiska/2010-2011/
eu_hungary_videoton-fc	Martin Kayongo-Mutumba	martinkayongomutumba	MID	15.06.1985	3	https://www.eurofotbal.cz/kluby/madarsko/videoton-fc-fehervar/soupiska/2010-2011/
eu_hungary_videoton-fc	Andor Margitics	andormargitics	MID	03.01.1991	0	https://www.eurofotbal.cz/kluby/madarsko/videoton-fc-fehervar/soupiska/2010-2011/
eu_hungary_videoton-fc	Damir Milanović	damirmilanovic	MID	19.07.1982	11	https://www.eurofotbal.cz/kluby/madarsko/videoton-fc-fehervar/soupiska/2010-2011/
eu_hungary_videoton-fc	Daniel Nagy	danielnagy	MID	22.11.1984	21	https://www.eurofotbal.cz/kluby/madarsko/videoton-fc-fehervar/soupiska/2010-2011/
eu_hungary_videoton-fc	Attila Polonkai	attilapolonkai	MID	12.06.1979	33	https://www.eurofotbal.cz/kluby/madarsko/videoton-fc-fehervar/soupiska/2010-2011/
eu_hungary_videoton-fc	György Sándor	gyorgysandor	MID	30.03.1984	37	https://www.eurofotbal.cz/kluby/madarsko/videoton-fc-fehervar/soupiska/2010-2011/
eu_hungary_videoton-fc	Dénes Szakály	denesszakaly	MID	15.03.1988	21	https://www.eurofotbal.cz/kluby/madarsko/videoton-fc-fehervar/soupiska/2010-2011/
eu_hungary_videoton-fc	Roland Szolnoki	rolandszolnoki	MID	21.01.1992	0	https://www.eurofotbal.cz/kluby/madarsko/videoton-fc-fehervar/soupiska/2010-2011/
eu_hungary_videoton-fc	Dušan Vasiljević	dusanvasiljevic	MID	07.05.1982	34	https://www.eurofotbal.cz/kluby/madarsko/videoton-fc-fehervar/soupiska/2010-2011/
eu_hungary_videoton-fc	Andre Alves	andrealves	ATT	15.10.1983	36	https://www.eurofotbal.cz/kluby/madarsko/videoton-fc-fehervar/soupiska/2010-2011/
eu_hungary_videoton-fc	Roland Baracskai	rolandbaracskai	ATT	11.04.1992	0	https://www.eurofotbal.cz/kluby/madarsko/videoton-fc-fehervar/soupiska/2010-2011/
eu_hungary_videoton-fc	Bence Elek	benceelek	ATT	14.02.1992	1	https://www.eurofotbal.cz/kluby/madarsko/videoton-fc-fehervar/soupiska/2010-2011/
eu_hungary_videoton-fc	Ádám Gyurcsó	adamgyurcso	ATT	06.03.1991	2	https://www.eurofotbal.cz/kluby/madarsko/videoton-fc-fehervar/soupiska/2010-2011/
eu_hungary_videoton-fc	László Lencse	laszlolencse	ATT	02.07.1988	21	https://www.eurofotbal.cz/kluby/madarsko/videoton-fc-fehervar/soupiska/2010-2011/
eu_hungary_videoton-fc	Nemanja Nikolić	nemanjanikolic	ATT	31.12.1987	33	https://www.eurofotbal.cz/kluby/madarsko/videoton-fc-fehervar/soupiska/2010-2011/
eu_hungary_videoton-fc	Csaba Ponczók	csabaponczok	ATT	29.01.1992	0	https://www.eurofotbal.cz/kluby/madarsko/videoton-fc-fehervar/soupiska/2010-2011/
eu_hungary_videoton-fc	Goran Vujović	goranvujovic	ATT	03.05.1987	7	https://www.eurofotbal.cz/kluby/madarsko/videoton-fc-fehervar/soupiska/2010-2011/
eu_hungary_ferencvaros	Justin Haber	justinhaber	GK	09.06.1981	11	https://www.eurofotbal.cz/kluby/madarsko/ferencvarosi-tc/soupiska/2010-2011/
eu_hungary_ferencvaros	Bence Hermány	bencehermany	GK	27.04.1990	0	https://www.eurofotbal.cz/kluby/madarsko/ferencvarosi-tc/soupiska/2010-2011/
eu_hungary_ferencvaros	Tamás Mester	tamasmester	GK	28.05.1988	0	https://www.eurofotbal.cz/kluby/madarsko/ferencvarosi-tc/soupiska/2010-2011/
eu_hungary_ferencvaros	Marko Ranilovič	markoranilovic	GK	25.11.1986	21	https://www.eurofotbal.cz/kluby/madarsko/ferencvarosi-tc/soupiska/2010-2011/
eu_hungary_ferencvaros	Adriano	adriano	DEF	01.07.1985	10	https://www.eurofotbal.cz/kluby/madarsko/ferencvarosi-tc/soupiska/2010-2011/
eu_hungary_ferencvaros	Zoltán Balog	zoltanbalog	DEF	22.02.1978	25	https://www.eurofotbal.cz/kluby/madarsko/ferencvarosi-tc/soupiska/2010-2011/
eu_hungary_ferencvaros	Csaba Csizmadia	csabacsizmadia	DEF	30.05.1985	31	https://www.eurofotbal.cz/kluby/madarsko/ferencvarosi-tc/soupiska/2010-2011/
eu_hungary_ferencvaros	Attila Dragóner	attiladragoner	DEF	15.11.1974	10	https://www.eurofotbal.cz/kluby/madarsko/ferencvarosi-tc/soupiska/2010-2011/
eu_hungary_ferencvaros	Noel Fülöp	noelfulop	DEF	29.01.1988	0	https://www.eurofotbal.cz/kluby/madarsko/ferencvarosi-tc/soupiska/2010-2011/
eu_hungary_ferencvaros	György Jozsi	gyorgyjozsi	DEF	31.01.1983	27	https://www.eurofotbal.cz/kluby/madarsko/ferencvarosi-tc/soupiska/2010-2011/
eu_hungary_ferencvaros	Péter Országh	peterorszagh	DEF	27.07.1990	0	https://www.eurofotbal.cz/kluby/madarsko/ferencvarosi-tc/soupiska/2010-2011/
eu_hungary_ferencvaros	István Rodenbücher	istvanrodenbucher	DEF	22.02.1984	20	https://www.eurofotbal.cz/kluby/madarsko/ferencvarosi-tc/soupiska/2010-2011/
eu_hungary_ferencvaros	Sam Stockley	samstockley	DEF	05.09.1977	2	https://www.eurofotbal.cz/kluby/madarsko/ferencvarosi-tc/soupiska/2010-2011/
eu_hungary_ferencvaros	Đorđe Tutorić	oretutoric	DEF	05.03.1983	18	https://www.eurofotbal.cz/kluby/madarsko/ferencvarosi-tc/soupiska/2010-2011/
eu_hungary_ferencvaros	Balázs Vattai	balazsvattai	DEF	25.10.1990	0	https://www.eurofotbal.cz/kluby/madarsko/ferencvarosi-tc/soupiska/2010-2011/
eu_hungary_ferencvaros	Andrezinho	andrezinho	MID	12.02.1986	23	https://www.eurofotbal.cz/kluby/madarsko/ferencvarosi-tc/soupiska/2010-2011/
eu_hungary_ferencvaros	László Fitos	laszlofitos	MID	27.02.1987	0	https://www.eurofotbal.cz/kluby/madarsko/ferencvarosi-tc/soupiska/2010-2011/
eu_hungary_ferencvaros	Nikola Jakimovski	nikolajakimovski	MID	26.02.1990	1	https://www.eurofotbal.cz/kluby/madarsko/ferencvarosi-tc/soupiska/2010-2011/
eu_hungary_ferencvaros	Dávid Kulcsár	davidkulcsar	MID	25.02.1988	8	https://www.eurofotbal.cz/kluby/madarsko/ferencvarosi-tc/soupiska/2010-2011/
eu_hungary_ferencvaros	Béla Maróti	belamaroti	MID	07.05.1979	26	https://www.eurofotbal.cz/kluby/madarsko/ferencvarosi-tc/soupiska/2010-2011/
eu_hungary_ferencvaros	Héctor Morales	hectormorales	MID	30.11.1989	18	https://www.eurofotbal.cz/kluby/madarsko/ferencvarosi-tc/soupiska/2010-2011/
eu_hungary_ferencvaros	Patrik Nagy	patriknagy	MID	16.02.1991	0	https://www.eurofotbal.cz/kluby/madarsko/ferencvarosi-tc/soupiska/2010-2011/
eu_hungary_ferencvaros	Dénes Rósa	denesrosa	MID	07.04.1977	30	https://www.eurofotbal.cz/kluby/madarsko/ferencvarosi-tc/soupiska/2010-2011/
eu_hungary_ferencvaros	Srđan Stanić	sranstanic	MID	07.06.1982	23	https://www.eurofotbal.cz/kluby/madarsko/ferencvarosi-tc/soupiska/2010-2011/
eu_hungary_ferencvaros	Bence Tóth	bencetoth	MID	27.07.1989	22	https://www.eurofotbal.cz/kluby/madarsko/ferencvarosi-tc/soupiska/2010-2011/
eu_hungary_ferencvaros	Máté Vass	matevass	MID	17.10.1990	0	https://www.eurofotbal.cz/kluby/madarsko/ferencvarosi-tc/soupiska/2010-2011/
eu_hungary_ferencvaros	Liban Abdi	libanabdi	ATT	05.10.1988	19	https://www.eurofotbal.cz/kluby/madarsko/ferencvarosi-tc/soupiska/2010-2011/
eu_hungary_ferencvaros	András Gárdos	andrasgardos	ATT	09.01.1991	0	https://www.eurofotbal.cz/kluby/madarsko/ferencvarosi-tc/soupiska/2010-2011/
eu_hungary_ferencvaros	Marek Heinz	marekheinz	ATT	04.08.1977	27	https://www.eurofotbal.cz/kluby/madarsko/ferencvarosi-tc/soupiska/2010-2011/
eu_hungary_ferencvaros	Junior	junior	ATT	23.07.1987	17	https://www.eurofotbal.cz/kluby/madarsko/ferencvarosi-tc/soupiska/2010-2011/
eu_hungary_ferencvaros	István Kovács	istvankovacs	ATT	17.06.1991	0	https://www.eurofotbal.cz/kluby/madarsko/ferencvarosi-tc/soupiska/2010-2011/
eu_hungary_ferencvaros	Emil Miljkovič	emilmiljkovic	ATT	26.05.1988	18	https://www.eurofotbal.cz/kluby/madarsko/ferencvarosi-tc/soupiska/2010-2011/
eu_hungary_ferencvaros	Bálint Nyilasi	balintnyilasi	ATT	20.03.1990	0	https://www.eurofotbal.cz/kluby/madarsko/ferencvarosi-tc/soupiska/2010-2011/
eu_hungary_ferencvaros	Igor Pisanjuk	igorpisanjuk	ATT	28.10.1989	1	https://www.eurofotbal.cz/kluby/madarsko/ferencvarosi-tc/soupiska/2010-2011/
eu_hungary_ferencvaros	Péter Pölöskey	peterpoloskey	ATT	11.08.1988	9	https://www.eurofotbal.cz/kluby/madarsko/ferencvarosi-tc/soupiska/2010-2011/
eu_hungary_ferencvaros	André Schembri	andreschembri	ATT	27.05.1986	28	https://www.eurofotbal.cz/kluby/madarsko/ferencvarosi-tc/soupiska/2010-2011/
eu_ireland_shamrock-rovers	Danny Murphy	dannymurphy	DEF	04.12.1982	0	https://www.eurofotbal.cz/kluby/irsko/shamrock-rovers/soupiska/2010/
eu_ireland_shamrock-rovers	Dan Murray	danmurray	DEF	16.05.1982	0	https://www.eurofotbal.cz/kluby/irsko/shamrock-rovers/soupiska/2010/
eu_ireland_shamrock-rovers	Craig Sives	craigsives	DEF	09.04.1986	0	https://www.eurofotbal.cz/kluby/irsko/shamrock-rovers/soupiska/2010/
eu_ireland_shamrock-rovers	Enda Stevens	endastevens	DEF	09.07.1990	0	https://www.eurofotbal.cz/kluby/irsko/shamrock-rovers/soupiska/2010/
eu_ireland_shamrock-rovers	Billy Dennehy	billydennehy	MID	17.02.1987	0	https://www.eurofotbal.cz/kluby/irsko/shamrock-rovers/soupiska/2010/
eu_ireland_shamrock-rovers	James Chambers	jameschambers	MID	14.02.1987	0	https://www.eurofotbal.cz/kluby/irsko/shamrock-rovers/soupiska/2010/
eu_ireland_shamrock-rovers	Pat Kavanagh	patkavanagh	MID	22.06.1984	0	https://www.eurofotbal.cz/kluby/irsko/shamrock-rovers/soupiska/2010/
eu_ireland_shamrock-rovers	Graham Barrett	grahambarrett	ATT	06.10.1981	0	https://www.eurofotbal.cz/kluby/irsko/shamrock-rovers/soupiska/2010/
eu_ireland_shamrock-rovers	Gary Twigg	garytwigg	ATT	19.03.1984	0	https://www.eurofotbal.cz/kluby/irsko/shamrock-rovers/soupiska/2010/
eu_israel_hapoel-tel-aviv	Vincent Enyeama	vincentenyeama	GK	29.08.1982	10	https://www.eurofotbal.cz/kluby/izrael/hapoel-tel-aviv/soupiska/2010-2011/
eu_israel_hapoel-tel-aviv	Dedi Ben Dayan	dedibendayan	DEF	22.11.1978	7	https://www.eurofotbal.cz/kluby/izrael/hapoel-tel-aviv/soupiska/2010-2011/
eu_israel_hapoel-tel-aviv	Dani Bondarv	danibondarv	DEF	07.02.1987	5	https://www.eurofotbal.cz/kluby/izrael/hapoel-tel-aviv/soupiska/2010-2011/
eu_israel_hapoel-tel-aviv	Douglas	douglas	DEF	07.03.1984	10	https://www.eurofotbal.cz/kluby/izrael/hapoel-tel-aviv/soupiska/2010-2011/
eu_israel_hapoel-tel-aviv	Rami Duani	ramiduani	DEF	24.05.1987	0	https://www.eurofotbal.cz/kluby/izrael/hapoel-tel-aviv/soupiska/2010-2011/
eu_israel_hapoel-tel-aviv	Bevan Fransman	bevanfransman	DEF	31.10.1983	7	https://www.eurofotbal.cz/kluby/izrael/hapoel-tel-aviv/soupiska/2010-2011/
eu_israel_hapoel-tel-aviv	Yehuda Huta	yehudahuta	DEF	19.02.1989	0	https://www.eurofotbal.cz/kluby/izrael/hapoel-tel-aviv/soupiska/2010-2011/
eu_israel_hapoel-tel-aviv	Omri Kende	omrikende	DEF	06.07.1986	5	https://www.eurofotbal.cz/kluby/izrael/hapoel-tel-aviv/soupiska/2010-2011/
eu_israel_hapoel-tel-aviv	Mário Pečalka	mariopecalka	DEF	28.12.1980	0	https://www.eurofotbal.cz/kluby/izrael/hapoel-tel-aviv/soupiska/2010-2011/
eu_israel_hapoel-tel-aviv	Gal Shish	galshish	DEF	18.01.1989	4	https://www.eurofotbal.cz/kluby/izrael/hapoel-tel-aviv/soupiska/2010-2011/
eu_israel_hapoel-tel-aviv	Shay Abutbul	shayabutbul	MID	16.01.1983	7	https://www.eurofotbal.cz/kluby/izrael/hapoel-tel-aviv/soupiska/2010-2011/
eu_israel_hapoel-tel-aviv	Maaran Al Lala	maaranallala	MID	07.03.1982	2	https://www.eurofotbal.cz/kluby/izrael/hapoel-tel-aviv/soupiska/2010-2011/
eu_israel_hapoel-tel-aviv	Walid Badir	walidbadir	MID	12.03.1974	10	https://www.eurofotbal.cz/kluby/izrael/hapoel-tel-aviv/soupiska/2010-2011/
eu_israel_hapoel-tel-aviv	Elroy Cohen	elroycohen	MID	07.01.1989	0	https://www.eurofotbal.cz/kluby/izrael/hapoel-tel-aviv/soupiska/2010-2011/
eu_israel_hapoel-tel-aviv	Shay Revivo	shayrevivo	MID	13.12.1986	0	https://www.eurofotbal.cz/kluby/izrael/hapoel-tel-aviv/soupiska/2010-2011/
eu_israel_hapoel-tel-aviv	Romain Rocchi	romainrocchi	MID	02.10.1981	6	https://www.eurofotbal.cz/kluby/izrael/hapoel-tel-aviv/soupiska/2010-2011/
eu_israel_hapoel-tel-aviv	Yossi Shivhon	yossishivhon	MID	22.03.1982	7	https://www.eurofotbal.cz/kluby/izrael/hapoel-tel-aviv/soupiska/2010-2011/
eu_israel_hapoel-tel-aviv	Salim Tuama	salimtuama	MID	09.08.1979	3	https://www.eurofotbal.cz/kluby/izrael/hapoel-tel-aviv/soupiska/2010-2011/
eu_israel_hapoel-tel-aviv	Gil Vermouth	gilvermouth	MID	05.08.1985	10	https://www.eurofotbal.cz/kluby/izrael/hapoel-tel-aviv/soupiska/2010-2011/
eu_israel_hapoel-tel-aviv	Avihay Yadin	avihayyadin	MID	26.10.1986	8	https://www.eurofotbal.cz/kluby/izrael/hapoel-tel-aviv/soupiska/2010-2011/
eu_israel_hapoel-tel-aviv	Victor Maree	victormaree	ATT	31.05.1989	3	https://www.eurofotbal.cz/kluby/izrael/hapoel-tel-aviv/soupiska/2010-2011/
eu_israel_hapoel-tel-aviv	Ben Sahar	bensahar	ATT	10.08.1989	10	https://www.eurofotbal.cz/kluby/izrael/hapoel-tel-aviv/soupiska/2010-2011/
eu_israel_hapoel-tel-aviv	Itay Shechter	itayshechter	ATT	22.02.1987	9	https://www.eurofotbal.cz/kluby/izrael/hapoel-tel-aviv/soupiska/2010-2011/
eu_israel_hapoel-tel-aviv	Toto Tamuz	tototamuz	ATT	04.01.1988	6	https://www.eurofotbal.cz/kluby/izrael/hapoel-tel-aviv/soupiska/2010-2011/
eu_israel_hapoel-tel-aviv	Nemanja Vučićević	nemanjavucicevic	ATT	11.08.1979	0	https://www.eurofotbal.cz/kluby/izrael/hapoel-tel-aviv/soupiska/2010-2011/
eu_israel_hapoel-tel-aviv	Eran Zahavi	eranzahavi	ATT	25.07.1987	10	https://www.eurofotbal.cz/kluby/izrael/hapoel-tel-aviv/soupiska/2010-2011/
eu_israel_maccabi-haifa	Nir Davidovitch	nirdavidovitch	GK	17.12.1976	0	https://www.eurofotbal.cz/kluby/izrael/maccabi-haifa/soupiska/2010-2011/
eu_israel_maccabi-haifa	Amir Edri	amiredri	GK	26.07.1985	2	https://www.eurofotbal.cz/kluby/izrael/maccabi-haifa/soupiska/2010-2011/
eu_israel_maccabi-haifa	Arik Benado	arikbenado	DEF	05.12.1973	0	https://www.eurofotbal.cz/kluby/izrael/maccabi-haifa/soupiska/2010-2011/
eu_israel_maccabi-haifa	Ignacio Canuto	ignaciocanuto	DEF	20.02.1986	2	https://www.eurofotbal.cz/kluby/izrael/maccabi-haifa/soupiska/2010-2011/
eu_israel_maccabi-haifa	Dekel Keinan	dekelkeinan	DEF	15.09.1984	0	https://www.eurofotbal.cz/kluby/izrael/maccabi-haifa/soupiska/2010-2011/
eu_israel_maccabi-haifa	Shai Maimon	shaimaimon	DEF	18.03.1986	2	https://www.eurofotbal.cz/kluby/izrael/maccabi-haifa/soupiska/2010-2011/
eu_israel_maccabi-haifa	Tsepo Masilela	tsepomasilela	DEF	05.05.1985	2	https://www.eurofotbal.cz/kluby/izrael/maccabi-haifa/soupiska/2010-2011/
eu_israel_maccabi-haifa	Eyal Meshumar	eyalmeshumar	DEF	10.08.1983	1	https://www.eurofotbal.cz/kluby/izrael/maccabi-haifa/soupiska/2010-2011/
eu_israel_maccabi-haifa	Alli Osman	alliosman	DEF	08.02.1987	2	https://www.eurofotbal.cz/kluby/izrael/maccabi-haifa/soupiska/2010-2011/
eu_israel_maccabi-haifa	Andrij Pyljavskyj	andrijpyljavskyj	DEF	04.12.1988	0	https://www.eurofotbal.cz/kluby/izrael/maccabi-haifa/soupiska/2010-2011/
eu_israel_maccabi-haifa	Taleb Tawatha	talebtawatha	DEF	21.06.1992	0	https://www.eurofotbal.cz/kluby/izrael/maccabi-haifa/soupiska/2010-2011/
eu_israel_maccabi-haifa	Gustavo Boccoli	gustavoboccoli	MID	16.02.1978	2	https://www.eurofotbal.cz/kluby/izrael/maccabi-haifa/soupiska/2010-2011/
eu_israel_maccabi-haifa	Jhon Jairo Culma	jhonjairoculma	MID	17.03.1981	2	https://www.eurofotbal.cz/kluby/izrael/maccabi-haifa/soupiska/2010-2011/
eu_israel_maccabi-haifa	Eyal Golasa	eyalgolasa	MID	07.10.1991	2	https://www.eurofotbal.cz/kluby/izrael/maccabi-haifa/soupiska/2010-2011/
eu_israel_maccabi-haifa	Lior Refaelov	liorrefaelov	MID	26.04.1986	2	https://www.eurofotbal.cz/kluby/izrael/maccabi-haifa/soupiska/2010-2011/
eu_israel_maccabi-haifa	Sintayehu Sallalich	sintayehusallalich	MID	20.06.1991	0	https://www.eurofotbal.cz/kluby/izrael/maccabi-haifa/soupiska/2010-2011/
eu_israel_maccabi-haifa	Adrien Silva	adriensilva	MID	15.03.1989	2	https://www.eurofotbal.cz/kluby/izrael/maccabi-haifa/soupiska/2010-2011/
eu_israel_maccabi-haifa	Idan Vered	idanvered	MID	25.05.1989	0	https://www.eurofotbal.cz/kluby/izrael/maccabi-haifa/soupiska/2010-2011/
eu_israel_maccabi-haifa	Seidu Yahaya	seiduyahaya	MID	31.12.1989	0	https://www.eurofotbal.cz/kluby/izrael/maccabi-haifa/soupiska/2010-2011/
eu_israel_maccabi-haifa	Shlomi Azulay	shlomiazulay	ATT	18.10.1989	0	https://www.eurofotbal.cz/kluby/izrael/maccabi-haifa/soupiska/2010-2011/
eu_israel_maccabi-haifa	Yero Bello	yerobello	ATT	11.12.1987	0	https://www.eurofotbal.cz/kluby/izrael/maccabi-haifa/soupiska/2010-2011/
eu_israel_maccabi-haifa	Vladimir Dvališvili	vladimirdvalisvili	ATT	20.04.1986	2	https://www.eurofotbal.cz/kluby/izrael/maccabi-haifa/soupiska/2010-2011/
eu_israel_maccabi-haifa	Mohammad Ghadir	mohammadghadir	ATT	21.01.1991	1	https://www.eurofotbal.cz/kluby/izrael/maccabi-haifa/soupiska/2010-2011/
eu_israel_maccabi-haifa	Tomer Hemed	tomerhemed	ATT	02.05.1987	2	https://www.eurofotbal.cz/kluby/izrael/maccabi-haifa/soupiska/2010-2011/
eu_israel_maccabi-haifa	Yaniv Katan	yanivkatan	ATT	27.01.1981	2	https://www.eurofotbal.cz/kluby/izrael/maccabi-haifa/soupiska/2010-2011/
eu_israel_maccabi-haifa	Ransford Osei	ransfordosei	ATT	05.12.1990	0	https://www.eurofotbal.cz/kluby/izrael/maccabi-haifa/soupiska/2010-2011/
eu_israel_maccabi-haifa	Alex Zahavi	alexzahavi	ATT	21.01.1991	0	https://www.eurofotbal.cz/kluby/izrael/maccabi-haifa/soupiska/2010-2011/
eu_israel_maccabi-tel-aviv	Liran Strauber	liranstrauber	GK	20.08.1974	4	https://www.eurofotbal.cz/kluby/izrael/maccabi-tel-aviv/soupiska/2010-2011/
eu_israel_maccabi-tel-aviv	Ronny Gafni	ronnygafni	DEF	01.03.1980	3	https://www.eurofotbal.cz/kluby/izrael/maccabi-tel-aviv/soupiska/2010-2011/
eu_israel_maccabi-tel-aviv	Dor Malul	dormalul	DEF	30.04.1989	2	https://www.eurofotbal.cz/kluby/izrael/maccabi-tel-aviv/soupiska/2010-2011/
eu_israel_maccabi-tel-aviv	Nivaldo	nivaldo	DEF	23.06.1980	2	https://www.eurofotbal.cz/kluby/izrael/maccabi-tel-aviv/soupiska/2010-2011/
eu_israel_maccabi-tel-aviv	Savo Pavićević	savopavicevic	DEF	11.12.1980	2	https://www.eurofotbal.cz/kluby/izrael/maccabi-tel-aviv/soupiska/2010-2011/
eu_israel_maccabi-tel-aviv	Klemi Saban	klemisaban	DEF	17.02.1980	4	https://www.eurofotbal.cz/kluby/izrael/maccabi-tel-aviv/soupiska/2010-2011/
eu_israel_maccabi-tel-aviv	Avi Strul	avistrul	DEF	18.09.1980	4	https://www.eurofotbal.cz/kluby/izrael/maccabi-tel-aviv/soupiska/2010-2011/
eu_israel_maccabi-tel-aviv	Yoav Ziv	yoavziv	DEF	16.03.1981	4	https://www.eurofotbal.cz/kluby/izrael/maccabi-tel-aviv/soupiska/2010-2011/
eu_israel_maccabi-tel-aviv	Gal Alberman	galalberman	MID	17.04.1983	0	https://www.eurofotbal.cz/kluby/izrael/maccabi-tel-aviv/soupiska/2010-2011/
eu_israel_maccabi-tel-aviv	Omri Altman	omrialtman	MID	23.03.1994	0	https://www.eurofotbal.cz/kluby/izrael/maccabi-tel-aviv/soupiska/2010-2011/
eu_israel_maccabi-tel-aviv	Yuval Avidor	yuvalavidor	MID	19.10.1986	4	https://www.eurofotbal.cz/kluby/izrael/maccabi-tel-aviv/soupiska/2010-2011/
eu_israel_maccabi-tel-aviv	Albert Baning	albertbaning	MID	19.03.1985	2	https://www.eurofotbal.cz/kluby/izrael/maccabi-tel-aviv/soupiska/2010-2011/
eu_israel_maccabi-tel-aviv	Maor Buzaglo	maorbuzaglo	MID	14.01.1988	4	https://www.eurofotbal.cz/kluby/izrael/maccabi-tel-aviv/soupiska/2010-2011/
eu_israel_maccabi-tel-aviv	Tamir Cahalon	tamircahalon	MID	29.10.1987	1	https://www.eurofotbal.cz/kluby/izrael/maccabi-tel-aviv/soupiska/2010-2011/
eu_israel_maccabi-tel-aviv	Guillermo Israilevich	guillermoisrailevich	MID	10.09.1982	0	https://www.eurofotbal.cz/kluby/izrael/maccabi-tel-aviv/soupiska/2010-2011/
eu_israel_maccabi-tel-aviv	Andrej Komac	andrejkomac	MID	04.12.1979	0	https://www.eurofotbal.cz/kluby/izrael/maccabi-tel-aviv/soupiska/2010-2011/
eu_israel_maccabi-tel-aviv	Haris Medunjanin	harismedunjanin	MID	08.03.1985	4	https://www.eurofotbal.cz/kluby/izrael/maccabi-tel-aviv/soupiska/2010-2011/
eu_israel_maccabi-tel-aviv	Tom Menačerov	tommenacerov	MID	15.04.1987	0	https://www.eurofotbal.cz/kluby/izrael/maccabi-tel-aviv/soupiska/2010-2011/
eu_israel_maccabi-tel-aviv	Djibril Sidibé	djibrilsidibe	MID	23.03.1982	4	https://www.eurofotbal.cz/kluby/izrael/maccabi-tel-aviv/soupiska/2010-2011/
eu_israel_maccabi-tel-aviv	Sheran Yeini	sheranyeini	MID	08.12.1986	4	https://www.eurofotbal.cz/kluby/izrael/maccabi-tel-aviv/soupiska/2010-2011/
eu_israel_maccabi-tel-aviv	Hatem Abd el Hamed	hatemabdelhamed	ATT	18.03.1991	0	https://www.eurofotbal.cz/kluby/izrael/maccabi-tel-aviv/soupiska/2010-2011/
eu_israel_maccabi-tel-aviv	Eliran Atar	eliranatar	ATT	17.02.1987	2	https://www.eurofotbal.cz/kluby/izrael/maccabi-tel-aviv/soupiska/2010-2011/
eu_israel_maccabi-tel-aviv	Roberto Colautti	robertocolautti	ATT	24.05.1982	3	https://www.eurofotbal.cz/kluby/izrael/maccabi-tel-aviv/soupiska/2010-2011/
eu_israel_maccabi-tel-aviv	Barak Itzhaki	barakitzhaki	ATT	25.09.1984	3	https://www.eurofotbal.cz/kluby/izrael/maccabi-tel-aviv/soupiska/2010-2011/
eu_israel_maccabi-tel-aviv	Dimitar Rangelov	dimitarrangelov	ATT	09.02.1983	0	https://www.eurofotbal.cz/kluby/izrael/maccabi-tel-aviv/soupiska/2010-2011/
eu_moldova_sheriff-tiraspol	Dmitri Stajila	dmitristajila	GK	02.08.1991	3	https://www.eurofotbal.cz/kluby/moldavsko/sheriff-tiraspol/soupiska/2010-2011/
eu_moldova_sheriff-tiraspol	Vladislav Stojanov	vladislavstojanov	GK	08.06.1987	8	https://www.eurofotbal.cz/kluby/moldavsko/sheriff-tiraspol/soupiska/2010-2011/
eu_moldova_sheriff-tiraspol	Vjačeslav Volosin	vjaceslavvolosin	GK	07.01.1992	0	https://www.eurofotbal.cz/kluby/moldavsko/sheriff-tiraspol/soupiska/2010-2011/
eu_moldova_sheriff-tiraspol	Vladimir Branković	vladimirbrankovic	DEF	22.09.1985	9	https://www.eurofotbal.cz/kluby/moldavsko/sheriff-tiraspol/soupiska/2010-2011/
eu_moldova_sheriff-tiraspol	Rustam Cynja	rustamcynja	DEF	17.06.1991	0	https://www.eurofotbal.cz/kluby/moldavsko/sheriff-tiraspol/soupiska/2010-2011/
eu_moldova_sheriff-tiraspol	Serghei Diulgher	sergheidiulgher	DEF	21.03.1991	0	https://www.eurofotbal.cz/kluby/moldavsko/sheriff-tiraspol/soupiska/2010-2011/
eu_moldova_sheriff-tiraspol	Nádson	nadson	DEF	18.10.1984	10	https://www.eurofotbal.cz/kluby/moldavsko/sheriff-tiraspol/soupiska/2010-2011/
eu_moldova_sheriff-tiraspol	Miral Samardžič	miralsamardzic	DEF	17.02.1987	7	https://www.eurofotbal.cz/kluby/moldavsko/sheriff-tiraspol/soupiska/2010-2011/
eu_moldova_sheriff-tiraspol	Alexandru Scripcenko	alexandruscripcenko	DEF	13.01.1991	1	https://www.eurofotbal.cz/kluby/moldavsko/sheriff-tiraspol/soupiska/2010-2011/
eu_moldova_sheriff-tiraspol	Važa Tarchnišvili	vazatarchnisvili	DEF	25.08.1971	5	https://www.eurofotbal.cz/kluby/moldavsko/sheriff-tiraspol/soupiska/2010-2011/
eu_moldova_sheriff-tiraspol	Vladimir Volkov	vladimirvolkov	DEF	06.06.1986	9	https://www.eurofotbal.cz/kluby/moldavsko/sheriff-tiraspol/soupiska/2010-2011/
eu_moldova_sheriff-tiraspol	Ognjen Vranješ	ognjenvranjes	DEF	24.10.1989	8	https://www.eurofotbal.cz/kluby/moldavsko/sheriff-tiraspol/soupiska/2010-2011/
eu_moldova_sheriff-tiraspol	Miloš Adamović	milosadamovic	MID	19.06.1988	10	https://www.eurofotbal.cz/kluby/moldavsko/sheriff-tiraspol/soupiska/2010-2011/
eu_moldova_sheriff-tiraspol	Wilfried Balima	wilfriedbalima	MID	20.03.1985	8	https://www.eurofotbal.cz/kluby/moldavsko/sheriff-tiraspol/soupiska/2010-2011/
eu_moldova_sheriff-tiraspol	Vitalie Bulat	vitaliebulat	MID	14.09.1987	0	https://www.eurofotbal.cz/kluby/moldavsko/sheriff-tiraspol/soupiska/2010-2011/
eu_moldova_sheriff-tiraspol	Vadim Constandachi	vadimconstandachi	MID	22.09.1991	0	https://www.eurofotbal.cz/kluby/moldavsko/sheriff-tiraspol/soupiska/2010-2011/
eu_moldova_sheriff-tiraspol	Fred	fred	MID	22.07.1986	6	https://www.eurofotbal.cz/kluby/moldavsko/sheriff-tiraspol/soupiska/2010-2011/
eu_moldova_sheriff-tiraspol	Edgars Gauračs	edgarsgauracs	MID	10.03.1988	5	https://www.eurofotbal.cz/kluby/moldavsko/sheriff-tiraspol/soupiska/2010-2011/
eu_moldova_sheriff-tiraspol	Serghei Gheorghiev	sergheigheorghiev	MID	20.10.1991	5	https://www.eurofotbal.cz/kluby/moldavsko/sheriff-tiraspol/soupiska/2010-2011/
eu_moldova_sheriff-tiraspol	Eduard Hoderean	eduardhoderean	MID	07.01.1990	0	https://www.eurofotbal.cz/kluby/moldavsko/sheriff-tiraspol/soupiska/2010-2011/
eu_moldova_sheriff-tiraspol	Artiom Chačaturov	artiomchacaturov	MID	18.06.1992	4	https://www.eurofotbal.cz/kluby/moldavsko/sheriff-tiraspol/soupiska/2010-2011/
eu_moldova_sheriff-tiraspol	Anatolij Cheptine	anatolijcheptine	MID	20.05.1990	0	https://www.eurofotbal.cz/kluby/moldavsko/sheriff-tiraspol/soupiska/2010-2011/
eu_moldova_sheriff-tiraspol	Aleksandr Jerochin	aleksandrjerochin	MID	13.10.1989	9	https://www.eurofotbal.cz/kluby/moldavsko/sheriff-tiraspol/soupiska/2010-2011/
eu_moldova_sheriff-tiraspol	Baco Nikolić	baconikolic	MID	19.01.1986	5	https://www.eurofotbal.cz/kluby/moldavsko/sheriff-tiraspol/soupiska/2010-2011/
eu_moldova_sheriff-tiraspol	Florent Rouamba	florentrouamba	MID	31.12.1986	7	https://www.eurofotbal.cz/kluby/moldavsko/sheriff-tiraspol/soupiska/2010-2011/
eu_moldova_sheriff-tiraspol	Alexandru Dedov	alexandrudedov	ATT	26.07.1989	0	https://www.eurofotbal.cz/kluby/moldavsko/sheriff-tiraspol/soupiska/2010-2011/
eu_moldova_sheriff-tiraspol	Amat Diedu	amatdiedu	ATT	19.11.1989	10	https://www.eurofotbal.cz/kluby/moldavsko/sheriff-tiraspol/soupiska/2010-2011/
eu_moldova_sheriff-tiraspol	Marko Durovič	markodurovic	ATT	08.05.1988	3	https://www.eurofotbal.cz/kluby/moldavsko/sheriff-tiraspol/soupiska/2010-2011/
eu_moldova_sheriff-tiraspol	Jymmy Franca	jymmyfranca	ATT	15.04.1984	8	https://www.eurofotbal.cz/kluby/moldavsko/sheriff-tiraspol/soupiska/2010-2011/
eu_moldova_sheriff-tiraspol	Žarko Korac	zarkokorac	ATT	11.06.1987	0	https://www.eurofotbal.cz/kluby/moldavsko/sheriff-tiraspol/soupiska/2010-2011/
eu_moldova_sheriff-tiraspol	Constantin Mandricenco	constantinmandricenco	ATT	19.02.1991	0	https://www.eurofotbal.cz/kluby/moldavsko/sheriff-tiraspol/soupiska/2010-2011/
eu_moldova_sheriff-tiraspol	Dalibor Volaš	daliborvolas	ATT	27.02.1987	0	https://www.eurofotbal.cz/kluby/moldavsko/sheriff-tiraspol/soupiska/2010-2011/
eu_netherlands_az-alkmaar	Esteban Alvarado	estebanalvarado	GK	28.04.1989	6	https://www.eurofotbal.cz/kluby/nizozemsko/az-alkmaar/soupiska/2010-2011/
eu_netherlands_az-alkmaar	Joey Didulica	joeydidulica	GK	14.10.1977	10	https://www.eurofotbal.cz/kluby/nizozemsko/az-alkmaar/soupiska/2010-2011/
eu_netherlands_az-alkmaar	Erik Heijblok	erikheijblok	GK	29.06.1977	0	https://www.eurofotbal.cz/kluby/nizozemsko/az-alkmaar/soupiska/2010-2011/
eu_netherlands_az-alkmaar	Sergio Romero	sergioromero	GK	22.02.1987	31	https://www.eurofotbal.cz/kluby/nizozemsko/az-alkmaar/soupiska/2010-2011/
eu_netherlands_az-alkmaar	Hobie Verhulst	hobieverhulst	GK	02.04.1993	0	https://www.eurofotbal.cz/kluby/nizozemsko/az-alkmaar/soupiska/2010-2011/
eu_netherlands_az-alkmaar	Kew Jaliens	kewjaliens	DEF	15.09.1978	18	https://www.eurofotbal.cz/kluby/nizozemsko/az-alkmaar/soupiska/2010-2011/
eu_netherlands_az-alkmaar	Ragnar Klavan	ragnarklavan	DEF	30.10.1985	39	https://www.eurofotbal.cz/kluby/nizozemsko/az-alkmaar/soupiska/2010-2011/
eu_netherlands_az-alkmaar	Milano Koenders	milanokoenders	DEF	31.07.1986	0	https://www.eurofotbal.cz/kluby/nizozemsko/az-alkmaar/soupiska/2010-2011/
eu_netherlands_az-alkmaar	Gijs Luirink	gijsluirink	DEF	12.09.1983	0	https://www.eurofotbal.cz/kluby/nizozemsko/az-alkmaar/soupiska/2010-2011/
eu_netherlands_az-alkmaar	Dirk Marcellis	dirkmarcellis	DEF	13.04.1988	44	https://www.eurofotbal.cz/kluby/nizozemsko/az-alkmaar/soupiska/2010-2011/
eu_netherlands_az-alkmaar	Niklas Moisander	niklasmoisander	DEF	29.09.1985	40	https://www.eurofotbal.cz/kluby/nizozemsko/az-alkmaar/soupiska/2010-2011/
eu_netherlands_az-alkmaar	Héctor Moreno	hectormoreno	DEF	17.01.1988	35	https://www.eurofotbal.cz/kluby/nizozemsko/az-alkmaar/soupiska/2010-2011/
eu_netherlands_az-alkmaar	Simon Poulsen	simonpoulsen	DEF	07.10.1984	15	https://www.eurofotbal.cz/kluby/nizozemsko/az-alkmaar/soupiska/2010-2011/
eu_netherlands_az-alkmaar	Ramon	ramon	DEF	22.08.1990	0	https://www.eurofotbal.cz/kluby/nizozemsko/az-alkmaar/soupiska/2010-2011/
eu_netherlands_az-alkmaar	Etiënne Reijnen	etiennereijnen	DEF	05.04.1987	0	https://www.eurofotbal.cz/kluby/nizozemsko/az-alkmaar/soupiska/2010-2011/
eu_netherlands_az-alkmaar	Erik Schouten	erikschouten	DEF	16.08.1991	0	https://www.eurofotbal.cz/kluby/nizozemsko/az-alkmaar/soupiska/2010-2011/
eu_netherlands_az-alkmaar	Gill Swerts	gillswerts	DEF	23.09.1982	3	https://www.eurofotbal.cz/kluby/nizozemsko/az-alkmaar/soupiska/2010-2011/
eu_netherlands_az-alkmaar	Nick Viergever	nickviergever	DEF	03.08.1989	19	https://www.eurofotbal.cz/kluby/nizozemsko/az-alkmaar/soupiska/2010-2011/
eu_netherlands_az-alkmaar	Giliano Wijnaldum	gilianowijnaldum	DEF	31.08.1992	1	https://www.eurofotbal.cz/kluby/nizozemsko/az-alkmaar/soupiska/2010-2011/
eu_netherlands_az-alkmaar	Roland Alberg	rolandalberg	MID	06.08.1990	0	https://www.eurofotbal.cz/kluby/nizozemsko/az-alkmaar/soupiska/2010-2011/
eu_netherlands_az-alkmaar	Rasmus Elm	rasmuselm	MID	17.03.1988	35	https://www.eurofotbal.cz/kluby/nizozemsko/az-alkmaar/soupiska/2010-2011/
eu_netherlands_az-alkmaar	Erik Falkenburg	erikfalkenburg	MID	05.05.1988	31	https://www.eurofotbal.cz/kluby/nizozemsko/az-alkmaar/soupiska/2010-2011/
eu_netherlands_az-alkmaar	James Holland	jamesholland	MID	15.05.1989	1	https://www.eurofotbal.cz/kluby/nizozemsko/az-alkmaar/soupiska/2010-2011/
eu_netherlands_az-alkmaar	Brett Holman	brettholman	MID	27.03.1984	35	https://www.eurofotbal.cz/kluby/nizozemsko/az-alkmaar/soupiska/2010-2011/
eu_netherlands_az-alkmaar	Adam Maher	adammaher	MID	20.07.1993	3	https://www.eurofotbal.cz/kluby/nizozemsko/az-alkmaar/soupiska/2010-2011/
eu_netherlands_az-alkmaar	Maarten Martens	maartenmartens	MID	02.07.1984	35	https://www.eurofotbal.cz/kluby/nizozemsko/az-alkmaar/soupiska/2010-2011/
eu_netherlands_az-alkmaar	Ali Messaoud	alimessaoud	MID	13.04.1991	0	https://www.eurofotbal.cz/kluby/nizozemsko/az-alkmaar/soupiska/2010-2011/
eu_netherlands_az-alkmaar	Celso Ortíz	celsoortiz	MID	26.01.1989	19	https://www.eurofotbal.cz/kluby/nizozemsko/az-alkmaar/soupiska/2010-2011/
eu_netherlands_az-alkmaar	Stijn Schaars	stijnschaars	MID	11.01.1984	39	https://www.eurofotbal.cz/kluby/nizozemsko/az-alkmaar/soupiska/2010-2011/
eu_netherlands_az-alkmaar	Nick van der Velden	nickvandervelden	MID	16.12.1981	16	https://www.eurofotbal.cz/kluby/nizozemsko/az-alkmaar/soupiska/2010-2011/
eu_netherlands_az-alkmaar	Pontus Wernbloom	pontuswernbloom	MID	25.06.1986	42	https://www.eurofotbal.cz/kluby/nizozemsko/az-alkmaar/soupiska/2010-2011/
eu_netherlands_az-alkmaar	Charlison Benschop	charlisonbenschop	ATT	21.08.1989	18	https://www.eurofotbal.cz/kluby/nizozemsko/az-alkmaar/soupiska/2010-2011/
eu_netherlands_az-alkmaar	Jóhann Gudmundsson	johanngudmundsson	ATT	27.10.1990	34	https://www.eurofotbal.cz/kluby/nizozemsko/az-alkmaar/soupiska/2010-2011/
eu_netherlands_az-alkmaar	Jonathas	jonathas	ATT	06.03.1989	17	https://www.eurofotbal.cz/kluby/nizozemsko/az-alkmaar/soupiska/2010-2011/
eu_netherlands_az-alkmaar	Graziano Pellè	grazianopelle	ATT	15.07.1985	20	https://www.eurofotbal.cz/kluby/nizozemsko/az-alkmaar/soupiska/2010-2011/
eu_netherlands_az-alkmaar	Kolbeinn Sigthórsson	kolbeinnsigthorsson	ATT	14.03.1990	43	https://www.eurofotbal.cz/kluby/nizozemsko/az-alkmaar/soupiska/2010-2011/
eu_netherlands_az-alkmaar	Mitchell te Vrede	mitchelltevrede	ATT	07.08.1991	0	https://www.eurofotbal.cz/kluby/nizozemsko/az-alkmaar/soupiska/2010-2011/
eu_netherlands_ajax	Marco Bizot	marcobizot	GK	10.03.1991	0	https://www.eurofotbal.cz/kluby/nizozemsko/afc-ajax/soupiska/2010-2011/
eu_netherlands_ajax	Ronald Graafland	ronaldgraafland	GK	30.04.1979	0	https://www.eurofotbal.cz/kluby/nizozemsko/afc-ajax/soupiska/2010-2011/
eu_netherlands_ajax	Maarten Stekelenburg	maartenstekelenburg	GK	22.09.1982	44	https://www.eurofotbal.cz/kluby/nizozemsko/afc-ajax/soupiska/2010-2011/
eu_netherlands_ajax	Jeroen Verhoeven	jeroenverhoeven	GK	30.04.1980	6	https://www.eurofotbal.cz/kluby/nizozemsko/afc-ajax/soupiska/2010-2011/
eu_netherlands_ajax	Kenneth Vermeer	kennethvermeer	GK	10.01.1986	7	https://www.eurofotbal.cz/kluby/nizozemsko/afc-ajax/soupiska/2010-2011/
eu_netherlands_ajax	Toby Alderweireld	tobyalderweireld	DEF	02.03.1989	43	https://www.eurofotbal.cz/kluby/nizozemsko/afc-ajax/soupiska/2010-2011/
eu_netherlands_ajax	Vurnon Anita	vurnonanita	DEF	04.04.1989	46	https://www.eurofotbal.cz/kluby/nizozemsko/afc-ajax/soupiska/2010-2011/
eu_netherlands_ajax	Thimothée Atouba	thimotheeatouba	DEF	17.02.1982	0	https://www.eurofotbal.cz/kluby/nizozemsko/afc-ajax/soupiska/2010-2011/
eu_netherlands_ajax	Daley Blind	daleyblind	DEF	09.03.1990	18	https://www.eurofotbal.cz/kluby/nizozemsko/afc-ajax/soupiska/2010-2011/
eu_netherlands_ajax	Nicolai Boilesen	nicolaiboilesen	DEF	16.02.1992	7	https://www.eurofotbal.cz/kluby/nizozemsko/afc-ajax/soupiska/2010-2011/
eu_netherlands_ajax	Oleguer	oleguer	DEF	02.02.1980	8	https://www.eurofotbal.cz/kluby/nizozemsko/afc-ajax/soupiska/2010-2011/
eu_netherlands_ajax	André Ooijer	andreooijer	DEF	11.07.1974	18	https://www.eurofotbal.cz/kluby/nizozemsko/afc-ajax/soupiska/2010-2011/
eu_netherlands_ajax	Bruno Silva	brunosilva	DEF	29.03.1980	0	https://www.eurofotbal.cz/kluby/nizozemsko/afc-ajax/soupiska/2010-2011/
eu_netherlands_ajax	Henri Toivomäki	henritoivomaki	DEF	21.02.1991	0	https://www.eurofotbal.cz/kluby/nizozemsko/afc-ajax/soupiska/2010-2011/
eu_netherlands_ajax	Gregory van der Wiel	gregoryvanderwiel	DEF	03.02.1988	52	https://www.eurofotbal.cz/kluby/nizozemsko/afc-ajax/soupiska/2010-2011/
eu_netherlands_ajax	Jan Vertonghen	janvertonghen	DEF	24.04.1987	51	https://www.eurofotbal.cz/kluby/nizozemsko/afc-ajax/soupiska/2010-2011/
eu_netherlands_ajax	Ismaïl Aissati	ismailaissati	MID	16.08.1988	2	https://www.eurofotbal.cz/kluby/nizozemsko/afc-ajax/soupiska/2010-2011/
eu_netherlands_ajax	Roly Bonevacia	rolybonevacia	MID	08.10.1991	2	https://www.eurofotbal.cz/kluby/nizozemsko/afc-ajax/soupiska/2010-2011/
eu_netherlands_ajax	Siem de Jong	siemdejong	MID	28.01.1989	52	https://www.eurofotbal.cz/kluby/nizozemsko/afc-ajax/soupiska/2010-2011/
eu_netherlands_ajax	Demy De Zeeuw	demydezeeuw	MID	26.05.1983	47	https://www.eurofotbal.cz/kluby/nizozemsko/afc-ajax/soupiska/2010-2011/
eu_netherlands_ajax	Mitchell Donald	mitchelldonald	MID	10.12.1988	0	https://www.eurofotbal.cz/kluby/nizozemsko/afc-ajax/soupiska/2010-2011/
eu_netherlands_ajax	Urby Emanuelson	urbyemanuelson	MID	16.06.1986	32	https://www.eurofotbal.cz/kluby/nizozemsko/afc-ajax/soupiska/2010-2011/
eu_netherlands_ajax	Eyong Enoh	eyongenoh	MID	23.03.1986	45	https://www.eurofotbal.cz/kluby/nizozemsko/afc-ajax/soupiska/2010-2011/
eu_netherlands_ajax	Christian Eriksen	christianeriksen	MID	14.02.1992	47	https://www.eurofotbal.cz/kluby/nizozemsko/afc-ajax/soupiska/2010-2011/
eu_netherlands_ajax	Rasmus Lindgren	rasmuslindgren	MID	29.11.1984	26	https://www.eurofotbal.cz/kluby/nizozemsko/afc-ajax/soupiska/2010-2011/
eu_netherlands_ajax	Nicolás Lodeiro	nicolaslodeiro	MID	21.03.1989	0	https://www.eurofotbal.cz/kluby/nizozemsko/afc-ajax/soupiska/2010-2011/
eu_netherlands_ajax	Jody Lukoki	jodylukoki	MID	15.11.1992	2	https://www.eurofotbal.cz/kluby/nizozemsko/afc-ajax/soupiska/2010-2011/
eu_netherlands_ajax	Jeffrey Sarpong	jeffreysarpong	MID	03.08.1988	1	https://www.eurofotbal.cz/kluby/nizozemsko/afc-ajax/soupiska/2010-2011/
eu_netherlands_ajax	Rodney Sneijder	rodneysneijder	MID	03.03.1991	0	https://www.eurofotbal.cz/kluby/nizozemsko/afc-ajax/soupiska/2010-2011/
eu_netherlands_ajax	Evander Sno	evandersno	MID	09.04.1987	0	https://www.eurofotbal.cz/kluby/nizozemsko/afc-ajax/soupiska/2010-2011/
eu_netherlands_ajax	Teemu Tainio	teemutainio	MID	27.11.1979	5	https://www.eurofotbal.cz/kluby/nizozemsko/afc-ajax/soupiska/2010-2011/
eu_netherlands_ajax	Darko Bodul	darkobodul	ATT	11.01.1989	0	https://www.eurofotbal.cz/kluby/nizozemsko/afc-ajax/soupiska/2010-2011/
eu_netherlands_ajax	Geoffrey Castillion	geoffreycastillion	ATT	25.05.1991	1	https://www.eurofotbal.cz/kluby/nizozemsko/afc-ajax/soupiska/2010-2011/
eu_netherlands_ajax	Darío Cvitanich	dariocvitanich	ATT	16.05.1984	8	https://www.eurofotbal.cz/kluby/nizozemsko/afc-ajax/soupiska/2010-2011/
eu_netherlands_ajax	Lorenzo Ebecilio	lorenzoebecilio	ATT	24.09.1991	24	https://www.eurofotbal.cz/kluby/nizozemsko/afc-ajax/soupiska/2010-2011/
eu_netherlands_ajax	Mounir El Hamdaoui	mounirelhamdaoui	ATT	14.07.1984	38	https://www.eurofotbal.cz/kluby/nizozemsko/afc-ajax/soupiska/2010-2011/
eu_netherlands_ajax	Florian Jozefzoon	florianjozefzoon	ATT	09.02.1991	5	https://www.eurofotbal.cz/kluby/nizozemsko/afc-ajax/soupiska/2010-2011/
eu_netherlands_ajax	Mido	mido	ATT	23.02.1983	6	https://www.eurofotbal.cz/kluby/nizozemsko/afc-ajax/soupiska/2010-2011/
eu_netherlands_ajax	Aras Özbiliz	arasozbiliz	ATT	09.03.1990	20	https://www.eurofotbal.cz/kluby/nizozemsko/afc-ajax/soupiska/2010-2011/
eu_netherlands_ajax	Luis Suárez	luissuarez	ATT	24.01.1987	24	https://www.eurofotbal.cz/kluby/nizozemsko/afc-ajax/soupiska/2010-2011/
eu_netherlands_ajax	Hyun-jun Suk	hyunjunsuk	ATT	29.06.1991	1	https://www.eurofotbal.cz/kluby/nizozemsko/afc-ajax/soupiska/2010-2011/
eu_netherlands_ajax	Miralem Sulejmani	miralemsulejmani	ATT	05.12.1988	53	https://www.eurofotbal.cz/kluby/nizozemsko/afc-ajax/soupiska/2010-2011/
eu_netherlands_ajax	Marvin Zeegelaar	marvinzeegelaar	ATT	12.08.1990	2	https://www.eurofotbal.cz/kluby/nizozemsko/afc-ajax/soupiska/2010-2011/
eu_netherlands_fc-twente	Sander Boschker	sanderboschker	GK	20.10.1970	11	https://www.eurofotbal.cz/kluby/nizozemsko/fc-twente/soupiska/2010-2011/
eu_netherlands_fc-twente	Wilko de Vogt	wilkodevogt	GK	17.09.1975	0	https://www.eurofotbal.cz/kluby/nizozemsko/fc-twente/soupiska/2010-2011/
eu_netherlands_fc-twente	Nikolaj Mihajlov	nikolajmihajlov	GK	28.06.1988	42	https://www.eurofotbal.cz/kluby/nizozemsko/fc-twente/soupiska/2010-2011/
eu_netherlands_fc-twente	Rasmus Bengtsson	rasmusbengtsson	DEF	26.06.1986	15	https://www.eurofotbal.cz/kluby/nizozemsko/fc-twente/soupiska/2010-2011/
eu_netherlands_fc-twente	Bart Buysse	bartbuysse	DEF	16.10.1986	22	https://www.eurofotbal.cz/kluby/nizozemsko/fc-twente/soupiska/2010-2011/
eu_netherlands_fc-twente	Douglas	douglas	DEF	12.01.1988	44	https://www.eurofotbal.cz/kluby/nizozemsko/fc-twente/soupiska/2010-2011/
eu_netherlands_fc-twente	Nicky Kuiper	nickykuiper	DEF	07.06.1989	5	https://www.eurofotbal.cz/kluby/nizozemsko/fc-twente/soupiska/2010-2011/
eu_netherlands_fc-twente	Oguchi Onyewu	oguchionyewu	DEF	13.05.1982	14	https://www.eurofotbal.cz/kluby/nizozemsko/fc-twente/soupiska/2010-2011/
eu_netherlands_fc-twente	Bartek Pacuszka	bartekpacuszka	DEF	25.03.1990	0	https://www.eurofotbal.cz/kluby/nizozemsko/fc-twente/soupiska/2010-2011/
eu_netherlands_fc-twente	Roberto Rosales	robertorosales	DEF	20.11.1988	43	https://www.eurofotbal.cz/kluby/nizozemsko/fc-twente/soupiska/2010-2011/
eu_netherlands_fc-twente	Mitch Stockentree	mitchstockentree	DEF	22.01.1991	2	https://www.eurofotbal.cz/kluby/nizozemsko/fc-twente/soupiska/2010-2011/
eu_netherlands_fc-twente	Dwight Tiendalli	dwighttiendalli	DEF	21.10.1985	27	https://www.eurofotbal.cz/kluby/nizozemsko/fc-twente/soupiska/2010-2011/
eu_netherlands_fc-twente	Peter Wisgerhof	peterwisgerhof	DEF	19.11.1979	49	https://www.eurofotbal.cz/kluby/nizozemsko/fc-twente/soupiska/2010-2011/
eu_netherlands_fc-twente	Emir Bajrami	emirbajrami	MID	07.03.1988	32	https://www.eurofotbal.cz/kluby/nizozemsko/fc-twente/soupiska/2010-2011/
eu_netherlands_fc-twente	Alexander Bannink	alexanderbannink	MID	20.02.1990	4	https://www.eurofotbal.cz/kluby/nizozemsko/fc-twente/soupiska/2010-2011/
eu_netherlands_fc-twente	Steven Berghuis	stevenberghuis	MID	19.12.1991	1	https://www.eurofotbal.cz/kluby/nizozemsko/fc-twente/soupiska/2010-2011/
eu_netherlands_fc-twente	Wout Brama	woutbrama	MID	21.08.1986	47	https://www.eurofotbal.cz/kluby/nizozemsko/fc-twente/soupiska/2010-2011/
eu_netherlands_fc-twente	Arnold Bruggink	arnoldbruggink	MID	24.07.1977	7	https://www.eurofotbal.cz/kluby/nizozemsko/fc-twente/soupiska/2010-2011/
eu_netherlands_fc-twente	David Carney	davidcarney	MID	30.11.1983	4	https://www.eurofotbal.cz/kluby/nizozemsko/fc-twente/soupiska/2010-2011/
eu_netherlands_fc-twente	Anouar Diba	anouardiba	MID	27.02.1983	3	https://www.eurofotbal.cz/kluby/nizozemsko/fc-twente/soupiska/2010-2011/
eu_netherlands_fc-twente	Nacer Chadli	nacerchadli	MID	02.08.1989	49	https://www.eurofotbal.cz/kluby/nizozemsko/fc-twente/soupiska/2010-2011/
eu_netherlands_fc-twente	Theo Janssen	theojanssen	MID	27.07.1981	46	https://www.eurofotbal.cz/kluby/nizozemsko/fc-twente/soupiska/2010-2011/
eu_netherlands_fc-twente	Denny Landzaat	dennylandzaat	MID	06.05.1976	43	https://www.eurofotbal.cz/kluby/nizozemsko/fc-twente/soupiska/2010-2011/
eu_netherlands_fc-twente	Andrej Rendla	andrejrendla	MID	13.10.1990	0	https://www.eurofotbal.cz/kluby/nizozemsko/fc-twente/soupiska/2010-2011/
eu_netherlands_fc-twente	Cheik Tioté	cheiktiote	MID	21.06.1986	3	https://www.eurofotbal.cz/kluby/nizozemsko/fc-twente/soupiska/2010-2011/
eu_netherlands_fc-twente	Dario Vujicević	dariovujicevic	MID	01.04.1990	9	https://www.eurofotbal.cz/kluby/nizozemsko/fc-twente/soupiska/2010-2011/
eu_netherlands_fc-twente	Vaqif Cavadov	vaqifcavadov	ATT	25.05.1989	0	https://www.eurofotbal.cz/kluby/nizozemsko/fc-twente/soupiska/2010-2011/
eu_netherlands_fc-twente	Luuk de Jong	luukdejong	ATT	27.08.1990	48	https://www.eurofotbal.cz/kluby/nizozemsko/fc-twente/soupiska/2010-2011/
eu_netherlands_fc-twente	Romano Denneboom	romanodenneboom	ATT	29.01.1981	0	https://www.eurofotbal.cz/kluby/nizozemsko/fc-twente/soupiska/2010-2011/
eu_netherlands_fc-twente	Marc Janko	marcjanko	ATT	25.06.1983	42	https://www.eurofotbal.cz/kluby/nizozemsko/fc-twente/soupiska/2010-2011/
eu_netherlands_fc-twente	Ola John	olajohn	ATT	19.05.1992	17	https://www.eurofotbal.cz/kluby/nizozemsko/fc-twente/soupiska/2010-2011/
eu_netherlands_fc-twente	Bernard Parker	bernardparker	ATT	16.03.1986	5	https://www.eurofotbal.cz/kluby/nizozemsko/fc-twente/soupiska/2010-2011/
eu_netherlands_fc-twente	Jules Reimerink	julesreimerink	ATT	30.09.1989	0	https://www.eurofotbal.cz/kluby/nizozemsko/fc-twente/soupiska/2010-2011/
eu_netherlands_fc-twente	Bryan Ruiz	bryanruiz	ATT	18.08.1985	39	https://www.eurofotbal.cz/kluby/nizozemsko/fc-twente/soupiska/2010-2011/
eu_netherlands_fc-utrecht	Wesley de Ruiter	wesleyderuiter	GK	13.01.1986	0	https://www.eurofotbal.cz/kluby/nizozemsko/fc-utrecht/soupiska/2010-2011/
eu_netherlands_fc-utrecht	André Krul	andrekrul	GK	08.05.1987	0	https://www.eurofotbal.cz/kluby/nizozemsko/fc-utrecht/soupiska/2010-2011/
eu_netherlands_fc-utrecht	Khalid Sinouh	khalidsinouh	GK	02.05.1975	2	https://www.eurofotbal.cz/kluby/nizozemsko/fc-utrecht/soupiska/2010-2011/
eu_netherlands_fc-utrecht	Michel Vorm	michelvorm	GK	20.10.1983	47	https://www.eurofotbal.cz/kluby/nizozemsko/fc-utrecht/soupiska/2010-2011/
eu_netherlands_fc-utrecht	Davy Bulthuis	davybulthuis	DEF	28.06.1990	1	https://www.eurofotbal.cz/kluby/nizozemsko/fc-utrecht/soupiska/2010-2011/
eu_netherlands_fc-utrecht	Tim Cornelisse	timcornelisse	DEF	03.04.1978	47	https://www.eurofotbal.cz/kluby/nizozemsko/fc-utrecht/soupiska/2010-2011/
eu_netherlands_fc-utrecht	Francis Dickoh	francisdickoh	DEF	13.12.1982	0	https://www.eurofotbal.cz/kluby/nizozemsko/fc-utrecht/soupiska/2010-2011/
eu_netherlands_fc-utrecht	Sander Keller	sanderkeller	DEF	18.09.1979	5	https://www.eurofotbal.cz/kluby/nizozemsko/fc-utrecht/soupiska/2010-2011/
eu_netherlands_fc-utrecht	Mihai Neşu	mihainesu	DEF	19.02.1983	43	https://www.eurofotbal.cz/kluby/nizozemsko/fc-utrecht/soupiska/2010-2011/
eu_netherlands_fc-utrecht	Aljé Schut	aljeschut	DEF	18.02.1981	40	https://www.eurofotbal.cz/kluby/nizozemsko/fc-utrecht/soupiska/2010-2011/
eu_netherlands_fc-utrecht	Mike van der Hoorn	mikevanderhoorn	DEF	15.10.1992	1	https://www.eurofotbal.cz/kluby/nizozemsko/fc-utrecht/soupiska/2010-2011/
eu_netherlands_fc-utrecht	Mark van der Maarel	markvandermaarel	DEF	12.08.1989	8	https://www.eurofotbal.cz/kluby/nizozemsko/fc-utrecht/soupiska/2010-2011/
eu_netherlands_fc-utrecht	Ismo Vostermans	ismovostermans	DEF	30.03.1989	11	https://www.eurofotbal.cz/kluby/nizozemsko/fc-utrecht/soupiska/2010-2011/
eu_netherlands_fc-utrecht	Jan Wuytens	janwuytens	DEF	09.06.1985	47	https://www.eurofotbal.cz/kluby/nizozemsko/fc-utrecht/soupiska/2010-2011/
eu_netherlands_fc-utrecht	Zakaria Amrani	zakariaamrani	MID	29.03.1991	1	https://www.eurofotbal.cz/kluby/nizozemsko/fc-utrecht/soupiska/2010-2011/
eu_netherlands_fc-utrecht	Nana Asare	nanaasare	MID	11.07.1986	25	https://www.eurofotbal.cz/kluby/nizozemsko/fc-utrecht/soupiska/2010-2011/
eu_netherlands_fc-utrecht	Édouard Duplan	edouardduplan	MID	13.05.1983	43	https://www.eurofotbal.cz/kluby/nizozemsko/fc-utrecht/soupiska/2010-2011/
eu_netherlands_fc-utrecht	Anouar Kali	anouarkali	MID	03.06.1991	2	https://www.eurofotbal.cz/kluby/nizozemsko/fc-utrecht/soupiska/2010-2011/
eu_netherlands_fc-utrecht	Jacob Lensky	jacoblensky	MID	16.12.1988	38	https://www.eurofotbal.cz/kluby/nizozemsko/fc-utrecht/soupiska/2010-2011/
eu_netherlands_fc-utrecht	Barry Maguire	barrymaguire	MID	27.10.1989	25	https://www.eurofotbal.cz/kluby/nizozemsko/fc-utrecht/soupiska/2010-2011/
eu_netherlands_fc-utrecht	Gianluca Nijholt	gianlucanijholt	MID	14.02.1990	30	https://www.eurofotbal.cz/kluby/nizozemsko/fc-utrecht/soupiska/2010-2011/
eu_netherlands_fc-utrecht	Adam Sarota	adamsarota	MID	28.12.1988	8	https://www.eurofotbal.cz/kluby/nizozemsko/fc-utrecht/soupiska/2010-2011/
eu_netherlands_fc-utrecht	Michael Silberbauer	michaelsilberbauer	MID	07.07.1981	42	https://www.eurofotbal.cz/kluby/nizozemsko/fc-utrecht/soupiska/2010-2011/
eu_netherlands_fc-utrecht	Kevin Strootman	kevinstrootman	MID	13.02.1990	15	https://www.eurofotbal.cz/kluby/nizozemsko/fc-utrecht/soupiska/2010-2011/
eu_netherlands_fc-utrecht	Michael Zullo	michaelzullo	MID	11.09.1988	6	https://www.eurofotbal.cz/kluby/nizozemsko/fc-utrecht/soupiska/2010-2011/
eu_netherlands_fc-utrecht	Evert Brouwers	evertbrouwers	ATT	17.06.1990	3	https://www.eurofotbal.cz/kluby/nizozemsko/fc-utrecht/soupiska/2010-2011/
eu_netherlands_fc-utrecht	Erixon Danso	erixondanso	ATT	22.07.1989	8	https://www.eurofotbal.cz/kluby/nizozemsko/fc-utrecht/soupiska/2010-2011/
eu_netherlands_fc-utrecht	Leon de Kogel	leondekogel	ATT	13.11.1991	17	https://www.eurofotbal.cz/kluby/nizozemsko/fc-utrecht/soupiska/2010-2011/
eu_netherlands_fc-utrecht	Frank Demouge	frankdemouge	ATT	25.06.1982	26	https://www.eurofotbal.cz/kluby/nizozemsko/fc-utrecht/soupiska/2010-2011/
eu_netherlands_fc-utrecht	Loïc Loval	loicloval	ATT	28.09.1981	2	https://www.eurofotbal.cz/kluby/nizozemsko/fc-utrecht/soupiska/2010-2011/
eu_netherlands_fc-utrecht	Dries Mertens	driesmertens	ATT	06.05.1987	45	https://www.eurofotbal.cz/kluby/nizozemsko/fc-utrecht/soupiska/2010-2011/
eu_netherlands_fc-utrecht	Jacob Mulenga	jacobmulenga	ATT	12.02.1984	15	https://www.eurofotbal.cz/kluby/nizozemsko/fc-utrecht/soupiska/2010-2011/
eu_netherlands_fc-utrecht	Tommy Oar	tommyoar	ATT	10.12.1991	10	https://www.eurofotbal.cz/kluby/nizozemsko/fc-utrecht/soupiska/2010-2011/
eu_netherlands_fc-utrecht	Ricky van Wolfswinkel	rickyvanwolfswinkel	ATT	27.01.1989	42	https://www.eurofotbal.cz/kluby/nizozemsko/fc-utrecht/soupiska/2010-2011/
eu_netherlands_fc-utrecht	Kevin Vandenbergh	kevinvandenbergh	ATT	16.05.1983	0	https://www.eurofotbal.cz/kluby/nizozemsko/fc-utrecht/soupiska/2010-2011/
eu_netherlands_fc-utrecht	Atilla Yildirim	atillayildirim	ATT	22.11.1990	2	https://www.eurofotbal.cz/kluby/nizozemsko/fc-utrecht/soupiska/2010-2011/
eu_netherlands_feyenoord	Darley	darley	GK	15.12.1989	0	https://www.eurofotbal.cz/kluby/nizozemsko/feyenoord-rotterdam/soupiska/2010-2011/
eu_netherlands_feyenoord	Kostas Lamprou	kostaslamprou	GK	18.09.1991	0	https://www.eurofotbal.cz/kluby/nizozemsko/feyenoord-rotterdam/soupiska/2010-2011/
eu_netherlands_feyenoord	Erwin Mulder	erwinmulder	GK	03.03.1989	19	https://www.eurofotbal.cz/kluby/nizozemsko/feyenoord-rotterdam/soupiska/2010-2011/
eu_netherlands_feyenoord	Rob van Dijk	robvandijk	GK	15.01.1969	19	https://www.eurofotbal.cz/kluby/nizozemsko/feyenoord-rotterdam/soupiska/2010-2011/
eu_netherlands_feyenoord	André Bahia	andrebahia	DEF	24.11.1983	21	https://www.eurofotbal.cz/kluby/nizozemsko/feyenoord-rotterdam/soupiska/2010-2011/
eu_netherlands_feyenoord	Tim de Cler	timdecler	DEF	08.11.1978	32	https://www.eurofotbal.cz/kluby/nizozemsko/feyenoord-rotterdam/soupiska/2010-2011/
eu_netherlands_feyenoord	Stefan de Vrij	stefandevrij	DEF	05.02.1992	33	https://www.eurofotbal.cz/kluby/nizozemsko/feyenoord-rotterdam/soupiska/2010-2011/
eu_netherlands_feyenoord	Daní Fernández	danifernandez	DEF	20.01.1983	0	https://www.eurofotbal.cz/kluby/nizozemsko/feyenoord-rotterdam/soupiska/2010-2011/
eu_netherlands_feyenoord	Michael Lumb	michaellumb	DEF	09.01.1988	2	https://www.eurofotbal.cz/kluby/nizozemsko/feyenoord-rotterdam/soupiska/2010-2011/
eu_netherlands_feyenoord	Bruno Martins Indi	brunomartinsindi	DEF	08.02.1992	17	https://www.eurofotbal.cz/kluby/nizozemsko/feyenoord-rotterdam/soupiska/2010-2011/
eu_netherlands_feyenoord	Bart Schenkeveld	bartschenkeveld	DEF	28.08.1991	0	https://www.eurofotbal.cz/kluby/nizozemsko/feyenoord-rotterdam/soupiska/2010-2011/
eu_netherlands_feyenoord	Gill Swerts	gillswerts	DEF	23.09.1982	10	https://www.eurofotbal.cz/kluby/nizozemsko/feyenoord-rotterdam/soupiska/2010-2011/
eu_netherlands_feyenoord	Ron Vlaar	ronvlaar	DEF	16.02.1985	28	https://www.eurofotbal.cz/kluby/nizozemsko/feyenoord-rotterdam/soupiska/2010-2011/
eu_netherlands_feyenoord	Adil Auassar	adilauassar	MID	06.10.1986	3	https://www.eurofotbal.cz/kluby/nizozemsko/feyenoord-rotterdam/soupiska/2010-2011/
eu_netherlands_feyenoord	Luigi Bruins	luigibruins	MID	09.03.1987	23	https://www.eurofotbal.cz/kluby/nizozemsko/feyenoord-rotterdam/soupiska/2010-2011/
eu_netherlands_feyenoord	Karim El Ahmadi	karimelahmadi	MID	27.01.1985	16	https://www.eurofotbal.cz/kluby/nizozemsko/feyenoord-rotterdam/soupiska/2010-2011/
eu_netherlands_feyenoord	Leroy Fer	leroyfer	MID	05.01.1990	26	https://www.eurofotbal.cz/kluby/nizozemsko/feyenoord-rotterdam/soupiska/2010-2011/
eu_netherlands_feyenoord	Kevin Jansen	kevinjansen	MID	08.04.1992	0	https://www.eurofotbal.cz/kluby/nizozemsko/feyenoord-rotterdam/soupiska/2010-2011/
eu_netherlands_feyenoord	Kelvin Leerdam	kelvinleerdam	MID	24.06.1990	24	https://www.eurofotbal.cz/kluby/nizozemsko/feyenoord-rotterdam/soupiska/2010-2011/
eu_netherlands_feyenoord	Manteiga	manteiga	MID	19.03.1990	0	https://www.eurofotbal.cz/kluby/nizozemsko/feyenoord-rotterdam/soupiska/2010-2011/
eu_netherlands_feyenoord	Marcel Meeuwis	marcelmeeuwis	MID	31.10.1980	13	https://www.eurofotbal.cz/kluby/nizozemsko/feyenoord-rotterdam/soupiska/2010-2011/
eu_netherlands_feyenoord	Kamohelo Mokotjo	kamohelomokotjo	MID	11.03.1991	15	https://www.eurofotbal.cz/kluby/nizozemsko/feyenoord-rotterdam/soupiska/2010-2011/
eu_netherlands_feyenoord	Ricky van Haaren	rickyvanhaaren	MID	21.06.1991	12	https://www.eurofotbal.cz/kluby/nizozemsko/feyenoord-rotterdam/soupiska/2010-2011/
eu_netherlands_feyenoord	Georginio Wijnaldum	georginiowijnaldum	MID	11.11.1990	37	https://www.eurofotbal.cz/kluby/nizozemsko/feyenoord-rotterdam/soupiska/2010-2011/
eu_netherlands_feyenoord	Diego Biseswar	diegobiseswar	ATT	08.03.1988	23	https://www.eurofotbal.cz/kluby/nizozemsko/feyenoord-rotterdam/soupiska/2010-2011/
eu_netherlands_feyenoord	Jerson Cabral	jersoncabral	ATT	03.01.1991	25	https://www.eurofotbal.cz/kluby/nizozemsko/feyenoord-rotterdam/soupiska/2010-2011/
eu_netherlands_feyenoord	Luc Castaignos	luccastaignos	ATT	27.09.1992	37	https://www.eurofotbal.cz/kluby/nizozemsko/feyenoord-rotterdam/soupiska/2010-2011/
eu_netherlands_feyenoord	Sekou Cissé	sekoucisse	ATT	23.05.1985	3	https://www.eurofotbal.cz/kluby/nizozemsko/feyenoord-rotterdam/soupiska/2010-2011/
eu_netherlands_feyenoord	Søren Larsen	srenlarsen	ATT	06.09.1981	6	https://www.eurofotbal.cz/kluby/nizozemsko/feyenoord-rotterdam/soupiska/2010-2011/
eu_netherlands_feyenoord	Ryo Miyaichi	ryomiyaichi	ATT	14.12.1992	12	https://www.eurofotbal.cz/kluby/nizozemsko/feyenoord-rotterdam/soupiska/2010-2011/
eu_netherlands_feyenoord	Ruben Schaken	rubenschaken	ATT	03.04.1982	14	https://www.eurofotbal.cz/kluby/nizozemsko/feyenoord-rotterdam/soupiska/2010-2011/
eu_netherlands_feyenoord	Krisztián Simon	krisztiansimon	ATT	10.06.1991	8	https://www.eurofotbal.cz/kluby/nizozemsko/feyenoord-rotterdam/soupiska/2010-2011/
eu_netherlands_feyenoord	Fjodor Smolov	fjodorsmolov	ATT	09.02.1990	14	https://www.eurofotbal.cz/kluby/nizozemsko/feyenoord-rotterdam/soupiska/2010-2011/
eu_netherlands_feyenoord	Jon Dahl Tomasson	jondahltomasson	ATT	29.08.1976	0	https://www.eurofotbal.cz/kluby/nizozemsko/feyenoord-rotterdam/soupiska/2010-2011/
eu_netherlands_feyenoord	Jhonny van Beukering	jhonnyvanbeukering	ATT	29.08.1983	3	https://www.eurofotbal.cz/kluby/nizozemsko/feyenoord-rotterdam/soupiska/2010-2011/
eu_netherlands_nec-nijmegen	Gábor Babos	gaborbabos	GK	24.10.1974	3	https://www.eurofotbal.cz/kluby/nizozemsko/nec-nijmegen/soupiska/2010-2011/
eu_netherlands_nec-nijmegen	Jasper Cillessen	jaspercillessen	GK	22.04.1989	32	https://www.eurofotbal.cz/kluby/nizozemsko/nec-nijmegen/soupiska/2010-2011/
eu_netherlands_nec-nijmegen	Jérémy De Vriendt	jeremydevriendt	GK	22.03.1986	0	https://www.eurofotbal.cz/kluby/nizozemsko/nec-nijmegen/soupiska/2010-2011/
eu_netherlands_nec-nijmegen	Rémy Amieux	remyamieux	DEF	05.09.1986	21	https://www.eurofotbal.cz/kluby/nizozemsko/nec-nijmegen/soupiska/2010-2011/
eu_netherlands_nec-nijmegen	Joost Ebergen	joostebergen	DEF	02.06.1990	0	https://www.eurofotbal.cz/kluby/nizozemsko/nec-nijmegen/soupiska/2010-2011/
eu_netherlands_nec-nijmegen	Bram Nuytinck	bramnuytinck	DEF	04.05.1990	33	https://www.eurofotbal.cz/kluby/nizozemsko/nec-nijmegen/soupiska/2010-2011/
eu_netherlands_nec-nijmegen	Mark Otten	markotten	DEF	02.09.1985	21	https://www.eurofotbal.cz/kluby/nizozemsko/nec-nijmegen/soupiska/2010-2011/
eu_netherlands_nec-nijmegen	Rens van Eijden	rensvaneijden	DEF	03.03.1988	15	https://www.eurofotbal.cz/kluby/nizozemsko/nec-nijmegen/soupiska/2010-2011/
eu_netherlands_nec-nijmegen	Niels Wellenberg	nielswellenberg	DEF	09.08.1982	5	https://www.eurofotbal.cz/kluby/nizozemsko/nec-nijmegen/soupiska/2010-2011/
eu_netherlands_nec-nijmegen	Nathaniel Will	nathanielwill	DEF	16.02.1989	29	https://www.eurofotbal.cz/kluby/nizozemsko/nec-nijmegen/soupiska/2010-2011/
eu_netherlands_nec-nijmegen	Ramon Zomer	ramonzomer	DEF	13.04.1983	35	https://www.eurofotbal.cz/kluby/nizozemsko/nec-nijmegen/soupiska/2010-2011/
eu_netherlands_nec-nijmegen	Lorenzo Davids	lorenzodavids	MID	04.09.1986	30	https://www.eurofotbal.cz/kluby/nizozemsko/nec-nijmegen/soupiska/2010-2011/
eu_netherlands_nec-nijmegen	Thomas Chatelle	thomaschatelle	MID	31.03.1981	28	https://www.eurofotbal.cz/kluby/nizozemsko/nec-nijmegen/soupiska/2010-2011/
eu_netherlands_nec-nijmegen	Youri Loen	youriloen	MID	27.01.1991	1	https://www.eurofotbal.cz/kluby/nizozemsko/nec-nijmegen/soupiska/2010-2011/
eu_netherlands_nec-nijmegen	Lasse Schöne	lasseschone	MID	27.05.1986	35	https://www.eurofotbal.cz/kluby/nizozemsko/nec-nijmegen/soupiska/2010-2011/
eu_netherlands_nec-nijmegen	Bas Sibum	bassibum	MID	26.12.1982	31	https://www.eurofotbal.cz/kluby/nizozemsko/nec-nijmegen/soupiska/2010-2011/
eu_netherlands_nec-nijmegen	Ryan van Dijk	ryanvandijk	MID	28.05.1990	0	https://www.eurofotbal.cz/kluby/nizozemsko/nec-nijmegen/soupiska/2010-2011/
eu_netherlands_nec-nijmegen	Niki Zimling	nikizimling	MID	19.04.1985	27	https://www.eurofotbal.cz/kluby/nizozemsko/nec-nijmegen/soupiska/2010-2011/
eu_netherlands_nec-nijmegen	Furkan Alakmak	furkanalakmak	ATT	28.09.1991	0	https://www.eurofotbal.cz/kluby/nizozemsko/nec-nijmegen/soupiska/2010-2011/
eu_netherlands_nec-nijmegen	Erton Fejzullahu	ertonfejzullahu	ATT	09.04.1988	18	https://www.eurofotbal.cz/kluby/nizozemsko/nec-nijmegen/soupiska/2010-2011/
eu_netherlands_nec-nijmegen	Leroy George	leroygeorge	ATT	21.04.1987	22	https://www.eurofotbal.cz/kluby/nizozemsko/nec-nijmegen/soupiska/2010-2011/
eu_netherlands_nec-nijmegen	John Goossens	johngoossens	ATT	25.07.1988	32	https://www.eurofotbal.cz/kluby/nizozemsko/nec-nijmegen/soupiska/2010-2011/
eu_netherlands_nec-nijmegen	Dammyano Grootfaam	dammyanogrootfaam	ATT	13.05.1991	0	https://www.eurofotbal.cz/kluby/nizozemsko/nec-nijmegen/soupiska/2010-2011/
eu_netherlands_nec-nijmegen	Caifano Latupeirissa	caifanolatupeirissa	ATT	28.04.1991	10	https://www.eurofotbal.cz/kluby/nizozemsko/nec-nijmegen/soupiska/2010-2011/
eu_netherlands_nec-nijmegen	Ricky ten Voorde	rickytenvoorde	ATT	20.06.1991	17	https://www.eurofotbal.cz/kluby/nizozemsko/nec-nijmegen/soupiska/2010-2011/
eu_netherlands_nec-nijmegen	Björn Vleminckx	bjornvleminckx	ATT	01.12.1985	33	https://www.eurofotbal.cz/kluby/nizozemsko/nec-nijmegen/soupiska/2010-2011/
eu_netherlands_psv-eindhoven	Cássio	cassio	GK	06.06.1987	3	https://www.eurofotbal.cz/kluby/nizozemsko/psv-eindhoven/soupiska/2010-2011/
eu_netherlands_psv-eindhoven	Andreas Isaksson	andreasisaksson	GK	03.10.1981	50	https://www.eurofotbal.cz/kluby/nizozemsko/psv-eindhoven/soupiska/2010-2011/
eu_netherlands_psv-eindhoven	Jeroen Zoet	jeroenzoet	GK	06.01.1991	0	https://www.eurofotbal.cz/kluby/nizozemsko/psv-eindhoven/soupiska/2010-2011/
eu_netherlands_psv-eindhoven	Wilfred Bouma	wilfredbouma	DEF	15.06.1978	38	https://www.eurofotbal.cz/kluby/nizozemsko/psv-eindhoven/soupiska/2010-2011/
eu_netherlands_psv-eindhoven	Jan Kromkamp	jankromkamp	DEF	17.08.1980	0	https://www.eurofotbal.cz/kluby/nizozemsko/psv-eindhoven/soupiska/2010-2011/
eu_netherlands_psv-eindhoven	Stanislav Manolev	stanislavmanolev	DEF	16.12.1985	31	https://www.eurofotbal.cz/kluby/nizozemsko/psv-eindhoven/soupiska/2010-2011/
eu_netherlands_psv-eindhoven	Marcelo	marcelo	DEF	20.05.1987	44	https://www.eurofotbal.cz/kluby/nizozemsko/psv-eindhoven/soupiska/2010-2011/
eu_netherlands_psv-eindhoven	Erik Pieters	erikpieters	DEF	07.08.1988	47	https://www.eurofotbal.cz/kluby/nizozemsko/psv-eindhoven/soupiska/2010-2011/
eu_netherlands_psv-eindhoven	Francisco Rodríguez	franciscorodriguez	DEF	20.10.1981	30	https://www.eurofotbal.cz/kluby/nizozemsko/psv-eindhoven/soupiska/2010-2011/
eu_netherlands_psv-eindhoven	Carlos Salcido	carlossalcido	DEF	02.04.1980	0	https://www.eurofotbal.cz/kluby/nizozemsko/psv-eindhoven/soupiska/2010-2011/
eu_netherlands_psv-eindhoven	Jagoš Vuković	jagosvukovic	DEF	10.06.1988	9	https://www.eurofotbal.cz/kluby/nizozemsko/psv-eindhoven/soupiska/2010-2011/
eu_netherlands_psv-eindhoven	Ibrahim Afellay	ibrahimafellay	MID	02.04.1986	26	https://www.eurofotbal.cz/kluby/nizozemsko/psv-eindhoven/soupiska/2010-2011/
eu_netherlands_psv-eindhoven	Otman Bakkal	otmanbakkal	MID	27.02.1985	38	https://www.eurofotbal.cz/kluby/nizozemsko/psv-eindhoven/soupiska/2010-2011/
eu_netherlands_psv-eindhoven	Balázs Dzsudzsák	balazsdzsudzsak	MID	23.12.1986	49	https://www.eurofotbal.cz/kluby/nizozemsko/psv-eindhoven/soupiska/2010-2011/
eu_netherlands_psv-eindhoven	Orlando Engelaar	orlandoengelaar	MID	24.08.1979	45	https://www.eurofotbal.cz/kluby/nizozemsko/psv-eindhoven/soupiska/2010-2011/
eu_netherlands_psv-eindhoven	Gerson	gerson	MID	07.01.1992	0	https://www.eurofotbal.cz/kluby/nizozemsko/psv-eindhoven/soupiska/2010-2011/
eu_netherlands_psv-eindhoven	Atiba Hutchinson	atibahutchinson	MID	08.02.1983	49	https://www.eurofotbal.cz/kluby/nizozemsko/psv-eindhoven/soupiska/2010-2011/
eu_netherlands_psv-eindhoven	Zakaria Labyad	zakarialabyad	MID	09.03.1993	11	https://www.eurofotbal.cz/kluby/nizozemsko/psv-eindhoven/soupiska/2010-2011/
eu_netherlands_psv-eindhoven	Funso Ojo	funsoojo	MID	28.08.1991	3	https://www.eurofotbal.cz/kluby/nizozemsko/psv-eindhoven/soupiska/2010-2011/
eu_netherlands_psv-eindhoven	Ibrahim Rabiu	ibrahimrabiu	MID	15.03.1991	0	https://www.eurofotbal.cz/kluby/nizozemsko/psv-eindhoven/soupiska/2010-2011/
eu_netherlands_psv-eindhoven	Abel Tamata	abeltamata	MID	05.12.1990	6	https://www.eurofotbal.cz/kluby/nizozemsko/psv-eindhoven/soupiska/2010-2011/
eu_netherlands_psv-eindhoven	Stijn Wuytens	stijnwuytens	MID	08.10.1989	16	https://www.eurofotbal.cz/kluby/nizozemsko/psv-eindhoven/soupiska/2010-2011/
eu_netherlands_psv-eindhoven	Nordin Amrabat	nordinamrabat	ATT	31.03.1987	12	https://www.eurofotbal.cz/kluby/nizozemsko/psv-eindhoven/soupiska/2010-2011/
eu_netherlands_psv-eindhoven	Marcus Berg	marcusberg	ATT	17.08.1986	40	https://www.eurofotbal.cz/kluby/nizozemsko/psv-eindhoven/soupiska/2010-2011/
eu_netherlands_psv-eindhoven	Danny Koevermans	dannykoevermans	ATT	01.11.1978	19	https://www.eurofotbal.cz/kluby/nizozemsko/psv-eindhoven/soupiska/2010-2011/
eu_netherlands_psv-eindhoven	Jeremain Lens	jeremainlens	ATT	24.11.1987	48	https://www.eurofotbal.cz/kluby/nizozemsko/psv-eindhoven/soupiska/2010-2011/
eu_netherlands_psv-eindhoven	Stefan Nijland	stefannijland	ATT	10.08.1988	6	https://www.eurofotbal.cz/kluby/nizozemsko/psv-eindhoven/soupiska/2010-2011/
eu_netherlands_psv-eindhoven	Jonathan Reis	jonathanreis	ATT	06.06.1989	15	https://www.eurofotbal.cz/kluby/nizozemsko/psv-eindhoven/soupiska/2010-2011/
eu_netherlands_psv-eindhoven	Ola Toivonen	olatoivonen	ATT	03.07.1986	42	https://www.eurofotbal.cz/kluby/nizozemsko/psv-eindhoven/soupiska/2010-2011/
eu_netherlands_psv-eindhoven	Género Zeefuik	generozeefuik	ATT	05.04.1990	7	https://www.eurofotbal.cz/kluby/nizozemsko/psv-eindhoven/soupiska/2010-2011/
eu_netherlands_sc-heerenveen	Agil Etemadi	agiletemadi	GK	23.04.1987	0	https://www.eurofotbal.cz/kluby/nizozemsko/sc-heerenveen/soupiska/2010-2011/
eu_netherlands_sc-heerenveen	René Oosterhof	reneoosterhof	GK	01.05.1990	0	https://www.eurofotbal.cz/kluby/nizozemsko/sc-heerenveen/soupiska/2010-2011/
eu_netherlands_sc-heerenveen	Kenny Steppe	kennysteppe	GK	14.11.1988	5	https://www.eurofotbal.cz/kluby/nizozemsko/sc-heerenveen/soupiska/2010-2011/
eu_netherlands_sc-heerenveen	Kevin Stuhr Ellegaard	kevinstuhrellegaard	GK	23.05.1983	30	https://www.eurofotbal.cz/kluby/nizozemsko/sc-heerenveen/soupiska/2010-2011/
eu_netherlands_sc-heerenveen	Brian Vandenbussche	brianvandenbussche	GK	24.09.1981	1	https://www.eurofotbal.cz/kluby/nizozemsko/sc-heerenveen/soupiska/2010-2011/
eu_netherlands_sc-heerenveen	Michel Breuer	michelbreuer	DEF	25.05.1980	34	https://www.eurofotbal.cz/kluby/nizozemsko/sc-heerenveen/soupiska/2010-2011/
eu_netherlands_sc-heerenveen	Igor Đurić	igoruric	DEF	22.02.1985	5	https://www.eurofotbal.cz/kluby/nizozemsko/sc-heerenveen/soupiska/2010-2011/
eu_netherlands_sc-heerenveen	Youssef El Akchaoui	youssefelakchaoui	DEF	18.02.1981	6	https://www.eurofotbal.cz/kluby/nizozemsko/sc-heerenveen/soupiska/2010-2011/
eu_netherlands_sc-heerenveen	Jeffrey Gouweleeuw	jeffreygouweleeuw	DEF	10.07.1991	6	https://www.eurofotbal.cz/kluby/nizozemsko/sc-heerenveen/soupiska/2010-2011/
eu_netherlands_sc-heerenveen	Daryl Janmaat	daryljanmaat	DEF	22.07.1989	25	https://www.eurofotbal.cz/kluby/nizozemsko/sc-heerenveen/soupiska/2010-2011/
eu_netherlands_sc-heerenveen	Gerry Koning	gerrykoning	DEF	03.01.1980	17	https://www.eurofotbal.cz/kluby/nizozemsko/sc-heerenveen/soupiska/2010-2011/
eu_netherlands_sc-heerenveen	Milan Kopic	milankopic	DEF	23.11.1985	7	https://www.eurofotbal.cz/kluby/nizozemsko/sc-heerenveen/soupiska/2010-2011/
eu_netherlands_sc-heerenveen	Arnold Kruiswijk	arnoldkruiswijk	DEF	02.11.1984	23	https://www.eurofotbal.cz/kluby/nizozemsko/sc-heerenveen/soupiska/2010-2011/
eu_netherlands_sc-heerenveen	Filip Đuričić	filipuricic	MID	30.01.1992	25	https://www.eurofotbal.cz/kluby/nizozemsko/sc-heerenveen/soupiska/2010-2011/
eu_netherlands_sc-heerenveen	Viktor Elm	viktorelm	MID	13.11.1985	31	https://www.eurofotbal.cz/kluby/nizozemsko/sc-heerenveen/soupiska/2010-2011/
eu_netherlands_sc-heerenveen	Christian Grindheim	christiangrindheim	MID	20.02.1983	32	https://www.eurofotbal.cz/kluby/nizozemsko/sc-heerenveen/soupiska/2010-2011/
eu_netherlands_sc-heerenveen	Philip Haglund	philiphaglund	MID	22.03.1987	14	https://www.eurofotbal.cz/kluby/nizozemsko/sc-heerenveen/soupiska/2010-2011/
eu_netherlands_sc-heerenveen	Calvin Jong-a-Pin	calvinjongapin	MID	18.07.1986	31	https://www.eurofotbal.cz/kluby/nizozemsko/sc-heerenveen/soupiska/2010-2011/
eu_netherlands_sc-heerenveen	Geert-Arend Roorda	geertarendroorda	MID	02.03.1988	5	https://www.eurofotbal.cz/kluby/nizozemsko/sc-heerenveen/soupiska/2010-2011/
eu_netherlands_sc-heerenveen	Michal Švec	michalsvec	MID	19.03.1987	22	https://www.eurofotbal.cz/kluby/nizozemsko/sc-heerenveen/soupiska/2010-2011/
eu_netherlands_sc-heerenveen	Mika Väyrynen	mikavayrynen	MID	28.12.1981	31	https://www.eurofotbal.cz/kluby/nizozemsko/sc-heerenveen/soupiska/2010-2011/
eu_netherlands_sc-heerenveen	Oussama Assaidi	oussamaassaidi	ATT	15.08.1988	33	https://www.eurofotbal.cz/kluby/nizozemsko/sc-heerenveen/soupiska/2010-2011/
eu_netherlands_sc-heerenveen	Pedro Beda	pedrobeda	ATT	05.03.1989	0	https://www.eurofotbal.cz/kluby/nizozemsko/sc-heerenveen/soupiska/2010-2011/
eu_netherlands_sc-heerenveen	Roy Beerens	roybeerens	ATT	22.12.1987	29	https://www.eurofotbal.cz/kluby/nizozemsko/sc-heerenveen/soupiska/2010-2011/
eu_netherlands_sc-heerenveen	Bas Dost	basdost	ATT	31.05.1989	34	https://www.eurofotbal.cz/kluby/nizozemsko/sc-heerenveen/soupiska/2010-2011/
eu_netherlands_sc-heerenveen	Tarik Elyounoussi	tarikelyounoussi	ATT	23.02.1988	2	https://www.eurofotbal.cz/kluby/nizozemsko/sc-heerenveen/soupiska/2010-2011/
eu_netherlands_sc-heerenveen	Samir Fazli	samirfazli	ATT	22.04.1991	10	https://www.eurofotbal.cz/kluby/nizozemsko/sc-heerenveen/soupiska/2010-2011/
eu_netherlands_sc-heerenveen	Quenten Martinus	quentenmartinus	ATT	07.03.1991	1	https://www.eurofotbal.cz/kluby/nizozemsko/sc-heerenveen/soupiska/2010-2011/
eu_netherlands_sc-heerenveen	Michal Papadopulos	michalpapadopulos	ATT	14.04.1985	4	https://www.eurofotbal.cz/kluby/nizozemsko/sc-heerenveen/soupiska/2010-2011/
eu_norway_molde-fk	Ben Amos	benamos	GK	10.04.1990	8	https://www.eurofotbal.cz/kluby/norsko/molde-fk/soupiska/2010/
eu_norway_molde-fk	Jan Kjell Larsen	jankjelllarsen	GK	24.06.1983	7	https://www.eurofotbal.cz/kluby/norsko/molde-fk/soupiska/2010/
eu_norway_molde-fk	Knut Dørum Lillebakk	knutdrumlillebakk	GK	27.04.1978	3	https://www.eurofotbal.cz/kluby/norsko/molde-fk/soupiska/2010/
eu_norway_molde-fk	Espen Pettersen	espenpettersen	GK	10.05.1980	12	https://www.eurofotbal.cz/kluby/norsko/molde-fk/soupiska/2010/
eu_norway_molde-fk	Elias Valderhaug	eliasvalderhaug	GK	26.04.1990	0	https://www.eurofotbal.cz/kluby/norsko/molde-fk/soupiska/2010/
eu_norway_molde-fk	Marcus Andreasson	marcusandreasson	DEF	13.07.1978	24	https://www.eurofotbal.cz/kluby/norsko/molde-fk/soupiska/2010/
eu_norway_molde-fk	Vegard Forren	vegardforren	DEF	16.02.1988	28	https://www.eurofotbal.cz/kluby/norsko/molde-fk/soupiska/2010/
eu_norway_molde-fk	Øyvind Gjerde	yvindgjerde	DEF	18.03.1977	6	https://www.eurofotbal.cz/kluby/norsko/molde-fk/soupiska/2010/
eu_norway_molde-fk	Emil Johansson	emiljohansson	DEF	11.08.1986	24	https://www.eurofotbal.cz/kluby/norsko/molde-fk/soupiska/2010/
eu_norway_molde-fk	Knut Rindarøy	knutrindary	DEF	17.07.1985	15	https://www.eurofotbal.cz/kluby/norsko/molde-fk/soupiska/2010/
eu_norway_molde-fk	Christian Steen	christiansteen	DEF	02.07.1977	14	https://www.eurofotbal.cz/kluby/norsko/molde-fk/soupiska/2010/
eu_norway_molde-fk	Kristoffer Vatshaug	kristoffervatshaug	DEF	03.06.1981	24	https://www.eurofotbal.cz/kluby/norsko/molde-fk/soupiska/2010/
eu_norway_molde-fk	Daniel Berg Hestad	danielberghestad	MID	30.07.1975	26	https://www.eurofotbal.cz/kluby/norsko/molde-fk/soupiska/2010/
eu_norway_molde-fk	Thomas Holm	thomasholm	MID	19.02.1981	27	https://www.eurofotbal.cz/kluby/norsko/molde-fk/soupiska/2010/
eu_norway_molde-fk	Magne Hoseth	magnehoseth	MID	13.10.1980	25	https://www.eurofotbal.cz/kluby/norsko/molde-fk/soupiska/2010/
eu_norway_molde-fk	Mattias Moström	mattiasmostrom	MID	25.02.1983	28	https://www.eurofotbal.cz/kluby/norsko/molde-fk/soupiska/2010/
eu_norway_molde-fk	Magne Simonsen	magnesimonsen	MID	13.07.1988	24	https://www.eurofotbal.cz/kluby/norsko/molde-fk/soupiska/2010/
eu_norway_molde-fk	Aksel Berget Skjølsvik	akselbergetskjlsvik	MID	15.05.1987	26	https://www.eurofotbal.cz/kluby/norsko/molde-fk/soupiska/2010/
eu_norway_molde-fk	Magnus Stamnestrø	magnusstamnestr	MID	18.04.1992	3	https://www.eurofotbal.cz/kluby/norsko/molde-fk/soupiska/2010/
eu_norway_molde-fk	Kristian Strandhagen	kristianstrandhagen	MID	26.07.1989	2	https://www.eurofotbal.cz/kluby/norsko/molde-fk/soupiska/2010/
eu_norway_molde-fk	Makhtar Thiouné	makhtarthioune	MID	05.08.1986	18	https://www.eurofotbal.cz/kluby/norsko/molde-fk/soupiska/2010/
eu_norway_molde-fk	Pape Paté Diouf	papepatediouf	ATT	04.04.1986	13	https://www.eurofotbal.cz/kluby/norsko/molde-fk/soupiska/2010/
eu_norway_molde-fk	Djiby Fall	djibyfall	ATT	20.04.1985	28	https://www.eurofotbal.cz/kluby/norsko/molde-fk/soupiska/2010/
eu_norway_molde-fk	Daniel Chima Chukwu	danielchimachukwu	ATT	04.04.1991	4	https://www.eurofotbal.cz/kluby/norsko/molde-fk/soupiska/2010/
eu_norway_molde-fk	Simon Markeng	simonmarkeng	ATT	09.09.1992	2	https://www.eurofotbal.cz/kluby/norsko/molde-fk/soupiska/2010/
eu_norway_molde-fk	Björn Runström	bjornrunstrom	ATT	01.03.1984	17	https://www.eurofotbal.cz/kluby/norsko/molde-fk/soupiska/2010/
eu_norway_rosenborg-bk	Erik Brathen	erikbrathen	GK	16.09.1987	0	https://www.eurofotbal.cz/kluby/norsko/rosenborg-bk/soupiska/2010/
eu_norway_rosenborg-bk	Daniel Örlund	danielorlund	GK	23.06.1980	33	https://www.eurofotbal.cz/kluby/norsko/rosenborg-bk/soupiska/2010/
eu_norway_rosenborg-bk	Mattias Bjärsmyr	mattiasbjarsmyr	DEF	03.01.1986	7	https://www.eurofotbal.cz/kluby/norsko/rosenborg-bk/soupiska/2010/
eu_norway_rosenborg-bk	Vadim Demidov	vadimdemidov	DEF	10.10.1986	28	https://www.eurofotbal.cz/kluby/norsko/rosenborg-bk/soupiska/2010/
eu_norway_rosenborg-bk	Mikael Dorsin	mikaeldorsin	DEF	06.10.1981	33	https://www.eurofotbal.cz/kluby/norsko/rosenborg-bk/soupiska/2010/
eu_norway_rosenborg-bk	Alejandro Lago	alejandrolago	DEF	28.06.1979	9	https://www.eurofotbal.cz/kluby/norsko/rosenborg-bk/soupiska/2010/
eu_norway_rosenborg-bk	Mikael Lustig	mikaellustig	DEF	13.12.1986	32	https://www.eurofotbal.cz/kluby/norsko/rosenborg-bk/soupiska/2010/
eu_norway_rosenborg-bk	Tom Erik Nordberg	tomeriknordberg	DEF	10.07.1985	0	https://www.eurofotbal.cz/kluby/norsko/rosenborg-bk/soupiska/2010/
eu_norway_rosenborg-bk	Osei Oviasu	oseioviasu	DEF	02.09.1990	0	https://www.eurofotbal.cz/kluby/norsko/rosenborg-bk/soupiska/2010/
eu_norway_rosenborg-bk	Kris Stadsgaard	krisstadsgaard	DEF	01.08.1985	23	https://www.eurofotbal.cz/kluby/norsko/rosenborg-bk/soupiska/2010/
eu_norway_rosenborg-bk	Simen Wangberg	simenwangberg	DEF	06.05.1991	3	https://www.eurofotbal.cz/kluby/norsko/rosenborg-bk/soupiska/2010/
eu_norway_rosenborg-bk	Anthony Annan	anthonyannan	MID	21.07.1986	28	https://www.eurofotbal.cz/kluby/norsko/rosenborg-bk/soupiska/2010/
eu_norway_rosenborg-bk	Gjermund Åsen	gjermundasen	MID	22.05.1991	5	https://www.eurofotbal.cz/kluby/norsko/rosenborg-bk/soupiska/2010/
eu_norway_rosenborg-bk	Bouba	bouba	MID	05.04.1990	3	https://www.eurofotbal.cz/kluby/norsko/rosenborg-bk/soupiska/2010/
eu_norway_rosenborg-bk	Pål André Helland	palandrehelland	MID	04.01.1990	1	https://www.eurofotbal.cz/kluby/norsko/rosenborg-bk/soupiska/2010/
eu_norway_rosenborg-bk	Markus Henriksen	markushenriksen	MID	25.07.1992	31	https://www.eurofotbal.cz/kluby/norsko/rosenborg-bk/soupiska/2010/
eu_norway_rosenborg-bk	Trond Olsen	trondolsen	MID	05.02.1984	26	https://www.eurofotbal.cz/kluby/norsko/rosenborg-bk/soupiska/2010/
eu_norway_rosenborg-bk	Per Skjelbred	perskjelbred	MID	16.06.1987	31	https://www.eurofotbal.cz/kluby/norsko/rosenborg-bk/soupiska/2010/
eu_norway_rosenborg-bk	Roar Strand	roarstrand	MID	02.02.1970	16	https://www.eurofotbal.cz/kluby/norsko/rosenborg-bk/soupiska/2010/
eu_norway_rosenborg-bk	Fredrik Winsnes	fredrikwinsnes	MID	28.12.1975	29	https://www.eurofotbal.cz/kluby/norsko/rosenborg-bk/soupiska/2010/
eu_norway_rosenborg-bk	Mushaga Bakenga	mushagabakenga	ATT	08.08.1992	6	https://www.eurofotbal.cz/kluby/norsko/rosenborg-bk/soupiska/2010/
eu_norway_rosenborg-bk	Steffen Iversen	steffeniversen	ATT	10.11.1976	33	https://www.eurofotbal.cz/kluby/norsko/rosenborg-bk/soupiska/2010/
eu_norway_rosenborg-bk	Michael Jamtfall	michaeljamtfall	ATT	24.03.1987	5	https://www.eurofotbal.cz/kluby/norsko/rosenborg-bk/soupiska/2010/
eu_norway_rosenborg-bk	Morten Moldskred	mortenmoldskred	ATT	13.06.1980	23	https://www.eurofotbal.cz/kluby/norsko/rosenborg-bk/soupiska/2010/
eu_norway_rosenborg-bk	Rade Prica	radeprica	ATT	30.06.1980	25	https://www.eurofotbal.cz/kluby/norsko/rosenborg-bk/soupiska/2010/
eu_norway_rosenborg-bk	Kjell Rune Sellin	kjellrunesellin	ATT	01.06.1989	7	https://www.eurofotbal.cz/kluby/norsko/rosenborg-bk/soupiska/2010/
eu_norway_rosenborg-bk	Abdou Traoré	abdoutraore	ATT	28.12.1988	8	https://www.eurofotbal.cz/kluby/norsko/rosenborg-bk/soupiska/2010/
eu_norway_troms-il	Sead Ramović	seadramovic	GK	14.03.1979	8	https://www.eurofotbal.cz/kluby/norsko/tromso-il/soupiska/2010/
eu_norway_troms-il	Marcus Sahlman	marcussahlman	GK	02.01.1985	24	https://www.eurofotbal.cz/kluby/norsko/tromso-il/soupiska/2010/
eu_norway_troms-il	Stevan Bates	stevanbates	DEF	29.11.1981	1	https://www.eurofotbal.cz/kluby/norsko/tromso-il/soupiska/2010/
eu_norway_troms-il	Fredrik Björck	fredrikbjorck	DEF	22.10.1979	28	https://www.eurofotbal.cz/kluby/norsko/tromso-il/soupiska/2010/
eu_norway_troms-il	Saliou Ciss	saliouciss	DEF	15.09.1989	13	https://www.eurofotbal.cz/kluby/norsko/tromso-il/soupiska/2010/
eu_norway_troms-il	Miika Koppinen	miikakoppinen	DEF	05.07.1978	27	https://www.eurofotbal.cz/kluby/norsko/tromso-il/soupiska/2010/
eu_norway_troms-il	Kevin Larsen	kevinlarsen	DEF	10.05.1986	3	https://www.eurofotbal.cz/kluby/norsko/tromso-il/soupiska/2010/
eu_norway_troms-il	Kara Mbodji	karambodji	DEF	11.11.1989	23	https://www.eurofotbal.cz/kluby/norsko/tromso-il/soupiska/2010/
eu_norway_troms-il	Hans Norbye	hansnorbye	DEF	16.01.1987	0	https://www.eurofotbal.cz/kluby/norsko/tromso-il/soupiska/2010/
eu_norway_troms-il	Jade North	jadenorth	DEF	07.01.1982	6	https://www.eurofotbal.cz/kluby/norsko/tromso-il/soupiska/2010/
eu_norway_troms-il	Dominique Taboga	dominiquetaboga	DEF	06.11.1982	1	https://www.eurofotbal.cz/kluby/norsko/tromso-il/soupiska/2010/
eu_norway_troms-il	Hans Åge Yndestad	hansageyndestad	DEF	24.07.1980	28	https://www.eurofotbal.cz/kluby/norsko/tromso-il/soupiska/2010/
eu_norway_troms-il	Lars Andreassen	larsandreassen	MID	14.05.1991	1	https://www.eurofotbal.cz/kluby/norsko/tromso-il/soupiska/2010/
eu_norway_troms-il	Helge Haugen	helgehaugen	MID	15.02.1982	23	https://www.eurofotbal.cz/kluby/norsko/tromso-il/soupiska/2010/
eu_norway_troms-il	Tom Høgli	tomhgli	MID	24.02.1984	30	https://www.eurofotbal.cz/kluby/norsko/tromso-il/soupiska/2010/
eu_norway_troms-il	Ruben Jenssen	rubenjenssen	MID	04.05.1988	30	https://www.eurofotbal.cz/kluby/norsko/tromso-il/soupiska/2010/
eu_norway_troms-il	Remi Johansen	remijohansen	MID	04.09.1990	29	https://www.eurofotbal.cz/kluby/norsko/tromso-il/soupiska/2010/
eu_norway_troms-il	Tommy Knarvik	tommyknarvik	MID	01.11.1979	22	https://www.eurofotbal.cz/kluby/norsko/tromso-il/soupiska/2010/
eu_norway_troms-il	Mads Reginiussen	madsreginiussen	MID	02.01.1988	11	https://www.eurofotbal.cz/kluby/norsko/tromso-il/soupiska/2010/
eu_norway_troms-il	Mohammed Ahamed	mohammedahamed	ATT	05.08.1985	27	https://www.eurofotbal.cz/kluby/norsko/tromso-il/soupiska/2010/
eu_norway_troms-il	Vegard Braaten	vegardbraaten	ATT	30.06.1987	5	https://www.eurofotbal.cz/kluby/norsko/tromso-il/soupiska/2010/
eu_norway_troms-il	Mignane Diouf	mignanediouf	ATT	01.02.1989	1	https://www.eurofotbal.cz/kluby/norsko/tromso-il/soupiska/2010/
eu_norway_troms-il	Kayke	kayke	ATT	01.04.1988	10	https://www.eurofotbal.cz/kluby/norsko/tromso-il/soupiska/2010/
eu_norway_troms-il	George Mourad	georgemourad	ATT	18.09.1982	25	https://www.eurofotbal.cz/kluby/norsko/tromso-il/soupiska/2010/
eu_norway_troms-il	Sigurd Rushfeldt	sigurdrushfeldt	ATT	11.12.1972	20	https://www.eurofotbal.cz/kluby/norsko/tromso-il/soupiska/2010/
eu_norway_valerenga	Lars Hirschfeld	larshirschfeld	GK	17.10.1978	30	https://www.eurofotbal.cz/kluby/norsko/valerenga-if/soupiska/2010/
eu_norway_valerenga	Gudmund Kongshavn	gudmundkongshavn	GK	23.01.1991	0	https://www.eurofotbal.cz/kluby/norsko/valerenga-if/soupiska/2010/
eu_norway_valerenga	Frode Larsen	frodelarsen	GK	09.07.1988	0	https://www.eurofotbal.cz/kluby/norsko/valerenga-if/soupiska/2010/
eu_norway_valerenga	Victor Johansen	victorjohansen	DEF	16.06.1994	1	https://www.eurofotbal.cz/kluby/norsko/valerenga-if/soupiska/2010/
eu_norway_valerenga	Birger Madsen	birgermadsen	DEF	23.04.1982	6	https://www.eurofotbal.cz/kluby/norsko/valerenga-if/soupiska/2010/
eu_norway_valerenga	André Muri	andremuri	DEF	22.04.1981	30	https://www.eurofotbal.cz/kluby/norsko/valerenga-if/soupiska/2010/
eu_norway_valerenga	Andreas Nordvik	andreasnordvik	DEF	18.03.1987	27	https://www.eurofotbal.cz/kluby/norsko/valerenga-if/soupiska/2010/
eu_norway_valerenga	Amin Nouri	aminnouri	DEF	10.01.1990	18	https://www.eurofotbal.cz/kluby/norsko/valerenga-if/soupiska/2010/
eu_norway_valerenga	Stefan Strandberg	stefanstrandberg	DEF	25.07.1990	28	https://www.eurofotbal.cz/kluby/norsko/valerenga-if/soupiska/2010/
eu_norway_valerenga	Kristian Brix	kristianbrix	MID	13.06.1990	5	https://www.eurofotbal.cz/kluby/norsko/valerenga-if/soupiska/2010/
eu_norway_valerenga	Freddy dos Santos	freddydossantos	MID	02.10.1976	25	https://www.eurofotbal.cz/kluby/norsko/valerenga-if/soupiska/2010/
eu_norway_valerenga	Mohammed Fellah	mohammedfellah	MID	24.05.1989	29	https://www.eurofotbal.cz/kluby/norsko/valerenga-if/soupiska/2010/
eu_norway_valerenga	Kristofer Haestad	kristoferhaestad	MID	09.12.1983	27	https://www.eurofotbal.cz/kluby/norsko/valerenga-if/soupiska/2010/
eu_norway_valerenga	Adnan Haidar	adnanhaidar	MID	03.08.1989	4	https://www.eurofotbal.cz/kluby/norsko/valerenga-if/soupiska/2010/
eu_norway_valerenga	Etzaz Hussain	etzazhussain	MID	27.01.1993	0	https://www.eurofotbal.cz/kluby/norsko/valerenga-if/soupiska/2010/
eu_norway_valerenga	Dawda Leigh	dawdaleigh	MID	27.06.1986	6	https://www.eurofotbal.cz/kluby/norsko/valerenga-if/soupiska/2010/
eu_norway_valerenga	Fegor Ogude	fegorogude	MID	29.07.1987	6	https://www.eurofotbal.cz/kluby/norsko/valerenga-if/soupiska/2010/
eu_norway_valerenga	Harmeet Singh	harmeetsingh	MID	12.11.1990	30	https://www.eurofotbal.cz/kluby/norsko/valerenga-if/soupiska/2010/
eu_norway_valerenga	Lars Strand	larsstrand	MID	07.05.1983	2	https://www.eurofotbal.cz/kluby/norsko/valerenga-if/soupiska/2010/
eu_norway_valerenga	Bojan Zajić	bojanzajic	MID	17.06.1980	20	https://www.eurofotbal.cz/kluby/norsko/valerenga-if/soupiska/2010/
eu_norway_valerenga	Mohammed Abdellaoue	mohammedabdellaoue	ATT	23.10.1985	20	https://www.eurofotbal.cz/kluby/norsko/valerenga-if/soupiska/2010/
eu_norway_valerenga	Shåresh Ahmadi	shareshahmadi	ATT	01.05.1994	1	https://www.eurofotbal.cz/kluby/norsko/valerenga-if/soupiska/2010/
eu_norway_valerenga	Morten Berre	mortenberre	ATT	10.08.1975	30	https://www.eurofotbal.cz/kluby/norsko/valerenga-if/soupiska/2010/
eu_norway_valerenga	Mos	mos	ATT	01.08.1988	18	https://www.eurofotbal.cz/kluby/norsko/valerenga-if/soupiska/2010/
eu_norway_valerenga	Håvard Nielsen	havardnielsen	ATT	15.07.1993	1	https://www.eurofotbal.cz/kluby/norsko/valerenga-if/soupiska/2010/
eu_norway_valerenga	Bengt Saeternes	bengtsaeternes	ATT	01.01.1975	25	https://www.eurofotbal.cz/kluby/norsko/valerenga-if/soupiska/2010/
eu_norway_valerenga	Luton Shelton	lutonshelton	ATT	11.11.1985	28	https://www.eurofotbal.cz/kluby/norsko/valerenga-if/soupiska/2010/
eu_poland_lech-poznan	Gerard Bieszczad	gerardbieszczad	GK	05.02.1993	0	https://www.eurofotbal.cz/kluby/polsko/lech-poznan/soupiska/2010-2011/
eu_poland_lech-poznan	Jasmin Burić	jasminburic	GK	18.02.1987	17	https://www.eurofotbal.cz/kluby/polsko/lech-poznan/soupiska/2010-2011/
eu_poland_lech-poznan	Grzegorz Kasprzik	grzegorzkasprzik	GK	20.09.1983	0	https://www.eurofotbal.cz/kluby/polsko/lech-poznan/soupiska/2010-2011/
eu_poland_lech-poznan	Krzysztof Kotorowski	krzysztofkotorowski	GK	12.09.1976	30	https://www.eurofotbal.cz/kluby/polsko/lech-poznan/soupiska/2010-2011/
eu_poland_lech-poznan	Manuel Arboleda	manuelarboleda	DEF	02.08.1979	37	https://www.eurofotbal.cz/kluby/polsko/lech-poznan/soupiska/2010-2011/
eu_poland_lech-poznan	Bartosz Bosacki	bartoszbosacki	DEF	20.12.1975	36	https://www.eurofotbal.cz/kluby/polsko/lech-poznan/soupiska/2010-2011/
eu_poland_lech-poznan	Ivan Đurđević	ivanurevic	DEF	05.02.1977	30	https://www.eurofotbal.cz/kluby/polsko/lech-poznan/soupiska/2010-2011/
eu_poland_lech-poznan	Seweryn Gancarczyk	seweryngancarczyk	DEF	22.11.1981	14	https://www.eurofotbal.cz/kluby/polsko/lech-poznan/soupiska/2010-2011/
eu_poland_lech-poznan	Luis Henríquez	luishenriquez	DEF	23.11.1981	38	https://www.eurofotbal.cz/kluby/polsko/lech-poznan/soupiska/2010-2011/
eu_poland_lech-poznan	Marcin Kamiński	marcinkaminski	DEF	15.01.1992	3	https://www.eurofotbal.cz/kluby/polsko/lech-poznan/soupiska/2010-2011/
eu_poland_lech-poznan	Marcin Kikut	marcinkikut	DEF	25.06.1983	33	https://www.eurofotbal.cz/kluby/polsko/lech-poznan/soupiska/2010-2011/
eu_poland_lech-poznan	Przemyslaw Krolak	przemyslawkrolak	DEF	31.03.1990	0	https://www.eurofotbal.cz/kluby/polsko/lech-poznan/soupiska/2010-2011/
eu_poland_lech-poznan	Grzegorz Wojtkowiak	grzegorzwojtkowiak	DEF	26.01.1984	24	https://www.eurofotbal.cz/kluby/polsko/lech-poznan/soupiska/2010-2011/
eu_poland_lech-poznan	Hubert Wołąkiewicz	hubertwoakiewicz	DEF	21.10.1985	15	https://www.eurofotbal.cz/kluby/polsko/lech-poznan/soupiska/2010-2011/
eu_poland_lech-poznan	Tomasz Bandrowski	tomaszbandrowski	MID	18.09.1984	8	https://www.eurofotbal.cz/kluby/polsko/lech-poznan/soupiska/2010-2011/
eu_poland_lech-poznan	Kamil Drygas	kamildrygas	MID	07.09.1991	9	https://www.eurofotbal.cz/kluby/polsko/lech-poznan/soupiska/2010-2011/
eu_poland_lech-poznan	Gordan Golik	gordangolik	MID	04.03.1985	0	https://www.eurofotbal.cz/kluby/polsko/lech-poznan/soupiska/2010-2011/
eu_poland_lech-poznan	Dimitrije Injać	dimitrijeinjac	MID	12.08.1980	42	https://www.eurofotbal.cz/kluby/polsko/lech-poznan/soupiska/2010-2011/
eu_poland_lech-poznan	Jacek Kiełb	jacekkieb	MID	10.01.1988	28	https://www.eurofotbal.cz/kluby/polsko/lech-poznan/soupiska/2010-2011/
eu_poland_lech-poznan	Sjarhej Kryvec	sjarhejkryvec	MID	08.06.1986	42	https://www.eurofotbal.cz/kluby/polsko/lech-poznan/soupiska/2010-2011/
eu_poland_lech-poznan	Mateusz Możdżeń	mateuszmozdzen	MID	14.03.1991	20	https://www.eurofotbal.cz/kluby/polsko/lech-poznan/soupiska/2010-2011/
eu_poland_lech-poznan	Rafal Murawski	rafalmurawski	MID	09.10.1981	17	https://www.eurofotbal.cz/kluby/polsko/lech-poznan/soupiska/2010-2011/
eu_poland_lech-poznan	Sławomir Peszko	sawomirpeszko	MID	19.02.1985	25	https://www.eurofotbal.cz/kluby/polsko/lech-poznan/soupiska/2010-2011/
eu_poland_lech-poznan	Semir Štilić	semirstilic	MID	08.10.1987	44	https://www.eurofotbal.cz/kluby/polsko/lech-poznan/soupiska/2010-2011/
eu_poland_lech-poznan	Jakub Wilk	jakubwilk	MID	11.07.1985	35	https://www.eurofotbal.cz/kluby/polsko/lech-poznan/soupiska/2010-2011/
eu_poland_lech-poznan	Ján Zápotoka	janzapotoka	MID	23.03.1988	4	https://www.eurofotbal.cz/kluby/polsko/lech-poznan/soupiska/2010-2011/
eu_poland_lech-poznan	Bartosz Bereszyński	bartoszbereszynski	ATT	12.07.1992	0	https://www.eurofotbal.cz/kluby/polsko/lech-poznan/soupiska/2010-2011/
eu_poland_lech-poznan	Krzysztof Chrapek	krzysztofchrapek	ATT	07.10.1985	0	https://www.eurofotbal.cz/kluby/polsko/lech-poznan/soupiska/2010-2011/
eu_poland_lech-poznan	Tomasz Mikolajczak	tomaszmikolajczak	ATT	11.12.1987	13	https://www.eurofotbal.cz/kluby/polsko/lech-poznan/soupiska/2010-2011/
eu_poland_lech-poznan	Artjoms Rudņevs	artjomsrudnevs	ATT	13.01.1988	39	https://www.eurofotbal.cz/kluby/polsko/lech-poznan/soupiska/2010-2011/
eu_poland_lech-poznan	Bartosz Ślusarski	bartoszslusarski	ATT	11.12.1981	12	https://www.eurofotbal.cz/kluby/polsko/lech-poznan/soupiska/2010-2011/
eu_poland_lech-poznan	Joël Tshibamba	joeltshibamba	ATT	22.09.1988	19	https://www.eurofotbal.cz/kluby/polsko/lech-poznan/soupiska/2010-2011/
eu_poland_lech-poznan	Vojo Ubiparip	vojoubiparip	ATT	10.05.1988	11	https://www.eurofotbal.cz/kluby/polsko/lech-poznan/soupiska/2010-2011/
eu_poland_lech-poznan	Artur Wichniarek	arturwichniarek	ATT	28.02.1977	12	https://www.eurofotbal.cz/kluby/polsko/lech-poznan/soupiska/2010-2011/
eu_poland_legia-warsaw	Marijan Antolović	marijanantolovic	GK	07.05.1989	8	https://www.eurofotbal.cz/kluby/polsko/legia-varsava/soupiska/2010-2011/
eu_poland_legia-warsaw	Kostjantyn Machnovskyj	kostjantynmachnovskyj	GK	01.01.1989	7	https://www.eurofotbal.cz/kluby/polsko/legia-varsava/soupiska/2010-2011/
eu_poland_legia-warsaw	Wojciech Skaba	wojciechskaba	GK	09.04.1984	20	https://www.eurofotbal.cz/kluby/polsko/legia-varsava/soupiska/2010-2011/
eu_poland_legia-warsaw	Jakub Szumski	jakubszumski	GK	06.03.1992	0	https://www.eurofotbal.cz/kluby/polsko/legia-varsava/soupiska/2010-2011/
eu_poland_legia-warsaw	Iñaki Astiz	inakiastiz	DEF	05.11.1983	22	https://www.eurofotbal.cz/kluby/polsko/legia-varsava/soupiska/2010-2011/
eu_poland_legia-warsaw	Piotr Augustyniak	piotraugustyniak	DEF	23.10.1989	0	https://www.eurofotbal.cz/kluby/polsko/legia-varsava/soupiska/2010-2011/
eu_poland_legia-warsaw	Dickson Choto	dicksonchoto	DEF	19.03.1981	14	https://www.eurofotbal.cz/kluby/polsko/legia-varsava/soupiska/2010-2011/
eu_poland_legia-warsaw	Artur Jędrzejczyk	arturjedrzejczyk	DEF	04.11.1987	15	https://www.eurofotbal.cz/kluby/polsko/legia-varsava/soupiska/2010-2011/
eu_poland_legia-warsaw	Dejan Kelhar	dejankelhar	DEF	05.04.1984	3	https://www.eurofotbal.cz/kluby/polsko/legia-varsava/soupiska/2010-2011/
eu_poland_legia-warsaw	Tomasz Kiełbowicz	tomaszkiebowicz	DEF	21.02.1976	14	https://www.eurofotbal.cz/kluby/polsko/legia-varsava/soupiska/2010-2011/
eu_poland_legia-warsaw	Srđa Knežević	sraknezevic	DEF	15.04.1985	5	https://www.eurofotbal.cz/kluby/polsko/legia-varsava/soupiska/2010-2011/
eu_poland_legia-warsaw	Marcin Komorowski	marcinkomorowski	DEF	17.04.1984	29	https://www.eurofotbal.cz/kluby/polsko/legia-varsava/soupiska/2010-2011/
eu_poland_legia-warsaw	Panče Kumbev	pancekumbev	DEF	25.12.1979	0	https://www.eurofotbal.cz/kluby/polsko/legia-varsava/soupiska/2010-2011/
eu_poland_legia-warsaw	Jakub Rzeźniczak	jakubrzezniczak	DEF	26.10.1986	27	https://www.eurofotbal.cz/kluby/polsko/legia-varsava/soupiska/2010-2011/
eu_poland_legia-warsaw	Wojciech Szala	wojciechszala	DEF	27.01.1976	0	https://www.eurofotbal.cz/kluby/polsko/legia-varsava/soupiska/2010-2011/
eu_poland_legia-warsaw	Jakub Wawrzyniak	jakubwawrzyniak	DEF	07.07.1983	25	https://www.eurofotbal.cz/kluby/polsko/legia-varsava/soupiska/2010-2011/
eu_poland_legia-warsaw	Damian Zbozien	damianzbozien	DEF	25.04.1989	0	https://www.eurofotbal.cz/kluby/polsko/legia-varsava/soupiska/2010-2011/
eu_poland_legia-warsaw	Adam Banasiak	adambanasiak	MID	07.12.1989	0	https://www.eurofotbal.cz/kluby/polsko/legia-varsava/soupiska/2010-2011/
eu_poland_legia-warsaw	Ariel Borysiuk	arielborysiuk	MID	29.07.1991	31	https://www.eurofotbal.cz/kluby/polsko/legia-varsava/soupiska/2010-2011/
eu_poland_legia-warsaw	Alejandro Cabral	alejandrocabral	MID	11.09.1987	26	https://www.eurofotbal.cz/kluby/polsko/legia-varsava/soupiska/2010-2011/
eu_poland_legia-warsaw	Piotr Giza	piotrgiza	MID	28.02.1980	1	https://www.eurofotbal.cz/kluby/polsko/legia-varsava/soupiska/2010-2011/
eu_poland_legia-warsaw	Janusz Gol	januszgol	MID	11.11.1985	11	https://www.eurofotbal.cz/kluby/polsko/legia-varsava/soupiska/2010-2011/
eu_poland_legia-warsaw	Maciej Iwański	maciejiwanski	MID	07.05.1981	12	https://www.eurofotbal.cz/kluby/polsko/legia-varsava/soupiska/2010-2011/
eu_poland_legia-warsaw	Manu	manu	MID	28.08.1982	33	https://www.eurofotbal.cz/kluby/polsko/legia-varsava/soupiska/2010-2011/
eu_poland_legia-warsaw	Felix Ogbuke	felixogbuke	MID	18.09.1985	8	https://www.eurofotbal.cz/kluby/polsko/legia-varsava/soupiska/2010-2011/
eu_poland_legia-warsaw	Miroslav Radović	miroslavradovic	MID	16.01.1984	34	https://www.eurofotbal.cz/kluby/polsko/legia-varsava/soupiska/2010-2011/
eu_poland_legia-warsaw	Maciej Rybus	maciejrybus	MID	19.08.1989	23	https://www.eurofotbal.cz/kluby/polsko/legia-varsava/soupiska/2010-2011/
eu_poland_legia-warsaw	Sebastian Szałachowski	sebastianszaachowski	MID	21.01.1984	14	https://www.eurofotbal.cz/kluby/polsko/legia-varsava/soupiska/2010-2011/
eu_poland_legia-warsaw	Ivica Vrdoljak	ivicavrdoljak	MID	19.09.1983	31	https://www.eurofotbal.cz/kluby/polsko/legia-varsava/soupiska/2010-2011/
eu_poland_legia-warsaw	Rafał Wolski	rafawolski	MID	10.11.1992	6	https://www.eurofotbal.cz/kluby/polsko/legia-varsava/soupiska/2010-2011/
eu_poland_legia-warsaw	Michał Żyro	michazyro	MID	20.09.1992	7	https://www.eurofotbal.cz/kluby/polsko/legia-varsava/soupiska/2010-2011/
eu_poland_legia-warsaw	Fangzhuo Dong	fangzhuodong	ATT	23.01.1985	0	https://www.eurofotbal.cz/kluby/polsko/legia-varsava/soupiska/2010-2011/
eu_poland_legia-warsaw	Maciej Górski	maciejgorski	ATT	01.03.1990	0	https://www.eurofotbal.cz/kluby/polsko/legia-varsava/soupiska/2010-2011/
eu_poland_legia-warsaw	Bartlomiej Grzelak	bartlomiejgrzelak	ATT	09.08.1981	0	https://www.eurofotbal.cz/kluby/polsko/legia-varsava/soupiska/2010-2011/
eu_poland_legia-warsaw	Michal Hubník	michalhubnik	ATT	01.06.1983	15	https://www.eurofotbal.cz/kluby/polsko/legia-varsava/soupiska/2010-2011/
eu_poland_legia-warsaw	Takesure Chinyama	takesurechinyama	ATT	30.09.1982	12	https://www.eurofotbal.cz/kluby/polsko/legia-varsava/soupiska/2010-2011/
eu_poland_legia-warsaw	Michał Kucharczyk	michakucharczyk	ATT	20.03.1991	33	https://www.eurofotbal.cz/kluby/polsko/legia-varsava/soupiska/2010-2011/
eu_poland_legia-warsaw	Bruno Mezenga	brunomezenga	ATT	08.08.1988	16	https://www.eurofotbal.cz/kluby/polsko/legia-varsava/soupiska/2010-2011/
eu_poland_wisa-krakow	Milan Jovanić	milanjovanic	GK	31.07.1985	5	https://www.eurofotbal.cz/kluby/polsko/wisla-krakow/soupiska/2010-2011/
eu_poland_wisa-krakow	Filip Kurto	filipkurto	GK	14.06.1991	2	https://www.eurofotbal.cz/kluby/polsko/wisla-krakow/soupiska/2010-2011/
eu_poland_wisa-krakow	Sergej Parejko	sergejparejko	GK	31.01.1977	14	https://www.eurofotbal.cz/kluby/polsko/wisla-krakow/soupiska/2010-2011/
eu_poland_wisa-krakow	Mariusz Pawełek	mariuszpaweek	GK	17.03.1981	14	https://www.eurofotbal.cz/kluby/polsko/wisla-krakow/soupiska/2010-2011/
eu_poland_wisa-krakow	Serge Branco	sergebranco	DEF	11.10.1980	4	https://www.eurofotbal.cz/kluby/polsko/wisla-krakow/soupiska/2010-2011/
eu_poland_wisa-krakow	Piotr Brożek	piotrbrozek	DEF	21.04.1983	10	https://www.eurofotbal.cz/kluby/polsko/wisla-krakow/soupiska/2010-2011/
eu_poland_wisa-krakow	Daniel Brud	danielbrud	DEF	20.05.1989	1	https://www.eurofotbal.cz/kluby/polsko/wisla-krakow/soupiska/2010-2011/
eu_poland_wisa-krakow	Gordan Bunoza	gordanbunoza	DEF	05.02.1988	16	https://www.eurofotbal.cz/kluby/polsko/wisla-krakow/soupiska/2010-2011/
eu_poland_wisa-krakow	Łukasz Burliga	ukaszburliga	DEF	10.05.1988	4	https://www.eurofotbal.cz/kluby/polsko/wisla-krakow/soupiska/2010-2011/
eu_poland_wisa-krakow	Cléber	cleber	DEF	29.04.1974	9	https://www.eurofotbal.cz/kluby/polsko/wisla-krakow/soupiska/2010-2011/
eu_poland_wisa-krakow	Michał Czekaj	michaczekaj	DEF	13.02.1992	0	https://www.eurofotbal.cz/kluby/polsko/wisla-krakow/soupiska/2010-2011/
eu_poland_wisa-krakow	Erik Čikoš	erikcikos	DEF	31.07.1988	30	https://www.eurofotbal.cz/kluby/polsko/wisla-krakow/soupiska/2010-2011/
eu_poland_wisa-krakow	Júnior Díaz	juniordiaz	DEF	12.09.1983	5	https://www.eurofotbal.cz/kluby/polsko/wisla-krakow/soupiska/2010-2011/
eu_poland_wisa-krakow	Osmán Chávez	osmanchavez	DEF	29.07.1984	21	https://www.eurofotbal.cz/kluby/polsko/wisla-krakow/soupiska/2010-2011/
eu_poland_wisa-krakow	Kew Jaliens	kewjaliens	DEF	15.09.1978	12	https://www.eurofotbal.cz/kluby/polsko/wisla-krakow/soupiska/2010-2011/
eu_poland_wisa-krakow	Mateusz Kowalski	mateuszkowalski	DEF	30.09.1986	6	https://www.eurofotbal.cz/kluby/polsko/wisla-krakow/soupiska/2010-2011/
eu_poland_wisa-krakow	Dragan Paljic	draganpaljic	DEF	08.04.1983	31	https://www.eurofotbal.cz/kluby/polsko/wisla-krakow/soupiska/2010-2011/
eu_poland_wisa-krakow	Peter Šinglár	petersinglar	DEF	24.07.1974	0	https://www.eurofotbal.cz/kluby/polsko/wisla-krakow/soupiska/2010-2011/
eu_poland_wisa-krakow	Issa Ba	issaba	MID	07.11.1981	0	https://www.eurofotbal.cz/kluby/polsko/wisla-krakow/soupiska/2010-2011/
eu_poland_wisa-krakow	Łukasz Garguła	ukaszgargua	MID	25.02.1981	14	https://www.eurofotbal.cz/kluby/polsko/wisla-krakow/soupiska/2010-2011/
eu_poland_wisa-krakow	Michał Chrapek	michachrapek	MID	03.04.1992	0	https://www.eurofotbal.cz/kluby/polsko/wisla-krakow/soupiska/2010-2011/
eu_poland_wisa-krakow	Tomáš Jirsák	tomasjirsak	MID	29.06.1984	22	https://www.eurofotbal.cz/kluby/polsko/wisla-krakow/soupiska/2010-2011/
eu_poland_wisa-krakow	Andraž Kirm	andrazkirm	MID	06.09.1984	27	https://www.eurofotbal.cz/kluby/polsko/wisla-krakow/soupiska/2010-2011/
eu_poland_wisa-krakow	Wojciech Łobodziński	wojciechobodzinski	MID	20.10.1982	8	https://www.eurofotbal.cz/kluby/polsko/wisla-krakow/soupiska/2010-2011/
eu_poland_wisa-krakow	Krzysztof Mączyński	krzysztofmaczynski	MID	23.05.1987	0	https://www.eurofotbal.cz/kluby/polsko/wisla-krakow/soupiska/2010-2011/
eu_poland_wisa-krakow	Maor Melikson	maormelikson	MID	30.10.1984	15	https://www.eurofotbal.cz/kluby/polsko/wisla-krakow/soupiska/2010-2011/
eu_poland_wisa-krakow	Kamil Rado	kamilrado	MID	20.09.1990	2	https://www.eurofotbal.cz/kluby/polsko/wisla-krakow/soupiska/2010-2011/
eu_poland_wisa-krakow	Michail Sivakow	michailsivakow	MID	16.01.1988	14	https://www.eurofotbal.cz/kluby/polsko/wisla-krakow/soupiska/2010-2011/
eu_poland_wisa-krakow	Radosław Sobolewski	radosawsobolewski	MID	13.12.1976	29	https://www.eurofotbal.cz/kluby/polsko/wisla-krakow/soupiska/2010-2011/
eu_poland_wisa-krakow	Cezary Wilk	cezarywilk	MID	12.02.1986	24	https://www.eurofotbal.cz/kluby/polsko/wisla-krakow/soupiska/2010-2011/
eu_poland_wisa-krakow	Rafał Boguski	rafaboguski	ATT	09.06.1984	10	https://www.eurofotbal.cz/kluby/polsko/wisla-krakow/soupiska/2010-2011/
eu_poland_wisa-krakow	Nourdin Boukhari	nourdinboukhari	ATT	30.06.1980	10	https://www.eurofotbal.cz/kluby/polsko/wisla-krakow/soupiska/2010-2011/
eu_poland_wisa-krakow	Paweł Brożek	pawebrozek	ATT	21.04.1983	15	https://www.eurofotbal.cz/kluby/polsko/wisla-krakow/soupiska/2010-2011/
eu_poland_wisa-krakow	Cvetan Genkov	cvetangenkov	ATT	08.08.1984	13	https://www.eurofotbal.cz/kluby/polsko/wisla-krakow/soupiska/2010-2011/
eu_poland_wisa-krakow	Patryk Małecki	patrykmaecki	ATT	01.08.1988	31	https://www.eurofotbal.cz/kluby/polsko/wisla-krakow/soupiska/2010-2011/
eu_poland_wisa-krakow	Andrés Ríos	andresrios	ATT	08.01.1989	18	https://www.eurofotbal.cz/kluby/polsko/wisla-krakow/soupiska/2010-2011/
eu_poland_wisa-krakow	Maciej Żurawski	maciejzurawski	ATT	12.09.1976	24	https://www.eurofotbal.cz/kluby/polsko/wisla-krakow/soupiska/2010-2011/
eu_portugal_cd-nacional	Rafael Bracali	rafaelbracali	GK	05.05.1981	33	https://www.eurofotbal.cz/kluby/portugalsko/cd-nacional/soupiska/2010-2011/
eu_portugal_cd-nacional	Elisson	elisson	GK	26.03.1987	1	https://www.eurofotbal.cz/kluby/portugalsko/cd-nacional/soupiska/2010-2011/
eu_portugal_cd-nacional	Vladan Giljen	vladangiljen	GK	07.12.1989	0	https://www.eurofotbal.cz/kluby/portugalsko/cd-nacional/soupiska/2010-2011/
eu_portugal_cd-nacional	Marco Airosa	marcoairosa	DEF	06.08.1984	0	https://www.eurofotbal.cz/kluby/portugalsko/cd-nacional/soupiska/2010-2011/
eu_portugal_cd-nacional	Claudemir	claudemir	DEF	17.08.1984	23	https://www.eurofotbal.cz/kluby/portugalsko/cd-nacional/soupiska/2010-2011/
eu_portugal_cd-nacional	Danielson	danielson	DEF	09.01.1981	33	https://www.eurofotbal.cz/kluby/portugalsko/cd-nacional/soupiska/2010-2011/
eu_portugal_cd-nacional	Felipe	felipe	DEF	07.08.1987	34	https://www.eurofotbal.cz/kluby/portugalsko/cd-nacional/soupiska/2010-2011/
eu_portugal_cd-nacional	Bruno Patacas	brunopatacas	DEF	30.11.1977	15	https://www.eurofotbal.cz/kluby/portugalsko/cd-nacional/soupiska/2010-2011/
eu_portugal_cd-nacional	Danijel Stojanović	danijelstojanovic	DEF	18.08.1984	8	https://www.eurofotbal.cz/kluby/portugalsko/cd-nacional/soupiska/2010-2011/
eu_portugal_cd-nacional	Žarko Tomašević	zarkotomasevic	DEF	22.02.1990	11	https://www.eurofotbal.cz/kluby/portugalsko/cd-nacional/soupiska/2010-2011/
eu_portugal_cd-nacional	Bruno Amaro	brunoamaro	MID	17.02.1983	29	https://www.eurofotbal.cz/kluby/portugalsko/cd-nacional/soupiska/2010-2011/
eu_portugal_cd-nacional	Joăo Aurélio	joaoaurelio	MID	17.08.1988	22	https://www.eurofotbal.cz/kluby/portugalsko/cd-nacional/soupiska/2010-2011/
eu_portugal_cd-nacional	Edgar Costa	edgarcosta	MID	14.04.1987	27	https://www.eurofotbal.cz/kluby/portugalsko/cd-nacional/soupiska/2010-2011/
eu_portugal_cd-nacional	Ricardo Fernandes	ricardofernandes	MID	29.09.1991	1	https://www.eurofotbal.cz/kluby/portugalsko/cd-nacional/soupiska/2010-2011/
eu_portugal_cd-nacional	Juninho	juninho	MID	11.01.1983	5	https://www.eurofotbal.cz/kluby/portugalsko/cd-nacional/soupiska/2010-2011/
eu_portugal_cd-nacional	Luís Alberto	luisalberto	MID	17.11.1983	29	https://www.eurofotbal.cz/kluby/portugalsko/cd-nacional/soupiska/2010-2011/
eu_portugal_cd-nacional	Rene Mihelič	renemihelic	MID	05.07.1988	16	https://www.eurofotbal.cz/kluby/portugalsko/cd-nacional/soupiska/2010-2011/
eu_portugal_cd-nacional	Nejc Pečnik	nejcpecnik	MID	03.01.1986	10	https://www.eurofotbal.cz/kluby/portugalsko/cd-nacional/soupiska/2010-2011/
eu_portugal_cd-nacional	Nuno Pinto	nunopinto	MID	06.08.1986	18	https://www.eurofotbal.cz/kluby/portugalsko/cd-nacional/soupiska/2010-2011/
eu_portugal_cd-nacional	Dejan Školnik	dejanskolnik	MID	01.01.1989	30	https://www.eurofotbal.cz/kluby/portugalsko/cd-nacional/soupiska/2010-2011/
eu_portugal_cd-nacional	Ivan Todorović	ivantodorovic	MID	29.07.1983	17	https://www.eurofotbal.cz/kluby/portugalsko/cd-nacional/soupiska/2010-2011/
eu_portugal_cd-nacional	Kevin Amuneke	kevinamuneke	ATT	10.05.1986	0	https://www.eurofotbal.cz/kluby/portugalsko/cd-nacional/soupiska/2010-2011/
eu_portugal_cd-nacional	Anselmo	anselmo	ATT	06.01.1984	19	https://www.eurofotbal.cz/kluby/portugalsko/cd-nacional/soupiska/2010-2011/
eu_portugal_cd-nacional	Darko Bodul	darkobodul	ATT	11.01.1989	5	https://www.eurofotbal.cz/kluby/portugalsko/cd-nacional/soupiska/2010-2011/
eu_portugal_cd-nacional	Diego Barcelos	diegobarcelos	ATT	05.04.1985	28	https://www.eurofotbal.cz/kluby/portugalsko/cd-nacional/soupiska/2010-2011/
eu_portugal_cd-nacional	Thiago Gentil	thiagogentil	ATT	08.04.1980	11	https://www.eurofotbal.cz/kluby/portugalsko/cd-nacional/soupiska/2010-2011/
eu_portugal_cd-nacional	Márcio Madeira	marciomadeira	ATT	19.08.1985	4	https://www.eurofotbal.cz/kluby/portugalsko/cd-nacional/soupiska/2010-2011/
eu_portugal_cd-nacional	Mateus	mateus	ATT	19.06.1984	26	https://www.eurofotbal.cz/kluby/portugalsko/cd-nacional/soupiska/2010-2011/
eu_portugal_cd-nacional	Pedro Oldoni	pedrooldoni	ATT	26.11.1985	1	https://www.eurofotbal.cz/kluby/portugalsko/cd-nacional/soupiska/2010-2011/
eu_portugal_cd-nacional	Orlando Sá	orlandosa	ATT	26.05.1988	18	https://www.eurofotbal.cz/kluby/portugalsko/cd-nacional/soupiska/2010-2011/
eu_portugal_cs-maritimo	Marcelo Boeck	marceloboeck	GK	28.11.1984	33	https://www.eurofotbal.cz/kluby/portugalsko/cs-maritimo/soupiska/2010-2011/
eu_portugal_cs-maritimo	Luís Carlos	luiscarlos	GK	10.06.1989	0	https://www.eurofotbal.cz/kluby/portugalsko/cs-maritimo/soupiska/2010-2011/
eu_portugal_cs-maritimo	Marafona	marafona	GK	08.05.1987	0	https://www.eurofotbal.cz/kluby/portugalsko/cs-maritimo/soupiska/2010-2011/
eu_portugal_cs-maritimo	Peçanha	pecanha	GK	11.01.1980	3	https://www.eurofotbal.cz/kluby/portugalsko/cs-maritimo/soupiska/2010-2011/
eu_portugal_cs-maritimo	Alonso	alonso	DEF	11.08.1980	26	https://www.eurofotbal.cz/kluby/portugalsko/cs-maritimo/soupiska/2010-2011/
eu_portugal_cs-maritimo	Luciano Amaral	lucianoamaral	DEF	20.10.1982	27	https://www.eurofotbal.cz/kluby/portugalsko/cs-maritimo/soupiska/2010-2011/
eu_portugal_cs-maritimo	Briguel	briguel	DEF	08.03.1979	16	https://www.eurofotbal.cz/kluby/portugalsko/cs-maritimo/soupiska/2010-2011/
eu_portugal_cs-maritimo	Igor	igor	DEF	10.03.1989	1	https://www.eurofotbal.cz/kluby/portugalsko/cs-maritimo/soupiska/2010-2011/
eu_portugal_cs-maritimo	João Guilherme	joaoguilherme	DEF	21.04.1986	17	https://www.eurofotbal.cz/kluby/portugalsko/cs-maritimo/soupiska/2010-2011/
eu_portugal_cs-maritimo	Christos Melissis	christosmelissis	DEF	01.12.1982	0	https://www.eurofotbal.cz/kluby/portugalsko/cs-maritimo/soupiska/2010-2011/
eu_portugal_cs-maritimo	Valentin Roberge	valentinroberge	DEF	09.06.1987	28	https://www.eurofotbal.cz/kluby/portugalsko/cs-maritimo/soupiska/2010-2011/
eu_portugal_cs-maritimo	Robson	robson	DEF	10.07.1983	32	https://www.eurofotbal.cz/kluby/portugalsko/cs-maritimo/soupiska/2010-2011/
eu_portugal_cs-maritimo	Jérémy Sapina	jeremysapina	DEF	01.02.1985	0	https://www.eurofotbal.cz/kluby/portugalsko/cs-maritimo/soupiska/2010-2011/
eu_portugal_cs-maritimo	Fernando Silva	fernandosilva	DEF	03.10.1980	0	https://www.eurofotbal.cz/kluby/portugalsko/cs-maritimo/soupiska/2010-2011/
eu_portugal_cs-maritimo	Balú	balu	MID	22.02.1985	0	https://www.eurofotbal.cz/kluby/portugalsko/cs-maritimo/soupiska/2010-2011/
eu_portugal_cs-maritimo	Selim Benachour	selimbenachour	MID	08.09.1981	11	https://www.eurofotbal.cz/kluby/portugalsko/cs-maritimo/soupiska/2010-2011/
eu_portugal_cs-maritimo	Dylan Duventru	dylanduventru	MID	03.01.1989	1	https://www.eurofotbal.cz/kluby/portugalsko/cs-maritimo/soupiska/2010-2011/
eu_portugal_cs-maritimo	Ricardo Esteves	ricardoesteves	MID	16.09.1979	23	https://www.eurofotbal.cz/kluby/portugalsko/cs-maritimo/soupiska/2010-2011/
eu_portugal_cs-maritimo	Héldon	heldon	MID	14.11.1988	18	https://www.eurofotbal.cz/kluby/portugalsko/cs-maritimo/soupiska/2010-2011/
eu_portugal_cs-maritimo	Marakis	marakis	MID	11.11.1991	1	https://www.eurofotbal.cz/kluby/portugalsko/cs-maritimo/soupiska/2010-2011/
eu_portugal_cs-maritimo	Olberdam	olberdam	MID	06.02.1985	0	https://www.eurofotbal.cz/kluby/portugalsko/cs-maritimo/soupiska/2010-2011/
eu_portugal_cs-maritimo	Luís Olim	luisolim	MID	27.08.1981	2	https://www.eurofotbal.cz/kluby/portugalsko/cs-maritimo/soupiska/2010-2011/
eu_portugal_cs-maritimo	Rafael Miranda	rafaelmiranda	MID	11.08.1984	35	https://www.eurofotbal.cz/kluby/portugalsko/cs-maritimo/soupiska/2010-2011/
eu_portugal_cs-maritimo	Romeu Ribeiro	romeuribeiro	MID	13.01.1989	0	https://www.eurofotbal.cz/kluby/portugalsko/cs-maritimo/soupiska/2010-2011/
eu_portugal_cs-maritimo	Sidnei	sidnei	MID	21.04.1986	16	https://www.eurofotbal.cz/kluby/portugalsko/cs-maritimo/soupiska/2010-2011/
eu_portugal_cs-maritimo	Roberto Sousa	robertosousa	MID	18.01.1985	26	https://www.eurofotbal.cz/kluby/portugalsko/cs-maritimo/soupiska/2010-2011/
eu_portugal_cs-maritimo	Tchô	tcho	MID	21.04.1987	21	https://www.eurofotbal.cz/kluby/portugalsko/cs-maritimo/soupiska/2010-2011/
eu_portugal_cs-maritimo	André Vilas Boas	andrevilasboas	MID	04.06.1983	0	https://www.eurofotbal.cz/kluby/portugalsko/cs-maritimo/soupiska/2010-2011/
eu_portugal_cs-maritimo	Adilson	adilson	ATT	01.01.1982	2	https://www.eurofotbal.cz/kluby/portugalsko/cs-maritimo/soupiska/2010-2011/
eu_portugal_cs-maritimo	Babá	baba	ATT	05.01.1988	34	https://www.eurofotbal.cz/kluby/portugalsko/cs-maritimo/soupiska/2010-2011/
eu_portugal_cs-maritimo	Danilo Dias	danilodias	ATT	06.11.1985	26	https://www.eurofotbal.cz/kluby/portugalsko/cs-maritimo/soupiska/2010-2011/
eu_portugal_cs-maritimo	Djalma	djalma	ATT	30.05.1987	32	https://www.eurofotbal.cz/kluby/portugalsko/cs-maritimo/soupiska/2010-2011/
eu_portugal_cs-maritimo	Edinho	edinho	ATT	07.07.1982	9	https://www.eurofotbal.cz/kluby/portugalsko/cs-maritimo/soupiska/2010-2011/
eu_portugal_cs-maritimo	Edivândio	edivandio	ATT	01.01.1991	3	https://www.eurofotbal.cz/kluby/portugalsko/cs-maritimo/soupiska/2010-2011/
eu_portugal_cs-maritimo	Fidelis	fidelis	ATT	14.06.1989	4	https://www.eurofotbal.cz/kluby/portugalsko/cs-maritimo/soupiska/2010-2011/
eu_portugal_cs-maritimo	Abdelmalek Cherrad	abdelmalekcherrad	ATT	14.01.1981	9	https://www.eurofotbal.cz/kluby/portugalsko/cs-maritimo/soupiska/2010-2011/
eu_portugal_cs-maritimo	Kanu	kanu	ATT	08.02.1983	10	https://www.eurofotbal.cz/kluby/portugalsko/cs-maritimo/soupiska/2010-2011/
eu_portugal_cs-maritimo	Kléber	kleber	ATT	02.05.1990	20	https://www.eurofotbal.cz/kluby/portugalsko/cs-maritimo/soupiska/2010-2011/
eu_portugal_cs-maritimo	Vangelis Mantzios	vangelismantzios	ATT	22.04.1983	1	https://www.eurofotbal.cz/kluby/portugalsko/cs-maritimo/soupiska/2010-2011/
eu_portugal_cs-maritimo	Marco Aurélio	marcoaurelio	ATT	08.07.1986	16	https://www.eurofotbal.cz/kluby/portugalsko/cs-maritimo/soupiska/2010-2011/
eu_portugal_cs-maritimo	Sami	sami	ATT	18.12.1988	0	https://www.eurofotbal.cz/kluby/portugalsko/cs-maritimo/soupiska/2010-2011/
eu_portugal_estoril-praia	Tiago Costa	tiagocosta	DEF	22.04.1985	0	https://www.eurofotbal.cz/kluby/portugalsko/estoril-praia/soupiska/2010-2011/
eu_portugal_estoril-praia	Joao Coimbra	joaocoimbra	MID	24.05.1986	0	https://www.eurofotbal.cz/kluby/portugalsko/estoril-praia/soupiska/2010-2011/
eu_portugal_fc-porto	Beto	beto	GK	01.05.1982	9	https://www.eurofotbal.cz/kluby/portugalsko/fc-porto/soupiska/2010-2011/
eu_portugal_fc-porto	Helton	helton	GK	18.05.1978	44	https://www.eurofotbal.cz/kluby/portugalsko/fc-porto/soupiska/2010-2011/
eu_portugal_fc-porto	Pawel Kieszek	pawelkieszek	GK	16.04.1984	2	https://www.eurofotbal.cz/kluby/portugalsko/fc-porto/soupiska/2010-2011/
eu_portugal_fc-porto	Bura	bura	DEF	17.12.1988	0	https://www.eurofotbal.cz/kluby/portugalsko/fc-porto/soupiska/2010-2011/
eu_portugal_fc-porto	Jorge Fucile	jorgefucile	DEF	19.11.1984	28	https://www.eurofotbal.cz/kluby/portugalsko/fc-porto/soupiska/2010-2011/
eu_portugal_fc-porto	Miguel Lopes	miguellopes	DEF	19.12.1986	1	https://www.eurofotbal.cz/kluby/portugalsko/fc-porto/soupiska/2010-2011/
eu_portugal_fc-porto	Maicon	maicon	DEF	14.09.1988	33	https://www.eurofotbal.cz/kluby/portugalsko/fc-porto/soupiska/2010-2011/
eu_portugal_fc-porto	Nicolás Otamendi	nicolasotamendi	DEF	12.02.1988	30	https://www.eurofotbal.cz/kluby/portugalsko/fc-porto/soupiska/2010-2011/
eu_portugal_fc-porto	Álvaro Pereira	alvaropereira	DEF	28.11.1985	38	https://www.eurofotbal.cz/kluby/portugalsko/fc-porto/soupiska/2010-2011/
eu_portugal_fc-porto	André Pinto	andrepinto	DEF	05.10.1989	0	https://www.eurofotbal.cz/kluby/portugalsko/fc-porto/soupiska/2010-2011/
eu_portugal_fc-porto	Emídio Rafael	emidiorafael	DEF	24.01.1986	7	https://www.eurofotbal.cz/kluby/portugalsko/fc-porto/soupiska/2010-2011/
eu_portugal_fc-porto	Rolando	rolando	DEF	31.08.1985	49	https://www.eurofotbal.cz/kluby/portugalsko/fc-porto/soupiska/2010-2011/
eu_portugal_fc-porto	Cristian Săpunaru	cristiansapunaru	DEF	05.04.1984	37	https://www.eurofotbal.cz/kluby/portugalsko/fc-porto/soupiska/2010-2011/
eu_portugal_fc-porto	Henrique Sereno	henriquesereno	DEF	18.05.1985	10	https://www.eurofotbal.cz/kluby/portugalsko/fc-porto/soupiska/2010-2011/
eu_portugal_fc-porto	Milan Stepanov	milanstepanov	DEF	02.04.1983	0	https://www.eurofotbal.cz/kluby/portugalsko/fc-porto/soupiska/2010-2011/
eu_portugal_fc-porto	Fernando Belluschi	fernandobelluschi	MID	10.09.1983	45	https://www.eurofotbal.cz/kluby/portugalsko/fc-porto/soupiska/2010-2011/
eu_portugal_fc-porto	Castro	castro	MID	02.04.1988	3	https://www.eurofotbal.cz/kluby/portugalsko/fc-porto/soupiska/2010-2011/
eu_portugal_fc-porto	Tomas Costa	tomascosta	MID	30.01.1985	0	https://www.eurofotbal.cz/kluby/portugalsko/fc-porto/soupiska/2010-2011/
eu_portugal_fc-porto	Ricardo Dias	ricardodias	MID	25.02.1991	0	https://www.eurofotbal.cz/kluby/portugalsko/fc-porto/soupiska/2010-2011/
eu_portugal_fc-porto	Fernando	fernando	MID	25.07.1987	39	https://www.eurofotbal.cz/kluby/portugalsko/fc-porto/soupiska/2010-2011/
eu_portugal_fc-porto	Mariano González	marianogonzalez	MID	05.05.1981	12	https://www.eurofotbal.cz/kluby/portugalsko/fc-porto/soupiska/2010-2011/
eu_portugal_fc-porto	Fredy Guarín	fredyguarin	MID	30.06.1986	39	https://www.eurofotbal.cz/kluby/portugalsko/fc-porto/soupiska/2010-2011/
eu_portugal_fc-porto	Josef Souza	josefsouza	MID	11.02.1989	22	https://www.eurofotbal.cz/kluby/portugalsko/fc-porto/soupiska/2010-2011/
eu_portugal_fc-porto	Raúl Meireles	raulmeireles	MID	17.03.1983	1	https://www.eurofotbal.cz/kluby/portugalsko/fc-porto/soupiska/2010-2011/
eu_portugal_fc-porto	João Moutinho	joaomoutinho	MID	08.09.1986	50	https://www.eurofotbal.cz/kluby/portugalsko/fc-porto/soupiska/2010-2011/
eu_portugal_fc-porto	Sérgio Oliveira	sergiooliveira	MID	02.06.1992	0	https://www.eurofotbal.cz/kluby/portugalsko/fc-porto/soupiska/2010-2011/
eu_portugal_fc-porto	Cristian Rodríguez	cristianrodriguez	MID	30.09.1985	27	https://www.eurofotbal.cz/kluby/portugalsko/fc-porto/soupiska/2010-2011/
eu_portugal_fc-porto	James Rodríguez	jamesrodriguez	MID	12.07.1991	29	https://www.eurofotbal.cz/kluby/portugalsko/fc-porto/soupiska/2010-2011/
eu_portugal_fc-porto	Rúben Micael	rubenmicael	MID	19.08.1986	62	https://www.eurofotbal.cz/kluby/portugalsko/fc-porto/soupiska/2010-2011/
eu_portugal_fc-porto	Ukra	ukra	MID	16.03.1988	5	https://www.eurofotbal.cz/kluby/portugalsko/fc-porto/soupiska/2010-2011/
eu_portugal_fc-porto	Falcao	falcao	ATT	10.02.1986	40	https://www.eurofotbal.cz/kluby/portugalsko/fc-porto/soupiska/2010-2011/
eu_portugal_fc-porto	Hulk	hulk	ATT	25.07.1986	48	https://www.eurofotbal.cz/kluby/portugalsko/fc-porto/soupiska/2010-2011/
eu_portugal_fc-porto	Kelvin	kelvin	ATT	01.06.1993	0	https://www.eurofotbal.cz/kluby/portugalsko/fc-porto/soupiska/2010-2011/
eu_portugal_fc-porto	Wason Rentería	wasonrenteria	ATT	04.07.1985	0	https://www.eurofotbal.cz/kluby/portugalsko/fc-porto/soupiska/2010-2011/
eu_portugal_fc-porto	Silvestre Varela	silvestrevarela	ATT	02.02.1985	42	https://www.eurofotbal.cz/kluby/portugalsko/fc-porto/soupiska/2010-2011/
eu_portugal_fc-porto	Walter	walter	ATT	22.07.1989	20	https://www.eurofotbal.cz/kluby/portugalsko/fc-porto/soupiska/2010-2011/
eu_portugal_pacos-de-ferreira	António Filipe	antoniofilipe	GK	14.04.1985	1	https://www.eurofotbal.cz/kluby/portugalsko/pacos-de-ferreira/soupiska/2010-2011/
eu_portugal_pacos-de-ferreira	Cássio	cassio	GK	12.08.1980	34	https://www.eurofotbal.cz/kluby/portugalsko/pacos-de-ferreira/soupiska/2010-2011/
eu_portugal_pacos-de-ferreira	Coelho	coelho	GK	18.07.1984	1	https://www.eurofotbal.cz/kluby/portugalsko/pacos-de-ferreira/soupiska/2010-2011/
eu_portugal_pacos-de-ferreira	Baiano	baiano	DEF	23.02.1987	33	https://www.eurofotbal.cz/kluby/portugalsko/pacos-de-ferreira/soupiska/2010-2011/
eu_portugal_pacos-de-ferreira	Bura	bura	DEF	17.12.1988	14	https://www.eurofotbal.cz/kluby/portugalsko/pacos-de-ferreira/soupiska/2010-2011/
eu_portugal_pacos-de-ferreira	Javier Cohene	javiercohene	DEF	03.05.1987	27	https://www.eurofotbal.cz/kluby/portugalsko/pacos-de-ferreira/soupiska/2010-2011/
eu_portugal_pacos-de-ferreira	Jason Davidson	jasondavidson	DEF	29.06.1991	0	https://www.eurofotbal.cz/kluby/portugalsko/pacos-de-ferreira/soupiska/2010-2011/
eu_portugal_pacos-de-ferreira	Jorginho	jorginho	DEF	29.05.1978	14	https://www.eurofotbal.cz/kluby/portugalsko/pacos-de-ferreira/soupiska/2010-2011/
eu_portugal_pacos-de-ferreira	Ozéia	ozeia	DEF	02.01.1982	17	https://www.eurofotbal.cz/kluby/portugalsko/pacos-de-ferreira/soupiska/2010-2011/
eu_portugal_pacos-de-ferreira	Pedro Queirós	pedroqueiros	DEF	08.08.1984	4	https://www.eurofotbal.cz/kluby/portugalsko/pacos-de-ferreira/soupiska/2010-2011/
eu_portugal_pacos-de-ferreira	Renan	renan	DEF	12.02.1983	0	https://www.eurofotbal.cz/kluby/portugalsko/pacos-de-ferreira/soupiska/2010-2011/
eu_portugal_pacos-de-ferreira	Samuel	samuel	DEF	07.03.1988	14	https://www.eurofotbal.cz/kluby/portugalsko/pacos-de-ferreira/soupiska/2010-2011/
eu_portugal_pacos-de-ferreira	Padraig Amond	padraigamond	MID	15.01.1988	17	https://www.eurofotbal.cz/kluby/portugalsko/pacos-de-ferreira/soupiska/2010-2011/
eu_portugal_pacos-de-ferreira	André Leăo	andreleao	MID	20.05.1985	30	https://www.eurofotbal.cz/kluby/portugalsko/pacos-de-ferreira/soupiska/2010-2011/
eu_portugal_pacos-de-ferreira	Filipe Anunciacao	filipeanunciacao	MID	27.05.1979	20	https://www.eurofotbal.cz/kluby/portugalsko/pacos-de-ferreira/soupiska/2010-2011/
eu_portugal_pacos-de-ferreira	Bruno	bruno	MID	05.02.1989	11	https://www.eurofotbal.cz/kluby/portugalsko/pacos-de-ferreira/soupiska/2010-2011/
eu_portugal_pacos-de-ferreira	Manuel José	manueljose	MID	11.11.1980	32	https://www.eurofotbal.cz/kluby/portugalsko/pacos-de-ferreira/soupiska/2010-2011/
eu_portugal_pacos-de-ferreira	Maykon	maykon	MID	20.04.1984	26	https://www.eurofotbal.cz/kluby/portugalsko/pacos-de-ferreira/soupiska/2010-2011/
eu_portugal_pacos-de-ferreira	Leonel Olímpio	leonelolimpio	MID	07.07.1982	33	https://www.eurofotbal.cz/kluby/portugalsko/pacos-de-ferreira/soupiska/2010-2011/
eu_portugal_pacos-de-ferreira	Fábio Pacheco	fabiopacheco	MID	26.05.1988	0	https://www.eurofotbal.cz/kluby/portugalsko/pacos-de-ferreira/soupiska/2010-2011/
eu_portugal_pacos-de-ferreira	David Simão	davidsimao	MID	15.05.1990	29	https://www.eurofotbal.cz/kluby/portugalsko/pacos-de-ferreira/soupiska/2010-2011/
eu_portugal_pacos-de-ferreira	Jorginho Sousa	jorginhosousa	MID	18.03.1988	0	https://www.eurofotbal.cz/kluby/portugalsko/pacos-de-ferreira/soupiska/2010-2011/
eu_portugal_pacos-de-ferreira	Paulo Sousa	paulosousa	MID	13.05.1975	1	https://www.eurofotbal.cz/kluby/portugalsko/pacos-de-ferreira/soupiska/2010-2011/
eu_portugal_pacos-de-ferreira	Diarra Abdramene	diarraabdramene	ATT	09.07.1988	0	https://www.eurofotbal.cz/kluby/portugalsko/pacos-de-ferreira/soupiska/2010-2011/
eu_portugal_pacos-de-ferreira	Alvarinho	alvarinho	ATT	03.09.1990	1	https://www.eurofotbal.cz/kluby/portugalsko/pacos-de-ferreira/soupiska/2010-2011/
eu_portugal_pacos-de-ferreira	Caetano	caetano	ATT	20.04.1991	16	https://www.eurofotbal.cz/kluby/portugalsko/pacos-de-ferreira/soupiska/2010-2011/
eu_portugal_pacos-de-ferreira	Lucas	lucas	ATT	06.05.1990	2	https://www.eurofotbal.cz/kluby/portugalsko/pacos-de-ferreira/soupiska/2010-2011/
eu_portugal_pacos-de-ferreira	Nélson Oliveira	nelsonoliveira	ATT	08.08.1991	27	https://www.eurofotbal.cz/kluby/portugalsko/pacos-de-ferreira/soupiska/2010-2011/
eu_portugal_pacos-de-ferreira	Pizzi	pizzi	ATT	06.10.1989	32	https://www.eurofotbal.cz/kluby/portugalsko/pacos-de-ferreira/soupiska/2010-2011/
eu_portugal_pacos-de-ferreira	Mário Rondón	mariorondon	ATT	26.03.1986	31	https://www.eurofotbal.cz/kluby/portugalsko/pacos-de-ferreira/soupiska/2010-2011/
eu_portugal_pacos-de-ferreira	Nuno Santos	nunosantos	ATT	19.06.1980	16	https://www.eurofotbal.cz/kluby/portugalsko/pacos-de-ferreira/soupiska/2010-2011/
eu_portugal_pacos-de-ferreira	Silva	silva	ATT	14.08.1986	0	https://www.eurofotbal.cz/kluby/portugalsko/pacos-de-ferreira/soupiska/2010-2011/
eu_portugal_pacos-de-ferreira	Romeu Torres	romeutorres	ATT	07.08.1986	2	https://www.eurofotbal.cz/kluby/portugalsko/pacos-de-ferreira/soupiska/2010-2011/
eu_portugal_rio-ave	Mário Felgueiras	mariofelgueiras	GK	12.12.1986	9	https://www.eurofotbal.cz/kluby/portugalsko/rio-ave-fc/soupiska/2010-2011/
eu_portugal_rio-ave	Paulo Santos	paulosantos	GK	11.12.1972	23	https://www.eurofotbal.cz/kluby/portugalsko/rio-ave-fc/soupiska/2010-2011/
eu_portugal_rio-ave	Pedro Trigueira	pedrotrigueira	GK	04.01.1988	1	https://www.eurofotbal.cz/kluby/portugalsko/rio-ave-fc/soupiska/2010-2011/
eu_portugal_rio-ave	André Dias	andredias	DEF	18.04.1992	1	https://www.eurofotbal.cz/kluby/portugalsko/rio-ave-fc/soupiska/2010-2011/
eu_portugal_rio-ave	Éder Monteiro	edermonteiro	DEF	21.09.1983	9	https://www.eurofotbal.cz/kluby/portugalsko/rio-ave-fc/soupiska/2010-2011/
eu_portugal_rio-ave	Ricardo Fernandes	ricardofernandes	DEF	14.01.1978	0	https://www.eurofotbal.cz/kluby/portugalsko/rio-ave-fc/soupiska/2010-2011/
eu_portugal_rio-ave	Gaspar	gaspar	DEF	01.06.1975	27	https://www.eurofotbal.cz/kluby/portugalsko/rio-ave-fc/soupiska/2010-2011/
eu_portugal_rio-ave	Geraldes	geraldes	DEF	02.05.1991	0	https://www.eurofotbal.cz/kluby/portugalsko/rio-ave-fc/soupiska/2010-2011/
eu_portugal_rio-ave	Jeferson	jeferson	DEF	15.01.1986	20	https://www.eurofotbal.cz/kluby/portugalsko/rio-ave-fc/soupiska/2010-2011/
eu_portugal_rio-ave	Lionn	lionn	DEF	29.01.1989	7	https://www.eurofotbal.cz/kluby/portugalsko/rio-ave-fc/soupiska/2010-2011/
eu_portugal_rio-ave	Marcelo	marcelo	DEF	27.07.1989	0	https://www.eurofotbal.cz/kluby/portugalsko/rio-ave-fc/soupiska/2010-2011/
eu_portugal_rio-ave	Carlos Milhazes	carlosmilhazes	DEF	17.03.1981	10	https://www.eurofotbal.cz/kluby/portugalsko/rio-ave-fc/soupiska/2010-2011/
eu_portugal_rio-ave	Tiago Pinto	tiagopinto	DEF	01.02.1988	23	https://www.eurofotbal.cz/kluby/portugalsko/rio-ave-fc/soupiska/2010-2011/
eu_portugal_rio-ave	Valdir	valdir	DEF	01.01.1984	0	https://www.eurofotbal.cz/kluby/portugalsko/rio-ave-fc/soupiska/2010-2011/
eu_portugal_rio-ave	Wíres	wires	DEF	30.12.1982	25	https://www.eurofotbal.cz/kluby/portugalsko/rio-ave-fc/soupiska/2010-2011/
eu_portugal_rio-ave	Zé Gomes	zegomes	DEF	24.09.1976	21	https://www.eurofotbal.cz/kluby/portugalsko/rio-ave-fc/soupiska/2010-2011/
eu_portugal_rio-ave	Júlio Alves	julioalves	MID	29.06.1991	9	https://www.eurofotbal.cz/kluby/portugalsko/rio-ave-fc/soupiska/2010-2011/
eu_portugal_rio-ave	Braga	braga	MID	17.06.1983	22	https://www.eurofotbal.cz/kluby/portugalsko/rio-ave-fc/soupiska/2010-2011/
eu_portugal_rio-ave	Fábio Felício	fabiofelicio	MID	02.05.1982	8	https://www.eurofotbal.cz/kluby/portugalsko/rio-ave-fc/soupiska/2010-2011/
eu_portugal_rio-ave	Vítor Gomes	vitorgomes	MID	25.12.1987	18	https://www.eurofotbal.cz/kluby/portugalsko/rio-ave-fc/soupiska/2010-2011/
eu_portugal_rio-ave	Ricardo Chaves	ricardochaves	MID	27.10.1977	14	https://www.eurofotbal.cz/kluby/portugalsko/rio-ave-fc/soupiska/2010-2011/
eu_portugal_rio-ave	Bruno China	brunochina	MID	05.08.1982	14	https://www.eurofotbal.cz/kluby/portugalsko/rio-ave-fc/soupiska/2010-2011/
eu_portugal_rio-ave	Ricardo Martins	ricardomartins	MID	24.01.1990	1	https://www.eurofotbal.cz/kluby/portugalsko/rio-ave-fc/soupiska/2010-2011/
eu_portugal_rio-ave	Mendes	mendes	MID	22.03.1988	10	https://www.eurofotbal.cz/kluby/portugalsko/rio-ave-fc/soupiska/2010-2011/
eu_portugal_rio-ave	Tarantini	tarantini	MID	07.10.1983	29	https://www.eurofotbal.cz/kluby/portugalsko/rio-ave-fc/soupiska/2010-2011/
eu_portugal_rio-ave	Cícero	cicero	ATT	08.05.1986	14	https://www.eurofotbal.cz/kluby/portugalsko/rio-ave-fc/soupiska/2010-2011/
eu_portugal_rio-ave	Bruno Fogaça	brunofogaca	ATT	11.11.1981	0	https://www.eurofotbal.cz/kluby/portugalsko/rio-ave-fc/soupiska/2010-2011/
eu_portugal_rio-ave	Bruno Gama	brunogama	ATT	15.11.1987	30	https://www.eurofotbal.cz/kluby/portugalsko/rio-ave-fc/soupiska/2010-2011/
eu_portugal_rio-ave	Saulo	saulo	ATT	18.02.1982	19	https://www.eurofotbal.cz/kluby/portugalsko/rio-ave-fc/soupiska/2010-2011/
eu_portugal_rio-ave	Sidnei	sidnei	ATT	02.11.1986	8	https://www.eurofotbal.cz/kluby/portugalsko/rio-ave-fc/soupiska/2010-2011/
eu_portugal_rio-ave	João Tomás	joaotomas	ATT	27.05.1975	30	https://www.eurofotbal.cz/kluby/portugalsko/rio-ave-fc/soupiska/2010-2011/
eu_portugal_rio-ave	Yazalde	yazalde	ATT	21.09.1988	29	https://www.eurofotbal.cz/kluby/portugalsko/rio-ave-fc/soupiska/2010-2011/
eu_portugal_sc-braga	Artur Moraes	arturmoraes	GK	25.01.1981	31	https://www.eurofotbal.cz/kluby/portugalsko/sc-braga/soupiska/2010-2011/
eu_portugal_sc-braga	Mário Felgueiras	mariofelgueiras	GK	12.12.1986	2	https://www.eurofotbal.cz/kluby/portugalsko/sc-braga/soupiska/2010-2011/
eu_portugal_sc-braga	Felipe	felipe	GK	22.02.1984	19	https://www.eurofotbal.cz/kluby/portugalsko/sc-braga/soupiska/2010-2011/
eu_portugal_sc-braga	Ricardo Ferreira	ricardoferreira	GK	03.12.1989	0	https://www.eurofotbal.cz/kluby/portugalsko/sc-braga/soupiska/2010-2011/
eu_portugal_sc-braga	Marcos	marcos	GK	21.06.1976	0	https://www.eurofotbal.cz/kluby/portugalsko/sc-braga/soupiska/2010-2011/
eu_portugal_sc-braga	Quim	quim	GK	13.11.1975	0	https://www.eurofotbal.cz/kluby/portugalsko/sc-braga/soupiska/2010-2011/
eu_portugal_sc-braga	Diego Silva	diegosilva	GK	03.10.1989	1	https://www.eurofotbal.cz/kluby/portugalsko/sc-braga/soupiska/2010-2011/
eu_portugal_sc-braga	Aníbal	anibal	DEF	08.05.1991	2	https://www.eurofotbal.cz/kluby/portugalsko/sc-braga/soupiska/2010-2011/
eu_portugal_sc-braga	Eduardo	eduardo	DEF	24.10.1988	0	https://www.eurofotbal.cz/kluby/portugalsko/sc-braga/soupiska/2010-2011/
eu_portugal_sc-braga	Elderson Echiéjilé	eldersonechiejile	DEF	20.01.1988	29	https://www.eurofotbal.cz/kluby/portugalsko/sc-braga/soupiska/2010-2011/
eu_portugal_sc-braga	Léo Fortunato	leofortunato	DEF	14.03.1983	2	https://www.eurofotbal.cz/kluby/portugalsko/sc-braga/soupiska/2010-2011/
eu_portugal_sc-braga	Miguel Garcia	miguelgarcia	DEF	04.02.1983	35	https://www.eurofotbal.cz/kluby/portugalsko/sc-braga/soupiska/2010-2011/
eu_portugal_sc-braga	Kaká	kaka	DEF	16.05.1981	20	https://www.eurofotbal.cz/kluby/portugalsko/sc-braga/soupiska/2010-2011/
eu_portugal_sc-braga	Moisés	moises	DEF	25.07.1979	23	https://www.eurofotbal.cz/kluby/portugalsko/sc-braga/soupiska/2010-2011/
eu_portugal_sc-braga	Paulão	paulao	DEF	06.08.1982	33	https://www.eurofotbal.cz/kluby/portugalsko/sc-braga/soupiska/2010-2011/
eu_portugal_sc-braga	Marco Ramos	marcoramos	DEF	26.04.1983	0	https://www.eurofotbal.cz/kluby/portugalsko/sc-braga/soupiska/2010-2011/
eu_portugal_sc-braga	Alberto Rodríguez	albertorodriguez	DEF	31.03.1984	37	https://www.eurofotbal.cz/kluby/portugalsko/sc-braga/soupiska/2010-2011/
eu_portugal_sc-braga	Sílvio	silvio	DEF	28.09.1987	37	https://www.eurofotbal.cz/kluby/portugalsko/sc-braga/soupiska/2010-2011/
eu_portugal_sc-braga	Luís Aguiar	luisaguiar	MID	17.11.1985	21	https://www.eurofotbal.cz/kluby/portugalsko/sc-braga/soupiska/2010-2011/
eu_portugal_sc-braga	Custódio	custodio	MID	24.05.1983	21	https://www.eurofotbal.cz/kluby/portugalsko/sc-braga/soupiska/2010-2011/
eu_portugal_sc-braga	Guilherme	guilherme	MID	21.05.1991	6	https://www.eurofotbal.cz/kluby/portugalsko/sc-braga/soupiska/2010-2011/
eu_portugal_sc-braga	George Lucas	georgelucas	MID	20.02.1984	0	https://www.eurofotbal.cz/kluby/portugalsko/sc-braga/soupiska/2010-2011/
eu_portugal_sc-braga	Andrés Madrid	andresmadrid	MID	29.07.1981	11	https://www.eurofotbal.cz/kluby/portugalsko/sc-braga/soupiska/2010-2011/
eu_portugal_sc-braga	Márcio Mossoró	marciomossoro	MID	04.07.1983	35	https://www.eurofotbal.cz/kluby/portugalsko/sc-braga/soupiska/2010-2011/
eu_portugal_sc-braga	Leandro Salino	leandrosalino	MID	22.04.1985	38	https://www.eurofotbal.cz/kluby/portugalsko/sc-braga/soupiska/2010-2011/
eu_portugal_sc-braga	Ukra	ukra	MID	16.03.1988	12	https://www.eurofotbal.cz/kluby/portugalsko/sc-braga/soupiska/2010-2011/
eu_portugal_sc-braga	Vandinho	vandinho	MID	15.01.1978	40	https://www.eurofotbal.cz/kluby/portugalsko/sc-braga/soupiska/2010-2011/
eu_portugal_sc-braga	Hugo Viana	hugoviana	MID	15.01.1983	38	https://www.eurofotbal.cz/kluby/portugalsko/sc-braga/soupiska/2010-2011/
eu_portugal_sc-braga	Vinicius	vinicius	MID	16.05.1986	3	https://www.eurofotbal.cz/kluby/portugalsko/sc-braga/soupiska/2010-2011/
eu_portugal_sc-braga	Alan	alan	ATT	19.09.1979	49	https://www.eurofotbal.cz/kluby/portugalsko/sc-braga/soupiska/2010-2011/
eu_portugal_sc-braga	Hélder Barbosa	helderbarbosa	ATT	25.05.1987	27	https://www.eurofotbal.cz/kluby/portugalsko/sc-braga/soupiska/2010-2011/
eu_portugal_sc-braga	Elton	elton	ATT	01.08.1985	9	https://www.eurofotbal.cz/kluby/portugalsko/sc-braga/soupiska/2010-2011/
eu_portugal_sc-braga	Ladji Keita	ladjikeita	ATT	29.04.1983	6	https://www.eurofotbal.cz/kluby/portugalsko/sc-braga/soupiska/2010-2011/
eu_portugal_sc-braga	Lima	lima	ATT	11.05.1983	49	https://www.eurofotbal.cz/kluby/portugalsko/sc-braga/soupiska/2010-2011/
eu_portugal_sc-braga	Matheus	matheus	ATT	15.01.1983	23	https://www.eurofotbal.cz/kluby/portugalsko/sc-braga/soupiska/2010-2011/
eu_portugal_sc-braga	Albert Meyong	albertmeyong	ATT	19.10.1980	27	https://www.eurofotbal.cz/kluby/portugalsko/sc-braga/soupiska/2010-2011/
eu_portugal_sc-braga	Paulo César	paulocesar	ATT	05.01.1980	39	https://www.eurofotbal.cz/kluby/portugalsko/sc-braga/soupiska/2010-2011/
eu_portugal_sc-braga	Nygel Velder	nygelvelder	ATT	23.01.1992	0	https://www.eurofotbal.cz/kluby/portugalsko/sc-braga/soupiska/2010-2011/
eu_portugal_sl-benfica	Júlio César	juliocesar	GK	02.09.1986	9	https://www.eurofotbal.cz/kluby/portugalsko/sl-benfica/soupiska/2010-2011/
eu_portugal_sl-benfica	José Moreira	josemoreira	GK	20.03.1982	5	https://www.eurofotbal.cz/kluby/portugalsko/sl-benfica/soupiska/2010-2011/
eu_portugal_sl-benfica	Roberto	roberto	GK	10.02.1986	41	https://www.eurofotbal.cz/kluby/portugalsko/sl-benfica/soupiska/2010-2011/
eu_portugal_sl-benfica	Lionel Carole	lionelcarole	DEF	12.04.1991	6	https://www.eurofotbal.cz/kluby/portugalsko/sl-benfica/soupiska/2010-2011/
eu_portugal_sl-benfica	Fábio Coentrão	fabiocoentrao	DEF	11.03.1988	45	https://www.eurofotbal.cz/kluby/portugalsko/sl-benfica/soupiska/2010-2011/
eu_portugal_sl-benfica	David Luiz	davidluiz	DEF	22.04.1987	28	https://www.eurofotbal.cz/kluby/portugalsko/sl-benfica/soupiska/2010-2011/
eu_portugal_sl-benfica	Fábio Faria	fabiofaria	DEF	24.04.1989	1	https://www.eurofotbal.cz/kluby/portugalsko/sl-benfica/soupiska/2010-2011/
eu_portugal_sl-benfica	Rafik Halliche	rafikhalliche	DEF	02.09.1986	0	https://www.eurofotbal.cz/kluby/portugalsko/sl-benfica/soupiska/2010-2011/
eu_portugal_sl-benfica	Jardel	jardel	DEF	29.03.1986	15	https://www.eurofotbal.cz/kluby/portugalsko/sl-benfica/soupiska/2010-2011/
eu_portugal_sl-benfica	Rúben Lima	rubenlima	DEF	03.10.1989	0	https://www.eurofotbal.cz/kluby/portugalsko/sl-benfica/soupiska/2010-2011/
eu_portugal_sl-benfica	Luís Filipe	luisfilipe	DEF	14.06.1979	3	https://www.eurofotbal.cz/kluby/portugalsko/sl-benfica/soupiska/2010-2011/
eu_portugal_sl-benfica	Luisão	luisao	DEF	13.02.1981	45	https://www.eurofotbal.cz/kluby/portugalsko/sl-benfica/soupiska/2010-2011/
eu_portugal_sl-benfica	Roderick Miranda	roderickmiranda	DEF	30.03.1991	6	https://www.eurofotbal.cz/kluby/portugalsko/sl-benfica/soupiska/2010-2011/
eu_portugal_sl-benfica	João Pereira	joaopereira	DEF	10.05.1990	0	https://www.eurofotbal.cz/kluby/portugalsko/sl-benfica/soupiska/2010-2011/
eu_portugal_sl-benfica	José Shaffer	joseshaffer	DEF	16.02.1985	0	https://www.eurofotbal.cz/kluby/portugalsko/sl-benfica/soupiska/2010-2011/
eu_portugal_sl-benfica	Sidnei	sidnei	DEF	23.08.1989	26	https://www.eurofotbal.cz/kluby/portugalsko/sl-benfica/soupiska/2010-2011/
eu_portugal_sl-benfica	Marco Zoro	marcozoro	DEF	27.12.1983	0	https://www.eurofotbal.cz/kluby/portugalsko/sl-benfica/soupiska/2010-2011/
eu_portugal_sl-benfica	Pablo Aimar	pabloaimar	MID	03.11.1979	45	https://www.eurofotbal.cz/kluby/portugalsko/sl-benfica/soupiska/2010-2011/
eu_portugal_sl-benfica	Airton	airton	MID	21.02.1990	26	https://www.eurofotbal.cz/kluby/portugalsko/sl-benfica/soupiska/2010-2011/
eu_portugal_sl-benfica	Rúben Amorim	rubenamorim	MID	27.01.1985	18	https://www.eurofotbal.cz/kluby/portugalsko/sl-benfica/soupiska/2010-2011/
eu_portugal_sl-benfica	Javier Balboa	javierbalboa	MID	13.05.1985	0	https://www.eurofotbal.cz/kluby/portugalsko/sl-benfica/soupiska/2010-2011/
eu_portugal_sl-benfica	José Fernández	josefernandez	MID	26.10.1987	2	https://www.eurofotbal.cz/kluby/portugalsko/sl-benfica/soupiska/2010-2011/
eu_portugal_sl-benfica	Nicolás Gaitán	nicolasgaitan	MID	23.02.1988	47	https://www.eurofotbal.cz/kluby/portugalsko/sl-benfica/soupiska/2010-2011/
eu_portugal_sl-benfica	Javi García	javigarcia	MID	08.02.1987	43	https://www.eurofotbal.cz/kluby/portugalsko/sl-benfica/soupiska/2010-2011/
eu_portugal_sl-benfica	Carlos Martins	carlosmartins	MID	29.04.1982	46	https://www.eurofotbal.cz/kluby/portugalsko/sl-benfica/soupiska/2010-2011/
eu_portugal_sl-benfica	Lorenzo Melgarejo	lorenzomelgarejo	MID	10.08.1990	0	https://www.eurofotbal.cz/kluby/portugalsko/sl-benfica/soupiska/2010-2011/
eu_portugal_sl-benfica	Felipe Menezes	felipemenezes	MID	20.01.1988	15	https://www.eurofotbal.cz/kluby/portugalsko/sl-benfica/soupiska/2010-2011/
eu_portugal_sl-benfica	César Peixoto	cesarpeixoto	MID	12.05.1980	34	https://www.eurofotbal.cz/kluby/portugalsko/sl-benfica/soupiska/2010-2011/
eu_portugal_sl-benfica	Danilo Pereira	danilopereira	MID	09.09.1991	0	https://www.eurofotbal.cz/kluby/portugalsko/sl-benfica/soupiska/2010-2011/
eu_portugal_sl-benfica	Maximiliano Pereira	maximilianopereira	MID	08.06.1984	49	https://www.eurofotbal.cz/kluby/portugalsko/sl-benfica/soupiska/2010-2011/
eu_portugal_sl-benfica	Ishmael Yartey	ishmaelyartey	MID	11.01.1990	0	https://www.eurofotbal.cz/kluby/portugalsko/sl-benfica/soupiska/2010-2011/
eu_portugal_sl-benfica	Hassan Yebda	hassanyebda	MID	14.05.1984	0	https://www.eurofotbal.cz/kluby/portugalsko/sl-benfica/soupiska/2010-2011/
eu_portugal_sl-benfica	Alan Kardec	alankardec	ATT	12.01.1989	22	https://www.eurofotbal.cz/kluby/portugalsko/sl-benfica/soupiska/2010-2011/
eu_portugal_sl-benfica	Evandro Brandão	evandrobrandao	ATT	04.05.1991	0	https://www.eurofotbal.cz/kluby/portugalsko/sl-benfica/soupiska/2010-2011/
eu_portugal_sl-benfica	Óscar Cardozo	oscarcardozo	ATT	20.05.1983	42	https://www.eurofotbal.cz/kluby/portugalsko/sl-benfica/soupiska/2010-2011/
eu_portugal_sl-benfica	Nuno Gomes	nunogomes	ATT	05.07.1976	6	https://www.eurofotbal.cz/kluby/portugalsko/sl-benfica/soupiska/2010-2011/
eu_portugal_sl-benfica	Franco Jara	francojara	ATT	15.07.1988	42	https://www.eurofotbal.cz/kluby/portugalsko/sl-benfica/soupiska/2010-2011/
eu_portugal_sl-benfica	Ariza Makukula	arizamakukula	ATT	04.03.1981	0	https://www.eurofotbal.cz/kluby/portugalsko/sl-benfica/soupiska/2010-2011/
eu_portugal_sl-benfica	Mantorras	mantorras	ATT	18.03.1982	0	https://www.eurofotbal.cz/kluby/portugalsko/sl-benfica/soupiska/2010-2011/
eu_portugal_sl-benfica	Eduardo Salvio	eduardosalvio	ATT	13.07.1990	37	https://www.eurofotbal.cz/kluby/portugalsko/sl-benfica/soupiska/2010-2011/
eu_portugal_sl-benfica	Javier Saviola	javiersaviola	ATT	11.12.1981	45	https://www.eurofotbal.cz/kluby/portugalsko/sl-benfica/soupiska/2010-2011/
eu_portugal_sl-benfica	Urreta	urreta	ATT	19.03.1990	0	https://www.eurofotbal.cz/kluby/portugalsko/sl-benfica/soupiska/2010-2011/
eu_portugal_sl-benfica	Weldon	weldon	ATT	06.08.1980	7	https://www.eurofotbal.cz/kluby/portugalsko/sl-benfica/soupiska/2010-2011/
eu_portugal_sporting-cp	Timo Hildebrand	timohildebrand	GK	05.04.1979	2	https://www.eurofotbal.cz/kluby/portugalsko/sporting-cp/soupiska/2010-2011/
eu_portugal_sporting-cp	Rui Patrício	ruipatricio	GK	15.02.1988	42	https://www.eurofotbal.cz/kluby/portugalsko/sporting-cp/soupiska/2010-2011/
eu_portugal_sporting-cp	Tiago	tiago	GK	16.04.1975	2	https://www.eurofotbal.cz/kluby/portugalsko/sporting-cp/soupiska/2010-2011/
eu_portugal_sporting-cp	Victor Golas	victorgolas	GK	27.12.1990	0	https://www.eurofotbal.cz/kluby/portugalsko/sporting-cp/soupiska/2010-2011/
eu_portugal_sporting-cp	Marco Caneira	marcocaneira	DEF	09.02.1979	0	https://www.eurofotbal.cz/kluby/portugalsko/sporting-cp/soupiska/2010-2011/
eu_portugal_sporting-cp	Daniel Carriço	danielcarrico	DEF	04.08.1988	37	https://www.eurofotbal.cz/kluby/portugalsko/sporting-cp/soupiska/2010-2011/
eu_portugal_sporting-cp	Nuno André Coelho	nunoandrecoelho	DEF	07.01.1986	15	https://www.eurofotbal.cz/kluby/portugalsko/sporting-cp/soupiska/2010-2011/
eu_portugal_sporting-cp	Evaldo	evaldo	DEF	18.03.1982	45	https://www.eurofotbal.cz/kluby/portugalsko/sporting-cp/soupiska/2010-2011/
eu_portugal_sporting-cp	Abel Ferreira	abelferreira	DEF	22.12.1978	22	https://www.eurofotbal.cz/kluby/portugalsko/sporting-cp/soupiska/2010-2011/
eu_portugal_sporting-cp	Leandro Grimi	leandrogrimi	DEF	09.02.1985	2	https://www.eurofotbal.cz/kluby/portugalsko/sporting-cp/soupiska/2010-2011/
eu_portugal_sporting-cp	João Pereira	joaopereira	DEF	25.02.1984	37	https://www.eurofotbal.cz/kluby/portugalsko/sporting-cp/soupiska/2010-2011/
eu_portugal_sporting-cp	Ânderson Polga	andersonpolga	DEF	09.02.1979	32	https://www.eurofotbal.cz/kluby/portugalsko/sporting-cp/soupiska/2010-2011/
eu_portugal_sporting-cp	Cédric Soares	cedricsoares	DEF	31.08.1991	4	https://www.eurofotbal.cz/kluby/portugalsko/sporting-cp/soupiska/2010-2011/
eu_portugal_sporting-cp	Tonel	tonel	DEF	13.04.1980	0	https://www.eurofotbal.cz/kluby/portugalsko/sporting-cp/soupiska/2010-2011/
eu_portugal_sporting-cp	Marco Torsiglieri	marcotorsiglieri	DEF	12.01.1988	22	https://www.eurofotbal.cz/kluby/portugalsko/sporting-cp/soupiska/2010-2011/
eu_portugal_sporting-cp	Cristiano	cristiano	MID	28.09.1983	5	https://www.eurofotbal.cz/kluby/portugalsko/sporting-cp/soupiska/2010-2011/
eu_portugal_sporting-cp	Matías Fernández	matiasfernandez	MID	15.05.1986	28	https://www.eurofotbal.cz/kluby/portugalsko/sporting-cp/soupiska/2010-2011/
eu_portugal_sporting-cp	Marat Izmailov	maratizmailov	MID	21.09.1982	3	https://www.eurofotbal.cz/kluby/portugalsko/sporting-cp/soupiska/2010-2011/
eu_portugal_sporting-cp	Maniche	maniche	MID	11.11.1977	28	https://www.eurofotbal.cz/kluby/portugalsko/sporting-cp/soupiska/2010-2011/
eu_portugal_sporting-cp	André Martins	andremartins	MID	21.01.1990	0	https://www.eurofotbal.cz/kluby/portugalsko/sporting-cp/soupiska/2010-2011/
eu_portugal_sporting-cp	Pedro Mendes	pedromendes	MID	26.02.1979	13	https://www.eurofotbal.cz/kluby/portugalsko/sporting-cp/soupiska/2010-2011/
eu_portugal_sporting-cp	Diogo Rosado	diogorosado	MID	21.02.1990	0	https://www.eurofotbal.cz/kluby/portugalsko/sporting-cp/soupiska/2010-2011/
eu_portugal_sporting-cp	Diogo Salomão	diogosalomao	MID	14.09.1988	20	https://www.eurofotbal.cz/kluby/portugalsko/sporting-cp/soupiska/2010-2011/
eu_portugal_sporting-cp	André Santos	andresantos	MID	02.03.1989	40	https://www.eurofotbal.cz/kluby/portugalsko/sporting-cp/soupiska/2010-2011/
eu_portugal_sporting-cp	Adrien Silva	adriensilva	MID	15.03.1989	0	https://www.eurofotbal.cz/kluby/portugalsko/sporting-cp/soupiska/2010-2011/
eu_portugal_sporting-cp	Jaime Valdés	jaimevaldes	MID	11.01.1981	35	https://www.eurofotbal.cz/kluby/portugalsko/sporting-cp/soupiska/2010-2011/
eu_portugal_sporting-cp	Miguel Veloso	miguelveloso	MID	11.05.1986	1	https://www.eurofotbal.cz/kluby/portugalsko/sporting-cp/soupiska/2010-2011/
eu_portugal_sporting-cp	Simon Vukčević	simonvukcevic	MID	29.01.1986	36	https://www.eurofotbal.cz/kluby/portugalsko/sporting-cp/soupiska/2010-2011/
eu_portugal_sporting-cp	William Carvalho	williamcarvalho	MID	07.04.1992	1	https://www.eurofotbal.cz/kluby/portugalsko/sporting-cp/soupiska/2010-2011/
eu_portugal_sporting-cp	Alberto Zapater	albertozapater	MID	13.06.1985	31	https://www.eurofotbal.cz/kluby/portugalsko/sporting-cp/soupiska/2010-2011/
eu_portugal_sporting-cp	Amido Baldé	amidobalde	ATT	16.05.1991	0	https://www.eurofotbal.cz/kluby/portugalsko/sporting-cp/soupiska/2010-2011/
eu_portugal_sporting-cp	Yannick Djaló	yannickdjalo	ATT	05.05.1986	33	https://www.eurofotbal.cz/kluby/portugalsko/sporting-cp/soupiska/2010-2011/
eu_portugal_sporting-cp	Wilson Eduardo	wilsoneduardo	ATT	08.07.1990	0	https://www.eurofotbal.cz/kluby/portugalsko/sporting-cp/soupiska/2010-2011/
eu_portugal_sporting-cp	Liédson	liedson	ATT	17.12.1977	23	https://www.eurofotbal.cz/kluby/portugalsko/sporting-cp/soupiska/2010-2011/
eu_portugal_sporting-cp	Hélder Postiga	helderpostiga	ATT	02.08.1982	41	https://www.eurofotbal.cz/kluby/portugalsko/sporting-cp/soupiska/2010-2011/
eu_portugal_sporting-cp	Carlos Saleiro	carlossaleiro	ATT	25.02.1986	38	https://www.eurofotbal.cz/kluby/portugalsko/sporting-cp/soupiska/2010-2011/
eu_portugal_vitoria-sc	Nilson	nilson	GK	26.12.1975	36	https://www.eurofotbal.cz/kluby/portugalsko/vitoria-sc-guimaraes/soupiska/2010-2011/
eu_portugal_vitoria-sc	Serginho	serginho	GK	06.12.1982	0	https://www.eurofotbal.cz/kluby/portugalsko/vitoria-sc-guimaraes/soupiska/2010-2011/
eu_portugal_vitoria-sc	Alex	alex	DEF	06.09.1979	33	https://www.eurofotbal.cz/kluby/portugalsko/vitoria-sc-guimaraes/soupiska/2010-2011/
eu_portugal_vitoria-sc	Anderson Santana	andersonsantana	DEF	24.04.1986	6	https://www.eurofotbal.cz/kluby/portugalsko/vitoria-sc-guimaraes/soupiska/2010-2011/
eu_portugal_vitoria-sc	Bruno Teles	brunoteles	DEF	01.05.1986	30	https://www.eurofotbal.cz/kluby/portugalsko/vitoria-sc-guimaraes/soupiska/2010-2011/
eu_portugal_vitoria-sc	Freire	freire	DEF	21.08.1989	17	https://www.eurofotbal.cz/kluby/portugalsko/vitoria-sc-guimaraes/soupiska/2010-2011/
eu_portugal_vitoria-sc	Lionn	lionn	DEF	29.01.1989	0	https://www.eurofotbal.cz/kluby/portugalsko/vitoria-sc-guimaraes/soupiska/2010-2011/
eu_portugal_vitoria-sc	Mahamadou N'Diaye	mahamadoundiaye	DEF	21.06.1990	11	https://www.eurofotbal.cz/kluby/portugalsko/vitoria-sc-guimaraes/soupiska/2010-2011/
eu_portugal_vitoria-sc	Santiago Ostolaza	santiagoostolaza	DEF	30.09.1987	0	https://www.eurofotbal.cz/kluby/portugalsko/vitoria-sc-guimaraes/soupiska/2010-2011/
eu_portugal_vitoria-sc	João Paulo	joaopaulo	DEF	06.06.1981	24	https://www.eurofotbal.cz/kluby/portugalsko/vitoria-sc-guimaraes/soupiska/2010-2011/
eu_portugal_vitoria-sc	Jorge Ribeiro	jorgeribeiro	DEF	09.11.1981	17	https://www.eurofotbal.cz/kluby/portugalsko/vitoria-sc-guimaraes/soupiska/2010-2011/
eu_portugal_vitoria-sc	Ricardo	ricardo	DEF	19.08.1980	19	https://www.eurofotbal.cz/kluby/portugalsko/vitoria-sc-guimaraes/soupiska/2010-2011/
eu_portugal_vitoria-sc	Edson Sitta	edsonsitta	DEF	17.06.1983	16	https://www.eurofotbal.cz/kluby/portugalsko/vitoria-sc-guimaraes/soupiska/2010-2011/
eu_portugal_vitoria-sc	Tony	tony	DEF	20.12.1980	1	https://www.eurofotbal.cz/kluby/portugalsko/vitoria-sc-guimaraes/soupiska/2010-2011/
eu_portugal_vitoria-sc	Valdomiro	valdomiro	DEF	06.02.1979	1	https://www.eurofotbal.cz/kluby/portugalsko/vitoria-sc-guimaraes/soupiska/2010-2011/
eu_portugal_vitoria-sc	João Alves	joaoalves	MID	18.08.1980	26	https://www.eurofotbal.cz/kluby/portugalsko/vitoria-sc-guimaraes/soupiska/2010-2011/
eu_portugal_vitoria-sc	Nuno Assis	nunoassis	MID	25.11.1977	0	https://www.eurofotbal.cz/kluby/portugalsko/vitoria-sc-guimaraes/soupiska/2010-2011/
eu_portugal_vitoria-sc	Siaka Bamba	siakabamba	MID	24.08.1989	0	https://www.eurofotbal.cz/kluby/portugalsko/vitoria-sc-guimaraes/soupiska/2010-2011/
eu_portugal_vitoria-sc	Rafael Crivellaro	rafaelcrivellaro	MID	18.02.1989	3	https://www.eurofotbal.cz/kluby/portugalsko/vitoria-sc-guimaraes/soupiska/2010-2011/
eu_portugal_vitoria-sc	Custódio	custodio	MID	24.05.1983	2	https://www.eurofotbal.cz/kluby/portugalsko/vitoria-sc-guimaraes/soupiska/2010-2011/
eu_portugal_vitoria-sc	Dinis	dinis	MID	21.01.1990	0	https://www.eurofotbal.cz/kluby/portugalsko/vitoria-sc-guimaraes/soupiska/2010-2011/
eu_portugal_vitoria-sc	João Pedro	joaopedro	MID	09.03.1992	8	https://www.eurofotbal.cz/kluby/portugalsko/vitoria-sc-guimaraes/soupiska/2010-2011/
eu_portugal_vitoria-sc	Flávio Meireles	flaviomeireles	MID	03.10.1976	13	https://www.eurofotbal.cz/kluby/portugalsko/vitoria-sc-guimaraes/soupiska/2010-2011/
eu_portugal_vitoria-sc	Cléber Monteiro	clebermonteiro	MID	23.05.1980	29	https://www.eurofotbal.cz/kluby/portugalsko/vitoria-sc-guimaraes/soupiska/2010-2011/
eu_portugal_vitoria-sc	Bruno Pereirinha	brunopereirinha	MID	02.03.1988	10	https://www.eurofotbal.cz/kluby/portugalsko/vitoria-sc-guimaraes/soupiska/2010-2011/
eu_portugal_vitoria-sc	João Ribeiro	joaoribeiro	MID	13.08.1987	30	https://www.eurofotbal.cz/kluby/portugalsko/vitoria-sc-guimaraes/soupiska/2010-2011/
eu_portugal_vitoria-sc	Rui Miguel	ruimiguel	MID	15.11.1983	26	https://www.eurofotbal.cz/kluby/portugalsko/vitoria-sc-guimaraes/soupiska/2010-2011/
eu_portugal_vitoria-sc	Renan Silva	renansilva	MID	29.03.1985	16	https://www.eurofotbal.cz/kluby/portugalsko/vitoria-sc-guimaraes/soupiska/2010-2011/
eu_portugal_vitoria-sc	Tomané	tomane	MID	23.10.1992	1	https://www.eurofotbal.cz/kluby/portugalsko/vitoria-sc-guimaraes/soupiska/2010-2011/
eu_portugal_vitoria-sc	Marcelo Toscano	marcelotoscano	MID	12.05.1985	30	https://www.eurofotbal.cz/kluby/portugalsko/vitoria-sc-guimaraes/soupiska/2010-2011/
eu_portugal_vitoria-sc	Bebé	bebe	ATT	12.07.1990	0	https://www.eurofotbal.cz/kluby/portugalsko/vitoria-sc-guimaraes/soupiska/2010-2011/
eu_portugal_vitoria-sc	Douglas	douglas	ATT	30.01.1986	8	https://www.eurofotbal.cz/kluby/portugalsko/vitoria-sc-guimaraes/soupiska/2010-2011/
eu_portugal_vitoria-sc	Abdelghani Faouzi	abdelghanifaouzi	ATT	13.07.1985	20	https://www.eurofotbal.cz/kluby/portugalsko/vitoria-sc-guimaraes/soupiska/2010-2011/
eu_portugal_vitoria-sc	Kamani Hill	kamanihill	ATT	28.12.1985	0	https://www.eurofotbal.cz/kluby/portugalsko/vitoria-sc-guimaraes/soupiska/2010-2011/
eu_portugal_vitoria-sc	Maranhão	maranhao	ATT	29.01.1985	12	https://www.eurofotbal.cz/kluby/portugalsko/vitoria-sc-guimaraes/soupiska/2010-2011/
eu_portugal_vitoria-sc	Rafa	rafa	ATT	27.01.1992	3	https://www.eurofotbal.cz/kluby/portugalsko/vitoria-sc-guimaraes/soupiska/2010-2011/
eu_portugal_vitoria-sc	Edgar Silva	edgarsilva	ATT	03.01.1987	35	https://www.eurofotbal.cz/kluby/portugalsko/vitoria-sc-guimaraes/soupiska/2010-2011/
eu_portugal_vitoria-sc	Tiago Targino	tiagotargino	ATT	06.06.1986	17	https://www.eurofotbal.cz/kluby/portugalsko/vitoria-sc-guimaraes/soupiska/2010-2011/
eu_portugal_vitoria-sc	William	william	ATT	27.07.1982	4	https://www.eurofotbal.cz/kluby/portugalsko/vitoria-sc-guimaraes/soupiska/2010-2011/
eu_portugal_vitoria-setubal	Diego	diego	GK	11.05.1979	33	https://www.eurofotbal.cz/kluby/portugalsko/vitoria-fc-setubal/soupiska/2010-2011/
eu_portugal_vitoria-setubal	Getúlio	getulio	GK	22.01.1983	0	https://www.eurofotbal.cz/kluby/portugalsko/vitoria-fc-setubal/soupiska/2010-2011/
eu_portugal_vitoria-setubal	Matos	matos	GK	15.02.1979	1	https://www.eurofotbal.cz/kluby/portugalsko/vitoria-fc-setubal/soupiska/2010-2011/
eu_portugal_vitoria-setubal	Aurélien Collin	aureliencollin	DEF	08.03.1986	17	https://www.eurofotbal.cz/kluby/portugalsko/vitoria-fc-setubal/soupiska/2010-2011/
eu_portugal_vitoria-setubal	Anderson do Ó	andersondoo	DEF	14.12.1980	18	https://www.eurofotbal.cz/kluby/portugalsko/vitoria-fc-setubal/soupiska/2010-2011/
eu_portugal_vitoria-setubal	François	francois	DEF	30.11.1989	12	https://www.eurofotbal.cz/kluby/portugalsko/vitoria-fc-setubal/soupiska/2010-2011/
eu_portugal_vitoria-setubal	Miguel Lourenço	miguellourenco	DEF	27.05.1992	0	https://www.eurofotbal.cz/kluby/portugalsko/vitoria-fc-setubal/soupiska/2010-2011/
eu_portugal_vitoria-setubal	Michel	michel	DEF	06.03.1985	11	https://www.eurofotbal.cz/kluby/portugalsko/vitoria-fc-setubal/soupiska/2010-2011/
eu_portugal_vitoria-setubal	Ney Santos	neysantos	DEF	23.02.1981	25	https://www.eurofotbal.cz/kluby/portugalsko/vitoria-fc-setubal/soupiska/2010-2011/
eu_portugal_vitoria-setubal	Ricardo Silva	ricardosilva	DEF	26.09.1975	29	https://www.eurofotbal.cz/kluby/portugalsko/vitoria-fc-setubal/soupiska/2010-2011/
eu_portugal_vitoria-setubal	Tengarrinha	tengarrinha	DEF	17.02.1989	7	https://www.eurofotbal.cz/kluby/portugalsko/vitoria-fc-setubal/soupiska/2010-2011/
eu_portugal_vitoria-setubal	Valdomiro	valdomiro	DEF	06.02.1979	22	https://www.eurofotbal.cz/kluby/portugalsko/vitoria-fc-setubal/soupiska/2010-2011/
eu_portugal_vitoria-setubal	Zarabi	zarabi	DEF	18.07.1984	0	https://www.eurofotbal.cz/kluby/portugalsko/vitoria-fc-setubal/soupiska/2010-2011/
eu_portugal_vitoria-setubal	Ricardo Damaso	ricardodamaso	MID	19.10.1990	0	https://www.eurofotbal.cz/kluby/portugalsko/vitoria-fc-setubal/soupiska/2010-2011/
eu_portugal_vitoria-setubal	Mamadou Djikine	mamadoudjikine	MID	16.05.1987	4	https://www.eurofotbal.cz/kluby/portugalsko/vitoria-fc-setubal/soupiska/2010-2011/
eu_portugal_vitoria-setubal	Alvaro Fernández	alvarofernandez	MID	11.10.1985	1	https://www.eurofotbal.cz/kluby/portugalsko/vitoria-fc-setubal/soupiska/2010-2011/
eu_portugal_vitoria-setubal	Bruno Gallo	brunogallo	MID	07.05.1988	10	https://www.eurofotbal.cz/kluby/portugalsko/vitoria-fc-setubal/soupiska/2010-2011/
eu_portugal_vitoria-setubal	Hugo Leal	hugoleal	MID	21.05.1980	26	https://www.eurofotbal.cz/kluby/portugalsko/vitoria-fc-setubal/soupiska/2010-2011/
eu_portugal_vitoria-setubal	José Pedro	josepedro	MID	18.10.1978	17	https://www.eurofotbal.cz/kluby/portugalsko/vitoria-fc-setubal/soupiska/2010-2011/
eu_portugal_vitoria-setubal	Miguelito	miguelito	MID	04.02.1981	32	https://www.eurofotbal.cz/kluby/portugalsko/vitoria-fc-setubal/soupiska/2010-2011/
eu_portugal_vitoria-setubal	Neca	neca	MID	31.12.1979	28	https://www.eurofotbal.cz/kluby/portugalsko/vitoria-fc-setubal/soupiska/2010-2011/
eu_portugal_vitoria-setubal	Paulo Regula	pauloregula	MID	12.03.1989	4	https://www.eurofotbal.cz/kluby/portugalsko/vitoria-fc-setubal/soupiska/2010-2011/
eu_portugal_vitoria-setubal	Silva	silva	MID	06.08.1984	25	https://www.eurofotbal.cz/kluby/portugalsko/vitoria-fc-setubal/soupiska/2010-2011/
eu_portugal_vitoria-setubal	Zeca	zeca	MID	31.08.1988	29	https://www.eurofotbal.cz/kluby/portugalsko/vitoria-fc-setubal/soupiska/2010-2011/
eu_portugal_vitoria-setubal	Abul Baldé	abulbalde	ATT	09.04.1989	0	https://www.eurofotbal.cz/kluby/portugalsko/vitoria-fc-setubal/soupiska/2010-2011/
eu_portugal_vitoria-setubal	Brasão	brasao	ATT	01.01.1982	9	https://www.eurofotbal.cz/kluby/portugalsko/vitoria-fc-setubal/soupiska/2010-2011/
eu_portugal_vitoria-setubal	Henrique	henrique	ATT	19.01.1987	21	https://www.eurofotbal.cz/kluby/portugalsko/vitoria-fc-setubal/soupiska/2010-2011/
eu_portugal_vitoria-setubal	Jailson	jailson	ATT	16.06.1981	23	https://www.eurofotbal.cz/kluby/portugalsko/vitoria-fc-setubal/soupiska/2010-2011/
eu_portugal_vitoria-setubal	Moisés	moises	ATT	22.10.1990	0	https://www.eurofotbal.cz/kluby/portugalsko/vitoria-fc-setubal/soupiska/2010-2011/
eu_portugal_vitoria-setubal	Cláudio Pitbull	claudiopitbull	ATT	08.01.1982	29	https://www.eurofotbal.cz/kluby/portugalsko/vitoria-fc-setubal/soupiska/2010-2011/
eu_portugal_vitoria-setubal	Sassá	sassa	ATT	26.01.1988	20	https://www.eurofotbal.cz/kluby/portugalsko/vitoria-fc-setubal/soupiska/2010-2011/
eu_portugal_vitoria-setubal	William	william	ATT	27.07.1982	9	https://www.eurofotbal.cz/kluby/portugalsko/vitoria-fc-setubal/soupiska/2010-2011/
eu_romania_astra-ploiesti	Pierre Ebedé	pierreebede	GK	09.02.1980	6	https://www.eurofotbal.cz/kluby/rumunsko/astra-giurgiu/soupiska/2010-2011/
eu_romania_astra-ploiesti	Cătălin Grigore	catalingrigore	GK	06.10.1977	22	https://www.eurofotbal.cz/kluby/rumunsko/astra-giurgiu/soupiska/2010-2011/
eu_romania_astra-ploiesti	Bogdan Miron	bogdanmiron	GK	02.01.1982	8	https://www.eurofotbal.cz/kluby/rumunsko/astra-giurgiu/soupiska/2010-2011/
eu_romania_astra-ploiesti	Daniel Bălaşa	danielbalasa	DEF	06.08.1981	0	https://www.eurofotbal.cz/kluby/rumunsko/astra-giurgiu/soupiska/2010-2011/
eu_romania_astra-ploiesti	Eugen Crăciun	eugencraciun	DEF	22.03.1986	9	https://www.eurofotbal.cz/kluby/rumunsko/astra-giurgiu/soupiska/2010-2011/
eu_romania_astra-ploiesti	Cătălin Gheorghe	catalingheorghe	DEF	12.12.1979	1	https://www.eurofotbal.cz/kluby/rumunsko/astra-giurgiu/soupiska/2010-2011/
eu_romania_astra-ploiesti	Lucian Goian	luciangoian	DEF	10.02.1983	24	https://www.eurofotbal.cz/kluby/rumunsko/astra-giurgiu/soupiska/2010-2011/
eu_romania_astra-ploiesti	Alexandru Măţel	alexandrumatel	DEF	17.10.1989	29	https://www.eurofotbal.cz/kluby/rumunsko/astra-giurgiu/soupiska/2010-2011/
eu_romania_astra-ploiesti	Marius Mihalache	mariusmihalache	DEF	14.12.1984	33	https://www.eurofotbal.cz/kluby/rumunsko/astra-giurgiu/soupiska/2010-2011/
eu_romania_astra-ploiesti	Nikola Mikelini	nikolamikelini	DEF	27.02.1982	0	https://www.eurofotbal.cz/kluby/rumunsko/astra-giurgiu/soupiska/2010-2011/
eu_romania_astra-ploiesti	Salif Nogo	salifnogo	DEF	31.12.1986	8	https://www.eurofotbal.cz/kluby/rumunsko/astra-giurgiu/soupiska/2010-2011/
eu_romania_astra-ploiesti	Radek Opršal	radekoprsal	DEF	09.05.1978	23	https://www.eurofotbal.cz/kluby/rumunsko/astra-giurgiu/soupiska/2010-2011/
eu_romania_astra-ploiesti	Florin Pătraşcu	florinpatrascu	DEF	12.04.1986	12	https://www.eurofotbal.cz/kluby/rumunsko/astra-giurgiu/soupiska/2010-2011/
eu_romania_astra-ploiesti	Gheorghe Rohat	gheorgherohat	DEF	23.01.1975	10	https://www.eurofotbal.cz/kluby/rumunsko/astra-giurgiu/soupiska/2010-2011/
eu_romania_astra-ploiesti	Valentin Sandu	valentinsandu	DEF	28.02.1983	4	https://www.eurofotbal.cz/kluby/rumunsko/astra-giurgiu/soupiska/2010-2011/
eu_romania_astra-ploiesti	Abel Valdez	abelvaldez	DEF	28.04.1988	0	https://www.eurofotbal.cz/kluby/rumunsko/astra-giurgiu/soupiska/2010-2011/
eu_romania_astra-ploiesti	Atanas Bornosuzov	atanasbornosuzov	MID	05.10.1979	10	https://www.eurofotbal.cz/kluby/rumunsko/astra-giurgiu/soupiska/2010-2011/
eu_romania_astra-ploiesti	Nicandro Breeveld	nicandrobreeveld	MID	07.10.1986	0	https://www.eurofotbal.cz/kluby/rumunsko/astra-giurgiu/soupiska/2010-2011/
eu_romania_astra-ploiesti	Constantin Budescu	constantinbudescu	MID	19.02.1989	6	https://www.eurofotbal.cz/kluby/rumunsko/astra-giurgiu/soupiska/2010-2011/
eu_romania_astra-ploiesti	Marius Croitoru	mariuscroitoru	MID	02.10.1980	8	https://www.eurofotbal.cz/kluby/rumunsko/astra-giurgiu/soupiska/2010-2011/
eu_romania_astra-ploiesti	Viorel Dinu	vioreldinu	MID	18.09.1978	9	https://www.eurofotbal.cz/kluby/rumunsko/astra-giurgiu/soupiska/2010-2011/
eu_romania_astra-ploiesti	Marian Florea	marianflorea	MID	11.06.1982	14	https://www.eurofotbal.cz/kluby/rumunsko/astra-giurgiu/soupiska/2010-2011/
eu_romania_astra-ploiesti	Júnior Morais	juniormorais	MID	22.07.1986	14	https://www.eurofotbal.cz/kluby/rumunsko/astra-giurgiu/soupiska/2010-2011/
eu_romania_astra-ploiesti	Ousmane N'Doye	ousmanendoye	MID	21.03.1978	11	https://www.eurofotbal.cz/kluby/rumunsko/astra-giurgiu/soupiska/2010-2011/
eu_romania_astra-ploiesti	Paulinho	paulinho	MID	30.01.1985	19	https://www.eurofotbal.cz/kluby/rumunsko/astra-giurgiu/soupiska/2010-2011/
eu_romania_astra-ploiesti	Pavle Popara	pavlepopara	MID	20.05.1987	7	https://www.eurofotbal.cz/kluby/rumunsko/astra-giurgiu/soupiska/2010-2011/
eu_romania_astra-ploiesti	Takayuki Seto	takayukiseto	MID	05.02.1986	34	https://www.eurofotbal.cz/kluby/rumunsko/astra-giurgiu/soupiska/2010-2011/
eu_romania_astra-ploiesti	Alexandru Stan	alexandrustan	MID	07.02.1989	19	https://www.eurofotbal.cz/kluby/rumunsko/astra-giurgiu/soupiska/2010-2011/
eu_romania_astra-ploiesti	Sorin Strătilă	sorinstratila	MID	20.10.1986	32	https://www.eurofotbal.cz/kluby/rumunsko/astra-giurgiu/soupiska/2010-2011/
eu_romania_astra-ploiesti	Ben Teekloh	benteekloh	MID	06.12.1983	11	https://www.eurofotbal.cz/kluby/rumunsko/astra-giurgiu/soupiska/2010-2011/
eu_romania_astra-ploiesti	Alexandru Tiganasu	alexandrutiganasu	MID	12.06.1990	7	https://www.eurofotbal.cz/kluby/rumunsko/astra-giurgiu/soupiska/2010-2011/
eu_romania_astra-ploiesti	Marius Tigoianu	mariustigoianu	MID	22.09.1989	23	https://www.eurofotbal.cz/kluby/rumunsko/astra-giurgiu/soupiska/2010-2011/
eu_romania_astra-ploiesti	Kehinde Fatai	kehindefatai	ATT	19.02.1990	28	https://www.eurofotbal.cz/kluby/rumunsko/astra-giurgiu/soupiska/2010-2011/
eu_romania_astra-ploiesti	Georgi Kakalov	georgikakalov	ATT	18.07.1984	0	https://www.eurofotbal.cz/kluby/rumunsko/astra-giurgiu/soupiska/2010-2011/
eu_romania_astra-ploiesti	Raymond Lukacs	raymondlukacs	ATT	30.05.1988	10	https://www.eurofotbal.cz/kluby/rumunsko/astra-giurgiu/soupiska/2010-2011/
eu_romania_astra-ploiesti	Adrian Mihalcea	adrianmihalcea	ATT	24.05.1976	9	https://www.eurofotbal.cz/kluby/rumunsko/astra-giurgiu/soupiska/2010-2011/
eu_romania_astra-ploiesti	Osvaldo Miranda	osvaldomiranda	ATT	24.06.1984	24	https://www.eurofotbal.cz/kluby/rumunsko/astra-giurgiu/soupiska/2010-2011/
eu_romania_astra-ploiesti	Bogdan Rusu	bogdanrusu	ATT	09.04.1990	7	https://www.eurofotbal.cz/kluby/rumunsko/astra-giurgiu/soupiska/2010-2011/
eu_romania_astra-ploiesti	Claudiu Tudor	claudiutudor	ATT	29.04.1985	9	https://www.eurofotbal.cz/kluby/rumunsko/astra-giurgiu/soupiska/2010-2011/
eu_romania_astra-ploiesti	Daniel Vădrariu	danielvadrariu	ATT	25.06.1990	2	https://www.eurofotbal.cz/kluby/rumunsko/astra-giurgiu/soupiska/2010-2011/
eu_romania_cfr-cluj	Mihai Mincă	mihaiminca	GK	08.10.1984	8	https://www.eurofotbal.cz/kluby/rumunsko/cfr-cluj/soupiska/2010-2011/
eu_romania_cfr-cluj	Nuno Claro	nunoclaro	GK	07.01.1977	27	https://www.eurofotbal.cz/kluby/rumunsko/cfr-cluj/soupiska/2010-2011/
eu_romania_cfr-cluj	Boris Peškovič	borispeskovic	GK	30.06.1976	0	https://www.eurofotbal.cz/kluby/rumunsko/cfr-cluj/soupiska/2010-2011/
eu_romania_cfr-cluj	Eduard Stăncioiu	eduardstancioiu	GK	03.03.1981	9	https://www.eurofotbal.cz/kluby/rumunsko/cfr-cluj/soupiska/2010-2011/
eu_romania_cfr-cluj	Ricardo Cadú	ricardocadu	DEF	21.12.1981	37	https://www.eurofotbal.cz/kluby/rumunsko/cfr-cluj/soupiska/2010-2011/
eu_romania_cfr-cluj	Nuno Diogo	nunodiogo	DEF	13.06.1981	13	https://www.eurofotbal.cz/kluby/rumunsko/cfr-cluj/soupiska/2010-2011/
eu_romania_cfr-cluj	Edimar	edimar	DEF	21.05.1986	18	https://www.eurofotbal.cz/kluby/rumunsko/cfr-cluj/soupiska/2010-2011/
eu_romania_cfr-cluj	Ferreira	ferreira	DEF	14.10.1983	0	https://www.eurofotbal.cz/kluby/rumunsko/cfr-cluj/soupiska/2010-2011/
eu_romania_cfr-cluj	Hugo	hugo	DEF	28.07.1979	14	https://www.eurofotbal.cz/kluby/rumunsko/cfr-cluj/soupiska/2010-2011/
eu_romania_cfr-cluj	Dominique Kivuvu	dominiquekivuvu	DEF	16.09.1987	27	https://www.eurofotbal.cz/kluby/rumunsko/cfr-cluj/soupiska/2010-2011/
eu_romania_cfr-cluj	Vasile Maftei	vasilemaftei	DEF	01.01.1981	3	https://www.eurofotbal.cz/kluby/rumunsko/cfr-cluj/soupiska/2010-2011/
eu_romania_cfr-cluj	Gabriel Mureşan	gabrielmuresan	DEF	13.02.1982	18	https://www.eurofotbal.cz/kluby/rumunsko/cfr-cluj/soupiska/2010-2011/
eu_romania_cfr-cluj	Viorel Nicoară	viorelnicoara	DEF	23.09.1987	13	https://www.eurofotbal.cz/kluby/rumunsko/cfr-cluj/soupiska/2010-2011/
eu_romania_cfr-cluj	Cristian Panin	cristianpanin	DEF	09.06.1978	32	https://www.eurofotbal.cz/kluby/rumunsko/cfr-cluj/soupiska/2010-2011/
eu_romania_cfr-cluj	Felice Piccolo	felicepiccolo	DEF	27.08.1983	19	https://www.eurofotbal.cz/kluby/rumunsko/cfr-cluj/soupiska/2010-2011/
eu_romania_cfr-cluj	Ionuţ Rada	ionutrada	DEF	06.07.1982	28	https://www.eurofotbal.cz/kluby/rumunsko/cfr-cluj/soupiska/2010-2011/
eu_romania_cfr-cluj	Tony	tony	DEF	20.12.1980	13	https://www.eurofotbal.cz/kluby/rumunsko/cfr-cluj/soupiska/2010-2011/
eu_romania_cfr-cluj	Léo Veloso	leoveloso	DEF	29.05.1987	13	https://www.eurofotbal.cz/kluby/rumunsko/cfr-cluj/soupiska/2010-2011/
eu_romania_cfr-cluj	Rafael Bastos	rafaelbastos	MID	01.01.1985	30	https://www.eurofotbal.cz/kluby/rumunsko/cfr-cluj/soupiska/2010-2011/
eu_romania_cfr-cluj	Bouba	bouba	MID	05.04.1990	10	https://www.eurofotbal.cz/kluby/rumunsko/cfr-cluj/soupiska/2010-2011/
eu_romania_cfr-cluj	Tomas Costa	tomascosta	MID	30.01.1985	10	https://www.eurofotbal.cz/kluby/rumunsko/cfr-cluj/soupiska/2010-2011/
eu_romania_cfr-cluj	Emmanuel Culio	emmanuelculio	MID	30.08.1983	26	https://www.eurofotbal.cz/kluby/rumunsko/cfr-cluj/soupiska/2010-2011/
eu_romania_cfr-cluj	Dani	dani	MID	30.01.1982	5	https://www.eurofotbal.cz/kluby/rumunsko/cfr-cluj/soupiska/2010-2011/
eu_romania_cfr-cluj	Roberto De Zerbi	robertodezerbi	MID	06.06.1979	14	https://www.eurofotbal.cz/kluby/rumunsko/cfr-cluj/soupiska/2010-2011/
eu_romania_cfr-cluj	Ciprian Deac	cipriandeac	MID	16.02.1986	5	https://www.eurofotbal.cz/kluby/rumunsko/cfr-cluj/soupiska/2010-2011/
eu_romania_cfr-cluj	Emil Dică	emildica	MID	17.07.1982	24	https://www.eurofotbal.cz/kluby/rumunsko/cfr-cluj/soupiska/2010-2011/
eu_romania_cfr-cluj	Emmanuel Koné	emmanuelkone	MID	31.12.1986	26	https://www.eurofotbal.cz/kluby/rumunsko/cfr-cluj/soupiska/2010-2011/
eu_romania_cfr-cluj	Sergiu Negruţ	sergiunegrut	MID	01.04.1993	1	https://www.eurofotbal.cz/kluby/rumunsko/cfr-cluj/soupiska/2010-2011/
eu_romania_cfr-cluj	Sixto Peralta	sixtoperalta	MID	16.04.1979	26	https://www.eurofotbal.cz/kluby/rumunsko/cfr-cluj/soupiska/2010-2011/
eu_romania_cfr-cluj	Anselmo	anselmo	ATT	23.06.1988	2	https://www.eurofotbal.cz/kluby/rumunsko/cfr-cluj/soupiska/2010-2011/
eu_romania_cfr-cluj	Paul Batin	paulbatin	ATT	29.06.1987	15	https://www.eurofotbal.cz/kluby/rumunsko/cfr-cluj/soupiska/2010-2011/
eu_romania_cfr-cluj	Saša Bjelanović	sasabjelanovic	ATT	11.06.1979	19	https://www.eurofotbal.cz/kluby/rumunsko/cfr-cluj/soupiska/2010-2011/
eu_romania_cfr-cluj	Cristian Bud	cristianbud	ATT	26.06.1985	23	https://www.eurofotbal.cz/kluby/rumunsko/cfr-cluj/soupiska/2010-2011/
eu_romania_cfr-cluj	Sergiu Buş	sergiubus	ATT	02.11.1992	12	https://www.eurofotbal.cz/kluby/rumunsko/cfr-cluj/soupiska/2010-2011/
eu_romania_cfr-cluj	Ioan Hora	ioanhora	ATT	21.08.1988	29	https://www.eurofotbal.cz/kluby/rumunsko/cfr-cluj/soupiska/2010-2011/
eu_romania_cfr-cluj	Pantelis Kapetanos	panteliskapetanos	ATT	08.06.1983	2	https://www.eurofotbal.cz/kluby/rumunsko/cfr-cluj/soupiska/2010-2011/
eu_romania_cfr-cluj	Yssouf Koné	yssoufkone	ATT	19.02.1982	2	https://www.eurofotbal.cz/kluby/rumunsko/cfr-cluj/soupiska/2010-2011/
eu_romania_cfr-cluj	Diego Ruiz	diegoruiz	ATT	19.12.1980	0	https://www.eurofotbal.cz/kluby/rumunsko/cfr-cluj/soupiska/2010-2011/
eu_romania_cfr-cluj	Ferdinando Sforzini	ferdinandosforzini	ATT	04.12.1984	7	https://www.eurofotbal.cz/kluby/rumunsko/cfr-cluj/soupiska/2010-2011/
eu_romania_cfr-cluj	Lacina Traoré	lacinatraore	ATT	20.05.1990	21	https://www.eurofotbal.cz/kluby/rumunsko/cfr-cluj/soupiska/2010-2011/
eu_romania_dinamo-bucuresti	Cristian Bălgrădean	cristianbalgradean	GK	21.03.1988	13	https://www.eurofotbal.cz/kluby/rumunsko/dinamo-bukurest/soupiska/2010-2011/
eu_romania_dinamo-bucuresti	George Curcă	georgecurca	GK	08.05.1981	6	https://www.eurofotbal.cz/kluby/rumunsko/dinamo-bukurest/soupiska/2010-2011/
eu_romania_dinamo-bucuresti	Emilian Dolha	emiliandolha	GK	03.11.1979	15	https://www.eurofotbal.cz/kluby/rumunsko/dinamo-bukurest/soupiska/2010-2011/
eu_romania_dinamo-bucuresti	Kristijan Naumovski	kristijannaumovski	GK	17.09.1988	7	https://www.eurofotbal.cz/kluby/rumunsko/dinamo-bukurest/soupiska/2010-2011/
eu_romania_dinamo-bucuresti	Elias Bazzi	eliasbazzi	DEF	23.05.1981	4	https://www.eurofotbal.cz/kluby/rumunsko/dinamo-bukurest/soupiska/2010-2011/
eu_romania_dinamo-bucuresti	Valeriu Bordeanu	valeriubordeanu	DEF	02.02.1977	21	https://www.eurofotbal.cz/kluby/rumunsko/dinamo-bukurest/soupiska/2010-2011/
eu_romania_dinamo-bucuresti	Eugen Crăciun	eugencraciun	DEF	22.03.1986	2	https://www.eurofotbal.cz/kluby/rumunsko/dinamo-bukurest/soupiska/2010-2011/
eu_romania_dinamo-bucuresti	Zie Diabaté	ziediabate	DEF	02.03.1989	17	https://www.eurofotbal.cz/kluby/rumunsko/dinamo-bukurest/soupiska/2010-2011/
eu_romania_dinamo-bucuresti	Valerică Găman	valericagaman	DEF	25.02.1989	8	https://www.eurofotbal.cz/kluby/rumunsko/dinamo-bukurest/soupiska/2010-2011/
eu_romania_dinamo-bucuresti	Juan Pablo Garat	juanpablogarat	DEF	19.04.1983	12	https://www.eurofotbal.cz/kluby/rumunsko/dinamo-bukurest/soupiska/2010-2011/
eu_romania_dinamo-bucuresti	Lucian Goian	luciangoian	DEF	10.02.1983	2	https://www.eurofotbal.cz/kluby/rumunsko/dinamo-bukurest/soupiska/2010-2011/
eu_romania_dinamo-bucuresti	Dragoş Grigore	dragosgrigore	DEF	07.09.1986	23	https://www.eurofotbal.cz/kluby/rumunsko/dinamo-bukurest/soupiska/2010-2011/
eu_romania_dinamo-bucuresti	Helder	helder	DEF	13.04.1988	2	https://www.eurofotbal.cz/kluby/rumunsko/dinamo-bukurest/soupiska/2010-2011/
eu_romania_dinamo-bucuresti	Sergiu Homei	sergiuhomei	DEF	06.07.1987	4	https://www.eurofotbal.cz/kluby/rumunsko/dinamo-bukurest/soupiska/2010-2011/
eu_romania_dinamo-bucuresti	Marius Ioniţă	mariusionita	DEF	12.02.1991	0	https://www.eurofotbal.cz/kluby/rumunsko/dinamo-bukurest/soupiska/2010-2011/
eu_romania_dinamo-bucuresti	Ersin Mehmedović	ersinmehmedovic	DEF	10.05.1981	5	https://www.eurofotbal.cz/kluby/rumunsko/dinamo-bukurest/soupiska/2010-2011/
eu_romania_dinamo-bucuresti	Cosmin Moţi	cosminmoti	DEF	03.12.1984	32	https://www.eurofotbal.cz/kluby/rumunsko/dinamo-bukurest/soupiska/2010-2011/
eu_romania_dinamo-bucuresti	Cristian Pulhac	cristianpulhac	DEF	17.08.1984	4	https://www.eurofotbal.cz/kluby/rumunsko/dinamo-bukurest/soupiska/2010-2011/
eu_romania_dinamo-bucuresti	Oscar Rubio	oscarrubio	DEF	14.05.1984	20	https://www.eurofotbal.cz/kluby/rumunsko/dinamo-bukurest/soupiska/2010-2011/
eu_romania_dinamo-bucuresti	Laurenţiu Rus	laurentiurus	DEF	07.05.1985	1	https://www.eurofotbal.cz/kluby/rumunsko/dinamo-bukurest/soupiska/2010-2011/
eu_romania_dinamo-bucuresti	Adrian Scarlatache	adrianscarlatache	DEF	05.12.1986	10	https://www.eurofotbal.cz/kluby/rumunsko/dinamo-bukurest/soupiska/2010-2011/
eu_romania_dinamo-bucuresti	Martin Živný	martinzivny	DEF	20.03.1981	0	https://www.eurofotbal.cz/kluby/rumunsko/dinamo-bukurest/soupiska/2010-2011/
eu_romania_dinamo-bucuresti	Elis Bakaj	elisbakaj	MID	25.06.1987	19	https://www.eurofotbal.cz/kluby/rumunsko/dinamo-bukurest/soupiska/2010-2011/
eu_romania_dinamo-bucuresti	Ştefan Bărboianu	stefanbarboianu	MID	24.01.1988	11	https://www.eurofotbal.cz/kluby/rumunsko/dinamo-bukurest/soupiska/2010-2011/
eu_romania_dinamo-bucuresti	Dan Bucşă	danbucsa	MID	23.06.1988	0	https://www.eurofotbal.cz/kluby/rumunsko/dinamo-bukurest/soupiska/2010-2011/
eu_romania_dinamo-bucuresti	Adrian Cristea	adriancristea	MID	30.11.1983	20	https://www.eurofotbal.cz/kluby/rumunsko/dinamo-bukurest/soupiska/2010-2011/
eu_romania_dinamo-bucuresti	Hristu Chiacu	hristuchiacu	MID	06.09.1986	0	https://www.eurofotbal.cz/kluby/rumunsko/dinamo-bukurest/soupiska/2010-2011/
eu_romania_dinamo-bucuresti	Djakaridja Koné	djakaridjakone	MID	22.07.1986	31	https://www.eurofotbal.cz/kluby/rumunsko/dinamo-bukurest/soupiska/2010-2011/
eu_romania_dinamo-bucuresti	Ajdin Maksumić	ajdinmaksumic	MID	24.07.1985	0	https://www.eurofotbal.cz/kluby/rumunsko/dinamo-bukurest/soupiska/2010-2011/
eu_romania_dinamo-bucuresti	Andrei Mărgăritescu	andreimargaritescu	MID	01.01.1980	20	https://www.eurofotbal.cz/kluby/rumunsko/dinamo-bukurest/soupiska/2010-2011/
eu_romania_dinamo-bucuresti	Cătălin Munteanu	catalinmunteanu	MID	26.01.1979	34	https://www.eurofotbal.cz/kluby/rumunsko/dinamo-bukurest/soupiska/2010-2011/
eu_romania_dinamo-bucuresti	Vlad Munteanu	vladmunteanu	MID	16.01.1981	7	https://www.eurofotbal.cz/kluby/rumunsko/dinamo-bukurest/soupiska/2010-2011/
eu_romania_dinamo-bucuresti	Ousmane N'Doye	ousmanendoye	MID	21.03.1978	15	https://www.eurofotbal.cz/kluby/rumunsko/dinamo-bukurest/soupiska/2010-2011/
eu_romania_dinamo-bucuresti	Bogdan Pătraşcu	bogdanpatrascu	MID	07.05.1979	12	https://www.eurofotbal.cz/kluby/rumunsko/dinamo-bukurest/soupiska/2010-2011/
eu_romania_dinamo-bucuresti	Georgian Păun	georgianpaun	MID	24.10.1985	6	https://www.eurofotbal.cz/kluby/rumunsko/dinamo-bukurest/soupiska/2010-2011/
eu_romania_dinamo-bucuresti	Sergiu Scărlătescu	sergiuscarlatescu	MID	26.10.1988	0	https://www.eurofotbal.cz/kluby/rumunsko/dinamo-bukurest/soupiska/2010-2011/
eu_romania_dinamo-bucuresti	Raphael Stănescu	raphaelstanescu	MID	27.06.1993	2	https://www.eurofotbal.cz/kluby/rumunsko/dinamo-bukurest/soupiska/2010-2011/
eu_romania_dinamo-bucuresti	Gabriel Torje	gabrieltorje	MID	22.11.1989	33	https://www.eurofotbal.cz/kluby/rumunsko/dinamo-bukurest/soupiska/2010-2011/
eu_romania_dinamo-bucuresti	Vojislav Vranjković	vojislavvranjkovic	MID	01.01.1983	0	https://www.eurofotbal.cz/kluby/rumunsko/dinamo-bukurest/soupiska/2010-2011/
eu_romania_dinamo-bucuresti	Marius Alexe	mariusalexe	ATT	22.02.1990	28	https://www.eurofotbal.cz/kluby/rumunsko/dinamo-bukurest/soupiska/2010-2011/
eu_romania_dinamo-bucuresti	Andrei Cristea	andreicristea	ATT	15.05.1984	14	https://www.eurofotbal.cz/kluby/rumunsko/dinamo-bukurest/soupiska/2010-2011/
eu_romania_dinamo-bucuresti	Ionel Dănciulescu	ioneldanciulescu	ATT	06.12.1976	32	https://www.eurofotbal.cz/kluby/rumunsko/dinamo-bukurest/soupiska/2010-2011/
eu_romania_dinamo-bucuresti	Liviu Ganea	liviuganea	ATT	23.02.1988	36	https://www.eurofotbal.cz/kluby/rumunsko/dinamo-bukurest/soupiska/2010-2011/
eu_romania_dinamo-bucuresti	Jean-Philippe Mendy	jeanphilippemendy	ATT	04.03.1987	0	https://www.eurofotbal.cz/kluby/rumunsko/dinamo-bukurest/soupiska/2010-2011/
eu_romania_dinamo-bucuresti	Marius Niculae	mariusniculae	ATT	16.05.1981	18	https://www.eurofotbal.cz/kluby/rumunsko/dinamo-bukurest/soupiska/2010-2011/
eu_romania_dinamo-bucuresti	Thiago	thiago	ATT	21.12.1984	0	https://www.eurofotbal.cz/kluby/rumunsko/dinamo-bukurest/soupiska/2010-2011/
eu_romania_dinamo-bucuresti	George Ţucudean	georgetucudean	ATT	30.04.1991	13	https://www.eurofotbal.cz/kluby/rumunsko/dinamo-bukurest/soupiska/2010-2011/
eu_romania_otelul-galati	Zdenko Baotič	zdenkobaotic	GK	09.03.1985	0	https://www.eurofotbal.cz/kluby/rumunsko/otelul-galati/soupiska/2010-2011/
eu_romania_otelul-galati	Cristian Brăneţ	cristianbranet	GK	14.07.1977	1	https://www.eurofotbal.cz/kluby/rumunsko/otelul-galati/soupiska/2010-2011/
eu_romania_otelul-galati	Marko Campar	markocampar	GK	16.08.1987	0	https://www.eurofotbal.cz/kluby/rumunsko/otelul-galati/soupiska/2010-2011/
eu_romania_otelul-galati	Branko Grahovac	brankograhovac	GK	08.07.1983	33	https://www.eurofotbal.cz/kluby/rumunsko/otelul-galati/soupiska/2010-2011/
eu_romania_otelul-galati	Marian Cârjă	mariancarja	DEF	03.05.1987	0	https://www.eurofotbal.cz/kluby/rumunsko/otelul-galati/soupiska/2010-2011/
eu_romania_otelul-galati	Samoel Cojoc	samoelcojoc	DEF	08.07.1989	7	https://www.eurofotbal.cz/kluby/rumunsko/otelul-galati/soupiska/2010-2011/
eu_romania_otelul-galati	Sorin Cucu	sorincucu	DEF	17.06.1990	0	https://www.eurofotbal.cz/kluby/rumunsko/otelul-galati/soupiska/2010-2011/
eu_romania_otelul-galati	Milan Perendija	milanperendija	DEF	05.01.1986	24	https://www.eurofotbal.cz/kluby/rumunsko/otelul-galati/soupiska/2010-2011/
eu_romania_otelul-galati	Laurenţiu Petean	laurentiupetean	DEF	05.05.1988	7	https://www.eurofotbal.cz/kluby/rumunsko/otelul-galati/soupiska/2010-2011/
eu_romania_otelul-galati	Cornel Râpă	cornelrapa	DEF	16.01.1990	34	https://www.eurofotbal.cz/kluby/rumunsko/otelul-galati/soupiska/2010-2011/
eu_romania_otelul-galati	Cristian Sârghi	cristiansarghi	DEF	23.11.1986	16	https://www.eurofotbal.cz/kluby/rumunsko/otelul-galati/soupiska/2010-2011/
eu_romania_otelul-galati	Enes Šipović	enessipovic	DEF	11.09.1990	0	https://www.eurofotbal.cz/kluby/rumunsko/otelul-galati/soupiska/2010-2011/
eu_romania_otelul-galati	Liviu Antal	liviuantal	MID	02.06.1989	29	https://www.eurofotbal.cz/kluby/rumunsko/otelul-galati/soupiska/2010-2011/
eu_romania_otelul-galati	Laurenţiu Buş	laurentiubus	MID	27.08.1987	10	https://www.eurofotbal.cz/kluby/rumunsko/otelul-galati/soupiska/2010-2011/
eu_romania_otelul-galati	Sergiu Costin	sergiucostin	MID	21.11.1978	32	https://www.eurofotbal.cz/kluby/rumunsko/otelul-galati/soupiska/2010-2011/
eu_romania_otelul-galati	Ioan Filip	ioanfilip	MID	20.05.1989	11	https://www.eurofotbal.cz/kluby/rumunsko/otelul-galati/soupiska/2010-2011/
eu_romania_otelul-galati	Cosmin Gârleanu	cosmingarleanu	MID	07.02.1989	0	https://www.eurofotbal.cz/kluby/rumunsko/otelul-galati/soupiska/2010-2011/
eu_romania_otelul-galati	Gabriel Giurgiu	gabrielgiurgiu	MID	03.09.1982	29	https://www.eurofotbal.cz/kluby/rumunsko/otelul-galati/soupiska/2010-2011/
eu_romania_otelul-galati	John Ibeh	johnibeh	MID	16.04.1986	9	https://www.eurofotbal.cz/kluby/rumunsko/otelul-galati/soupiska/2010-2011/
eu_romania_otelul-galati	Silviu Ilie	silviuilie	MID	27.06.1988	30	https://www.eurofotbal.cz/kluby/rumunsko/otelul-galati/soupiska/2010-2011/
eu_romania_otelul-galati	Laurentiu Iorga	laurentiuiorga	MID	17.03.1988	28	https://www.eurofotbal.cz/kluby/rumunsko/otelul-galati/soupiska/2010-2011/
eu_romania_otelul-galati	Ciprian Milea	ciprianmilea	MID	12.07.1984	0	https://www.eurofotbal.cz/kluby/rumunsko/otelul-galati/soupiska/2010-2011/
eu_romania_otelul-galati	Ionuţ Neagu	ionutneagu	MID	26.10.1989	27	https://www.eurofotbal.cz/kluby/rumunsko/otelul-galati/soupiska/2010-2011/
eu_romania_otelul-galati	Razvan Ochiroşii	razvanochirosii	MID	13.03.1990	16	https://www.eurofotbal.cz/kluby/rumunsko/otelul-galati/soupiska/2010-2011/
eu_romania_otelul-galati	Gabriel Paraschiv	gabrielparaschiv	MID	27.03.1978	27	https://www.eurofotbal.cz/kluby/rumunsko/otelul-galati/soupiska/2010-2011/
eu_romania_otelul-galati	Adrian Sălăgeanu	adriansalageanu	MID	09.04.1983	29	https://www.eurofotbal.cz/kluby/rumunsko/otelul-galati/soupiska/2010-2011/
eu_romania_otelul-galati	Gabriel Viglianti	gabrielviglianti	MID	12.09.1979	26	https://www.eurofotbal.cz/kluby/rumunsko/otelul-galati/soupiska/2010-2011/
eu_romania_otelul-galati	Csaba Borbély	csababorbely	ATT	05.07.1980	8	https://www.eurofotbal.cz/kluby/rumunsko/otelul-galati/soupiska/2010-2011/
eu_romania_otelul-galati	Róbert Elek	robertelek	ATT	13.06.1988	2	https://www.eurofotbal.cz/kluby/rumunsko/otelul-galati/soupiska/2010-2011/
eu_romania_otelul-galati	Marius Pena	mariuspena	ATT	02.05.1985	28	https://www.eurofotbal.cz/kluby/rumunsko/otelul-galati/soupiska/2010-2011/
eu_romania_otelul-galati	Milenko Pjević	milenkopjevic	ATT	17.02.1990	0	https://www.eurofotbal.cz/kluby/rumunsko/otelul-galati/soupiska/2010-2011/
eu_romania_otelul-galati	Bratislav Punoševac	bratislavpunosevac	ATT	09.07.1987	10	https://www.eurofotbal.cz/kluby/rumunsko/otelul-galati/soupiska/2010-2011/
eu_romania_rapid-bucuresti	Mircea Bornescu	mirceabornescu	GK	03.05.1980	21	https://www.eurofotbal.cz/kluby/rumunsko/rapid-1923/soupiska/2010-2011/
eu_romania_rapid-bucuresti	Dănuţ Coman	danutcoman	GK	28.03.1979	14	https://www.eurofotbal.cz/kluby/rumunsko/rapid-1923/soupiska/2010-2011/
eu_romania_rapid-bucuresti	Cătălin Straton	catalinstraton	GK	09.10.1989	2	https://www.eurofotbal.cz/kluby/rumunsko/rapid-1923/soupiska/2010-2011/
eu_romania_rapid-bucuresti	Marius Constantin	mariusconstantin	DEF	25.10.1984	19	https://www.eurofotbal.cz/kluby/rumunsko/rapid-1923/soupiska/2010-2011/
eu_romania_rapid-bucuresti	Cândido Costa	candidocosta	DEF	30.04.1981	12	https://www.eurofotbal.cz/kluby/rumunsko/rapid-1923/soupiska/2010-2011/
eu_romania_rapid-bucuresti	Rui Duarte	ruiduarte	DEF	11.10.1980	27	https://www.eurofotbal.cz/kluby/rumunsko/rapid-1923/soupiska/2010-2011/
eu_romania_rapid-bucuresti	Roosevelt Ezequias	rooseveltezequias	DEF	28.01.1981	20	https://www.eurofotbal.cz/kluby/rumunsko/rapid-1923/soupiska/2010-2011/
eu_romania_rapid-bucuresti	Ricardo Fernandes	ricardofernandes	DEF	14.01.1978	1	https://www.eurofotbal.cz/kluby/rumunsko/rapid-1923/soupiska/2010-2011/
eu_romania_rapid-bucuresti	Gláuber	glauber	DEF	05.08.1983	25	https://www.eurofotbal.cz/kluby/rumunsko/rapid-1923/soupiska/2010-2011/
eu_romania_rapid-bucuresti	Marcos António	marcosantonio	DEF	25.05.1983	34	https://www.eurofotbal.cz/kluby/rumunsko/rapid-1923/soupiska/2010-2011/
eu_romania_rapid-bucuresti	Ştefan Mardare	stefanmardare	DEF	03.12.1987	0	https://www.eurofotbal.cz/kluby/rumunsko/rapid-1923/soupiska/2010-2011/
eu_romania_rapid-bucuresti	Ionut Stancu	ionutstancu	DEF	17.01.1983	0	https://www.eurofotbal.cz/kluby/rumunsko/rapid-1923/soupiska/2010-2011/
eu_romania_rapid-bucuresti	Pavel Vidanov	pavelvidanov	DEF	01.08.1988	6	https://www.eurofotbal.cz/kluby/rumunsko/rapid-1923/soupiska/2010-2011/
eu_romania_rapid-bucuresti	Vladimir Božović	vladimirbozovic	MID	13.11.1981	30	https://www.eurofotbal.cz/kluby/rumunsko/rapid-1923/soupiska/2010-2011/
eu_romania_rapid-bucuresti	Sorin Frunză	sorinfrunza	MID	29.03.1978	26	https://www.eurofotbal.cz/kluby/rumunsko/rapid-1923/soupiska/2010-2011/
eu_romania_rapid-bucuresti	Nicolae Grigore	nicolaegrigore	MID	19.07.1983	24	https://www.eurofotbal.cz/kluby/rumunsko/rapid-1923/soupiska/2010-2011/
eu_romania_rapid-bucuresti	Ştefan Grigorie	stefangrigorie	MID	31.01.1982	19	https://www.eurofotbal.cz/kluby/rumunsko/rapid-1923/soupiska/2010-2011/
eu_romania_rapid-bucuresti	Ovidiu Herea	ovidiuherea	MID	26.03.1985	33	https://www.eurofotbal.cz/kluby/rumunsko/rapid-1923/soupiska/2010-2011/
eu_romania_rapid-bucuresti	Costin Lazăr	costinlazar	MID	24.04.1981	24	https://www.eurofotbal.cz/kluby/rumunsko/rapid-1923/soupiska/2010-2011/
eu_romania_rapid-bucuresti	Olberdam	olberdam	MID	06.02.1985	12	https://www.eurofotbal.cz/kluby/rumunsko/rapid-1923/soupiska/2010-2011/
eu_romania_rapid-bucuresti	Mihai Roman	mihairoman	MID	16.10.1984	31	https://www.eurofotbal.cz/kluby/rumunsko/rapid-1923/soupiska/2010-2011/
eu_romania_rapid-bucuresti	Juliano Spadacio	julianospadacio	MID	16.11.1980	29	https://www.eurofotbal.cz/kluby/rumunsko/rapid-1923/soupiska/2010-2011/
eu_romania_rapid-bucuresti	Gustavo Veronesi	gustavoveronesi	MID	07.05.1982	3	https://www.eurofotbal.cz/kluby/rumunsko/rapid-1923/soupiska/2010-2011/
eu_romania_rapid-bucuresti	Cássio	cassio	ATT	25.11.1983	23	https://www.eurofotbal.cz/kluby/rumunsko/rapid-1923/soupiska/2010-2011/
eu_romania_rapid-bucuresti	Césinha	cesinha	ATT	12.03.1980	22	https://www.eurofotbal.cz/kluby/rumunsko/rapid-1923/soupiska/2010-2011/
eu_romania_rapid-bucuresti	Andrei Ciolacu	andreiciolacu	ATT	09.08.1992	1	https://www.eurofotbal.cz/kluby/rumunsko/rapid-1923/soupiska/2010-2011/
eu_romania_rapid-bucuresti	Alexandru Dobroiu	alexandrudobroiu	ATT	24.02.1988	1	https://www.eurofotbal.cz/kluby/rumunsko/rapid-1923/soupiska/2010-2011/
eu_romania_rapid-bucuresti	Daniel Pancu	danielpancu	ATT	18.08.1977	10	https://www.eurofotbal.cz/kluby/rumunsko/rapid-1923/soupiska/2010-2011/
eu_romania_rapid-bucuresti	Lucian Răduţă	lucianraduta	ATT	16.08.1988	5	https://www.eurofotbal.cz/kluby/rumunsko/rapid-1923/soupiska/2010-2011/
eu_romania_rapid-bucuresti	Sabrin Sburlea	sabrinsburlea	ATT	12.05.1989	26	https://www.eurofotbal.cz/kluby/rumunsko/rapid-1923/soupiska/2010-2011/
eu_romania_steaua-bucuresti	Cezar Lungu	cezarlungu	GK	06.04.1988	0	https://www.eurofotbal.cz/kluby/rumunsko/fcsb/soupiska/2010-2011/
eu_romania_steaua-bucuresti	Răzvan Stanca	razvanstanca	GK	18.01.1980	2	https://www.eurofotbal.cz/kluby/rumunsko/fcsb/soupiska/2010-2011/
eu_romania_steaua-bucuresti	Ciprian Tătăruşanu	cipriantatarusanu	GK	09.02.1986	46	https://www.eurofotbal.cz/kluby/rumunsko/fcsb/soupiska/2010-2011/
eu_romania_steaua-bucuresti	Róbinson Zapata	robinsonzapata	GK	30.09.1978	0	https://www.eurofotbal.cz/kluby/rumunsko/fcsb/soupiska/2010-2011/
eu_romania_steaua-bucuresti	Octavian Abrudan	octavianabrudan	DEF	16.03.1984	10	https://www.eurofotbal.cz/kluby/rumunsko/fcsb/soupiska/2010-2011/
eu_romania_steaua-bucuresti	Geraldo Alves	geraldoalves	DEF	08.11.1980	37	https://www.eurofotbal.cz/kluby/rumunsko/fcsb/soupiska/2010-2011/
eu_romania_steaua-bucuresti	Eugen Baciu	eugenbaciu	DEF	25.05.1980	0	https://www.eurofotbal.cz/kluby/rumunsko/fcsb/soupiska/2010-2011/
eu_romania_steaua-bucuresti	Éder Bonfim	ederbonfim	DEF	03.04.1981	25	https://www.eurofotbal.cz/kluby/rumunsko/fcsb/soupiska/2010-2011/
eu_romania_steaua-bucuresti	Pablo Brandán	pablobrandan	DEF	05.03.1983	29	https://www.eurofotbal.cz/kluby/rumunsko/fcsb/soupiska/2010-2011/
eu_romania_steaua-bucuresti	Ifeanyi Emeghara	ifeanyiemeghara	DEF	24.03.1984	16	https://www.eurofotbal.cz/kluby/rumunsko/fcsb/soupiska/2010-2011/
eu_romania_steaua-bucuresti	George Galamaz	georgegalamaz	DEF	05.04.1981	14	https://www.eurofotbal.cz/kluby/rumunsko/fcsb/soupiska/2010-2011/
eu_romania_steaua-bucuresti	Florin Gardoş	floringardos	DEF	29.10.1988	32	https://www.eurofotbal.cz/kluby/rumunsko/fcsb/soupiska/2010-2011/
eu_romania_steaua-bucuresti	Valentin Iliev	valentiniliev	DEF	11.08.1980	5	https://www.eurofotbal.cz/kluby/rumunsko/fcsb/soupiska/2010-2011/
eu_romania_steaua-bucuresti	Iasmin Latovlevici	iasminlatovlevici	DEF	11.05.1986	38	https://www.eurofotbal.cz/kluby/rumunsko/fcsb/soupiska/2010-2011/
eu_romania_steaua-bucuresti	Novak Martinović	novakmartinovic	DEF	31.01.1985	14	https://www.eurofotbal.cz/kluby/rumunsko/fcsb/soupiska/2010-2011/
eu_romania_steaua-bucuresti	Dorel Stoica	dorelstoica	DEF	15.12.1978	7	https://www.eurofotbal.cz/kluby/rumunsko/fcsb/soupiska/2010-2011/
eu_romania_steaua-bucuresti	Cristian Tănase	cristiantanase	DEF	18.02.1987	38	https://www.eurofotbal.cz/kluby/rumunsko/fcsb/soupiska/2010-2011/
eu_romania_steaua-bucuresti	Jordan Todorov	jordantodorov	DEF	27.07.1981	0	https://www.eurofotbal.cz/kluby/rumunsko/fcsb/soupiska/2010-2011/
eu_romania_steaua-bucuresti	Stanislav Angelov	stanislavangelov	MID	12.04.1978	13	https://www.eurofotbal.cz/kluby/rumunsko/fcsb/soupiska/2010-2011/
eu_romania_steaua-bucuresti	Iulian Apostol	iulianapostol	MID	03.12.1980	8	https://www.eurofotbal.cz/kluby/rumunsko/fcsb/soupiska/2010-2011/
eu_romania_steaua-bucuresti	Eric Bicfalvi	ericbicfalvi	MID	05.02.1988	28	https://www.eurofotbal.cz/kluby/rumunsko/fcsb/soupiska/2010-2011/
eu_romania_steaua-bucuresti	Ricardo Gomes	ricardogomes	MID	18.07.1981	22	https://www.eurofotbal.cz/kluby/rumunsko/fcsb/soupiska/2010-2011/
eu_romania_steaua-bucuresti	Andrei Ionescu	andreiionescu	MID	29.03.1988	0	https://www.eurofotbal.cz/kluby/rumunsko/fcsb/soupiska/2010-2011/
eu_romania_steaua-bucuresti	Laurenţiu Marinescu	laurentiumarinescu	MID	25.08.1984	20	https://www.eurofotbal.cz/kluby/rumunsko/fcsb/soupiska/2010-2011/
eu_romania_steaua-bucuresti	Cosmin Matei	cosminmatei	MID	30.09.1991	9	https://www.eurofotbal.cz/kluby/rumunsko/fcsb/soupiska/2010-2011/
eu_romania_steaua-bucuresti	Bănel Nicoliţă	banelnicolita	MID	07.01.1985	37	https://www.eurofotbal.cz/kluby/rumunsko/fcsb/soupiska/2010-2011/
eu_romania_steaua-bucuresti	Alexandru Păcurar	alexandrupacurar	MID	20.01.1982	6	https://www.eurofotbal.cz/kluby/rumunsko/fcsb/soupiska/2010-2011/
eu_romania_steaua-bucuresti	Mihai Răduţ	mihairadut	MID	18.03.1990	28	https://www.eurofotbal.cz/kluby/rumunsko/fcsb/soupiska/2010-2011/
eu_romania_steaua-bucuresti	János Székely	janosszekely	MID	13.05.1983	16	https://www.eurofotbal.cz/kluby/rumunsko/fcsb/soupiska/2010-2011/
eu_romania_steaua-bucuresti	Marius Bilaşco	mariusbilasco	ATT	13.07.1981	30	https://www.eurofotbal.cz/kluby/rumunsko/fcsb/soupiska/2010-2011/
eu_romania_steaua-bucuresti	Lucian Burdujan	lucianburdujan	ATT	18.02.1984	5	https://www.eurofotbal.cz/kluby/rumunsko/fcsb/soupiska/2010-2011/
eu_romania_steaua-bucuresti	Nicolae Dică	nicolaedica	ATT	09.05.1980	13	https://www.eurofotbal.cz/kluby/rumunsko/fcsb/soupiska/2010-2011/
eu_romania_steaua-bucuresti	Pantelis Kapetanos	panteliskapetanos	ATT	08.06.1983	17	https://www.eurofotbal.cz/kluby/rumunsko/fcsb/soupiska/2010-2011/
eu_romania_steaua-bucuresti	Maicon	maicon	ATT	08.05.1988	8	https://www.eurofotbal.cz/kluby/rumunsko/fcsb/soupiska/2010-2011/
eu_romania_steaua-bucuresti	Marius Daniel Onofraş	mariusdanielonofras	ATT	17.08.1980	14	https://www.eurofotbal.cz/kluby/rumunsko/fcsb/soupiska/2010-2011/
eu_romania_steaua-bucuresti	Bogdan Stancu	bogdanstancu	ATT	28.06.1987	26	https://www.eurofotbal.cz/kluby/rumunsko/fcsb/soupiska/2010-2011/
eu_romania_steaua-bucuresti	Romeo Surdu	romeosurdu	ATT	12.01.1984	33	https://www.eurofotbal.cz/kluby/rumunsko/fcsb/soupiska/2010-2011/
eu_romania_sc-vaslui	Vytautas Černiauskas	vytautascerniauskas	GK	12.03.1989	4	https://www.eurofotbal.cz/kluby/rumunsko/fc-vaslui/soupiska/2010-2011/
eu_romania_sc-vaslui	Cristian Hăisan	cristianhaisan	GK	03.03.1981	0	https://www.eurofotbal.cz/kluby/rumunsko/fc-vaslui/soupiska/2010-2011/
eu_romania_sc-vaslui	Dušan Kuciak	dusankuciak	GK	21.05.1985	32	https://www.eurofotbal.cz/kluby/rumunsko/fc-vaslui/soupiska/2010-2011/
eu_romania_sc-vaslui	Claudiu Puia	claudiupuia	GK	06.06.1987	1	https://www.eurofotbal.cz/kluby/rumunsko/fc-vaslui/soupiska/2010-2011/
eu_romania_sc-vaslui	Serge Akakpo	sergeakakpo	DEF	15.10.1987	0	https://www.eurofotbal.cz/kluby/rumunsko/fc-vaslui/soupiska/2010-2011/
eu_romania_sc-vaslui	Silviu Bălace	silviubalace	DEF	13.11.1978	16	https://www.eurofotbal.cz/kluby/rumunsko/fc-vaslui/soupiska/2010-2011/
eu_romania_sc-vaslui	Gabriel Cânu	gabrielcanu	DEF	18.01.1981	23	https://www.eurofotbal.cz/kluby/rumunsko/fc-vaslui/soupiska/2010-2011/
eu_romania_sc-vaslui	Pavol Farkaš	pavolfarkas	DEF	27.03.1985	11	https://www.eurofotbal.cz/kluby/rumunsko/fc-vaslui/soupiska/2010-2011/
eu_romania_sc-vaslui	Gladstone	gladstone	DEF	29.01.1985	5	https://www.eurofotbal.cz/kluby/rumunsko/fc-vaslui/soupiska/2010-2011/
eu_romania_sc-vaslui	Hugo Luz	hugoluz	DEF	24.02.1982	10	https://www.eurofotbal.cz/kluby/rumunsko/fc-vaslui/soupiska/2010-2011/
eu_romania_sc-vaslui	Neven Marković	nevenmarkovic	DEF	20.02.1987	0	https://www.eurofotbal.cz/kluby/rumunsko/fc-vaslui/soupiska/2010-2011/
eu_romania_sc-vaslui	Živko Milanov	zivkomilanov	DEF	15.07.1984	32	https://www.eurofotbal.cz/kluby/rumunsko/fc-vaslui/soupiska/2010-2011/
eu_romania_sc-vaslui	Paul Papp	paulpapp	DEF	11.11.1989	34	https://www.eurofotbal.cz/kluby/rumunsko/fc-vaslui/soupiska/2010-2011/
eu_romania_sc-vaslui	David Rivas	davidrivas	DEF	02.12.1978	13	https://www.eurofotbal.cz/kluby/rumunsko/fc-vaslui/soupiska/2010-2011/
eu_romania_sc-vaslui	Richard Annang	richardannang	MID	10.04.1991	5	https://www.eurofotbal.cz/kluby/rumunsko/fc-vaslui/soupiska/2010-2011/
eu_romania_sc-vaslui	Alejandro Campano	alejandrocampano	MID	29.12.1978	17	https://www.eurofotbal.cz/kluby/rumunsko/fc-vaslui/soupiska/2010-2011/
eu_romania_sc-vaslui	Raul Costin	raulcostin	MID	29.01.1985	29	https://www.eurofotbal.cz/kluby/rumunsko/fc-vaslui/soupiska/2010-2011/
eu_romania_sc-vaslui	Stanislav Genčev	stanislavgencev	MID	20.03.1981	29	https://www.eurofotbal.cz/kluby/rumunsko/fc-vaslui/soupiska/2010-2011/
eu_romania_sc-vaslui	Adrian Gheorghiu	adriangheorghiu	MID	30.11.1981	17	https://www.eurofotbal.cz/kluby/rumunsko/fc-vaslui/soupiska/2010-2011/
eu_romania_sc-vaslui	Marko Ljubinković	markoljubinkovic	MID	07.12.1981	0	https://www.eurofotbal.cz/kluby/rumunsko/fc-vaslui/soupiska/2010-2011/
eu_romania_sc-vaslui	Nemanja Milisavljević	nemanjamilisavljevic	MID	01.11.1984	27	https://www.eurofotbal.cz/kluby/rumunsko/fc-vaslui/soupiska/2010-2011/
eu_romania_sc-vaslui	Miloš Pavlović	milospavlovic	MID	27.11.1983	12	https://www.eurofotbal.cz/kluby/rumunsko/fc-vaslui/soupiska/2010-2011/
eu_romania_sc-vaslui	Lucian Sânmărtean	luciansanmartean	MID	13.03.1980	31	https://www.eurofotbal.cz/kluby/rumunsko/fc-vaslui/soupiska/2010-2011/
eu_romania_sc-vaslui	Wesley	wesley	MID	10.11.1980	34	https://www.eurofotbal.cz/kluby/rumunsko/fc-vaslui/soupiska/2010-2011/
eu_romania_sc-vaslui	Denis Zmeu	deniszmeu	MID	08.05.1985	4	https://www.eurofotbal.cz/kluby/rumunsko/fc-vaslui/soupiska/2010-2011/
eu_romania_sc-vaslui	Adaílton	adailton	ATT	24.11.1977	29	https://www.eurofotbal.cz/kluby/rumunsko/fc-vaslui/soupiska/2010-2011/
eu_romania_sc-vaslui	Yero Bello	yerobello	ATT	11.12.1987	28	https://www.eurofotbal.cz/kluby/rumunsko/fc-vaslui/soupiska/2010-2011/
eu_romania_sc-vaslui	Rodolfo Bodipo	rodolfobodipo	ATT	25.10.1977	3	https://www.eurofotbal.cz/kluby/rumunsko/fc-vaslui/soupiska/2010-2011/
eu_romania_sc-vaslui	Vasile Buhăescu	vasilebuhaescu	ATT	02.02.1988	0	https://www.eurofotbal.cz/kluby/rumunsko/fc-vaslui/soupiska/2010-2011/
eu_romania_sc-vaslui	Lucian Burdujan	lucianburdujan	ATT	18.02.1984	8	https://www.eurofotbal.cz/kluby/rumunsko/fc-vaslui/soupiska/2010-2011/
eu_romania_sc-vaslui	Carlos Costly	carloscostly	ATT	18.07.1982	0	https://www.eurofotbal.cz/kluby/rumunsko/fc-vaslui/soupiska/2010-2011/
eu_romania_sc-vaslui	Willian Gerlem	williangerlem	ATT	07.08.1984	5	https://www.eurofotbal.cz/kluby/rumunsko/fc-vaslui/soupiska/2010-2011/
eu_romania_sc-vaslui	Nemanja Jovanović	nemanjajovanovic	ATT	03.03.1984	0	https://www.eurofotbal.cz/kluby/rumunsko/fc-vaslui/soupiska/2010-2011/
eu_romania_sc-vaslui	Răzvan Neagu	razvanneagu	ATT	25.05.1987	2	https://www.eurofotbal.cz/kluby/rumunsko/fc-vaslui/soupiska/2010-2011/
eu_romania_sc-vaslui	Daniel Pancu	danielpancu	ATT	18.08.1977	6	https://www.eurofotbal.cz/kluby/rumunsko/fc-vaslui/soupiska/2010-2011/
eu_romania_sc-vaslui	Christian Pouga	christianpouga	ATT	19.06.1986	22	https://www.eurofotbal.cz/kluby/rumunsko/fc-vaslui/soupiska/2010-2011/
eu_romania_sc-vaslui	Mike Temwanjera	miketemwanjera	ATT	21.05.1982	7	https://www.eurofotbal.cz/kluby/rumunsko/fc-vaslui/soupiska/2010-2011/
eu_russia_anzhi-makhachkala	Ilja Abajev	iljaabajev	GK	02.08.1981	16	https://www.eurofotbal.cz/kluby/rusko/anzi-machackala/soupiska/2010/
eu_russia_anzhi-makhachkala	Vladimir Gabulov	vladimirgabulov	GK	19.10.1983	0	https://www.eurofotbal.cz/kluby/rusko/anzi-machackala/soupiska/2010/
eu_russia_anzhi-makhachkala	Aleksandr Makarov	aleksandrmakarov	GK	23.08.1978	0	https://www.eurofotbal.cz/kluby/rusko/anzi-machackala/soupiska/2010/
eu_russia_anzhi-makhachkala	Nukri Revišvili	nukrirevisvili	GK	02.03.1987	14	https://www.eurofotbal.cz/kluby/rusko/anzi-machackala/soupiska/2010/
eu_russia_anzhi-makhachkala	Benoît Angbwa	benoitangbwa	DEF	01.01.1982	0	https://www.eurofotbal.cz/kluby/rusko/anzi-machackala/soupiska/2010/
eu_russia_anzhi-makhachkala	Ali Gadžibekov	aligadzibekov	DEF	06.08.1989	19	https://www.eurofotbal.cz/kluby/rusko/anzi-machackala/soupiska/2010/
eu_russia_anzhi-makhachkala	Otar Chizanejšvili	otarchizanejsvili	DEF	26.09.1981	7	https://www.eurofotbal.cz/kluby/rusko/anzi-machackala/soupiska/2010/
eu_russia_anzhi-makhachkala	Oskars Kļava	oskarsklava	DEF	08.08.1983	10	https://www.eurofotbal.cz/kluby/rusko/anzi-machackala/soupiska/2010/
eu_russia_anzhi-makhachkala	Dato Kvirkvelia	datokvirkvelia	DEF	27.06.1980	13	https://www.eurofotbal.cz/kluby/rusko/anzi-machackala/soupiska/2010/
eu_russia_anzhi-makhachkala	Arsenij Logašov	arsenijlogasov	DEF	20.08.1991	0	https://www.eurofotbal.cz/kluby/rusko/anzi-machackala/soupiska/2010/
eu_russia_anzhi-makhachkala	Eldar Mamajev	eldarmamajev	DEF	14.06.1985	9	https://www.eurofotbal.cz/kluby/rusko/anzi-machackala/soupiska/2010/
eu_russia_anzhi-makhachkala	Mitar Peković	mitarpekovic	DEF	28.09.1981	19	https://www.eurofotbal.cz/kluby/rusko/anzi-machackala/soupiska/2010/
eu_russia_anzhi-makhachkala	Roberto Carlos	robertocarlos	DEF	10.04.1973	0	https://www.eurofotbal.cz/kluby/rusko/anzi-machackala/soupiska/2010/
eu_russia_anzhi-makhachkala	Mahir Şükürov	mahirsukurov	DEF	12.12.1982	20	https://www.eurofotbal.cz/kluby/rusko/anzi-machackala/soupiska/2010/
eu_russia_anzhi-makhachkala	Rasim Tagirbekov	rasimtagirbekov	DEF	04.05.1984	28	https://www.eurofotbal.cz/kluby/rusko/anzi-machackala/soupiska/2010/
eu_russia_anzhi-makhachkala	Kamil Agalarov	kamilagalarov	MID	11.06.1988	27	https://www.eurofotbal.cz/kluby/rusko/anzi-machackala/soupiska/2010/
eu_russia_anzhi-makhachkala	Zubari Arziani	zubariarziani	MID	19.10.1987	11	https://www.eurofotbal.cz/kluby/rusko/anzi-machackala/soupiska/2010/
eu_russia_anzhi-makhachkala	Michail Bakajev	michailbakajev	MID	05.08.1987	29	https://www.eurofotbal.cz/kluby/rusko/anzi-machackala/soupiska/2010/
eu_russia_anzhi-makhachkala	Šamil Burzijev	samilburzijev	MID	01.04.1985	7	https://www.eurofotbal.cz/kluby/rusko/anzi-machackala/soupiska/2010/
eu_russia_anzhi-makhachkala	David Corajev	davidcorajev	MID	07.05.1983	28	https://www.eurofotbal.cz/kluby/rusko/anzi-machackala/soupiska/2010/
eu_russia_anzhi-makhachkala	Arafat Djako	arafatdjako	MID	10.11.1988	0	https://www.eurofotbal.cz/kluby/rusko/anzi-machackala/soupiska/2010/
eu_russia_anzhi-makhachkala	Machač Gadžijev	machacgadzijev	MID	18.10.1987	0	https://www.eurofotbal.cz/kluby/rusko/anzi-machackala/soupiska/2010/
eu_russia_anzhi-makhachkala	Goča Chodžava	gocachodzava	MID	16.03.1985	9	https://www.eurofotbal.cz/kluby/rusko/anzi-machackala/soupiska/2010/
eu_russia_anzhi-makhachkala	Aleksej Igonin	aleksejigonin	MID	18.03.1976	0	https://www.eurofotbal.cz/kluby/rusko/anzi-machackala/soupiska/2010/
eu_russia_anzhi-makhachkala	Dmitrij Ivanov	dmitrijivanov	MID	14.02.1987	14	https://www.eurofotbal.cz/kluby/rusko/anzi-machackala/soupiska/2010/
eu_russia_anzhi-makhachkala	Nicolae Josan	nicolaejosan	MID	18.09.1983	22	https://www.eurofotbal.cz/kluby/rusko/anzi-machackala/soupiska/2010/
eu_russia_anzhi-makhachkala	Ibra Kébé	ibrakebe	MID	29.12.1978	24	https://www.eurofotbal.cz/kluby/rusko/anzi-machackala/soupiska/2010/
eu_russia_anzhi-makhachkala	Irakli Klimiašvili	irakliklimiasvili	MID	30.05.1988	0	https://www.eurofotbal.cz/kluby/rusko/anzi-machackala/soupiska/2010/
eu_russia_anzhi-makhachkala	Šarif Muchammad	sarifmuchammad	MID	21.03.1990	1	https://www.eurofotbal.cz/kluby/rusko/anzi-machackala/soupiska/2010/
eu_russia_anzhi-makhachkala	Andrej Strelcov	andrejstrelcov	MID	18.03.1984	19	https://www.eurofotbal.cz/kluby/rusko/anzi-machackala/soupiska/2010/
eu_russia_anzhi-makhachkala	Todor Timonov	todortimonov	MID	03.09.1986	11	https://www.eurofotbal.cz/kluby/rusko/anzi-machackala/soupiska/2010/
eu_russia_anzhi-makhachkala	Dmitrij Vasiljev	dmitrijvasiljev	MID	25.03.1977	0	https://www.eurofotbal.cz/kluby/rusko/anzi-machackala/soupiska/2010/
eu_russia_anzhi-makhachkala	Jurij Žirkov	jurijzirkov	MID	20.08.1983	0	https://www.eurofotbal.cz/kluby/rusko/anzi-machackala/soupiska/2010/
eu_russia_anzhi-makhachkala	Revaz Barabadze	revazbarabadze	ATT	04.10.1988	2	https://www.eurofotbal.cz/kluby/rusko/anzi-machackala/soupiska/2010/
eu_russia_anzhi-makhachkala	Isah Eliakwu	isaheliakwu	ATT	25.10.1985	0	https://www.eurofotbal.cz/kluby/rusko/anzi-machackala/soupiska/2010/
eu_russia_anzhi-makhachkala	Jan Holenda	janholenda	ATT	22.08.1985	19	https://www.eurofotbal.cz/kluby/rusko/anzi-machackala/soupiska/2010/
eu_russia_anzhi-makhachkala	Georgi Iluridze	georgiiluridze	ATT	20.02.1992	5	https://www.eurofotbal.cz/kluby/rusko/anzi-machackala/soupiska/2010/
eu_russia_anzhi-makhachkala	Ilja Kucharčuk	iljakucharcuk	ATT	02.08.1990	12	https://www.eurofotbal.cz/kluby/rusko/anzi-machackala/soupiska/2010/
eu_russia_anzhi-makhachkala	Mogamed Mogamedov	mogamedmogamedov	ATT	11.12.1987	4	https://www.eurofotbal.cz/kluby/rusko/anzi-machackala/soupiska/2010/
eu_russia_anzhi-makhachkala	Aleksandr Prudnikov	aleksandrprudnikov	ATT	26.02.1989	0	https://www.eurofotbal.cz/kluby/rusko/anzi-machackala/soupiska/2010/
eu_russia_anzhi-makhachkala	Igor Strelkov	igorstrelkov	ATT	21.03.1982	12	https://www.eurofotbal.cz/kluby/rusko/anzi-machackala/soupiska/2010/
eu_russia_anzhi-makhachkala	Diego Tardelli	diegotardelli	ATT	10.05.1985	0	https://www.eurofotbal.cz/kluby/rusko/anzi-machackala/soupiska/2010/
eu_russia_anzhi-makhachkala	William	william	ATT	27.07.1982	0	https://www.eurofotbal.cz/kluby/rusko/anzi-machackala/soupiska/2010/
eu_russia_cska-moscow	Igor Akinfejev	igorakinfejev	GK	08.04.1986	29	https://www.eurofotbal.cz/kluby/rusko/cska-moskva/soupiska/2010/
eu_russia_cska-moscow	Sergej Čepčugov	sergejcepcugov	GK	15.07.1985	2	https://www.eurofotbal.cz/kluby/rusko/cska-moskva/soupiska/2010/
eu_russia_cska-moscow	Vladimir Gabulov	vladimirgabulov	GK	19.10.1983	0	https://www.eurofotbal.cz/kluby/rusko/cska-moskva/soupiska/2010/
eu_russia_cska-moscow	Artur Nigmatullin	arturnigmatullin	GK	17.05.1991	0	https://www.eurofotbal.cz/kluby/rusko/cska-moskva/soupiska/2010/
eu_russia_cska-moscow	Jevgenij Pomazan	jevgenijpomazan	GK	31.01.1989	0	https://www.eurofotbal.cz/kluby/rusko/cska-moskva/soupiska/2010/
eu_russia_cska-moscow	Aleksej Berezuckij	aleksejberezuckij	DEF	20.06.1982	24	https://www.eurofotbal.cz/kluby/rusko/cska-moskva/soupiska/2010/
eu_russia_cska-moscow	Vasilij Berezuckij	vasilijberezuckij	DEF	20.06.1982	23	https://www.eurofotbal.cz/kluby/rusko/cska-moskva/soupiska/2010/
eu_russia_cska-moscow	Uroš Ćosić	uroscosic	DEF	24.10.1992	0	https://www.eurofotbal.cz/kluby/rusko/cska-moskva/soupiska/2010/
eu_russia_cska-moscow	Anton Grigorjev	antongrigorjev	DEF	13.12.1985	0	https://www.eurofotbal.cz/kluby/rusko/cska-moskva/soupiska/2010/
eu_russia_cska-moscow	Sergej Ignaševič	sergejignasevic	DEF	14.07.1979	30	https://www.eurofotbal.cz/kluby/rusko/cska-moskva/soupiska/2010/
eu_russia_cska-moscow	Kirill Nababkin	kirillnababkin	DEF	08.09.1986	13	https://www.eurofotbal.cz/kluby/rusko/cska-moskva/soupiska/2010/
eu_russia_cska-moscow	Chidi Odiah	chidiodiah	DEF	17.12.1983	11	https://www.eurofotbal.cz/kluby/rusko/cska-moskva/soupiska/2010/
eu_russia_cska-moscow	Georgij Ščennikov	georgijscennikov	DEF	27.04.1991	26	https://www.eurofotbal.cz/kluby/rusko/cska-moskva/soupiska/2010/
eu_russia_cska-moscow	Andrej Vasjanovič	andrejvasjanovic	DEF	13.06.1988	0	https://www.eurofotbal.cz/kluby/rusko/cska-moskva/soupiska/2010/
eu_russia_cska-moscow	Jevgenij Aldonin	jevgenijaldonin	MID	22.01.1980	13	https://www.eurofotbal.cz/kluby/rusko/cska-moskva/soupiska/2010/
eu_russia_cska-moscow	Alan Dzagojev	alandzagojev	MID	17.06.1990	25	https://www.eurofotbal.cz/kluby/rusko/cska-moskva/soupiska/2010/
eu_russia_cska-moscow	Mark González	markgonzalez	MID	10.07.1984	22	https://www.eurofotbal.cz/kluby/rusko/cska-moskva/soupiska/2010/
eu_russia_cska-moscow	Keisuke Honda	keisukehonda	MID	13.06.1986	29	https://www.eurofotbal.cz/kluby/rusko/cska-moskva/soupiska/2010/
eu_russia_cska-moscow	Luboš Kalouda	luboskalouda	MID	20.05.1987	0	https://www.eurofotbal.cz/kluby/rusko/cska-moskva/soupiska/2010/
eu_russia_cska-moscow	Miloš Krasić	miloskrasic	MID	01.11.1984	15	https://www.eurofotbal.cz/kluby/rusko/cska-moskva/soupiska/2010/
eu_russia_cska-moscow	Pavel Mamajev	pavelmamajev	MID	17.09.1988	28	https://www.eurofotbal.cz/kluby/rusko/cska-moskva/soupiska/2010/
eu_russia_cska-moscow	Sekou Oliseh	sekouoliseh	MID	05.06.1990	16	https://www.eurofotbal.cz/kluby/rusko/cska-moskva/soupiska/2010/
eu_russia_cska-moscow	Nika Pilijev	nikapilijev	MID	21.03.1991	0	https://www.eurofotbal.cz/kluby/rusko/cska-moskva/soupiska/2010/
eu_russia_cska-moscow	Elver Rahimić	elverrahimic	MID	04.04.1976	11	https://www.eurofotbal.cz/kluby/rusko/cska-moskva/soupiska/2010/
eu_russia_cska-moscow	Ramón	ramon	MID	24.05.1988	0	https://www.eurofotbal.cz/kluby/rusko/cska-moskva/soupiska/2010/
eu_russia_cska-moscow	Deividas Šemberas	deividassemberas	MID	02.08.1978	26	https://www.eurofotbal.cz/kluby/rusko/cska-moskva/soupiska/2010/
eu_russia_cska-moscow	Zoran Tošić	zorantosic	MID	28.04.1987	15	https://www.eurofotbal.cz/kluby/rusko/cska-moskva/soupiska/2010/
eu_russia_cska-moscow	Seydou Doumbia	seydoudoumbia	ATT	31.12.1987	11	https://www.eurofotbal.cz/kluby/rusko/cska-moskva/soupiska/2010/
eu_russia_cska-moscow	Guilherme	guilherme	ATT	22.10.1988	12	https://www.eurofotbal.cz/kluby/rusko/cska-moskva/soupiska/2010/
eu_russia_cska-moscow	Dawid Janczyk	dawidjanczyk	ATT	23.09.1987	0	https://www.eurofotbal.cz/kluby/rusko/cska-moskva/soupiska/2010/
eu_russia_cska-moscow	Ricardo Jesús	ricardojesus	ATT	16.05.1985	0	https://www.eurofotbal.cz/kluby/rusko/cska-moskva/soupiska/2010/
eu_russia_cska-moscow	Moussa Maâzou	moussamaazou	ATT	25.08.1988	0	https://www.eurofotbal.cz/kluby/rusko/cska-moskva/soupiska/2010/
eu_russia_cska-moscow	Tomáš Necid	tomasnecid	ATT	13.08.1989	24	https://www.eurofotbal.cz/kluby/rusko/cska-moskva/soupiska/2010/
eu_russia_cska-moscow	Dmitrij Ryžov	dmitrijryzov	ATT	26.08.1989	0	https://www.eurofotbal.cz/kluby/rusko/cska-moskva/soupiska/2010/
eu_russia_cska-moscow	Vágner Love	vagnerlove	ATT	11.06.1984	15	https://www.eurofotbal.cz/kluby/rusko/cska-moskva/soupiska/2010/
eu_russia_cska-moscow	Anton Zabolotnyj	antonzabolotnyj	ATT	13.06.1991	0	https://www.eurofotbal.cz/kluby/rusko/cska-moskva/soupiska/2010/
eu_russia_fc-krasnodar	Jevgenij Gorodov	jevgenijgorodov	GK	13.12.1985	0	https://www.eurofotbal.cz/kluby/rusko/fk-krasnodar/soupiska/2010/
eu_russia_fc-krasnodar	Dušan Anđelković	dusananelkovic	DEF	15.06.1982	0	https://www.eurofotbal.cz/kluby/rusko/fk-krasnodar/soupiska/2010/
eu_russia_fc-krasnodar	Aljaksandr Martynovič	aljaksandrmartynovic	DEF	26.08.1987	0	https://www.eurofotbal.cz/kluby/rusko/fk-krasnodar/soupiska/2010/
eu_russia_fc-krasnodar	Nemanja Tubić	nemanjatubic	DEF	08.04.1984	0	https://www.eurofotbal.cz/kluby/rusko/fk-krasnodar/soupiska/2010/
eu_russia_fc-krasnodar	Aleksej Archipov	aleksejarchipov	MID	24.03.1983	0	https://www.eurofotbal.cz/kluby/rusko/fk-krasnodar/soupiska/2010/
eu_russia_fc-krasnodar	Michail Bagajev	michailbagajev	MID	28.02.1985	0	https://www.eurofotbal.cz/kluby/rusko/fk-krasnodar/soupiska/2010/
eu_russia_fc-krasnodar	Artem Beketov	artembeketov	MID	12.06.1984	0	https://www.eurofotbal.cz/kluby/rusko/fk-krasnodar/soupiska/2010/
eu_russia_fc-krasnodar	Denys Dědečko	denysdedecko	MID	02.07.1987	0	https://www.eurofotbal.cz/kluby/rusko/fk-krasnodar/soupiska/2010/
eu_russia_fc-krasnodar	Aleksandr Jerochin	aleksandrjerochin	MID	13.10.1989	0	https://www.eurofotbal.cz/kluby/rusko/fk-krasnodar/soupiska/2010/
eu_russia_fc-krasnodar	Dmitrij Mičkov	dmitrijmickov	MID	22.02.1980	0	https://www.eurofotbal.cz/kluby/rusko/fk-krasnodar/soupiska/2010/
eu_russia_fc-krasnodar	Aleksandar Mladenov	aleksandarmladenov	MID	25.06.1982	0	https://www.eurofotbal.cz/kluby/rusko/fk-krasnodar/soupiska/2010/
eu_russia_fc-krasnodar	Rui Miguel	ruimiguel	MID	15.11.1983	0	https://www.eurofotbal.cz/kluby/rusko/fk-krasnodar/soupiska/2010/
eu_russia_fc-krasnodar	Oleg Samsonov	olegsamsonov	MID	07.09.1987	0	https://www.eurofotbal.cz/kluby/rusko/fk-krasnodar/soupiska/2010/
eu_russia_fc-krasnodar	Roman Vorobjov	romanvorobjov	MID	24.03.1984	0	https://www.eurofotbal.cz/kluby/rusko/fk-krasnodar/soupiska/2010/
eu_russia_fc-krasnodar	Spartak Gognijev	spartakgognijev	ATT	19.01.1981	0	https://www.eurofotbal.cz/kluby/rusko/fk-krasnodar/soupiska/2010/
eu_russia_fc-krasnodar	Aleksandr Jarkin	aleksandrjarkin	ATT	29.12.1986	0	https://www.eurofotbal.cz/kluby/rusko/fk-krasnodar/soupiska/2010/
eu_russia_fc-krasnodar	Igor Picuşceac	igorpicusceac	ATT	27.03.1983	0	https://www.eurofotbal.cz/kluby/rusko/fk-krasnodar/soupiska/2010/
eu_russia_kuban-krasnodar	Aleksej Botviněv	aleksejbotvinev	GK	25.06.1981	0	https://www.eurofotbal.cz/kluby/rusko/kuban-krasnodar/soupiska/2010/
eu_russia_kuban-krasnodar	Aleksandr Budakov	aleksandrbudakov	GK	10.02.1985	0	https://www.eurofotbal.cz/kluby/rusko/kuban-krasnodar/soupiska/2010/
eu_russia_kuban-krasnodar	Bogdan Karjukin	bogdankarjukin	GK	20.08.1985	0	https://www.eurofotbal.cz/kluby/rusko/kuban-krasnodar/soupiska/2010/
eu_russia_kuban-krasnodar	Stanislav Namaşco	stanislavnamasco	GK	10.11.1986	0	https://www.eurofotbal.cz/kluby/rusko/kuban-krasnodar/soupiska/2010/
eu_russia_kuban-krasnodar	Ildar Achmetzjanov	ildarachmetzjanov	DEF	25.11.1983	0	https://www.eurofotbal.cz/kluby/rusko/kuban-krasnodar/soupiska/2010/
eu_russia_kuban-krasnodar	Igor Armaş	igorarmas	DEF	14.07.1987	0	https://www.eurofotbal.cz/kluby/rusko/kuban-krasnodar/soupiska/2010/
eu_russia_kuban-krasnodar	Sergej Bendz	sergejbendz	DEF	03.04.1983	0	https://www.eurofotbal.cz/kluby/rusko/kuban-krasnodar/soupiska/2010/
eu_russia_kuban-krasnodar	Roman Bugajev	romanbugajev	DEF	11.02.1989	0	https://www.eurofotbal.cz/kluby/rusko/kuban-krasnodar/soupiska/2010/
eu_russia_kuban-krasnodar	Viktor Dmitrenko	viktordmitrenko	DEF	04.04.1991	0	https://www.eurofotbal.cz/kluby/rusko/kuban-krasnodar/soupiska/2010/
eu_russia_kuban-krasnodar	Anton Grigorjev	antongrigorjev	DEF	13.12.1985	0	https://www.eurofotbal.cz/kluby/rusko/kuban-krasnodar/soupiska/2010/
eu_russia_kuban-krasnodar	Igor Lolo	igorlolo	DEF	22.07.1982	0	https://www.eurofotbal.cz/kluby/rusko/kuban-krasnodar/soupiska/2010/
eu_russia_kuban-krasnodar	Anton Rogočij	antonrogocij	DEF	23.01.1982	0	https://www.eurofotbal.cz/kluby/rusko/kuban-krasnodar/soupiska/2010/
eu_russia_kuban-krasnodar	Sreten Sretenović	sretensretenovic	DEF	12.01.1985	0	https://www.eurofotbal.cz/kluby/rusko/kuban-krasnodar/soupiska/2010/
eu_russia_kuban-krasnodar	Zelăo	zelao	DEF	12.11.1986	0	https://www.eurofotbal.cz/kluby/rusko/kuban-krasnodar/soupiska/2010/
eu_russia_kuban-krasnodar	Maksim Žawnerčyk	maksimzawnercyk	DEF	09.02.1985	0	https://www.eurofotbal.cz/kluby/rusko/kuban-krasnodar/soupiska/2010/
eu_russia_kuban-krasnodar	Michail Afanasjew	michailafanasjew	MID	04.11.1986	0	https://www.eurofotbal.cz/kluby/rusko/kuban-krasnodar/soupiska/2010/
eu_russia_kuban-krasnodar	Haruna Babangida	harunababangida	MID	01.10.1982	0	https://www.eurofotbal.cz/kluby/rusko/kuban-krasnodar/soupiska/2010/
eu_russia_kuban-krasnodar	David Corajev	davidcorajev	MID	07.05.1983	0	https://www.eurofotbal.cz/kluby/rusko/kuban-krasnodar/soupiska/2010/
eu_russia_kuban-krasnodar	Dmitrij Gorbušin	dmitrijgorbusin	MID	31.05.1986	0	https://www.eurofotbal.cz/kluby/rusko/kuban-krasnodar/soupiska/2010/
eu_russia_kuban-krasnodar	Vladislav Ignatjev	vladislavignatjev	MID	20.01.1987	0	https://www.eurofotbal.cz/kluby/rusko/kuban-krasnodar/soupiska/2010/
eu_russia_kuban-krasnodar	Vladislav Kulik	vladislavkulik	MID	27.02.1985	0	https://www.eurofotbal.cz/kluby/rusko/kuban-krasnodar/soupiska/2010/
eu_russia_kuban-krasnodar	Marco Né	marcone	MID	17.07.1983	0	https://www.eurofotbal.cz/kluby/rusko/kuban-krasnodar/soupiska/2010/
eu_russia_kuban-krasnodar	Igor Paderin	igorpaderin	MID	24.11.1989	0	https://www.eurofotbal.cz/kluby/rusko/kuban-krasnodar/soupiska/2010/
eu_russia_kuban-krasnodar	Vladislav Ryžkov	vladislavryzkov	MID	28.02.1990	0	https://www.eurofotbal.cz/kluby/rusko/kuban-krasnodar/soupiska/2010/
eu_russia_kuban-krasnodar	Aljaksej Skvernjuk	aljaksejskvernjuk	MID	13.10.1985	0	https://www.eurofotbal.cz/kluby/rusko/kuban-krasnodar/soupiska/2010/
eu_russia_kuban-krasnodar	Artur Tlisov	arturtlisov	MID	10.06.1982	0	https://www.eurofotbal.cz/kluby/rusko/kuban-krasnodar/soupiska/2010/
eu_russia_kuban-krasnodar	Dacian Varga	dacianvarga	MID	15.10.1984	0	https://www.eurofotbal.cz/kluby/rusko/kuban-krasnodar/soupiska/2010/
eu_russia_kuban-krasnodar	Francisco Zuela	franciscozuela	MID	03.08.1983	0	https://www.eurofotbal.cz/kluby/rusko/kuban-krasnodar/soupiska/2010/
eu_russia_kuban-krasnodar	Gheorghe Bucur	gheorghebucur	ATT	08.04.1980	0	https://www.eurofotbal.cz/kluby/rusko/kuban-krasnodar/soupiska/2010/
eu_russia_kuban-krasnodar	Rustem Kalimullin	rustemkalimullin	ATT	24.06.1984	0	https://www.eurofotbal.cz/kluby/rusko/kuban-krasnodar/soupiska/2010/
eu_russia_kuban-krasnodar	Aleksej Kučuk	aleksejkucuk	ATT	09.09.1986	0	https://www.eurofotbal.cz/kluby/rusko/kuban-krasnodar/soupiska/2010/
eu_russia_kuban-krasnodar	Nikola Nikezić	nikolanikezic	ATT	13.06.1981	0	https://www.eurofotbal.cz/kluby/rusko/kuban-krasnodar/soupiska/2010/
eu_russia_kuban-krasnodar	Nikolaj Žiljajev	nikolajziljajev	ATT	05.03.1987	0	https://www.eurofotbal.cz/kluby/rusko/kuban-krasnodar/soupiska/2010/
eu_russia_lokomotiv-moscow	Anton Amelčenko	antonamelcenko	GK	27.03.1985	0	https://www.eurofotbal.cz/kluby/rusko/lokomotiv-moskva/soupiska/2010/
eu_russia_lokomotiv-moscow	Marek Čech	marekcech	GK	08.04.1976	0	https://www.eurofotbal.cz/kluby/rusko/lokomotiv-moskva/soupiska/2010/
eu_russia_lokomotiv-moscow	Guilherme	guilherme	GK	12.12.1985	30	https://www.eurofotbal.cz/kluby/rusko/lokomotiv-moskva/soupiska/2010/
eu_russia_lokomotiv-moscow	Aleksandr Krivoručko	aleksandrkrivorucko	GK	23.09.1984	0	https://www.eurofotbal.cz/kluby/rusko/lokomotiv-moskva/soupiska/2010/
eu_russia_lokomotiv-moscow	Ivan Pelizzoli	ivanpelizzoli	GK	18.11.1980	0	https://www.eurofotbal.cz/kluby/rusko/lokomotiv-moskva/soupiska/2010/
eu_russia_lokomotiv-moscow	Malchaz Asatiani	malchazasatiani	DEF	04.08.1981	22	https://www.eurofotbal.cz/kluby/rusko/lokomotiv-moskva/soupiska/2010/
eu_russia_lokomotiv-moscow	Marko Baša	markobasa	DEF	29.12.1982	22	https://www.eurofotbal.cz/kluby/rusko/lokomotiv-moskva/soupiska/2010/
eu_russia_lokomotiv-moscow	Taras Burlak	tarasburlak	DEF	22.02.1990	3	https://www.eurofotbal.cz/kluby/rusko/lokomotiv-moskva/soupiska/2010/
eu_russia_lokomotiv-moscow	Manuel da Costa	manueldacosta	DEF	06.05.1986	0	https://www.eurofotbal.cz/kluby/rusko/lokomotiv-moskva/soupiska/2010/
eu_russia_lokomotiv-moscow	Ján Ďurica	jandurica	DEF	10.11.1981	10	https://www.eurofotbal.cz/kluby/rusko/lokomotiv-moskva/soupiska/2010/
eu_russia_lokomotiv-moscow	Alan Gatagov	alangatagov	DEF	23.01.1991	18	https://www.eurofotbal.cz/kluby/rusko/lokomotiv-moskva/soupiska/2010/
eu_russia_lokomotiv-moscow	Branko Ilič	brankoilic	DEF	06.02.1983	1	https://www.eurofotbal.cz/kluby/rusko/lokomotiv-moskva/soupiska/2010/
eu_russia_lokomotiv-moscow	Renat Janbajev	renatjanbajev	DEF	07.04.1984	30	https://www.eurofotbal.cz/kluby/rusko/lokomotiv-moskva/soupiska/2010/
eu_russia_lokomotiv-moscow	Sergej Jefimov	sergejjefimov	DEF	15.10.1987	0	https://www.eurofotbal.cz/kluby/rusko/lokomotiv-moskva/soupiska/2010/
eu_russia_lokomotiv-moscow	Ruslan Kambolov	ruslankambolov	DEF	01.01.1990	1	https://www.eurofotbal.cz/kluby/rusko/lokomotiv-moskva/soupiska/2010/
eu_russia_lokomotiv-moscow	Oleg Kuzmin	olegkuzmin	DEF	09.05.1981	10	https://www.eurofotbal.cz/kluby/rusko/lokomotiv-moskva/soupiska/2010/
eu_russia_lokomotiv-moscow	Milan Milanović	milanmilanovic	DEF	31.03.1991	0	https://www.eurofotbal.cz/kluby/rusko/lokomotiv-moskva/soupiska/2010/
eu_russia_lokomotiv-moscow	Ruslan Nachušev	ruslannachusev	DEF	05.09.1984	0	https://www.eurofotbal.cz/kluby/rusko/lokomotiv-moskva/soupiska/2010/
eu_russia_lokomotiv-moscow	Pavel Novickij	pavelnovickij	DEF	06.04.1989	0	https://www.eurofotbal.cz/kluby/rusko/lokomotiv-moskva/soupiska/2010/
eu_russia_lokomotiv-moscow	Rodolfo	rodolfo	DEF	23.10.1982	15	https://www.eurofotbal.cz/kluby/rusko/lokomotiv-moskva/soupiska/2010/
eu_russia_lokomotiv-moscow	Dmitrij Sennikov	dmitrijsennikov	DEF	24.06.1976	1	https://www.eurofotbal.cz/kluby/rusko/lokomotiv-moskva/soupiska/2010/
eu_russia_lokomotiv-moscow	Igor Smolnikov	igorsmolnikov	DEF	08.08.1988	14	https://www.eurofotbal.cz/kluby/rusko/lokomotiv-moskva/soupiska/2010/
eu_russia_lokomotiv-moscow	Roman Šiškin	romansiskin	DEF	27.01.1987	15	https://www.eurofotbal.cz/kluby/rusko/lokomotiv-moskva/soupiska/2010/
eu_russia_lokomotiv-moscow	Oleksandr Alijev	oleksandralijev	MID	03.02.1985	24	https://www.eurofotbal.cz/kluby/rusko/lokomotiv-moskva/soupiska/2010/
eu_russia_lokomotiv-moscow	Haminu Dramani	haminudramani	MID	01.04.1986	2	https://www.eurofotbal.cz/kluby/rusko/lokomotiv-moskva/soupiska/2010/
eu_russia_lokomotiv-moscow	Tomislav Dujmović	tomislavdujmovic	MID	26.02.1981	13	https://www.eurofotbal.cz/kluby/rusko/lokomotiv-moskva/soupiska/2010/
eu_russia_lokomotiv-moscow	Denis Glušakov	denisglusakov	MID	27.01.1987	28	https://www.eurofotbal.cz/kluby/rusko/lokomotiv-moskva/soupiska/2010/
eu_russia_lokomotiv-moscow	Charles	charles	MID	14.02.1985	4	https://www.eurofotbal.cz/kluby/rusko/lokomotiv-moskva/soupiska/2010/
eu_russia_lokomotiv-moscow	Senijad Ibričić	senijadibricic	MID	26.09.1985	0	https://www.eurofotbal.cz/kluby/rusko/lokomotiv-moskva/soupiska/2010/
eu_russia_lokomotiv-moscow	Vladislav Ignatjev	vladislavignatjev	MID	20.01.1987	1	https://www.eurofotbal.cz/kluby/rusko/lokomotiv-moskva/soupiska/2010/
eu_russia_lokomotiv-moscow	Stanislav Ivanov	stanislavivanov	MID	07.10.1980	0	https://www.eurofotbal.cz/kluby/rusko/lokomotiv-moskva/soupiska/2010/
eu_russia_lokomotiv-moscow	Dmitrij Loskov	dmitrijloskov	MID	12.02.1974	13	https://www.eurofotbal.cz/kluby/rusko/lokomotiv-moskva/soupiska/2010/
eu_russia_lokomotiv-moscow	Magomed Ozdojev	magomedozdojev	MID	05.11.1992	2	https://www.eurofotbal.cz/kluby/rusko/lokomotiv-moskva/soupiska/2010/
eu_russia_lokomotiv-moscow	Dmitrij Tarasov	dmitrijtarasov	MID	18.03.1987	26	https://www.eurofotbal.cz/kluby/rusko/lokomotiv-moskva/soupiska/2010/
eu_russia_lokomotiv-moscow	Dmitrij Torbinskij	dmitrijtorbinskij	MID	28.04.1984	17	https://www.eurofotbal.cz/kluby/rusko/lokomotiv-moskva/soupiska/2010/
eu_russia_lokomotiv-moscow	Wagner	wagner	MID	29.01.1985	14	https://www.eurofotbal.cz/kluby/rusko/lokomotiv-moskva/soupiska/2010/
eu_russia_lokomotiv-moscow	Djiby Fall	djibyfall	ATT	20.04.1985	0	https://www.eurofotbal.cz/kluby/rusko/lokomotiv-moskva/soupiska/2010/
eu_russia_lokomotiv-moscow	Semen Fomin	semenfomin	ATT	10.01.1989	0	https://www.eurofotbal.cz/kluby/rusko/lokomotiv-moskva/soupiska/2010/
eu_russia_lokomotiv-moscow	Maicon	maicon	ATT	18.02.1990	18	https://www.eurofotbal.cz/kluby/rusko/lokomotiv-moskva/soupiska/2010/
eu_russia_lokomotiv-moscow	Aleksandr Marenič	aleksandrmarenic	ATT	29.04.1989	0	https://www.eurofotbal.cz/kluby/rusko/lokomotiv-moskva/soupiska/2010/
eu_russia_lokomotiv-moscow	Aleksandr Minčenkov	aleksandrmincenkov	ATT	13.01.1989	0	https://www.eurofotbal.cz/kluby/rusko/lokomotiv-moskva/soupiska/2010/
eu_russia_lokomotiv-moscow	Victor Obinna	victorobinna	ATT	25.03.1987	0	https://www.eurofotbal.cz/kluby/rusko/lokomotiv-moskva/soupiska/2010/
eu_russia_lokomotiv-moscow	Peter Odemwingie	peterodemwingie	ATT	15.07.1981	10	https://www.eurofotbal.cz/kluby/rusko/lokomotiv-moskva/soupiska/2010/
eu_russia_lokomotiv-moscow	Artur Sarkisov	artursarkisov	ATT	19.01.1987	0	https://www.eurofotbal.cz/kluby/rusko/lokomotiv-moskva/soupiska/2010/
eu_russia_lokomotiv-moscow	Dmitrij Syčev	dmitrijsycev	ATT	26.10.1983	27	https://www.eurofotbal.cz/kluby/rusko/lokomotiv-moskva/soupiska/2010/
eu_russia_lokomotiv-moscow	Dramane Traoré	dramanetraore	ATT	17.06.1982	17	https://www.eurofotbal.cz/kluby/rusko/lokomotiv-moskva/soupiska/2010/
eu_russia_rubin-kazan	Giedrius Arlauskis	giedriusarlauskis	GK	01.12.1987	2	https://www.eurofotbal.cz/kluby/rusko/rubin-kazan/soupiska/2010/
eu_russia_rubin-kazan	Ilie Cebanu	iliecebanu	GK	29.12.1986	0	https://www.eurofotbal.cz/kluby/rusko/rubin-kazan/soupiska/2010/
eu_russia_rubin-kazan	Jevgenij Čeremisin	jevgenijceremisin	GK	29.02.1988	0	https://www.eurofotbal.cz/kluby/rusko/rubin-kazan/soupiska/2010/
eu_russia_rubin-kazan	Sergej Ryžikov	sergejryzikov	GK	19.09.1980	29	https://www.eurofotbal.cz/kluby/rusko/rubin-kazan/soupiska/2010/
eu_russia_rubin-kazan	Cristian Ansaldi	cristianansaldi	DEF	20.09.1986	21	https://www.eurofotbal.cz/kluby/rusko/rubin-kazan/soupiska/2010/
eu_russia_rubin-kazan	Salvatore Bocchetti	salvatorebocchetti	DEF	30.11.1986	6	https://www.eurofotbal.cz/kluby/rusko/rubin-kazan/soupiska/2010/
eu_russia_rubin-kazan	Jordi Figueras	jordifigueras	DEF	16.05.1987	8	https://www.eurofotbal.cz/kluby/rusko/rubin-kazan/soupiska/2010/
eu_russia_rubin-kazan	Vitalij Kalešin	vitalijkalesin	DEF	03.10.1980	15	https://www.eurofotbal.cz/kluby/rusko/rubin-kazan/soupiska/2010/
eu_russia_rubin-kazan	Oleg Kuzmin	olegkuzmin	DEF	09.05.1981	13	https://www.eurofotbal.cz/kluby/rusko/rubin-kazan/soupiska/2010/
eu_russia_rubin-kazan	Dato Kvirkvelia	datokvirkvelia	DEF	27.06.1980	1	https://www.eurofotbal.cz/kluby/rusko/rubin-kazan/soupiska/2010/
eu_russia_rubin-kazan	Michail Miščenko	michailmiscenko	DEF	27.06.1989	0	https://www.eurofotbal.cz/kluby/rusko/rubin-kazan/soupiska/2010/
eu_russia_rubin-kazan	César Navas	cesarnavas	DEF	14.02.1980	30	https://www.eurofotbal.cz/kluby/rusko/rubin-kazan/soupiska/2010/
eu_russia_rubin-kazan	Aleksandr Orechov	aleksandrorechov	DEF	29.11.1983	20	https://www.eurofotbal.cz/kluby/rusko/rubin-kazan/soupiska/2010/
eu_russia_rubin-kazan	Laša Salukvadze	lasasalukvadze	DEF	21.12.1981	11	https://www.eurofotbal.cz/kluby/rusko/rubin-kazan/soupiska/2010/
eu_russia_rubin-kazan	Roman Šaronov	romansaronov	DEF	08.02.1976	2	https://www.eurofotbal.cz/kluby/rusko/rubin-kazan/soupiska/2010/
eu_russia_rubin-kazan	Alexandru Antoniuc	alexandruantoniuc	MID	23.05.1989	1	https://www.eurofotbal.cz/kluby/rusko/rubin-kazan/soupiska/2010/
eu_russia_rubin-kazan	Jevgenij Baljajkin	jevgenijbaljajkin	MID	19.05.1988	13	https://www.eurofotbal.cz/kluby/rusko/rubin-kazan/soupiska/2010/
eu_russia_rubin-kazan	Petr Bystrov	petrbystrov	MID	15.07.1979	18	https://www.eurofotbal.cz/kluby/rusko/rubin-kazan/soupiska/2010/
eu_russia_rubin-kazan	Carlos Eduardo	carloseduardo	MID	18.07.1987	6	https://www.eurofotbal.cz/kluby/rusko/rubin-kazan/soupiska/2010/
eu_russia_rubin-kazan	Vagiz Galiulin	vagizgaliulin	MID	10.10.1987	8	https://www.eurofotbal.cz/kluby/rusko/rubin-kazan/soupiska/2010/
eu_russia_rubin-kazan	Andrej Gorbaněc	andrejgorbanec	MID	24.08.1985	18	https://www.eurofotbal.cz/kluby/rusko/rubin-kazan/soupiska/2010/
eu_russia_rubin-kazan	Gökdeniz Karadeniz	gokdenizkaradeniz	MID	11.01.1980	17	https://www.eurofotbal.cz/kluby/rusko/rubin-kazan/soupiska/2010/
eu_russia_rubin-kazan	Alan Kasajev	alankasajev	MID	08.04.1986	29	https://www.eurofotbal.cz/kluby/rusko/rubin-kazan/soupiska/2010/
eu_russia_rubin-kazan	Sjarhej Kisljak	sjarhejkisljak	MID	06.08.1987	0	https://www.eurofotbal.cz/kluby/rusko/rubin-kazan/soupiska/2010/
eu_russia_rubin-kazan	Rafal Murawski	rafalmurawski	MID	09.10.1981	23	https://www.eurofotbal.cz/kluby/rusko/rubin-kazan/soupiska/2010/
eu_russia_rubin-kazan	Bebars Natcho	bebarsnatcho	MID	18.02.1988	14	https://www.eurofotbal.cz/kluby/rusko/rubin-kazan/soupiska/2010/
eu_russia_rubin-kazan	Christian Noboa	christiannoboa	MID	09.04.1985	28	https://www.eurofotbal.cz/kluby/rusko/rubin-kazan/soupiska/2010/
eu_russia_rubin-kazan	Aleksandr Rjazancev	aleksandrrjazancev	MID	05.09.1986	13	https://www.eurofotbal.cz/kluby/rusko/rubin-kazan/soupiska/2010/
eu_russia_rubin-kazan	Sergej Semak	sergejsemak	MID	27.02.1976	8	https://www.eurofotbal.cz/kluby/rusko/rubin-kazan/soupiska/2010/
eu_russia_rubin-kazan	MacBeth Sibaya	macbethsibaya	MID	25.11.1977	8	https://www.eurofotbal.cz/kluby/rusko/rubin-kazan/soupiska/2010/
eu_russia_rubin-kazan	Aleksandr Bucharov	aleksandrbucharov	ATT	12.03.1985	13	https://www.eurofotbal.cz/kluby/rusko/rubin-kazan/soupiska/2010/
eu_russia_rubin-kazan	Vladimir Ďaďun	vladimirdadun	ATT	12.07.1988	0	https://www.eurofotbal.cz/kluby/rusko/rubin-kazan/soupiska/2010/
eu_russia_rubin-kazan	Walter Chalá	walterchala	ATT	24.02.1992	0	https://www.eurofotbal.cz/kluby/rusko/rubin-kazan/soupiska/2010/
eu_russia_rubin-kazan	Hasan Kabze	hasankabze	ATT	26.05.1982	6	https://www.eurofotbal.cz/kluby/rusko/rubin-kazan/soupiska/2010/
eu_russia_rubin-kazan	Sjarhej Karnilenka	sjarhejkarnilenka	ATT	14.06.1983	8	https://www.eurofotbal.cz/kluby/rusko/rubin-kazan/soupiska/2010/
eu_russia_rubin-kazan	Obafemi Martins	obafemimartins	ATT	28.10.1984	12	https://www.eurofotbal.cz/kluby/rusko/rubin-kazan/soupiska/2010/
eu_russia_rubin-kazan	Aleksej Medvěděv	aleksejmedvedev	ATT	05.01.1977	13	https://www.eurofotbal.cz/kluby/rusko/rubin-kazan/soupiska/2010/
eu_russia_rubin-kazan	Bachodir Nasimov	bachodirnasimov	ATT	02.05.1987	1	https://www.eurofotbal.cz/kluby/rusko/rubin-kazan/soupiska/2010/
eu_russia_rubin-kazan	Igor Portnjagin	igorportnjagin	ATT	07.01.1989	4	https://www.eurofotbal.cz/kluby/rusko/rubin-kazan/soupiska/2010/
eu_russia_rubin-kazan	Fatih Tekke	fatihtekke	ATT	09.09.1977	6	https://www.eurofotbal.cz/kluby/rusko/rubin-kazan/soupiska/2010/
eu_russia_rubin-kazan	Nelson Valdez	nelsonvaldez	ATT	28.11.1983	0	https://www.eurofotbal.cz/kluby/rusko/rubin-kazan/soupiska/2010/
eu_russia_spartak-moscow	Aleksandr Belenov	aleksandrbelenov	GK	13.09.1986	1	https://www.eurofotbal.cz/kluby/rusko/spartak-moskva/soupiska/2010/
eu_russia_spartak-moscow	Andrij Dikan	andrijdikan	GK	16.07.1977	12	https://www.eurofotbal.cz/kluby/rusko/spartak-moskva/soupiska/2010/
eu_russia_spartak-moscow	Soslan Džanajev	soslandzanajev	GK	13.03.1987	12	https://www.eurofotbal.cz/kluby/rusko/spartak-moskva/soupiska/2010/
eu_russia_spartak-moscow	Sergej Pesjakov	sergejpesjakov	GK	16.12.1988	5	https://www.eurofotbal.cz/kluby/rusko/spartak-moskva/soupiska/2010/
eu_russia_spartak-moscow	Stipe Pletikosa	stipepletikosa	GK	08.01.1979	0	https://www.eurofotbal.cz/kluby/rusko/spartak-moskva/soupiska/2010/
eu_russia_spartak-moscow	Nikolaj Zabolotnyj	nikolajzabolotnyj	GK	16.04.1990	0	https://www.eurofotbal.cz/kluby/rusko/spartak-moskva/soupiska/2010/
eu_russia_spartak-moscow	Sergej Bryzgalov	sergejbryzgalov	DEF	15.11.1992	0	https://www.eurofotbal.cz/kluby/rusko/spartak-moskva/soupiska/2010/
eu_russia_spartak-moscow	Malik Fathi	malikfathi	DEF	29.10.1983	0	https://www.eurofotbal.cz/kluby/rusko/spartak-moskva/soupiska/2010/
eu_russia_spartak-moscow	Andrej Ivanov	andrejivanov	DEF	08.10.1988	12	https://www.eurofotbal.cz/kluby/rusko/spartak-moskva/soupiska/2010/
eu_russia_spartak-moscow	Martin Jiránek	martinjiranek	DEF	25.05.1979	10	https://www.eurofotbal.cz/kluby/rusko/spartak-moskva/soupiska/2010/
eu_russia_spartak-moscow	Fjodor Kudrjašov	fjodorkudrjasov	DEF	05.04.1987	9	https://www.eurofotbal.cz/kluby/rusko/spartak-moskva/soupiska/2010/
eu_russia_spartak-moscow	Jevgenij Makejev	jevgenijmakejev	DEF	24.07.1989	22	https://www.eurofotbal.cz/kluby/rusko/spartak-moskva/soupiska/2010/
eu_russia_spartak-moscow	Nicolás Pareja	nicolaspareja	DEF	19.01.1984	11	https://www.eurofotbal.cz/kluby/rusko/spartak-moskva/soupiska/2010/
eu_russia_spartak-moscow	Sergej Paršivljuk	sergejparsivljuk	DEF	18.03.1989	21	https://www.eurofotbal.cz/kluby/rusko/spartak-moskva/soupiska/2010/
eu_russia_spartak-moscow	Rodri	rodri	DEF	17.08.1984	0	https://www.eurofotbal.cz/kluby/rusko/spartak-moskva/soupiska/2010/
eu_russia_spartak-moscow	Martin Stranzl	martinstranzl	DEF	16.06.1980	15	https://www.eurofotbal.cz/kluby/rusko/spartak-moskva/soupiska/2010/
eu_russia_spartak-moscow	Marek Suchý	mareksuchy	DEF	29.03.1988	25	https://www.eurofotbal.cz/kluby/rusko/spartak-moskva/soupiska/2010/
eu_russia_spartak-moscow	Roman Šiškin	romansiskin	DEF	27.01.1987	0	https://www.eurofotbal.cz/kluby/rusko/spartak-moskva/soupiska/2010/
eu_russia_spartak-moscow	Žano Ananidze	zanoananidze	MID	10.10.1992	23	https://www.eurofotbal.cz/kluby/rusko/spartak-moskva/soupiska/2010/
eu_russia_spartak-moscow	Demy De Zeeuw	demydezeeuw	MID	26.05.1983	0	https://www.eurofotbal.cz/kluby/rusko/spartak-moskva/soupiska/2010/
eu_russia_spartak-moscow	Nikola Drinčić	nikoladrincic	MID	07.09.1984	4	https://www.eurofotbal.cz/kluby/rusko/spartak-moskva/soupiska/2010/
eu_russia_spartak-moscow	Pavel Golyšev	pavelgolysev	MID	07.07.1987	1	https://www.eurofotbal.cz/kluby/rusko/spartak-moskva/soupiska/2010/
eu_russia_spartak-moscow	Maksim Grigorjev	maksimgrigorjev	MID	06.07.1990	0	https://www.eurofotbal.cz/kluby/rusko/spartak-moskva/soupiska/2010/
eu_russia_spartak-moscow	Anton Chodyrev	antonchodyrev	MID	26.01.1992	3	https://www.eurofotbal.cz/kluby/rusko/spartak-moskva/soupiska/2010/
eu_russia_spartak-moscow	Ibson	ibson	MID	07.11.1983	28	https://www.eurofotbal.cz/kluby/rusko/spartak-moskva/soupiska/2010/
eu_russia_spartak-moscow	Igor Kirejev	igorkirejev	MID	17.02.1992	1	https://www.eurofotbal.cz/kluby/rusko/spartak-moskva/soupiska/2010/
eu_russia_spartak-moscow	Dmitrij Kombarov	dmitrijkombarov	MID	22.01.1987	11	https://www.eurofotbal.cz/kluby/rusko/spartak-moskva/soupiska/2010/
eu_russia_spartak-moscow	Kirill Kombarov	kirillkombarov	MID	22.01.1987	3	https://www.eurofotbal.cz/kluby/rusko/spartak-moskva/soupiska/2010/
eu_russia_spartak-moscow	Jehor Luhačov	jehorluhacov	MID	24.12.1988	0	https://www.eurofotbal.cz/kluby/rusko/spartak-moskva/soupiska/2010/
eu_russia_spartak-moscow	Cristian Maidana	cristianmaidana	MID	24.01.1987	11	https://www.eurofotbal.cz/kluby/rusko/spartak-moskva/soupiska/2010/
eu_russia_spartak-moscow	Aiden McGeady	aidenmcgeady	MID	04.04.1986	11	https://www.eurofotbal.cz/kluby/rusko/spartak-moskva/soupiska/2010/
eu_russia_spartak-moscow	Alex Meschini	alexmeschini	MID	25.03.1982	21	https://www.eurofotbal.cz/kluby/rusko/spartak-moskva/soupiska/2010/
eu_russia_spartak-moscow	Filip Ozobić	filipozobic	MID	08.04.1991	1	https://www.eurofotbal.cz/kluby/rusko/spartak-moskva/soupiska/2010/
eu_russia_spartak-moscow	Vladislav Ryžkov	vladislavryzkov	MID	28.02.1990	0	https://www.eurofotbal.cz/kluby/rusko/spartak-moskva/soupiska/2010/
eu_russia_spartak-moscow	Renat Sabitov	renatsabitov	MID	13.06.1985	17	https://www.eurofotbal.cz/kluby/rusko/spartak-moskva/soupiska/2010/
eu_russia_spartak-moscow	Ivan Saenko	ivansaenko	MID	17.10.1983	10	https://www.eurofotbal.cz/kluby/rusko/spartak-moskva/soupiska/2010/
eu_russia_spartak-moscow	Aleksandr Šešukov	aleksandrsesukov	MID	15.04.1983	23	https://www.eurofotbal.cz/kluby/rusko/spartak-moskva/soupiska/2010/
eu_russia_spartak-moscow	Andrej Tichonov	andrejtichonov	MID	16.10.1970	0	https://www.eurofotbal.cz/kluby/rusko/spartak-moskva/soupiska/2010/
eu_russia_spartak-moscow	Aleksandr Zotov	aleksandrzotov	MID	27.08.1990	4	https://www.eurofotbal.cz/kluby/rusko/spartak-moskva/soupiska/2010/
eu_russia_spartak-moscow	Ari Ferreira	ariferreira	ATT	11.12.1985	24	https://www.eurofotbal.cz/kluby/rusko/spartak-moskva/soupiska/2010/
eu_russia_spartak-moscow	Nikita Baženov	nikitabazenov	ATT	01.02.1985	12	https://www.eurofotbal.cz/kluby/rusko/spartak-moskva/soupiska/2010/
eu_russia_spartak-moscow	Artjom Dzjuba	artjomdzjuba	ATT	22.08.1988	2	https://www.eurofotbal.cz/kluby/rusko/spartak-moskva/soupiska/2010/
eu_russia_spartak-moscow	Emmanuel Emenike	emmanuelemenike	ATT	10.05.1987	0	https://www.eurofotbal.cz/kluby/rusko/spartak-moskva/soupiska/2010/
eu_russia_spartak-moscow	Pavel Jakovlev	paveljakovlev	ATT	07.04.1991	6	https://www.eurofotbal.cz/kluby/rusko/spartak-moskva/soupiska/2010/
eu_russia_spartak-moscow	Aleksandr Kozlov	aleksandrkozlov	ATT	19.03.1993	12	https://www.eurofotbal.cz/kluby/rusko/spartak-moskva/soupiska/2010/
eu_russia_spartak-moscow	Aleksandr Prudnikov	aleksandrprudnikov	ATT	26.02.1989	0	https://www.eurofotbal.cz/kluby/rusko/spartak-moskva/soupiska/2010/
eu_russia_spartak-moscow	Welliton	welliton	ATT	22.10.1986	25	https://www.eurofotbal.cz/kluby/rusko/spartak-moskva/soupiska/2010/
eu_russia_zenit-st-petersburg	Dmitrij Borodin	dmitrijborodin	GK	08.10.1977	1	https://www.eurofotbal.cz/kluby/rusko/zenit-petrohrad/soupiska/2010/
eu_russia_zenit-st-petersburg	Vjačeslav Malafejev	vjaceslavmalafejev	GK	04.03.1979	21	https://www.eurofotbal.cz/kluby/rusko/zenit-petrohrad/soupiska/2010/
eu_russia_zenit-st-petersburg	Jury Žawnow	juryzawnow	GK	17.04.1981	8	https://www.eurofotbal.cz/kluby/rusko/zenit-petrohrad/soupiska/2010/
eu_russia_zenit-st-petersburg	Bruno Alves	brunoalves	DEF	27.11.1981	14	https://www.eurofotbal.cz/kluby/rusko/zenit-petrohrad/soupiska/2010/
eu_russia_zenit-st-petersburg	Alexandr Aňukov	alexandranukov	DEF	28.09.1982	27	https://www.eurofotbal.cz/kluby/rusko/zenit-petrohrad/soupiska/2010/
eu_russia_zenit-st-petersburg	Domenico Criscito	domenicocriscito	DEF	30.12.1986	0	https://www.eurofotbal.cz/kluby/rusko/zenit-petrohrad/soupiska/2010/
eu_russia_zenit-st-petersburg	Igor Čeminava	igorceminava	DEF	23.03.1991	0	https://www.eurofotbal.cz/kluby/rusko/zenit-petrohrad/soupiska/2010/
eu_russia_zenit-st-petersburg	Tomáš Hubočan	tomashubocan	DEF	17.09.1985	23	https://www.eurofotbal.cz/kluby/rusko/zenit-petrohrad/soupiska/2010/
eu_russia_zenit-st-petersburg	Aleksandr Chochlov	aleksandrchochlov	DEF	30.09.1988	0	https://www.eurofotbal.cz/kluby/rusko/zenit-petrohrad/soupiska/2010/
eu_russia_zenit-st-petersburg	Ivica Križanac	ivicakrizanac	DEF	13.04.1979	14	https://www.eurofotbal.cz/kluby/rusko/zenit-petrohrad/soupiska/2010/
eu_russia_zenit-st-petersburg	Nicolas Lombaerts	nicolaslombaerts	DEF	20.03.1985	26	https://www.eurofotbal.cz/kluby/rusko/zenit-petrohrad/soupiska/2010/
eu_russia_zenit-st-petersburg	Aleksandar Luković	aleksandarlukovic	DEF	23.10.1982	11	https://www.eurofotbal.cz/kluby/rusko/zenit-petrohrad/soupiska/2010/
eu_russia_zenit-st-petersburg	Michael Lumb	michaellumb	DEF	09.01.1988	2	https://www.eurofotbal.cz/kluby/rusko/zenit-petrohrad/soupiska/2010/
eu_russia_zenit-st-petersburg	Fernando Meira	fernandomeira	DEF	05.06.1978	11	https://www.eurofotbal.cz/kluby/rusko/zenit-petrohrad/soupiska/2010/
eu_russia_zenit-st-petersburg	Radek Šírl	radeksirl	DEF	20.03.1981	0	https://www.eurofotbal.cz/kluby/rusko/zenit-petrohrad/soupiska/2010/
eu_russia_zenit-st-petersburg	Vladimir Bystrov	vladimirbystrov	MID	31.01.1984	25	https://www.eurofotbal.cz/kluby/rusko/zenit-petrohrad/soupiska/2010/
eu_russia_zenit-st-petersburg	Danny	danny	MID	07.08.1983	27	https://www.eurofotbal.cz/kluby/rusko/zenit-petrohrad/soupiska/2010/
eu_russia_zenit-st-petersburg	Igor Denisov	igordenisov	MID	17.05.1984	24	https://www.eurofotbal.cz/kluby/rusko/zenit-petrohrad/soupiska/2010/
eu_russia_zenit-st-petersburg	Viktor Fajzulin	viktorfajzulin	MID	22.04.1986	14	https://www.eurofotbal.cz/kluby/rusko/zenit-petrohrad/soupiska/2010/
eu_russia_zenit-st-petersburg	Szabolcs Huszti	szabolcshuszti	MID	18.04.1983	12	https://www.eurofotbal.cz/kluby/rusko/zenit-petrohrad/soupiska/2010/
eu_russia_zenit-st-petersburg	Aleksej Ionov	aleksejionov	MID	18.02.1989	11	https://www.eurofotbal.cz/kluby/rusko/zenit-petrohrad/soupiska/2010/
eu_russia_zenit-st-petersburg	Alessandro Rosina	alessandrorosina	MID	31.01.1984	15	https://www.eurofotbal.cz/kluby/rusko/zenit-petrohrad/soupiska/2010/
eu_russia_zenit-st-petersburg	Sergej Semak	sergejsemak	MID	27.02.1976	12	https://www.eurofotbal.cz/kluby/rusko/zenit-petrohrad/soupiska/2010/
eu_russia_zenit-st-petersburg	Roman Širokov	romansirokov	MID	06.07.1981	21	https://www.eurofotbal.cz/kluby/rusko/zenit-petrohrad/soupiska/2010/
eu_russia_zenit-st-petersburg	Konstantin Zyrjanov	konstantinzyrjanov	MID	05.10.1977	28	https://www.eurofotbal.cz/kluby/rusko/zenit-petrohrad/soupiska/2010/
eu_russia_zenit-st-petersburg	Aleksandr Bucharov	aleksandrbucharov	ATT	12.03.1985	10	https://www.eurofotbal.cz/kluby/rusko/zenit-petrohrad/soupiska/2010/
eu_russia_zenit-st-petersburg	Maksim Kanunnikov	maksimkanunnikov	ATT	14.07.1991	12	https://www.eurofotbal.cz/kluby/rusko/zenit-petrohrad/soupiska/2010/
eu_russia_zenit-st-petersburg	Aleksandr Keržakov	aleksandrkerzakov	ATT	27.11.1982	28	https://www.eurofotbal.cz/kluby/rusko/zenit-petrohrad/soupiska/2010/
eu_russia_zenit-st-petersburg	Danko Lazović	dankolazovic	ATT	17.05.1983	20	https://www.eurofotbal.cz/kluby/rusko/zenit-petrohrad/soupiska/2010/
eu_russia_dynamo-moscow	Vladimir Gabulov	vladimirgabulov	GK	19.10.1983	21	https://www.eurofotbal.cz/kluby/rusko/dinamo-moskva/soupiska/2010/
eu_russia_dynamo-moscow	Sergej Panov	sergejpanov	GK	13.07.1989	0	https://www.eurofotbal.cz/kluby/rusko/dinamo-moskva/soupiska/2010/
eu_russia_dynamo-moscow	Anton Šunin	antonsunin	GK	27.01.1987	9	https://www.eurofotbal.cz/kluby/rusko/dinamo-moskva/soupiska/2010/
eu_russia_dynamo-moscow	Aleksandr Dimidko	aleksandrdimidko	DEF	20.01.1986	0	https://www.eurofotbal.cz/kluby/rusko/dinamo-moskva/soupiska/2010/
eu_russia_dynamo-moscow	Alexandru Epureanu	alexandruepureanu	DEF	27.09.1986	23	https://www.eurofotbal.cz/kluby/rusko/dinamo-moskva/soupiska/2010/
eu_russia_dynamo-moscow	Leandro Fernández	leandrofernandez	DEF	30.01.1983	20	https://www.eurofotbal.cz/kluby/rusko/dinamo-moskva/soupiska/2010/
eu_russia_dynamo-moscow	Vladimir Granat	vladimirgranat	DEF	22.05.1987	22	https://www.eurofotbal.cz/kluby/rusko/dinamo-moskva/soupiska/2010/
eu_russia_dynamo-moscow	Vladimir Kisenkov	vladimirkisenkov	DEF	08.10.1981	0	https://www.eurofotbal.cz/kluby/rusko/dinamo-moskva/soupiska/2010/
eu_russia_dynamo-moscow	Denis Kolodin	deniskolodin	DEF	11.01.1982	15	https://www.eurofotbal.cz/kluby/rusko/dinamo-moskva/soupiska/2010/
eu_russia_dynamo-moscow	Marcin Kowalczyk	marcinkowalczyk	DEF	09.04.1985	8	https://www.eurofotbal.cz/kluby/rusko/dinamo-moskva/soupiska/2010/
eu_russia_dynamo-moscow	Marko Lomić	markolomic	DEF	13.09.1983	11	https://www.eurofotbal.cz/kluby/rusko/dinamo-moskva/soupiska/2010/
eu_russia_dynamo-moscow	Ihar Šytaw	iharsytaw	DEF	24.10.1986	0	https://www.eurofotbal.cz/kluby/rusko/dinamo-moskva/soupiska/2010/
eu_russia_dynamo-moscow	Luke Wilkshire	lukewilkshire	DEF	02.10.1981	26	https://www.eurofotbal.cz/kluby/rusko/dinamo-moskva/soupiska/2010/
eu_russia_dynamo-moscow	Luís Aguiar	luisaguiar	MID	17.11.1985	0	https://www.eurofotbal.cz/kluby/rusko/dinamo-moskva/soupiska/2010/
eu_russia_dynamo-moscow	Edgaras Česnauskis	edgarascesnauskis	MID	05.02.1984	22	https://www.eurofotbal.cz/kluby/rusko/dinamo-moskva/soupiska/2010/
eu_russia_dynamo-moscow	Aleksandr Denisov	aleksandrdenisov	MID	23.02.1989	0	https://www.eurofotbal.cz/kluby/rusko/dinamo-moskva/soupiska/2010/
eu_russia_dynamo-moscow	Tomislav Dujmović	tomislavdujmovic	MID	26.02.1981	13	https://www.eurofotbal.cz/kluby/rusko/dinamo-moskva/soupiska/2010/
eu_russia_dynamo-moscow	Alan Gatagov	alangatagov	MID	23.01.1991	0	https://www.eurofotbal.cz/kluby/rusko/dinamo-moskva/soupiska/2010/
eu_russia_dynamo-moscow	Dmitrij Chochlov	dmitrijchochlov	MID	22.12.1975	20	https://www.eurofotbal.cz/kluby/rusko/dinamo-moskva/soupiska/2010/
eu_russia_dynamo-moscow	Dmitrij Kombarov	dmitrijkombarov	MID	22.01.1987	16	https://www.eurofotbal.cz/kluby/rusko/dinamo-moskva/soupiska/2010/
eu_russia_dynamo-moscow	Kirill Kombarov	kirillkombarov	MID	22.01.1987	11	https://www.eurofotbal.cz/kluby/rusko/dinamo-moskva/soupiska/2010/
eu_russia_dynamo-moscow	Pavel Njachajčyk	pavelnjachajcyk	MID	15.07.1988	0	https://www.eurofotbal.cz/kluby/rusko/dinamo-moskva/soupiska/2010/
eu_russia_dynamo-moscow	Aleksej Rebko	aleksejrebko	MID	23.04.1986	19	https://www.eurofotbal.cz/kluby/rusko/dinamo-moskva/soupiska/2010/
eu_russia_dynamo-moscow	Adrian Ropotan	adrianropotan	MID	08.05.1986	20	https://www.eurofotbal.cz/kluby/rusko/dinamo-moskva/soupiska/2010/
eu_russia_dynamo-moscow	Aleksandr Samedov	aleksandrsamedov	MID	19.07.1984	27	https://www.eurofotbal.cz/kluby/rusko/dinamo-moskva/soupiska/2010/
eu_russia_dynamo-moscow	Igor Semšov	igorsemsov	MID	06.04.1978	29	https://www.eurofotbal.cz/kluby/rusko/dinamo-moskva/soupiska/2010/
eu_russia_dynamo-moscow	Borys Taščyj	borystascyj	MID	26.07.1993	0	https://www.eurofotbal.cz/kluby/rusko/dinamo-moskva/soupiska/2010/
eu_russia_dynamo-moscow	Sergej Těrechov	sergejterechov	MID	27.06.1990	0	https://www.eurofotbal.cz/kluby/rusko/dinamo-moskva/soupiska/2010/
eu_russia_dynamo-moscow	Martin Jakubko	martinjakubko	ATT	26.02.1980	11	https://www.eurofotbal.cz/kluby/rusko/dinamo-moskva/soupiska/2010/
eu_russia_dynamo-moscow	Aleksandr Kokorin	aleksandrkokorin	ATT	19.03.1991	24	https://www.eurofotbal.cz/kluby/rusko/dinamo-moskva/soupiska/2010/
eu_russia_dynamo-moscow	Kevin Kurányi	kevinkuranyi	ATT	02.03.1982	16	https://www.eurofotbal.cz/kluby/rusko/dinamo-moskva/soupiska/2010/
eu_russia_dynamo-moscow	Iraklij Logua	iraklijlogua	ATT	29.07.1991	1	https://www.eurofotbal.cz/kluby/rusko/dinamo-moskva/soupiska/2010/
eu_russia_dynamo-moscow	Fjodor Smolov	fjodorsmolov	ATT	09.02.1990	2	https://www.eurofotbal.cz/kluby/rusko/dinamo-moskva/soupiska/2010/
eu_russia_dynamo-moscow	Viktor Svežov	viktorsvezov	ATT	17.05.1991	0	https://www.eurofotbal.cz/kluby/rusko/dinamo-moskva/soupiska/2010/
eu_russia_dynamo-moscow	Andrij Voronin	andrijvoronin	ATT	21.07.1979	26	https://www.eurofotbal.cz/kluby/rusko/dinamo-moskva/soupiska/2010/
eu_scotland_aberdeen	Mark Howard	markhoward	GK	21.09.1986	9	https://www.eurofotbal.cz/kluby/skotsko/aberdeen-fc/soupiska/2010-2011/
eu_scotland_aberdeen	James Langfield	jameslangfield	GK	22.12.1979	35	https://www.eurofotbal.cz/kluby/skotsko/aberdeen-fc/soupiska/2010-2011/
eu_scotland_aberdeen	Colin Meldrum	colinmeldrum	GK	26.11.1975	0	https://www.eurofotbal.cz/kluby/skotsko/aberdeen-fc/soupiska/2010-2011/
eu_scotland_aberdeen	Myles Anderson	mylesanderson	DEF	09.01.1990	1	https://www.eurofotbal.cz/kluby/skotsko/aberdeen-fc/soupiska/2010-2011/
eu_scotland_aberdeen	Andrew Considine	andrewconsidine	DEF	01.04.1987	31	https://www.eurofotbal.cz/kluby/skotsko/aberdeen-fc/soupiska/2010-2011/
eu_scotland_aberdeen	Zander Diamond	zanderdiamond	DEF	12.03.1985	36	https://www.eurofotbal.cz/kluby/skotsko/aberdeen-fc/soupiska/2010-2011/
eu_scotland_aberdeen	Jerel Ifil	jerelifil	DEF	27.06.1982	17	https://www.eurofotbal.cz/kluby/skotsko/aberdeen-fc/soupiska/2010-2011/
eu_scotland_aberdeen	Rory McArdle	rorymcardle	DEF	01.05.1987	31	https://www.eurofotbal.cz/kluby/skotsko/aberdeen-fc/soupiska/2010-2011/
eu_scotland_aberdeen	David McNamee	davidmcnamee	DEF	10.10.1980	11	https://www.eurofotbal.cz/kluby/skotsko/aberdeen-fc/soupiska/2010-2011/
eu_scotland_aberdeen	Clark Robertson	clarkrobertson	DEF	05.09.1993	13	https://www.eurofotbal.cz/kluby/skotsko/aberdeen-fc/soupiska/2010-2011/
eu_scotland_aberdeen	Scott Ross	scottross	DEF	19.04.1991	0	https://www.eurofotbal.cz/kluby/skotsko/aberdeen-fc/soupiska/2010-2011/
eu_scotland_aberdeen	Joseph Shaughnessy	josephshaughnessy	DEF	06.07.1992	1	https://www.eurofotbal.cz/kluby/skotsko/aberdeen-fc/soupiska/2010-2011/
eu_scotland_aberdeen	Steven Smith	stevensmith	DEF	30.08.1985	19	https://www.eurofotbal.cz/kluby/skotsko/aberdeen-fc/soupiska/2010-2011/
eu_scotland_aberdeen	Stirling Smith	stirlingsmith	DEF	02.03.1991	0	https://www.eurofotbal.cz/kluby/skotsko/aberdeen-fc/soupiska/2010-2011/
eu_scotland_aberdeen	Nikola Vujadinović	nikolavujadinovic	DEF	31.07.1986	22	https://www.eurofotbal.cz/kluby/skotsko/aberdeen-fc/soupiska/2010-2011/
eu_scotland_aberdeen	Stuart Duff	stuartduff	MID	23.01.1982	0	https://www.eurofotbal.cz/kluby/skotsko/aberdeen-fc/soupiska/2010-2011/
eu_scotland_aberdeen	Yoann Folly	yoannfolly	MID	06.06.1985	18	https://www.eurofotbal.cz/kluby/skotsko/aberdeen-fc/soupiska/2010-2011/
eu_scotland_aberdeen	Ricky Foster	rickyfoster	MID	31.07.1985	1	https://www.eurofotbal.cz/kluby/skotsko/aberdeen-fc/soupiska/2010-2011/
eu_scotland_aberdeen	Ryan Fraser	ryanfraser	MID	24.02.1994	1	https://www.eurofotbal.cz/kluby/skotsko/aberdeen-fc/soupiska/2010-2011/
eu_scotland_aberdeen	Fraser Fyvie	fraserfyvie	MID	27.03.1993	5	https://www.eurofotbal.cz/kluby/skotsko/aberdeen-fc/soupiska/2010-2011/
eu_scotland_aberdeen	Jack Grimmer	jackgrimmer	MID	25.01.1994	2	https://www.eurofotbal.cz/kluby/skotsko/aberdeen-fc/soupiska/2010-2011/
eu_scotland_aberdeen	Hállur Hánsson	hallurhansson	MID	08.07.1992	1	https://www.eurofotbal.cz/kluby/skotsko/aberdeen-fc/soupiska/2010-2011/
eu_scotland_aberdeen	Paul Hartley	paulhartley	MID	19.10.1976	27	https://www.eurofotbal.cz/kluby/skotsko/aberdeen-fc/soupiska/2010-2011/
eu_scotland_aberdeen	Ryan Jack	ryanjack	MID	27.02.1992	33	https://www.eurofotbal.cz/kluby/skotsko/aberdeen-fc/soupiska/2010-2011/
eu_scotland_aberdeen	Nicky Low	nickylow	MID	06.01.1992	1	https://www.eurofotbal.cz/kluby/skotsko/aberdeen-fc/soupiska/2010-2011/
eu_scotland_aberdeen	Mitchell Megginson	mitchellmegginson	MID	27.07.1992	6	https://www.eurofotbal.cz/kluby/skotsko/aberdeen-fc/soupiska/2010-2011/
eu_scotland_aberdeen	Robert Milsom	robertmilsom	MID	02.01.1987	22	https://www.eurofotbal.cz/kluby/skotsko/aberdeen-fc/soupiska/2010-2011/
eu_scotland_aberdeen	Peter Pawlett	peterpawlett	MID	03.02.1991	13	https://www.eurofotbal.cz/kluby/skotsko/aberdeen-fc/soupiska/2010-2011/
eu_scotland_aberdeen	Sone Aluko	sonealuko	ATT	19.02.1989	31	https://www.eurofotbal.cz/kluby/skotsko/aberdeen-fc/soupiska/2010-2011/
eu_scotland_aberdeen	Nick Blackman	nickblackman	ATT	11.11.1989	17	https://www.eurofotbal.cz/kluby/skotsko/aberdeen-fc/soupiska/2010-2011/
eu_scotland_aberdeen	Darren Mackie	darrenmackie	ATT	05.01.1982	11	https://www.eurofotbal.cz/kluby/skotsko/aberdeen-fc/soupiska/2010-2011/
eu_scotland_aberdeen	Josh Magennis	joshmagennis	ATT	15.08.1990	33	https://www.eurofotbal.cz/kluby/skotsko/aberdeen-fc/soupiska/2010-2011/
eu_scotland_aberdeen	Chris Maguire	chrismaguire	ATT	16.01.1989	39	https://www.eurofotbal.cz/kluby/skotsko/aberdeen-fc/soupiska/2010-2011/
eu_scotland_aberdeen	Michael Paton	michaelpaton	ATT	25.03.1989	11	https://www.eurofotbal.cz/kluby/skotsko/aberdeen-fc/soupiska/2010-2011/
eu_scotland_aberdeen	Andrius Velička	andriusvelicka	ATT	05.04.1979	6	https://www.eurofotbal.cz/kluby/skotsko/aberdeen-fc/soupiska/2010-2011/
eu_scotland_aberdeen	Scott Vernon	scottvernon	ATT	13.12.1983	37	https://www.eurofotbal.cz/kluby/skotsko/aberdeen-fc/soupiska/2010-2011/
eu_scotland_aberdeen	Derek Young	derekyoung	ATT	27.05.1980	32	https://www.eurofotbal.cz/kluby/skotsko/aberdeen-fc/soupiska/2010-2011/
eu_scotland_celtic	Dominic Cervi	dominiccervi	GK	09.07.1986	0	https://www.eurofotbal.cz/kluby/skotsko/celtic-fc/soupiska/2010-2011/
eu_scotland_celtic	Fraser Forster	fraserforster	GK	17.03.1988	44	https://www.eurofotbal.cz/kluby/skotsko/celtic-fc/soupiska/2010-2011/
eu_scotland_celtic	Łukasz Załuska	ukaszzauska	GK	16.06.1982	8	https://www.eurofotbal.cz/kluby/skotsko/celtic-fc/soupiska/2010-2011/
eu_scotland_celtic	Andreas Hinkel	andreashinkel	DEF	26.03.1982	0	https://www.eurofotbal.cz/kluby/skotsko/celtic-fc/soupiska/2010-2011/
eu_scotland_celtic	Jos Hooiveld	joshooiveld	DEF	22.04.1983	8	https://www.eurofotbal.cz/kluby/skotsko/celtic-fc/soupiska/2010-2011/
eu_scotland_celtic	Du-Ri Cha	duricha	DEF	25.07.1980	21	https://www.eurofotbal.cz/kluby/skotsko/celtic-fc/soupiska/2010-2011/
eu_scotland_celtic	Emilio Izaguirre	emilioizaguirre	DEF	10.05.1986	42	https://www.eurofotbal.cz/kluby/skotsko/celtic-fc/soupiska/2010-2011/
eu_scotland_celtic	Glenn Loovens	glennloovens	DEF	22.10.1983	21	https://www.eurofotbal.cz/kluby/skotsko/celtic-fc/soupiska/2010-2011/
eu_scotland_celtic	Daniel Majstorović	danielmajstorovic	DEF	05.04.1977	40	https://www.eurofotbal.cz/kluby/skotsko/celtic-fc/soupiska/2010-2011/
eu_scotland_celtic	Milan Mišůn	milanmisun	DEF	21.02.1990	0	https://www.eurofotbal.cz/kluby/skotsko/celtic-fc/soupiska/2010-2011/
eu_scotland_celtic	Charlie Mulgrew	charliemulgrew	DEF	06.03.1986	34	https://www.eurofotbal.cz/kluby/skotsko/celtic-fc/soupiska/2010-2011/
eu_scotland_celtic	Lee Naylor	leenaylor	DEF	19.03.1980	0	https://www.eurofotbal.cz/kluby/skotsko/celtic-fc/soupiska/2010-2011/
eu_scotland_celtic	Darren O'Dea	darrenodea	DEF	04.02.1987	0	https://www.eurofotbal.cz/kluby/skotsko/celtic-fc/soupiska/2010-2011/
eu_scotland_celtic	Thomas Rogne	thomasrogne	DEF	29.06.1990	19	https://www.eurofotbal.cz/kluby/skotsko/celtic-fc/soupiska/2010-2011/
eu_scotland_celtic	Lewis Toshney	lewistoshney	DEF	26.04.1992	1	https://www.eurofotbal.cz/kluby/skotsko/celtic-fc/soupiska/2010-2011/
eu_scotland_celtic	Mark Wilson	markwilson	DEF	05.06.1984	32	https://www.eurofotbal.cz/kluby/skotsko/celtic-fc/soupiska/2010-2011/
eu_scotland_celtic	Scott Brown	scottbrown	MID	25.06.1985	38	https://www.eurofotbal.cz/kluby/skotsko/celtic-fc/soupiska/2010-2011/
eu_scotland_celtic	Kris Commons	kriscommons	MID	30.08.1983	21	https://www.eurofotbal.cz/kluby/skotsko/celtic-fc/soupiska/2010-2011/
eu_scotland_celtic	Ryan Conroy	ryanconroy	MID	28.04.1987	0	https://www.eurofotbal.cz/kluby/skotsko/celtic-fc/soupiska/2010-2011/
eu_scotland_celtic	Marc Crosas	marccrosas	MID	09.01.1988	2	https://www.eurofotbal.cz/kluby/skotsko/celtic-fc/soupiska/2010-2011/
eu_scotland_celtic	Efraín Juárez	efrainjuarez	MID	22.02.1988	20	https://www.eurofotbal.cz/kluby/skotsko/celtic-fc/soupiska/2010-2011/
eu_scotland_celtic	Biram Kayal	biramkayal	MID	02.05.1988	29	https://www.eurofotbal.cz/kluby/skotsko/celtic-fc/soupiska/2010-2011/
eu_scotland_celtic	Sung-yueng Ki	sungyuengki	MID	24.01.1989	35	https://www.eurofotbal.cz/kluby/skotsko/celtic-fc/soupiska/2010-2011/
eu_scotland_celtic	Joe Ledley	joeledley	MID	23.01.1987	40	https://www.eurofotbal.cz/kluby/skotsko/celtic-fc/soupiska/2010-2011/
eu_scotland_celtic	Fredrik Ljungberg	fredrikljungberg	MID	16.04.1977	7	https://www.eurofotbal.cz/kluby/skotsko/celtic-fc/soupiska/2010-2011/
eu_scotland_celtic	Shaun Maloney	shaunmaloney	MID	24.01.1983	27	https://www.eurofotbal.cz/kluby/skotsko/celtic-fc/soupiska/2010-2011/
eu_scotland_celtic	Paddy McCourt	paddymccourt	MID	16.12.1983	31	https://www.eurofotbal.cz/kluby/skotsko/celtic-fc/soupiska/2010-2011/
eu_scotland_celtic	Niall McGinn	niallmcginn	MID	20.07.1987	12	https://www.eurofotbal.cz/kluby/skotsko/celtic-fc/soupiska/2010-2011/
eu_scotland_celtic	Anthony Robic	anthonyrobic	MID	05.03.1986	0	https://www.eurofotbal.cz/kluby/skotsko/celtic-fc/soupiska/2010-2011/
eu_scotland_celtic	Richard Towell	richardtowell	MID	17.07.1991	1	https://www.eurofotbal.cz/kluby/skotsko/celtic-fc/soupiska/2010-2011/
eu_scotland_celtic	James Forrest	jamesforrest	ATT	07.07.1991	24	https://www.eurofotbal.cz/kluby/skotsko/celtic-fc/soupiska/2010-2011/
eu_scotland_celtic	Marc-Antoine Fortuné	marcantoinefortune	ATT	02.07.1981	5	https://www.eurofotbal.cz/kluby/skotsko/celtic-fc/soupiska/2010-2011/
eu_scotland_celtic	Gary Hooper	garyhooper	ATT	26.01.1988	36	https://www.eurofotbal.cz/kluby/skotsko/celtic-fc/soupiska/2010-2011/
eu_scotland_celtic	Ben Hutchinson	benhutchinson	ATT	27.11.1987	0	https://www.eurofotbal.cz/kluby/skotsko/celtic-fc/soupiska/2010-2011/
eu_scotland_celtic	Olivier Kapo	olivierkapo	ATT	27.09.1980	2	https://www.eurofotbal.cz/kluby/skotsko/celtic-fc/soupiska/2010-2011/
eu_scotland_celtic	James Keatings	jameskeatings	ATT	20.01.1992	0	https://www.eurofotbal.cz/kluby/skotsko/celtic-fc/soupiska/2010-2011/
eu_scotland_celtic	Daryl Murphy	darylmurphy	ATT	15.03.1983	21	https://www.eurofotbal.cz/kluby/skotsko/celtic-fc/soupiska/2010-2011/
eu_scotland_celtic	Morten Rasmussen	mortenrasmussen	ATT	31.01.1985	0	https://www.eurofotbal.cz/kluby/skotsko/celtic-fc/soupiska/2010-2011/
eu_scotland_celtic	Georgios Samaras	georgiossamaras	ATT	21.02.1985	33	https://www.eurofotbal.cz/kluby/skotsko/celtic-fc/soupiska/2010-2011/
eu_scotland_celtic	Cillian Sheridan	cilliansheridan	ATT	23.02.1989	0	https://www.eurofotbal.cz/kluby/skotsko/celtic-fc/soupiska/2010-2011/
eu_scotland_celtic	Paul Slane	paulslane	ATT	25.11.1991	0	https://www.eurofotbal.cz/kluby/skotsko/celtic-fc/soupiska/2010-2011/
eu_scotland_celtic	Anthony Stokes	anthonystokes	ATT	25.07.1988	34	https://www.eurofotbal.cz/kluby/skotsko/celtic-fc/soupiska/2010-2011/
eu_scotland_rangers	Neil Alexander	neilalexander	GK	10.03.1978	6	https://www.eurofotbal.cz/kluby/skotsko/rangers-fc/soupiska/2010-2011/
eu_scotland_rangers	Allan McGregor	allanmcgregor	GK	31.01.1982	48	https://www.eurofotbal.cz/kluby/skotsko/rangers-fc/soupiska/2010-2011/
eu_scotland_rangers	Kyle Bartley	kylebartley	DEF	22.05.1991	9	https://www.eurofotbal.cz/kluby/skotsko/rangers-fc/soupiska/2010-2011/
eu_scotland_rangers	Madjid Bougherra	madjidbougherra	DEF	07.10.1982	46	https://www.eurofotbal.cz/kluby/skotsko/rangers-fc/soupiska/2010-2011/
eu_scotland_rangers	Kirk Broadfoot	kirkbroadfoot	DEF	08.08.1984	13	https://www.eurofotbal.cz/kluby/skotsko/rangers-fc/soupiska/2010-2011/
eu_scotland_rangers	Darren Cole	darrencole	DEF	03.01.1992	1	https://www.eurofotbal.cz/kluby/skotsko/rangers-fc/soupiska/2010-2011/
eu_scotland_rangers	Ricky Foster	rickyfoster	DEF	31.07.1985	24	https://www.eurofotbal.cz/kluby/skotsko/rangers-fc/soupiska/2010-2011/
eu_scotland_rangers	Jordan McMillan	jordanmcmillan	DEF	16.10.1988	1	https://www.eurofotbal.cz/kluby/skotsko/rangers-fc/soupiska/2010-2011/
eu_scotland_rangers	Saša Papac	sasapapac	DEF	07.02.1980	46	https://www.eurofotbal.cz/kluby/skotsko/rangers-fc/soupiska/2010-2011/
eu_scotland_rangers	Ross Perry	rossperry	DEF	07.02.1990	0	https://www.eurofotbal.cz/kluby/skotsko/rangers-fc/soupiska/2010-2011/
eu_scotland_rangers	Andy Webster	andywebster	DEF	23.04.1982	1	https://www.eurofotbal.cz/kluby/skotsko/rangers-fc/soupiska/2010-2011/
eu_scotland_rangers	David Weir	davidweir	DEF	10.05.1970	53	https://www.eurofotbal.cz/kluby/skotsko/rangers-fc/soupiska/2010-2011/
eu_scotland_rangers	Steven Whittaker	stevenwhittaker	DEF	16.06.1984	52	https://www.eurofotbal.cz/kluby/skotsko/rangers-fc/soupiska/2010-2011/
eu_scotland_rangers	Gregg Wylde	greggwylde	DEF	23.03.1991	20	https://www.eurofotbal.cz/kluby/skotsko/rangers-fc/soupiska/2010-2011/
eu_scotland_rangers	Steven Davis	stevendavis	MID	01.01.1985	52	https://www.eurofotbal.cz/kluby/skotsko/rangers-fc/soupiska/2010-2011/
eu_scotland_rangers	Maurice Edu	mauriceedu	MID	18.04.1986	47	https://www.eurofotbal.cz/kluby/skotsko/rangers-fc/soupiska/2010-2011/
eu_scotland_rangers	Kyle Hutton	kylehutton	MID	15.02.1991	13	https://www.eurofotbal.cz/kluby/skotsko/rangers-fc/soupiska/2010-2011/
eu_scotland_rangers	Thomas Kind Bendiksen	thomaskindbendiksen	MID	08.08.1989	0	https://www.eurofotbal.cz/kluby/skotsko/rangers-fc/soupiska/2010-2011/
eu_scotland_rangers	Jamie Ness	jamieness	MID	02.03.1991	13	https://www.eurofotbal.cz/kluby/skotsko/rangers-fc/soupiska/2010-2011/
eu_scotland_rangers	Andrew Shinnie	andrewshinnie	MID	17.07.1989	0	https://www.eurofotbal.cz/kluby/skotsko/rangers-fc/soupiska/2010-2011/
eu_scotland_rangers	Vladimír Weiss	vladimirweiss	MID	30.11.1989	34	https://www.eurofotbal.cz/kluby/skotsko/rangers-fc/soupiska/2010-2011/
eu_scotland_rangers	James Beattie	jamesbeattie	ATT	27.02.1978	10	https://www.eurofotbal.cz/kluby/skotsko/rangers-fc/soupiska/2010-2011/
eu_scotland_rangers	El-Hadji Diouf	elhadjidiouf	ATT	15.01.1981	22	https://www.eurofotbal.cz/kluby/skotsko/rangers-fc/soupiska/2010-2011/
eu_scotland_rangers	John Fleck	johnfleck	ATT	24.08.1991	17	https://www.eurofotbal.cz/kluby/skotsko/rangers-fc/soupiska/2010-2011/
eu_scotland_rangers	David Healy	davidhealy	ATT	05.08.1979	10	https://www.eurofotbal.cz/kluby/skotsko/rangers-fc/soupiska/2010-2011/
eu_scotland_rangers	Nikica Jelavić	nikicajelavic	ATT	27.08.1985	26	https://www.eurofotbal.cz/kluby/skotsko/rangers-fc/soupiska/2010-2011/
eu_scotland_rangers	Salim Kerkar	salimkerkar	ATT	04.08.1987	1	https://www.eurofotbal.cz/kluby/skotsko/rangers-fc/soupiska/2010-2011/
eu_scotland_rangers	Kyle Lafferty	kylelafferty	ATT	16.09.1987	43	https://www.eurofotbal.cz/kluby/skotsko/rangers-fc/soupiska/2010-2011/
eu_scotland_rangers	Andrew Little	andrewlittle	ATT	12.05.1989	1	https://www.eurofotbal.cz/kluby/skotsko/rangers-fc/soupiska/2010-2011/
eu_scotland_rangers	Rory Loy	roryloy	ATT	19.03.1988	1	https://www.eurofotbal.cz/kluby/skotsko/rangers-fc/soupiska/2010-2011/
eu_scotland_rangers	Lee McCulloch	leemcculloch	ATT	14.05.1978	29	https://www.eurofotbal.cz/kluby/skotsko/rangers-fc/soupiska/2010-2011/
eu_scotland_rangers	Kenny Miller	kennymiller	ATT	23.12.1979	25	https://www.eurofotbal.cz/kluby/skotsko/rangers-fc/soupiska/2010-2011/
eu_scotland_rangers	Steven Naismith	stevennaismith	ATT	14.09.1986	43	https://www.eurofotbal.cz/kluby/skotsko/rangers-fc/soupiska/2010-2011/
eu_scotland_rangers	Andrius Velička	andriusvelicka	ATT	05.04.1979	0	https://www.eurofotbal.cz/kluby/skotsko/rangers-fc/soupiska/2010-2011/
eu_scotland_heart-of-midlothian	Janos Balogh	janosbalogh	GK	29.11.1982	0	https://www.eurofotbal.cz/kluby/skotsko/heart-of-midlothian/soupiska/2010-2011/
eu_scotland_heart-of-midlothian	Marián Kello	mariankello	GK	05.09.1982	31	https://www.eurofotbal.cz/kluby/skotsko/heart-of-midlothian/soupiska/2010-2011/
eu_scotland_heart-of-midlothian	Jamie MacDonald	jamiemacdonald	GK	17.04.1986	8	https://www.eurofotbal.cz/kluby/skotsko/heart-of-midlothian/soupiska/2010-2011/
eu_scotland_heart-of-midlothian	Darren Barr	darrenbarr	DEF	17.03.1985	13	https://www.eurofotbal.cz/kluby/skotsko/heart-of-midlothian/soupiska/2010-2011/
eu_scotland_heart-of-midlothian	Ismaël Bouzid	ismaelbouzid	DEF	21.07.1983	32	https://www.eurofotbal.cz/kluby/skotsko/heart-of-midlothian/soupiska/2010-2011/
eu_scotland_heart-of-midlothian	Dawid Kucharski	dawidkucharski	DEF	09.11.1984	0	https://www.eurofotbal.cz/kluby/skotsko/heart-of-midlothian/soupiska/2010-2011/
eu_scotland_heart-of-midlothian	Ryan McGowan	ryanmcgowan	DEF	15.08.1989	8	https://www.eurofotbal.cz/kluby/skotsko/heart-of-midlothian/soupiska/2010-2011/
eu_scotland_heart-of-midlothian	Craig Thomson	craigthomson	DEF	17.04.1991	27	https://www.eurofotbal.cz/kluby/skotsko/heart-of-midlothian/soupiska/2010-2011/
eu_scotland_heart-of-midlothian	Lee Wallace	leewallace	DEF	21.08.1987	9	https://www.eurofotbal.cz/kluby/skotsko/heart-of-midlothian/soupiska/2010-2011/
eu_scotland_heart-of-midlothian	Andy Webster	andywebster	DEF	23.04.1982	9	https://www.eurofotbal.cz/kluby/skotsko/heart-of-midlothian/soupiska/2010-2011/
eu_scotland_heart-of-midlothian	Marius Žaliūkas	mariuszaliukas	DEF	10.11.1983	29	https://www.eurofotbal.cz/kluby/skotsko/heart-of-midlothian/soupiska/2010-2011/
eu_scotland_heart-of-midlothian	Ian Black	ianblack	MID	14.03.1985	33	https://www.eurofotbal.cz/kluby/skotsko/heart-of-midlothian/soupiska/2010-2011/
eu_scotland_heart-of-midlothian	Andrew Driver	andrewdriver	MID	12.11.1987	14	https://www.eurofotbal.cz/kluby/skotsko/heart-of-midlothian/soupiska/2010-2011/
eu_scotland_heart-of-midlothian	Jason Holt	jasonholt	MID	19.02.1993	1	https://www.eurofotbal.cz/kluby/skotsko/heart-of-midlothian/soupiska/2010-2011/
eu_scotland_heart-of-midlothian	Eggert Jónsson	eggertjonsson	MID	18.08.1988	30	https://www.eurofotbal.cz/kluby/skotsko/heart-of-midlothian/soupiska/2010-2011/
eu_scotland_heart-of-midlothian	Adrian Mrowiec	adrianmrowiec	MID	01.12.1983	31	https://www.eurofotbal.cz/kluby/skotsko/heart-of-midlothian/soupiska/2010-2011/
eu_scotland_heart-of-midlothian	Arvydas Novikovas	arvydasnovikovas	MID	18.12.1990	7	https://www.eurofotbal.cz/kluby/skotsko/heart-of-midlothian/soupiska/2010-2011/
eu_scotland_heart-of-midlothian	David Obua	davidobua	MID	10.04.1984	15	https://www.eurofotbal.cz/kluby/skotsko/heart-of-midlothian/soupiska/2010-2011/
eu_scotland_heart-of-midlothian	Rubén Palazuelos	rubenpalazuelos	MID	11.04.1983	34	https://www.eurofotbal.cz/kluby/skotsko/heart-of-midlothian/soupiska/2010-2011/
eu_scotland_heart-of-midlothian	Matthew Park	matthewpark	MID	22.04.1988	0	https://www.eurofotbal.cz/kluby/skotsko/heart-of-midlothian/soupiska/2010-2011/
eu_scotland_heart-of-midlothian	Scott Robinson	scottrobinson	MID	11.03.1992	4	https://www.eurofotbal.cz/kluby/skotsko/heart-of-midlothian/soupiska/2010-2011/
eu_scotland_heart-of-midlothian	Suso Santana	susosantana	MID	02.03.1985	18	https://www.eurofotbal.cz/kluby/skotsko/heart-of-midlothian/soupiska/2010-2011/
eu_scotland_heart-of-midlothian	Rudolf Skácel	rudolfskacel	MID	17.07.1979	29	https://www.eurofotbal.cz/kluby/skotsko/heart-of-midlothian/soupiska/2010-2011/
eu_scotland_heart-of-midlothian	Gordon Smith	gordonsmith	MID	14.02.1991	0	https://www.eurofotbal.cz/kluby/skotsko/heart-of-midlothian/soupiska/2010-2011/
eu_scotland_heart-of-midlothian	Ryan Stevenson	ryanstevenson	MID	24.08.1984	32	https://www.eurofotbal.cz/kluby/skotsko/heart-of-midlothian/soupiska/2010-2011/
eu_scotland_heart-of-midlothian	Johnny Stewart	johnnystewart	MID	12.02.1990	0	https://www.eurofotbal.cz/kluby/skotsko/heart-of-midlothian/soupiska/2010-2011/
eu_scotland_heart-of-midlothian	Calum Elliot	calumelliot	ATT	30.03.1987	20	https://www.eurofotbal.cz/kluby/skotsko/heart-of-midlothian/soupiska/2010-2011/
eu_scotland_heart-of-midlothian	Stephen Elliott	stephenelliott	ATT	06.01.1984	31	https://www.eurofotbal.cz/kluby/skotsko/heart-of-midlothian/soupiska/2010-2011/
eu_scotland_heart-of-midlothian	Gary Glen	garyglen	ATT	12.03.1990	11	https://www.eurofotbal.cz/kluby/skotsko/heart-of-midlothian/soupiska/2010-2011/
eu_scotland_heart-of-midlothian	Kevin Kyle	kevinkyle	ATT	07.06.1981	20	https://www.eurofotbal.cz/kluby/skotsko/heart-of-midlothian/soupiska/2010-2011/
eu_scotland_heart-of-midlothian	Jamie Mole	jamiemole	ATT	01.06.1988	0	https://www.eurofotbal.cz/kluby/skotsko/heart-of-midlothian/soupiska/2010-2011/
eu_scotland_heart-of-midlothian	Robert Ogleby	robertogleby	ATT	05.01.1992	0	https://www.eurofotbal.cz/kluby/skotsko/heart-of-midlothian/soupiska/2010-2011/
eu_scotland_heart-of-midlothian	David Smith	davidsmith	ATT	01.03.1993	1	https://www.eurofotbal.cz/kluby/skotsko/heart-of-midlothian/soupiska/2010-2011/
eu_scotland_heart-of-midlothian	David Templeton	davidtempleton	ATT	07.01.1989	34	https://www.eurofotbal.cz/kluby/skotsko/heart-of-midlothian/soupiska/2010-2011/
eu_scotland_heart-of-midlothian	David Witteveen	davidwitteveen	ATT	05.05.1985	0	https://www.eurofotbal.cz/kluby/skotsko/heart-of-midlothian/soupiska/2010-2011/
eu_serbia_partizan-belgrade	Radiša Ilić	radisailic	GK	20.09.1977	7	https://www.eurofotbal.cz/kluby/srbsko/fk-partizan/soupiska/2010-2011/
eu_serbia_partizan-belgrade	Aleksandar Radosavljević	aleksandarradosavljevic	GK	21.12.1982	0	https://www.eurofotbal.cz/kluby/srbsko/fk-partizan/soupiska/2010-2011/
eu_serbia_partizan-belgrade	Vladimir Stojković	vladimirstojkovic	GK	28.07.1983	34	https://www.eurofotbal.cz/kluby/srbsko/fk-partizan/soupiska/2010-2011/
eu_serbia_partizan-belgrade	Živko Živković	zivkozivkovic	GK	14.04.1989	1	https://www.eurofotbal.cz/kluby/srbsko/fk-partizan/soupiska/2010-2011/
eu_serbia_partizan-belgrade	Marko Ćetković	markocetkovic	DEF	10.07.1986	0	https://www.eurofotbal.cz/kluby/srbsko/fk-partizan/soupiska/2010-2011/
eu_serbia_partizan-belgrade	Marko Jovanović	markojovanovic	DEF	26.03.1988	26	https://www.eurofotbal.cz/kluby/srbsko/fk-partizan/soupiska/2010-2011/
eu_serbia_partizan-belgrade	Joseph Kizito	josephkizito	DEF	27.07.1982	14	https://www.eurofotbal.cz/kluby/srbsko/fk-partizan/soupiska/2010-2011/
eu_serbia_partizan-belgrade	Mladen Krstajić	mladenkrstajic	DEF	04.03.1974	33	https://www.eurofotbal.cz/kluby/srbsko/fk-partizan/soupiska/2010-2011/
eu_serbia_partizan-belgrade	Mladen Lazarevič	mladenlazarevic	DEF	15.01.1984	0	https://www.eurofotbal.cz/kluby/srbsko/fk-partizan/soupiska/2010-2011/
eu_serbia_partizan-belgrade	Aleksandar Lazevski	aleksandarlazevski	DEF	21.01.1988	25	https://www.eurofotbal.cz/kluby/srbsko/fk-partizan/soupiska/2010-2011/
eu_serbia_partizan-belgrade	Aleksandar Miljković	aleksandarmiljkovic	DEF	26.02.1990	27	https://www.eurofotbal.cz/kluby/srbsko/fk-partizan/soupiska/2010-2011/
eu_serbia_partizan-belgrade	Matija Nastasić	matijanastasic	DEF	28.03.1993	0	https://www.eurofotbal.cz/kluby/srbsko/fk-partizan/soupiska/2010-2011/
eu_serbia_partizan-belgrade	Stefan Savić	stefansavic	DEF	08.01.1991	26	https://www.eurofotbal.cz/kluby/srbsko/fk-partizan/soupiska/2010-2011/
eu_serbia_partizan-belgrade	Vojislav Stanković	vojislavstankovic	DEF	22.09.1987	12	https://www.eurofotbal.cz/kluby/srbsko/fk-partizan/soupiska/2010-2011/
eu_serbia_partizan-belgrade	Ivan Stevanović	ivanstevanovic	DEF	15.02.1981	14	https://www.eurofotbal.cz/kluby/srbsko/fk-partizan/soupiska/2010-2011/
eu_serbia_partizan-belgrade	Bogdan Stević	bogdanstevic	DEF	04.06.1987	0	https://www.eurofotbal.cz/kluby/srbsko/fk-partizan/soupiska/2010-2011/
eu_serbia_partizan-belgrade	Stefan Babović	stefanbabovic	MID	07.01.1987	28	https://www.eurofotbal.cz/kluby/srbsko/fk-partizan/soupiska/2010-2011/
eu_serbia_partizan-belgrade	Darko Brašanac	darkobrasanac	MID	12.02.1992	5	https://www.eurofotbal.cz/kluby/srbsko/fk-partizan/soupiska/2010-2011/
eu_serbia_partizan-belgrade	Aleksandar Davidov	aleksandardavidov	MID	07.10.1983	19	https://www.eurofotbal.cz/kluby/srbsko/fk-partizan/soupiska/2010-2011/
eu_serbia_partizan-belgrade	Ljubomir Fejsa	ljubomirfejsa	MID	14.08.1988	2	https://www.eurofotbal.cz/kluby/srbsko/fk-partizan/soupiska/2010-2011/
eu_serbia_partizan-belgrade	Saša Ilić	sasailic	MID	30.12.1977	37	https://www.eurofotbal.cz/kluby/srbsko/fk-partizan/soupiska/2010-2011/
eu_serbia_partizan-belgrade	Ivica Iliev	ivicailiev	MID	27.10.1979	37	https://www.eurofotbal.cz/kluby/srbsko/fk-partizan/soupiska/2010-2011/
eu_serbia_partizan-belgrade	Branislav Jovanović	branislavjovanovic	MID	21.05.1985	2	https://www.eurofotbal.cz/kluby/srbsko/fk-partizan/soupiska/2010-2011/
eu_serbia_partizan-belgrade	Medo	medo	MID	16.11.1987	25	https://www.eurofotbal.cz/kluby/srbsko/fk-partizan/soupiska/2010-2011/
eu_serbia_partizan-belgrade	Almani Moreira	almanimoreira	MID	16.06.1978	14	https://www.eurofotbal.cz/kluby/srbsko/fk-partizan/soupiska/2010-2011/
eu_serbia_partizan-belgrade	Radosav Petrović	radosavpetrovic	MID	08.03.1989	36	https://www.eurofotbal.cz/kluby/srbsko/fk-partizan/soupiska/2010-2011/
eu_serbia_partizan-belgrade	Milan Smiljanić	milansmiljanic	MID	19.11.1986	27	https://www.eurofotbal.cz/kluby/srbsko/fk-partizan/soupiska/2010-2011/
eu_serbia_partizan-belgrade	Nemanja Tomić	nemanjatomic	MID	21.01.1988	31	https://www.eurofotbal.cz/kluby/srbsko/fk-partizan/soupiska/2010-2011/
eu_serbia_partizan-belgrade	Zvonimir Vukić	zvonimirvukic	MID	19.07.1979	13	https://www.eurofotbal.cz/kluby/srbsko/fk-partizan/soupiska/2010-2011/
eu_serbia_partizan-belgrade	Dominic Adiyiah	dominicadiyiah	ATT	29.11.1989	8	https://www.eurofotbal.cz/kluby/srbsko/fk-partizan/soupiska/2010-2011/
eu_serbia_partizan-belgrade	Miloš Bogunović	milosbogunovic	ATT	10.06.1985	8	https://www.eurofotbal.cz/kluby/srbsko/fk-partizan/soupiska/2010-2011/
eu_serbia_partizan-belgrade	Pierre Boya	pierreboya	ATT	16.01.1984	11	https://www.eurofotbal.cz/kluby/srbsko/fk-partizan/soupiska/2010-2011/
eu_serbia_partizan-belgrade	Cléo	cleo	ATT	09.08.1985	24	https://www.eurofotbal.cz/kluby/srbsko/fk-partizan/soupiska/2010-2011/
eu_serbia_partizan-belgrade	Žarko Lazetić	zarkolazetic	ATT	22.02.1982	0	https://www.eurofotbal.cz/kluby/srbsko/fk-partizan/soupiska/2010-2011/
eu_serbia_partizan-belgrade	Lazar Marković	lazarmarkovic	ATT	02.03.1994	1	https://www.eurofotbal.cz/kluby/srbsko/fk-partizan/soupiska/2010-2011/
eu_serbia_partizan-belgrade	Predrag Mijić	predragmijic	ATT	11.05.1984	0	https://www.eurofotbal.cz/kluby/srbsko/fk-partizan/soupiska/2010-2011/
eu_serbia_partizan-belgrade	Marko Šćepović	markoscepovic	ATT	23.05.1991	21	https://www.eurofotbal.cz/kluby/srbsko/fk-partizan/soupiska/2010-2011/
eu_serbia_partizan-belgrade	Prince Tagoe	princetagoe	ATT	09.11.1986	17	https://www.eurofotbal.cz/kluby/srbsko/fk-partizan/soupiska/2010-2011/
eu_serbia_red-star-belgrade	Boban Bajković	bobanbajkovic	GK	15.03.1985	10	https://www.eurofotbal.cz/kluby/srbsko/fk-crvena-zvezda/soupiska/2010-2011/
eu_serbia_red-star-belgrade	Bojan Pavlović	bojanpavlovic	GK	08.11.1986	0	https://www.eurofotbal.cz/kluby/srbsko/fk-crvena-zvezda/soupiska/2010-2011/
eu_serbia_red-star-belgrade	Saša Stamenković	sasastamenkovic	GK	05.01.1985	25	https://www.eurofotbal.cz/kluby/srbsko/fk-crvena-zvezda/soupiska/2010-2011/
eu_serbia_red-star-belgrade	Goran Adamović	goranadamovic	DEF	24.04.1987	0	https://www.eurofotbal.cz/kluby/srbsko/fk-crvena-zvezda/soupiska/2010-2011/
eu_serbia_red-star-belgrade	Lee Addy	leeaddy	DEF	07.07.1990	19	https://www.eurofotbal.cz/kluby/srbsko/fk-crvena-zvezda/soupiska/2010-2011/
eu_serbia_red-star-belgrade	Uroš Ćosić	uroscosic	DEF	24.10.1992	10	https://www.eurofotbal.cz/kluby/srbsko/fk-crvena-zvezda/soupiska/2010-2011/
eu_serbia_red-star-belgrade	Bojan Đorđević	bojanorevic	DEF	05.04.1984	0	https://www.eurofotbal.cz/kluby/srbsko/fk-crvena-zvezda/soupiska/2010-2011/
eu_serbia_red-star-belgrade	Slavoljub Đorđević	slavoljuborevic	DEF	15.02.1981	9	https://www.eurofotbal.cz/kluby/srbsko/fk-crvena-zvezda/soupiska/2010-2011/
eu_serbia_red-star-belgrade	Nikola Ignjatijević	nikolaignjatijevic	DEF	12.12.1983	7	https://www.eurofotbal.cz/kluby/srbsko/fk-crvena-zvezda/soupiska/2010-2011/
eu_serbia_red-star-belgrade	Danijel Mihajlović	danijelmihajlovic	DEF	02.06.1985	3	https://www.eurofotbal.cz/kluby/srbsko/fk-crvena-zvezda/soupiska/2010-2011/
eu_serbia_red-star-belgrade	Nikola Mikić	nikolamikic	DEF	13.09.1985	19	https://www.eurofotbal.cz/kluby/srbsko/fk-crvena-zvezda/soupiska/2010-2011/
eu_serbia_red-star-belgrade	Pavle Ninkov	pavleninkov	DEF	20.04.1985	28	https://www.eurofotbal.cz/kluby/srbsko/fk-crvena-zvezda/soupiska/2010-2011/
eu_serbia_red-star-belgrade	Stevan Reljić	stevanreljic	DEF	31.03.1986	10	https://www.eurofotbal.cz/kluby/srbsko/fk-crvena-zvezda/soupiska/2010-2011/
eu_serbia_red-star-belgrade	Uroš Spajić	urosspajic	DEF	13.02.1993	1	https://www.eurofotbal.cz/kluby/srbsko/fk-crvena-zvezda/soupiska/2010-2011/
eu_serbia_red-star-belgrade	Duško Tošić	duskotosic	DEF	19.01.1985	29	https://www.eurofotbal.cz/kluby/srbsko/fk-crvena-zvezda/soupiska/2010-2011/
eu_serbia_red-star-belgrade	Nikola Vasiljević	nikolavasiljevic	DEF	19.12.1983	0	https://www.eurofotbal.cz/kluby/srbsko/fk-crvena-zvezda/soupiska/2010-2011/
eu_serbia_red-star-belgrade	Milan Vilotić	milanvilotic	DEF	21.10.1986	14	https://www.eurofotbal.cz/kluby/srbsko/fk-crvena-zvezda/soupiska/2010-2011/
eu_serbia_red-star-belgrade	Marko Blažić	markoblazic	MID	02.08.1985	0	https://www.eurofotbal.cz/kluby/srbsko/fk-crvena-zvezda/soupiska/2010-2011/
eu_serbia_red-star-belgrade	Vladimir Bogdanović	vladimirbogdanovic	MID	05.10.1986	7	https://www.eurofotbal.cz/kluby/srbsko/fk-crvena-zvezda/soupiska/2010-2011/
eu_serbia_red-star-belgrade	Cadú	cadu	MID	31.08.1986	31	https://www.eurofotbal.cz/kluby/srbsko/fk-crvena-zvezda/soupiska/2010-2011/
eu_serbia_red-star-belgrade	Nemanja Cvetković	nemanjacvetkovic	MID	08.02.1980	0	https://www.eurofotbal.cz/kluby/srbsko/fk-crvena-zvezda/soupiska/2010-2011/
eu_serbia_red-star-belgrade	Evandro	evandro	MID	23.08.1986	11	https://www.eurofotbal.cz/kluby/srbsko/fk-crvena-zvezda/soupiska/2010-2011/
eu_serbia_red-star-belgrade	Awal Issah	awalissah	MID	04.04.1986	29	https://www.eurofotbal.cz/kluby/srbsko/fk-crvena-zvezda/soupiska/2010-2011/
eu_serbia_red-star-belgrade	Milan Jeremić	milanjeremic	MID	22.09.1988	3	https://www.eurofotbal.cz/kluby/srbsko/fk-crvena-zvezda/soupiska/2010-2011/
eu_serbia_red-star-belgrade	Ognjen Koroman	ognjenkoroman	MID	19.09.1978	26	https://www.eurofotbal.cz/kluby/srbsko/fk-crvena-zvezda/soupiska/2010-2011/
eu_serbia_red-star-belgrade	Darko Lazović	darkolazovic	MID	15.09.1990	19	https://www.eurofotbal.cz/kluby/srbsko/fk-crvena-zvezda/soupiska/2010-2011/
eu_serbia_red-star-belgrade	Srđan Mijailović	sranmijailovic	MID	10.11.1993	15	https://www.eurofotbal.cz/kluby/srbsko/fk-crvena-zvezda/soupiska/2010-2011/
eu_serbia_red-star-belgrade	Dejan Milovanović	dejanmilovanovic	MID	21.01.1984	21	https://www.eurofotbal.cz/kluby/srbsko/fk-crvena-zvezda/soupiska/2010-2011/
eu_serbia_red-star-belgrade	Marko Mugoša	markomugosa	MID	04.04.1984	0	https://www.eurofotbal.cz/kluby/srbsko/fk-crvena-zvezda/soupiska/2010-2011/
eu_serbia_red-star-belgrade	Nemanja Nikolić	nemanjanikolic	MID	01.01.1988	0	https://www.eurofotbal.cz/kluby/srbsko/fk-crvena-zvezda/soupiska/2010-2011/
eu_serbia_red-star-belgrade	Nemanja Obrić	nemanjaobric	MID	15.04.1984	0	https://www.eurofotbal.cz/kluby/srbsko/fk-crvena-zvezda/soupiska/2010-2011/
eu_serbia_red-star-belgrade	Savio	savio	MID	01.11.1984	9	https://www.eurofotbal.cz/kluby/srbsko/fk-crvena-zvezda/soupiska/2010-2011/
eu_serbia_red-star-belgrade	Nenad Srećković	nenadsreckovic	MID	11.04.1988	0	https://www.eurofotbal.cz/kluby/srbsko/fk-crvena-zvezda/soupiska/2010-2011/
eu_serbia_red-star-belgrade	Slavoljub Srnić	slavoljubsrnic	MID	12.01.1992	1	https://www.eurofotbal.cz/kluby/srbsko/fk-crvena-zvezda/soupiska/2010-2011/
eu_serbia_red-star-belgrade	Marko Vešović	markovesovic	MID	28.08.1991	27	https://www.eurofotbal.cz/kluby/srbsko/fk-crvena-zvezda/soupiska/2010-2011/
eu_serbia_red-star-belgrade	Vladan Binić	vladanbinic	ATT	25.01.1987	0	https://www.eurofotbal.cz/kluby/srbsko/fk-crvena-zvezda/soupiska/2010-2011/
eu_serbia_red-star-belgrade	Cristian Borja	cristianborja	ATT	01.01.1988	16	https://www.eurofotbal.cz/kluby/srbsko/fk-crvena-zvezda/soupiska/2010-2011/
eu_serbia_red-star-belgrade	Aleksandar Jevtić	aleksandarjevtic	ATT	30.03.1985	27	https://www.eurofotbal.cz/kluby/srbsko/fk-crvena-zvezda/soupiska/2010-2011/
eu_serbia_red-star-belgrade	Andrija Kaluđerović	andrijakaluerovic	ATT	05.07.1987	31	https://www.eurofotbal.cz/kluby/srbsko/fk-crvena-zvezda/soupiska/2010-2011/
eu_serbia_red-star-belgrade	Slavko Perović	slavkoperovic	ATT	09.06.1989	13	https://www.eurofotbal.cz/kluby/srbsko/fk-crvena-zvezda/soupiska/2010-2011/
eu_serbia_red-star-belgrade	Branimir Subašić	branimirsubasic	ATT	07.04.1982	1	https://www.eurofotbal.cz/kluby/srbsko/fk-crvena-zvezda/soupiska/2010-2011/
eu_serbia_red-star-belgrade	Milos Trifunović	milostrifunovic	ATT	15.10.1984	18	https://www.eurofotbal.cz/kluby/srbsko/fk-crvena-zvezda/soupiska/2010-2011/
eu_serbia_vojvodina-novi-sad	Željko Brkić	zeljkobrkic	GK	09.07.1986	31	https://www.eurofotbal.cz/kluby/srbsko/vojvodina-novi-sad/soupiska/2010-2011/
eu_serbia_vojvodina-novi-sad	Aleksandar Kesić	aleksandarkesic	GK	18.08.1987	0	https://www.eurofotbal.cz/kluby/srbsko/vojvodina-novi-sad/soupiska/2010-2011/
eu_serbia_vojvodina-novi-sad	Filip Pajović	filippajovic	GK	30.07.1993	2	https://www.eurofotbal.cz/kluby/srbsko/vojvodina-novi-sad/soupiska/2010-2011/
eu_serbia_vojvodina-novi-sad	Dejan Karan	dejankaran	DEF	25.08.1988	11	https://www.eurofotbal.cz/kluby/srbsko/vojvodina-novi-sad/soupiska/2010-2011/
eu_serbia_vojvodina-novi-sad	Milovan Milović	milovanmilovic	DEF	24.10.1980	6	https://www.eurofotbal.cz/kluby/srbsko/vojvodina-novi-sad/soupiska/2010-2011/
eu_serbia_vojvodina-novi-sad	Daniel Mojsov	danielmojsov	DEF	25.12.1987	23	https://www.eurofotbal.cz/kluby/srbsko/vojvodina-novi-sad/soupiska/2010-2011/
eu_serbia_vojvodina-novi-sad	Dušan Nestorović	dusannestorovic	DEF	26.06.1986	3	https://www.eurofotbal.cz/kluby/srbsko/vojvodina-novi-sad/soupiska/2010-2011/
eu_serbia_vojvodina-novi-sad	Milko Novaković	milkonovakovic	DEF	21.01.1988	4	https://www.eurofotbal.cz/kluby/srbsko/vojvodina-novi-sad/soupiska/2010-2011/
eu_serbia_vojvodina-novi-sad	Branislav Trajković	branislavtrajkovic	DEF	29.08.1989	20	https://www.eurofotbal.cz/kluby/srbsko/vojvodina-novi-sad/soupiska/2010-2011/
eu_serbia_vojvodina-novi-sad	Miroslav Vulićević	miroslavvulicevic	DEF	29.05.1985	30	https://www.eurofotbal.cz/kluby/srbsko/vojvodina-novi-sad/soupiska/2010-2011/
eu_serbia_vojvodina-novi-sad	Nnaemeka Ajuru	nnaemekaajuru	MID	28.09.1986	8	https://www.eurofotbal.cz/kluby/srbsko/vojvodina-novi-sad/soupiska/2010-2011/
eu_serbia_vojvodina-novi-sad	Mario Gurovski	mariogurovski	MID	11.12.1985	9	https://www.eurofotbal.cz/kluby/srbsko/vojvodina-novi-sad/soupiska/2010-2011/
eu_serbia_vojvodina-novi-sad	Nebojša Kosović	nebojsakosovic	MID	24.02.1995	2	https://www.eurofotbal.cz/kluby/srbsko/vojvodina-novi-sad/soupiska/2010-2011/
eu_serbia_vojvodina-novi-sad	Nikola Lazetić	nikolalazetic	MID	09.02.1978	22	https://www.eurofotbal.cz/kluby/srbsko/vojvodina-novi-sad/soupiska/2010-2011/
eu_serbia_vojvodina-novi-sad	Slobodan Medojević	slobodanmedojevic	MID	20.10.1990	31	https://www.eurofotbal.cz/kluby/srbsko/vojvodina-novi-sad/soupiska/2010-2011/
eu_serbia_vojvodina-novi-sad	Dejan Meleg	dejanmeleg	MID	01.10.1994	0	https://www.eurofotbal.cz/kluby/srbsko/vojvodina-novi-sad/soupiska/2010-2011/
eu_serbia_vojvodina-novi-sad	Giorgi Merebašvili	giorgimerebasvili	MID	15.08.1986	27	https://www.eurofotbal.cz/kluby/srbsko/vojvodina-novi-sad/soupiska/2010-2011/
eu_serbia_vojvodina-novi-sad	Vuk Mitošević	vukmitosevic	MID	12.02.1991	21	https://www.eurofotbal.cz/kluby/srbsko/vojvodina-novi-sad/soupiska/2010-2011/
eu_serbia_vojvodina-novi-sad	Vladan Pavlović	vladanpavlovic	MID	24.02.1984	24	https://www.eurofotbal.cz/kluby/srbsko/vojvodina-novi-sad/soupiska/2010-2011/
eu_serbia_vojvodina-novi-sad	Goran Smiljanić	goransmiljanic	MID	31.01.1990	8	https://www.eurofotbal.cz/kluby/srbsko/vojvodina-novi-sad/soupiska/2010-2011/
eu_serbia_vojvodina-novi-sad	Miroslav Stevanović	miroslavstevanovic	MID	29.07.1990	25	https://www.eurofotbal.cz/kluby/srbsko/vojvodina-novi-sad/soupiska/2010-2011/
eu_serbia_vojvodina-novi-sad	Slaven Stjepanović	slavenstjepanovic	MID	05.11.1987	0	https://www.eurofotbal.cz/kluby/srbsko/vojvodina-novi-sad/soupiska/2010-2011/
eu_serbia_vojvodina-novi-sad	Janko Tumbasević	jankotumbasevic	MID	14.01.1985	28	https://www.eurofotbal.cz/kluby/srbsko/vojvodina-novi-sad/soupiska/2010-2011/
eu_serbia_vojvodina-novi-sad	Yaw Antwi	yawantwi	ATT	15.06.1985	17	https://www.eurofotbal.cz/kluby/srbsko/vojvodina-novi-sad/soupiska/2010-2011/
eu_serbia_vojvodina-novi-sad	Nemanja Bilbija	nemanjabilbija	ATT	02.11.1990	20	https://www.eurofotbal.cz/kluby/srbsko/vojvodina-novi-sad/soupiska/2010-2011/
eu_serbia_vojvodina-novi-sad	Brana Ilić	branailic	ATT	16.02.1985	25	https://www.eurofotbal.cz/kluby/srbsko/vojvodina-novi-sad/soupiska/2010-2011/
eu_serbia_vojvodina-novi-sad	Aleksandar Katai	aleksandarkatai	ATT	06.02.1991	25	https://www.eurofotbal.cz/kluby/srbsko/vojvodina-novi-sad/soupiska/2010-2011/
eu_serbia_vojvodina-novi-sad	Dragan Mrđa	draganmra	ATT	23.01.1984	0	https://www.eurofotbal.cz/kluby/srbsko/vojvodina-novi-sad/soupiska/2010-2011/
eu_serbia_vojvodina-novi-sad	Aboubakar Oumarou	aboubakaroumarou	ATT	04.01.1987	29	https://www.eurofotbal.cz/kluby/srbsko/vojvodina-novi-sad/soupiska/2010-2011/
eu_serbia_vojvodina-novi-sad	Vladimir Silađi	vladimirsilai	ATT	23.04.1993	1	https://www.eurofotbal.cz/kluby/srbsko/vojvodina-novi-sad/soupiska/2010-2011/
eu_slovakia_msk-zilina	Martin Dúbravka	martindubravka	GK	15.01.1989	35	https://www.eurofotbal.cz/kluby/slovensko/msk-zilina/soupiska/2010-2011/
eu_slovakia_msk-zilina	Martin Krnáč	martinkrnac	GK	30.01.1985	10	https://www.eurofotbal.cz/kluby/slovensko/msk-zilina/soupiska/2010-2011/
eu_slovakia_msk-zilina	Matej Rakovan	matejrakovan	GK	14.03.1990	0	https://www.eurofotbal.cz/kluby/slovensko/msk-zilina/soupiska/2010-2011/
eu_slovakia_msk-zilina	Stanislav Angelovič	stanislavangelovic	DEF	26.03.1982	33	https://www.eurofotbal.cz/kluby/slovensko/msk-zilina/soupiska/2010-2011/
eu_slovakia_msk-zilina	Ľubomír Guldan	lubomirguldan	DEF	30.01.1983	36	https://www.eurofotbal.cz/kluby/slovensko/msk-zilina/soupiska/2010-2011/
eu_slovakia_msk-zilina	Juraj Chupač	jurajchupac	DEF	17.03.1988	2	https://www.eurofotbal.cz/kluby/slovensko/msk-zilina/soupiska/2010-2011/
eu_slovakia_msk-zilina	Vladimír Leitner	vladimirleitner	DEF	28.06.1974	18	https://www.eurofotbal.cz/kluby/slovensko/msk-zilina/soupiska/2010-2011/
eu_slovakia_msk-zilina	Ernest Mabouka	ernestmabouka	DEF	16.06.1988	10	https://www.eurofotbal.cz/kluby/slovensko/msk-zilina/soupiska/2010-2011/
eu_slovakia_msk-zilina	Miroslav Minarčík	miroslavminarcik	DEF	10.09.1991	0	https://www.eurofotbal.cz/kluby/slovensko/msk-zilina/soupiska/2010-2011/
eu_slovakia_msk-zilina	Patrik Mráz	patrikmraz	DEF	01.02.1987	28	https://www.eurofotbal.cz/kluby/slovensko/msk-zilina/soupiska/2010-2011/
eu_slovakia_msk-zilina	Prince Ofori	princeofori	DEF	06.10.1988	3	https://www.eurofotbal.cz/kluby/slovensko/msk-zilina/soupiska/2010-2011/
eu_slovakia_msk-zilina	Marcel Ondráš	marcelondras	DEF	21.09.1985	0	https://www.eurofotbal.cz/kluby/slovensko/msk-zilina/soupiska/2010-2011/
eu_slovakia_msk-zilina	Mário Pečalka	mariopecalka	DEF	28.12.1980	19	https://www.eurofotbal.cz/kluby/slovensko/msk-zilina/soupiska/2010-2011/
eu_slovakia_msk-zilina	Jozef Piaček	jozefpiacek	DEF	20.06.1983	28	https://www.eurofotbal.cz/kluby/slovensko/msk-zilina/soupiska/2010-2011/
eu_slovakia_msk-zilina	Martin Poleť	martinpolet	DEF	31.08.1990	1	https://www.eurofotbal.cz/kluby/slovensko/msk-zilina/soupiska/2010-2011/
eu_slovakia_msk-zilina	Oliver Práznovský	oliverpraznovsky	DEF	15.02.1991	0	https://www.eurofotbal.cz/kluby/slovensko/msk-zilina/soupiska/2010-2011/
eu_slovakia_msk-zilina	Ondřej Šourek	ondrejsourek	DEF	26.04.1983	33	https://www.eurofotbal.cz/kluby/slovensko/msk-zilina/soupiska/2010-2011/
eu_slovakia_msk-zilina	Bello Babatounde	bellobabatounde	MID	06.10.1989	31	https://www.eurofotbal.cz/kluby/slovensko/msk-zilina/soupiska/2010-2011/
eu_slovakia_msk-zilina	Roman Gergel	romangergel	MID	22.02.1988	26	https://www.eurofotbal.cz/kluby/slovensko/msk-zilina/soupiska/2010-2011/
eu_slovakia_msk-zilina	Róbert Jež	robertjez	MID	10.07.1981	26	https://www.eurofotbal.cz/kluby/slovensko/msk-zilina/soupiska/2010-2011/
eu_slovakia_msk-zilina	František Koristek	frantisekkoristek	MID	28.10.1989	0	https://www.eurofotbal.cz/kluby/slovensko/msk-zilina/soupiska/2010-2011/
eu_slovakia_msk-zilina	Jakub Paur	jakubpaur	MID	04.07.1992	0	https://www.eurofotbal.cz/kluby/slovensko/msk-zilina/soupiska/2010-2011/
eu_slovakia_msk-zilina	Vladimír Perexta	vladimirperexta	MID	13.01.1990	0	https://www.eurofotbal.cz/kluby/slovensko/msk-zilina/soupiska/2010-2011/
eu_slovakia_msk-zilina	Pavol Poliaček	pavolpoliacek	MID	02.04.1988	23	https://www.eurofotbal.cz/kluby/slovensko/msk-zilina/soupiska/2010-2011/
eu_slovakia_msk-zilina	Emil Rilke	emilrilke	MID	19.11.1983	22	https://www.eurofotbal.cz/kluby/slovensko/msk-zilina/soupiska/2010-2011/
eu_slovakia_msk-zilina	Patrik Šimko	patriksimko	MID	08.07.1991	2	https://www.eurofotbal.cz/kluby/slovensko/msk-zilina/soupiska/2010-2011/
eu_slovakia_msk-zilina	Rudolf Škrobák	rudolfskrobak	MID	14.04.1989	1	https://www.eurofotbal.cz/kluby/slovensko/msk-zilina/soupiska/2010-2011/
eu_slovakia_msk-zilina	Michal Škvarka	michalskvarka	MID	19.08.1992	11	https://www.eurofotbal.cz/kluby/slovensko/msk-zilina/soupiska/2010-2011/
eu_slovakia_msk-zilina	Zdeno Štrba	zdenostrba	MID	09.06.1976	8	https://www.eurofotbal.cz/kluby/slovensko/msk-zilina/soupiska/2010-2011/
eu_slovakia_msk-zilina	Lukáš Tesák	lukastesak	MID	08.03.1985	0	https://www.eurofotbal.cz/kluby/slovensko/msk-zilina/soupiska/2010-2011/
eu_slovakia_msk-zilina	Sergio Javier Vittor	sergiojaviervittor	MID	09.06.1989	8	https://www.eurofotbal.cz/kluby/slovensko/msk-zilina/soupiska/2010-2011/
eu_slovakia_msk-zilina	Admir Vladavić	admirvladavic	MID	29.06.1982	15	https://www.eurofotbal.cz/kluby/slovensko/msk-zilina/soupiska/2010-2011/
eu_slovakia_msk-zilina	Martin Vyskočil	martinvyskocil	MID	15.09.1982	8	https://www.eurofotbal.cz/kluby/slovensko/msk-zilina/soupiska/2010-2011/
eu_slovakia_msk-zilina	Arturs Zjuzins	arturszjuzins	MID	18.06.1991	4	https://www.eurofotbal.cz/kluby/slovensko/msk-zilina/soupiska/2010-2011/
eu_slovakia_msk-zilina	Nemanja Zlatković	nemanjazlatkovic	MID	21.08.1988	0	https://www.eurofotbal.cz/kluby/slovensko/msk-zilina/soupiska/2010-2011/
eu_slovakia_msk-zilina	Štefan Zošák	stefanzosak	MID	03.04.1984	31	https://www.eurofotbal.cz/kluby/slovensko/msk-zilina/soupiska/2010-2011/
eu_slovakia_msk-zilina	Adam Žilák	adamzilak	MID	07.12.1991	2	https://www.eurofotbal.cz/kluby/slovensko/msk-zilina/soupiska/2010-2011/
eu_slovakia_msk-zilina	Wim Bokila	wimbokila	ATT	28.09.1987	1	https://www.eurofotbal.cz/kluby/slovensko/msk-zilina/soupiska/2010-2011/
eu_slovakia_msk-zilina	Momodou Ceesay	momodouceesay	ATT	24.12.1988	38	https://www.eurofotbal.cz/kluby/slovensko/msk-zilina/soupiska/2010-2011/
eu_slovakia_msk-zilina	Dominik Fótyik	dominikfotyik	ATT	16.09.1990	14	https://www.eurofotbal.cz/kluby/slovensko/msk-zilina/soupiska/2010-2011/
eu_slovakia_msk-zilina	Dennis Christu	dennischristu	ATT	27.07.1989	0	https://www.eurofotbal.cz/kluby/slovensko/msk-zilina/soupiska/2010-2011/
eu_slovakia_msk-zilina	Ivan Lietava	ivanlietava	ATT	20.07.1983	17	https://www.eurofotbal.cz/kluby/slovensko/msk-zilina/soupiska/2010-2011/
eu_slovakia_msk-zilina	Tomáš Majtán	tomasmajtan	ATT	30.03.1987	42	https://www.eurofotbal.cz/kluby/slovensko/msk-zilina/soupiska/2010-2011/
eu_slovakia_msk-zilina	Tomáš Oravec	tomasoravec	ATT	03.07.1980	24	https://www.eurofotbal.cz/kluby/slovensko/msk-zilina/soupiska/2010-2011/
eu_slovakia_msk-zilina	Róbert Pich	robertpich	ATT	12.11.1988	12	https://www.eurofotbal.cz/kluby/slovensko/msk-zilina/soupiska/2010-2011/
eu_slovakia_slovan-bratislava	Peter Bartalský	peterbartalsky	GK	27.01.1978	1	https://www.eurofotbal.cz/kluby/slovensko/slovan-bratislava/soupiska/2010-2011/
eu_slovakia_slovan-bratislava	Daniel Kiss	danielkiss	GK	14.08.1984	1	https://www.eurofotbal.cz/kluby/slovensko/slovan-bratislava/soupiska/2010-2011/
eu_slovakia_slovan-bratislava	Matúš Putnocký	matusputnocky	GK	01.11.1984	38	https://www.eurofotbal.cz/kluby/slovensko/slovan-bratislava/soupiska/2010-2011/
eu_slovakia_slovan-bratislava	Peter Rusina	peterrusina	GK	09.03.1988	0	https://www.eurofotbal.cz/kluby/slovensko/slovan-bratislava/soupiska/2010-2011/
eu_slovakia_slovan-bratislava	Mamadou Bagayoko	mamadoubagayoko	DEF	31.12.1989	33	https://www.eurofotbal.cz/kluby/slovensko/slovan-bratislava/soupiska/2010-2011/
eu_slovakia_slovan-bratislava	Michal Breznaník	michalbreznanik	DEF	16.12.1985	6	https://www.eurofotbal.cz/kluby/slovensko/slovan-bratislava/soupiska/2010-2011/
eu_slovakia_slovan-bratislava	Erik Čikoš	erikcikos	DEF	31.07.1988	0	https://www.eurofotbal.cz/kluby/slovensko/slovan-bratislava/soupiska/2010-2011/
eu_slovakia_slovan-bratislava	Martin Dobrotka	martindobrotka	DEF	22.01.1985	31	https://www.eurofotbal.cz/kluby/slovensko/slovan-bratislava/soupiska/2010-2011/
eu_slovakia_slovan-bratislava	Radek Dosoudil	radekdosoudil	DEF	20.06.1983	26	https://www.eurofotbal.cz/kluby/slovensko/slovan-bratislava/soupiska/2010-2011/
eu_slovakia_slovan-bratislava	Marián Had	marianhad	DEF	16.09.1982	11	https://www.eurofotbal.cz/kluby/slovensko/slovan-bratislava/soupiska/2010-2011/
eu_slovakia_slovan-bratislava	Tomáš Hrdlička	tomashrdlicka	DEF	17.02.1982	14	https://www.eurofotbal.cz/kluby/slovensko/slovan-bratislava/soupiska/2010-2011/
eu_slovakia_slovan-bratislava	Peter Jánošík	peterjanosik	DEF	02.01.1988	20	https://www.eurofotbal.cz/kluby/slovensko/slovan-bratislava/soupiska/2010-2011/
eu_slovakia_slovan-bratislava	Kristián Kolčák	kristiankolcak	DEF	30.01.1990	11	https://www.eurofotbal.cz/kluby/slovensko/slovan-bratislava/soupiska/2010-2011/
eu_slovakia_slovan-bratislava	Lukáš Pauschek	lukaspauschek	DEF	09.12.1992	12	https://www.eurofotbal.cz/kluby/slovensko/slovan-bratislava/soupiska/2010-2011/
eu_slovakia_slovan-bratislava	Andrej Pečnik	andrejpecnik	DEF	27.09.1981	4	https://www.eurofotbal.cz/kluby/slovensko/slovan-bratislava/soupiska/2010-2011/
eu_slovakia_slovan-bratislava	Kornel Saláta	kornelsalata	DEF	24.01.1985	22	https://www.eurofotbal.cz/kluby/slovensko/slovan-bratislava/soupiska/2010-2011/
eu_slovakia_slovan-bratislava	Tomáš Bagi	tomasbagi	MID	09.06.1991	0	https://www.eurofotbal.cz/kluby/slovensko/slovan-bratislava/soupiska/2010-2011/
eu_slovakia_slovan-bratislava	Mario Božič	mariobozic	MID	25.05.1983	29	https://www.eurofotbal.cz/kluby/slovensko/slovan-bratislava/soupiska/2010-2011/
eu_slovakia_slovan-bratislava	Erik Grendel	erikgrendel	MID	13.10.1988	36	https://www.eurofotbal.cz/kluby/slovensko/slovan-bratislava/soupiska/2010-2011/
eu_slovakia_slovan-bratislava	Karim Guédé	karimguede	MID	07.01.1985	36	https://www.eurofotbal.cz/kluby/slovensko/slovan-bratislava/soupiska/2010-2011/
eu_slovakia_slovan-bratislava	Filip Kiss	filipkiss	MID	13.10.1990	32	https://www.eurofotbal.cz/kluby/slovensko/slovan-bratislava/soupiska/2010-2011/
eu_slovakia_slovan-bratislava	Jan Králík	jankralik	MID	07.03.1987	7	https://www.eurofotbal.cz/kluby/slovensko/slovan-bratislava/soupiska/2010-2011/
eu_slovakia_slovan-bratislava	Juraj Kuráň	jurajkuran	MID	11.08.1988	0	https://www.eurofotbal.cz/kluby/slovensko/slovan-bratislava/soupiska/2010-2011/
eu_slovakia_slovan-bratislava	Marko Milinković	markomilinkovic	MID	16.04.1988	12	https://www.eurofotbal.cz/kluby/slovensko/slovan-bratislava/soupiska/2010-2011/
eu_slovakia_slovan-bratislava	Branislav Obžera	branislavobzera	MID	29.08.1981	0	https://www.eurofotbal.cz/kluby/slovensko/slovan-bratislava/soupiska/2010-2011/
eu_slovakia_slovan-bratislava	Samuel Slovák	samuelslovak	MID	17.10.1975	8	https://www.eurofotbal.cz/kluby/slovensko/slovan-bratislava/soupiska/2010-2011/
eu_slovakia_slovan-bratislava	Peter Štepanovský	peterstepanovsky	MID	12.01.1988	21	https://www.eurofotbal.cz/kluby/slovensko/slovan-bratislava/soupiska/2010-2011/
eu_slovakia_slovan-bratislava	Igor Žofčák	igorzofcak	MID	10.04.1983	21	https://www.eurofotbal.cz/kluby/slovensko/slovan-bratislava/soupiska/2010-2011/
eu_slovakia_slovan-bratislava	Juraj Halenár	jurajhalenar	ATT	28.06.1983	13	https://www.eurofotbal.cz/kluby/slovensko/slovan-bratislava/soupiska/2010-2011/
eu_slovakia_slovan-bratislava	Lukáš Hutta	lukashutta	ATT	25.10.1991	0	https://www.eurofotbal.cz/kluby/slovensko/slovan-bratislava/soupiska/2010-2011/
eu_slovakia_slovan-bratislava	Milan Ivana	milanivana	ATT	26.11.1983	25	https://www.eurofotbal.cz/kluby/slovensko/slovan-bratislava/soupiska/2010-2011/
eu_slovakia_slovan-bratislava	Krešimir Kordič	kresimirkordic	ATT	03.09.1981	16	https://www.eurofotbal.cz/kluby/slovensko/slovan-bratislava/soupiska/2010-2011/
eu_slovakia_slovan-bratislava	Marek Kuzma	marekkuzma	ATT	22.06.1988	16	https://www.eurofotbal.cz/kluby/slovensko/slovan-bratislava/soupiska/2010-2011/
eu_slovakia_slovan-bratislava	Jakub Sylvestr	jakubsylvestr	ATT	02.02.1989	10	https://www.eurofotbal.cz/kluby/slovensko/slovan-bratislava/soupiska/2010-2011/
eu_slovakia_slovan-bratislava	Ákos Szarka	akosszarka	ATT	24.11.1990	6	https://www.eurofotbal.cz/kluby/slovensko/slovan-bratislava/soupiska/2010-2011/
eu_slovakia_slovan-bratislava	Filip Šebo	filipsebo	ATT	24.02.1984	24	https://www.eurofotbal.cz/kluby/slovensko/slovan-bratislava/soupiska/2010-2011/
eu_slovakia_slovan-bratislava	Boris Turčák	boristurcak	ATT	21.02.1993	2	https://www.eurofotbal.cz/kluby/slovensko/slovan-bratislava/soupiska/2010-2011/
eu_slovenia_nk-maribor	Marko Pridigar	markopridigar	GK	18.05.1985	5	https://www.eurofotbal.cz/kluby/slovinsko/nk-maribor/soupiska/2010-2011/
eu_slovenia_nk-maribor	Matej Radan	matejradan	GK	13.05.1990	2	https://www.eurofotbal.cz/kluby/slovinsko/nk-maribor/soupiska/2010-2011/
eu_slovenia_nk-maribor	Siniša Anđelković	sinisaanelkovic	DEF	13.02.1986	6	https://www.eurofotbal.cz/kluby/slovinsko/nk-maribor/soupiska/2010-2011/
eu_slovenia_nk-maribor	Elvedin Džinić	elvedindzinic	DEF	25.08.1985	1	https://www.eurofotbal.cz/kluby/slovinsko/nk-maribor/soupiska/2010-2011/
eu_slovenia_nk-maribor	Aleš Mejač	alesmejac	DEF	18.03.1983	5	https://www.eurofotbal.cz/kluby/slovinsko/nk-maribor/soupiska/2010-2011/
eu_slovenia_nk-maribor	Aleksander Rajčevič	aleksanderrajcevic	DEF	17.11.1986	6	https://www.eurofotbal.cz/kluby/slovinsko/nk-maribor/soupiska/2010-2011/
eu_slovenia_nk-maribor	Mitja Viler	mitjaviler	DEF	01.09.1986	6	https://www.eurofotbal.cz/kluby/slovinsko/nk-maribor/soupiska/2010-2011/
eu_slovenia_nk-maribor	Armin Bačinovič	arminbacinovic	MID	24.10.1989	6	https://www.eurofotbal.cz/kluby/slovinsko/nk-maribor/soupiska/2010-2011/
eu_slovenia_nk-maribor	Goran Cvijanovič	gorancvijanovic	MID	09.09.1986	6	https://www.eurofotbal.cz/kluby/slovinsko/nk-maribor/soupiska/2010-2011/
eu_slovenia_nk-maribor	Timotej Dodlek	timotejdodlek	MID	23.11.1989	1	https://www.eurofotbal.cz/kluby/slovinsko/nk-maribor/soupiska/2010-2011/
eu_slovenia_nk-maribor	Željko Filipovič	zeljkofilipovic	MID	03.10.1988	0	https://www.eurofotbal.cz/kluby/slovinsko/nk-maribor/soupiska/2010-2011/
eu_slovenia_nk-maribor	Josip Iličić	josipilicic	MID	29.01.1988	6	https://www.eurofotbal.cz/kluby/slovinsko/nk-maribor/soupiska/2010-2011/
eu_slovenia_nk-maribor	Aleš Mertelj	alesmertelj	MID	22.03.1987	6	https://www.eurofotbal.cz/kluby/slovinsko/nk-maribor/soupiska/2010-2011/
eu_slovenia_nk-maribor	Dejan Mezga	dejanmezga	MID	16.07.1985	6	https://www.eurofotbal.cz/kluby/slovinsko/nk-maribor/soupiska/2010-2011/
eu_slovenia_nk-maribor	Tomislav Pavličić	tomislavpavlicic	MID	06.12.1983	2	https://www.eurofotbal.cz/kluby/slovinsko/nk-maribor/soupiska/2010-2011/
eu_slovenia_nk-maribor	Rajko Rep	rajkorep	MID	20.06.1990	0	https://www.eurofotbal.cz/kluby/slovinsko/nk-maribor/soupiska/2010-2011/
eu_slovenia_nk-maribor	Robert Berić	robertberic	ATT	17.06.1991	1	https://www.eurofotbal.cz/kluby/slovinsko/nk-maribor/soupiska/2010-2011/
eu_slovenia_nk-maribor	Dragan Jelič	draganjelic	ATT	27.02.1986	3	https://www.eurofotbal.cz/kluby/slovinsko/nk-maribor/soupiska/2010-2011/
eu_slovenia_nk-maribor	Vito Plut	vitoplut	ATT	08.07.1988	3	https://www.eurofotbal.cz/kluby/slovinsko/nk-maribor/soupiska/2010-2011/
eu_slovenia_nk-maribor	Tavares	tavares	ATT	30.03.1984	6	https://www.eurofotbal.cz/kluby/slovinsko/nk-maribor/soupiska/2010-2011/
eu_slovenia_nk-maribor	Dalibor Volaš	daliborvolas	ATT	27.02.1987	6	https://www.eurofotbal.cz/kluby/slovinsko/nk-maribor/soupiska/2010-2011/
eu_sweden_aik	Niklas Bergh	niklasbergh	GK	06.09.1982	0	https://www.eurofotbal.cz/kluby/svedsko/aik-solna/soupiska/2010/
eu_sweden_aik	Tomi Maanoja	tomimaanoja	GK	12.09.1986	14	https://www.eurofotbal.cz/kluby/svedsko/aik-solna/soupiska/2010/
eu_sweden_aik	Kenny Stamatopoulos	kennystamatopoulos	GK	28.08.1979	5	https://www.eurofotbal.cz/kluby/svedsko/aik-solna/soupiska/2010/
eu_sweden_aik	Ivan Turina	ivanturina	GK	03.10.1980	12	https://www.eurofotbal.cz/kluby/svedsko/aik-solna/soupiska/2010/
eu_sweden_aik	Walid Atta	walidatta	DEF	28.08.1986	14	https://www.eurofotbal.cz/kluby/svedsko/aik-solna/soupiska/2010/
eu_sweden_aik	Niklas Backman	niklasbackman	DEF	13.11.1988	25	https://www.eurofotbal.cz/kluby/svedsko/aik-solna/soupiska/2010/
eu_sweden_aik	Christoffer Eriksson	christoffereriksson	DEF	25.05.1990	7	https://www.eurofotbal.cz/kluby/svedsko/aik-solna/soupiska/2010/
eu_sweden_aik	Sal Jobarteh	saljobarteh	DEF	09.03.1993	0	https://www.eurofotbal.cz/kluby/svedsko/aik-solna/soupiska/2010/
eu_sweden_aik	Nils-Eric Johansson	nilsericjohansson	DEF	13.01.1980	27	https://www.eurofotbal.cz/kluby/svedsko/aik-solna/soupiska/2010/
eu_sweden_aik	Per Karlsson	perkarlsson	DEF	02.01.1986	22	https://www.eurofotbal.cz/kluby/svedsko/aik-solna/soupiska/2010/
eu_sweden_aik	Martin Lorentzson	martinlorentzson	DEF	21.07.1984	15	https://www.eurofotbal.cz/kluby/svedsko/aik-solna/soupiska/2010/
eu_sweden_aik	Robert Åhman-Persson	robertahmanpersson	MID	26.03.1987	14	https://www.eurofotbal.cz/kluby/svedsko/aik-solna/soupiska/2010/
eu_sweden_aik	Helgi Daníelsson	helgidanielsson	MID	13.07.1981	16	https://www.eurofotbal.cz/kluby/svedsko/aik-solna/soupiska/2010/
eu_sweden_aik	Sebastián Eguren	sebastianeguren	MID	08.01.1981	7	https://www.eurofotbal.cz/kluby/svedsko/aik-solna/soupiska/2010/
eu_sweden_aik	Daniel Gustavsson	danielgustavsson	MID	29.08.1990	7	https://www.eurofotbal.cz/kluby/svedsko/aik-solna/soupiska/2010/
eu_sweden_aik	Dulee Johnson	duleejohnson	MID	07.11.1984	20	https://www.eurofotbal.cz/kluby/svedsko/aik-solna/soupiska/2010/
eu_sweden_aik	Martin Kayongo-Mutumba	martinkayongomutumba	MID	15.06.1985	13	https://www.eurofotbal.cz/kluby/svedsko/aik-solna/soupiska/2010/
eu_sweden_aik	Viktor Lundberg	viktorlundberg	MID	04.03.1991	22	https://www.eurofotbal.cz/kluby/svedsko/aik-solna/soupiska/2010/
eu_sweden_aik	Niklas Maripuu	niklasmaripuu	MID	02.03.1992	2	https://www.eurofotbal.cz/kluby/svedsko/aik-solna/soupiska/2010/
eu_sweden_aik	Jorge Ortíz	jorgeortiz	MID	20.06.1984	7	https://www.eurofotbal.cz/kluby/svedsko/aik-solna/soupiska/2010/
eu_sweden_aik	Gabriel Özkan	gabrielozkan	MID	23.05.1986	7	https://www.eurofotbal.cz/kluby/svedsko/aik-solna/soupiska/2010/
eu_sweden_aik	Kenny Pavey	kennypavey	MID	23.08.1979	26	https://www.eurofotbal.cz/kluby/svedsko/aik-solna/soupiska/2010/
eu_sweden_aik	Robin Quaison	robinquaison	MID	09.10.1993	0	https://www.eurofotbal.cz/kluby/svedsko/aik-solna/soupiska/2010/
eu_sweden_aik	Yussuf Saleh	yussufsaleh	MID	22.03.1984	0	https://www.eurofotbal.cz/kluby/svedsko/aik-solna/soupiska/2010/
eu_sweden_aik	Daniel Tjernström	danieltjernstrom	MID	19.02.1974	21	https://www.eurofotbal.cz/kluby/svedsko/aik-solna/soupiska/2010/
eu_sweden_aik	Kevin Walker	kevinwalker	MID	21.07.1989	4	https://www.eurofotbal.cz/kluby/svedsko/aik-solna/soupiska/2010/
eu_sweden_aik	Mohamed Bangura	mohamedbangura	ATT	27.07.1989	13	https://www.eurofotbal.cz/kluby/svedsko/aik-solna/soupiska/2010/
eu_sweden_aik	Miran Burgič	miranburgic	ATT	25.09.1984	12	https://www.eurofotbal.cz/kluby/svedsko/aik-solna/soupiska/2010/
eu_sweden_aik	Admir Ćatović	admircatovic	ATT	05.09.1987	11	https://www.eurofotbal.cz/kluby/svedsko/aik-solna/soupiska/2010/
eu_sweden_aik	Clecio	clecio	ATT	31.05.1988	3	https://www.eurofotbal.cz/kluby/svedsko/aik-solna/soupiska/2010/
eu_sweden_aik	Bojan Djordjic	bojandjordjic	ATT	06.02.1982	12	https://www.eurofotbal.cz/kluby/svedsko/aik-solna/soupiska/2010/
eu_sweden_aik	Pontus Engblom	pontusengblom	ATT	03.11.1991	18	https://www.eurofotbal.cz/kluby/svedsko/aik-solna/soupiska/2010/
eu_sweden_aik	Antônio Flávio	antonioflavio	ATT	05.01.1987	28	https://www.eurofotbal.cz/kluby/svedsko/aik-solna/soupiska/2010/
eu_sweden_aik	Saihou Jagne	saihoujagne	ATT	10.10.1986	4	https://www.eurofotbal.cz/kluby/svedsko/aik-solna/soupiska/2010/
eu_sweden_aik	Goran Ljubojević	goranljubojevic	ATT	04.05.1983	12	https://www.eurofotbal.cz/kluby/svedsko/aik-solna/soupiska/2010/
eu_sweden_helsingborgs-if	Oscar Berglund	oscarberglund	GK	13.04.1984	1	https://www.eurofotbal.cz/kluby/svedsko/helsingborgs-if/soupiska/2010/
eu_sweden_helsingborgs-if	Pär Hansson	parhansson	GK	22.06.1986	34	https://www.eurofotbal.cz/kluby/svedsko/helsingborgs-if/soupiska/2010/
eu_sweden_helsingborgs-if	Joseph Baffoe	josephbaffoe	DEF	07.11.1992	0	https://www.eurofotbal.cz/kluby/svedsko/helsingborgs-if/soupiska/2010/
eu_sweden_helsingborgs-if	Robin Book	robinbook	DEF	05.04.1992	0	https://www.eurofotbal.cz/kluby/svedsko/helsingborgs-if/soupiska/2010/
eu_sweden_helsingborgs-if	Erik Edman	erikedman	DEF	11.11.1978	33	https://www.eurofotbal.cz/kluby/svedsko/helsingborgs-if/soupiska/2010/
eu_sweden_helsingborgs-if	Markus Holgersson	markusholgersson	DEF	16.04.1985	31	https://www.eurofotbal.cz/kluby/svedsko/helsingborgs-if/soupiska/2010/
eu_sweden_helsingborgs-if	Abbe Khalili	abbekhalili	DEF	07.06.1992	4	https://www.eurofotbal.cz/kluby/svedsko/helsingborgs-if/soupiska/2010/
eu_sweden_helsingborgs-if	Fredrik Liverstam	fredrikliverstam	DEF	04.03.1988	3	https://www.eurofotbal.cz/kluby/svedsko/helsingborgs-if/soupiska/2010/
eu_sweden_helsingborgs-if	Marcus Nilsson	marcusnilsson	DEF	26.02.1988	32	https://www.eurofotbal.cz/kluby/svedsko/helsingborgs-if/soupiska/2010/
eu_sweden_helsingborgs-if	Erik Wahlstedt	erikwahlstedt	DEF	16.04.1976	10	https://www.eurofotbal.cz/kluby/svedsko/helsingborgs-if/soupiska/2010/
eu_sweden_helsingborgs-if	Christoffer Andersson	christofferandersson	MID	22.10.1978	34	https://www.eurofotbal.cz/kluby/svedsko/helsingborgs-if/soupiska/2010/
eu_sweden_helsingborgs-if	Marcus Bergholtz	marcusbergholtz	MID	15.12.1989	8	https://www.eurofotbal.cz/kluby/svedsko/helsingborgs-if/soupiska/2010/
eu_sweden_helsingborgs-if	Johan Eiswohld	johaneiswohld	MID	21.06.1990	4	https://www.eurofotbal.cz/kluby/svedsko/helsingborgs-if/soupiska/2010/
eu_sweden_helsingborgs-if	Joel Ekstrand	joelekstrand	MID	04.02.1989	24	https://www.eurofotbal.cz/kluby/svedsko/helsingborgs-if/soupiska/2010/
eu_sweden_helsingborgs-if	Christian Eliasson	christianeliasson	MID	21.03.1993	0	https://www.eurofotbal.cz/kluby/svedsko/helsingborgs-if/soupiska/2010/
eu_sweden_helsingborgs-if	Marcus Lantz	marcuslantz	MID	23.10.1975	30	https://www.eurofotbal.cz/kluby/svedsko/helsingborgs-if/soupiska/2010/
eu_sweden_helsingborgs-if	Mattias Lindström	mattiaslindstrom	MID	18.04.1980	31	https://www.eurofotbal.cz/kluby/svedsko/helsingborgs-if/soupiska/2010/
eu_sweden_helsingborgs-if	May Mahlangu	maymahlangu	MID	01.05.1989	21	https://www.eurofotbal.cz/kluby/svedsko/helsingborgs-if/soupiska/2010/
eu_sweden_helsingborgs-if	René Makondele	renemakondele	MID	20.04.1982	8	https://www.eurofotbal.cz/kluby/svedsko/helsingborgs-if/soupiska/2010/
eu_sweden_helsingborgs-if	Hannu Patronen	hannupatronen	MID	23.05.1984	12	https://www.eurofotbal.cz/kluby/svedsko/helsingborgs-if/soupiska/2010/
eu_sweden_helsingborgs-if	Erik Sundin	eriksundin	MID	01.03.1979	30	https://www.eurofotbal.cz/kluby/svedsko/helsingborgs-if/soupiska/2010/
eu_sweden_helsingborgs-if	Emil Åberg	emilaberg	ATT	18.05.1992	0	https://www.eurofotbal.cz/kluby/svedsko/helsingborgs-if/soupiska/2010/
eu_sweden_helsingborgs-if	Samuel Aziz	samuelaziz	ATT	05.07.1991	1	https://www.eurofotbal.cz/kluby/svedsko/helsingborgs-if/soupiska/2010/
eu_sweden_helsingborgs-if	Rachid Bouaouzan	rachidbouaouzan	ATT	20.02.1984	13	https://www.eurofotbal.cz/kluby/svedsko/helsingborgs-if/soupiska/2010/
eu_sweden_helsingborgs-if	Ardian Gashi	ardiangashi	ATT	20.06.1981	31	https://www.eurofotbal.cz/kluby/svedsko/helsingborgs-if/soupiska/2010/
eu_sweden_helsingborgs-if	Alexander Gerndt	alexandergerndt	ATT	12.03.1986	17	https://www.eurofotbal.cz/kluby/svedsko/helsingborgs-if/soupiska/2010/
eu_sweden_helsingborgs-if	Rasmus Jönsson	rasmusjonsson	ATT	27.01.1990	34	https://www.eurofotbal.cz/kluby/svedsko/helsingborgs-if/soupiska/2010/
eu_sweden_helsingborgs-if	Rafael Porcellis	rafaelporcellis	ATT	19.01.1987	7	https://www.eurofotbal.cz/kluby/svedsko/helsingborgs-if/soupiska/2010/
eu_sweden_helsingborgs-if	Mohammed Ramadan	mohammedramadan	ATT	04.04.1991	0	https://www.eurofotbal.cz/kluby/svedsko/helsingborgs-if/soupiska/2010/
eu_sweden_if-elfsborg	Andreas Andersson	andreasandersson	GK	27.02.1991	0	https://www.eurofotbal.cz/kluby/svedsko/if-elfsborg/soupiska/2010/
eu_sweden_if-elfsborg	Ante Čović	antecovic	GK	13.06.1975	17	https://www.eurofotbal.cz/kluby/svedsko/if-elfsborg/soupiska/2010/
eu_sweden_if-elfsborg	Abbas Hassan	abbashassan	GK	10.05.1985	0	https://www.eurofotbal.cz/kluby/svedsko/if-elfsborg/soupiska/2010/
eu_sweden_if-elfsborg	Jesper Christiansen	jesperchristiansen	GK	24.04.1978	7	https://www.eurofotbal.cz/kluby/svedsko/if-elfsborg/soupiska/2010/
eu_sweden_if-elfsborg	Joakim Wulff	joakimwulff	GK	06.02.1979	9	https://www.eurofotbal.cz/kluby/svedsko/if-elfsborg/soupiska/2010/
eu_sweden_if-elfsborg	Briar Faraj	briarfaraj	DEF	03.05.1990	0	https://www.eurofotbal.cz/kluby/svedsko/if-elfsborg/soupiska/2010/
eu_sweden_if-elfsborg	Mathias Florén	mathiasfloren	DEF	11.08.1976	29	https://www.eurofotbal.cz/kluby/svedsko/if-elfsborg/soupiska/2010/
eu_sweden_if-elfsborg	Jon Jönsson	jonjonsson	DEF	08.07.1983	15	https://www.eurofotbal.cz/kluby/svedsko/if-elfsborg/soupiska/2010/
eu_sweden_if-elfsborg	Johan Karlsson	johankarlsson	DEF	06.04.1975	23	https://www.eurofotbal.cz/kluby/svedsko/if-elfsborg/soupiska/2010/
eu_sweden_if-elfsborg	Anton Lans	antonlans	DEF	17.04.1991	3	https://www.eurofotbal.cz/kluby/svedsko/if-elfsborg/soupiska/2010/
eu_sweden_if-elfsborg	Teddy Lučić	teddylucic	DEF	15.04.1973	12	https://www.eurofotbal.cz/kluby/svedsko/if-elfsborg/soupiska/2010/
eu_sweden_if-elfsborg	Johan Sjöberg	johansjoberg	DEF	14.11.1980	0	https://www.eurofotbal.cz/kluby/svedsko/if-elfsborg/soupiska/2010/
eu_sweden_if-elfsborg	Anders Wikström	anderswikstrom	DEF	14.12.1981	19	https://www.eurofotbal.cz/kluby/svedsko/if-elfsborg/soupiska/2010/
eu_sweden_if-elfsborg	Martin Andersson	martinandersson	MID	16.01.1981	13	https://www.eurofotbal.cz/kluby/svedsko/if-elfsborg/soupiska/2010/
eu_sweden_if-elfsborg	Emir Bajrami	emirbajrami	MID	07.03.1988	13	https://www.eurofotbal.cz/kluby/svedsko/if-elfsborg/soupiska/2010/
eu_sweden_if-elfsborg	Martin Ericsson	martinericsson	MID	04.09.1980	22	https://www.eurofotbal.cz/kluby/svedsko/if-elfsborg/soupiska/2010/
eu_sweden_if-elfsborg	Jesper Florén	jesperfloren	MID	11.09.1990	0	https://www.eurofotbal.cz/kluby/svedsko/if-elfsborg/soupiska/2010/
eu_sweden_if-elfsborg	Oscar Hiljemark	oscarhiljemark	MID	28.06.1992	4	https://www.eurofotbal.cz/kluby/svedsko/if-elfsborg/soupiska/2010/
eu_sweden_if-elfsborg	Niklas Hult	niklashult	MID	13.02.1990	9	https://www.eurofotbal.cz/kluby/svedsko/if-elfsborg/soupiska/2010/
eu_sweden_if-elfsborg	Jari Ilola	jariilola	MID	14.11.1978	0	https://www.eurofotbal.cz/kluby/svedsko/if-elfsborg/soupiska/2010/
eu_sweden_if-elfsborg	Stefan Ishizaki	stefanishizaki	MID	15.05.1982	13	https://www.eurofotbal.cz/kluby/svedsko/if-elfsborg/soupiska/2010/
eu_sweden_if-elfsborg	Amadou Jawo	amadoujawo	MID	26.09.1984	21	https://www.eurofotbal.cz/kluby/svedsko/if-elfsborg/soupiska/2010/
eu_sweden_if-elfsborg	Andreas Klarström	andreasklarstrom	MID	23.12.1977	12	https://www.eurofotbal.cz/kluby/svedsko/if-elfsborg/soupiska/2010/
eu_sweden_if-elfsborg	Elmin Kurbegovic	elminkurbegovic	MID	06.03.1987	1	https://www.eurofotbal.cz/kluby/svedsko/if-elfsborg/soupiska/2010/
eu_sweden_if-elfsborg	Johan Larsson	johanlarsson	MID	05.05.1990	30	https://www.eurofotbal.cz/kluby/svedsko/if-elfsborg/soupiska/2010/
eu_sweden_if-elfsborg	Daniel Mobaeck	danielmobaeck	MID	22.05.1980	28	https://www.eurofotbal.cz/kluby/svedsko/if-elfsborg/soupiska/2010/
eu_sweden_if-elfsborg	Daniel Nordmark	danielnordmark	MID	04.01.1988	26	https://www.eurofotbal.cz/kluby/svedsko/if-elfsborg/soupiska/2010/
eu_sweden_if-elfsborg	Anders Svensson	anderssvensson	MID	17.07.1976	28	https://www.eurofotbal.cz/kluby/svedsko/if-elfsborg/soupiska/2010/
eu_sweden_if-elfsborg	Anton Wede	antonwede	MID	20.04.1990	0	https://www.eurofotbal.cz/kluby/svedsko/if-elfsborg/soupiska/2010/
eu_sweden_if-elfsborg	Denni Avdić	denniavdic	ATT	05.09.1988	30	https://www.eurofotbal.cz/kluby/svedsko/if-elfsborg/soupiska/2010/
eu_sweden_if-elfsborg	Fredrik Berglund	fredrikberglund	ATT	21.03.1979	10	https://www.eurofotbal.cz/kluby/svedsko/if-elfsborg/soupiska/2010/
eu_sweden_if-elfsborg	James Keene	jameskeene	ATT	26.12.1985	26	https://www.eurofotbal.cz/kluby/svedsko/if-elfsborg/soupiska/2010/
eu_sweden_if-elfsborg	Amadaiya Rennie	amadaiyarennie	ATT	17.03.1990	2	https://www.eurofotbal.cz/kluby/svedsko/if-elfsborg/soupiska/2010/
eu_sweden_malmo-ff	Johan Dahlin	johandahlin	GK	08.09.1986	29	https://www.eurofotbal.cz/kluby/svedsko/malm-ff/soupiska/2010/
eu_sweden_malmo-ff	Dejan Garača	dejangaraca	GK	21.07.1991	2	https://www.eurofotbal.cz/kluby/svedsko/malm-ff/soupiska/2010/
eu_sweden_malmo-ff	Dušan Melichárek	dusanmelicharek	GK	29.11.1983	1	https://www.eurofotbal.cz/kluby/svedsko/malm-ff/soupiska/2010/
eu_sweden_malmo-ff	Joseph Elanga	josephelanga	DEF	02.05.1979	10	https://www.eurofotbal.cz/kluby/svedsko/malm-ff/soupiska/2010/
eu_sweden_malmo-ff	Yago Fernández	yagofernandez	DEF	05.01.1988	10	https://www.eurofotbal.cz/kluby/svedsko/malm-ff/soupiska/2010/
eu_sweden_malmo-ff	Markus Halsti	markushalsti	DEF	19.03.1984	8	https://www.eurofotbal.cz/kluby/svedsko/malm-ff/soupiska/2010/
eu_sweden_malmo-ff	Ricardinho	ricardinho	DEF	09.09.1984	23	https://www.eurofotbal.cz/kluby/svedsko/malm-ff/soupiska/2010/
eu_sweden_malmo-ff	Filip Stenström	filipstenstrom	DEF	03.07.1991	0	https://www.eurofotbal.cz/kluby/svedsko/malm-ff/soupiska/2010/
eu_sweden_malmo-ff	Jasmin Sudic	jasminsudic	DEF	24.11.1990	6	https://www.eurofotbal.cz/kluby/svedsko/malm-ff/soupiska/2010/
eu_sweden_malmo-ff	Ulrich Vinzents	ulrichvinzents	DEF	04.11.1976	30	https://www.eurofotbal.cz/kluby/svedsko/malm-ff/soupiska/2010/
eu_sweden_malmo-ff	Robert Åhman-Persson	robertahmanpersson	MID	26.03.1987	9	https://www.eurofotbal.cz/kluby/svedsko/malm-ff/soupiska/2010/
eu_sweden_malmo-ff	Daniel Andersson	danielandersson	MID	28.08.1977	31	https://www.eurofotbal.cz/kluby/svedsko/malm-ff/soupiska/2010/
eu_sweden_malmo-ff	Muamet Asanovski	muametasanovski	MID	14.07.1991	1	https://www.eurofotbal.cz/kluby/svedsko/malm-ff/soupiska/2010/
eu_sweden_malmo-ff	Jimmy Durmaz	jimmydurmaz	MID	22.03.1989	28	https://www.eurofotbal.cz/kluby/svedsko/malm-ff/soupiska/2010/
eu_sweden_malmo-ff	Rick Kruys	rickkruys	MID	09.05.1985	4	https://www.eurofotbal.cz/kluby/svedsko/malm-ff/soupiska/2010/
eu_sweden_malmo-ff	Miljan Mutavdžić	miljanmutavdzic	MID	03.02.1986	12	https://www.eurofotbal.cz/kluby/svedsko/malm-ff/soupiska/2010/
eu_sweden_malmo-ff	Edward Ofere	edwardofere	MID	28.03.1986	8	https://www.eurofotbal.cz/kluby/svedsko/malm-ff/soupiska/2010/
eu_sweden_malmo-ff	Ivo Pękalski	ivopekalski	MID	03.11.1990	25	https://www.eurofotbal.cz/kluby/svedsko/malm-ff/soupiska/2010/
eu_sweden_malmo-ff	Jeffrey Aubynn	jeffreyaubynn	ATT	12.05.1977	21	https://www.eurofotbal.cz/kluby/svedsko/malm-ff/soupiska/2010/
eu_sweden_malmo-ff	Wilton Figueiredo	wiltonfigueiredo	ATT	17.03.1982	28	https://www.eurofotbal.cz/kluby/svedsko/malm-ff/soupiska/2010/
eu_sweden_malmo-ff	Jiloan Hamad	jiloanhamad	ATT	06.11.1990	28	https://www.eurofotbal.cz/kluby/svedsko/malm-ff/soupiska/2010/
eu_sweden_malmo-ff	Pontus Jansson	pontusjansson	ATT	13.02.1991	19	https://www.eurofotbal.cz/kluby/svedsko/malm-ff/soupiska/2010/
eu_sweden_malmo-ff	Daniel Larsson	daniellarsson	ATT	25.01.1987	29	https://www.eurofotbal.cz/kluby/svedsko/malm-ff/soupiska/2010/
eu_sweden_malmo-ff	Agon Mehmeti	agonmehmeti	ATT	20.11.1989	25	https://www.eurofotbal.cz/kluby/svedsko/malm-ff/soupiska/2010/
eu_sweden_malmo-ff	Guillermo Molins	guillermomolins	ATT	26.09.1988	29	https://www.eurofotbal.cz/kluby/svedsko/malm-ff/soupiska/2010/
eu_sweden_malmo-ff	Alexander Nilsson	alexandernilsson	ATT	23.10.1992	3	https://www.eurofotbal.cz/kluby/svedsko/malm-ff/soupiska/2010/
eu_sweden_malmo-ff	Dardan Rexhepi	dardanrexhepi	ATT	16.01.1992	10	https://www.eurofotbal.cz/kluby/svedsko/malm-ff/soupiska/2010/
eu_sweden_ifk-goteborg	Erik Dahlin	erikdahlin	GK	28.04.1989	3	https://www.eurofotbal.cz/kluby/svedsko/ifk-goteborg/soupiska/2010/
eu_sweden_ifk-goteborg	Kim Christensen	kimchristensen	GK	16.07.1979	14	https://www.eurofotbal.cz/kluby/svedsko/ifk-goteborg/soupiska/2010/
eu_sweden_ifk-goteborg	Marcus Sandberg	marcussandberg	GK	07.11.1990	16	https://www.eurofotbal.cz/kluby/svedsko/ifk-goteborg/soupiska/2010/
eu_sweden_ifk-goteborg	Niclas Andersén	niclasandersen	DEF	05.08.1992	1	https://www.eurofotbal.cz/kluby/svedsko/ifk-goteborg/soupiska/2010/
eu_sweden_ifk-goteborg	Petter Björlund	petterbjorlund	DEF	06.06.1989	0	https://www.eurofotbal.cz/kluby/svedsko/ifk-goteborg/soupiska/2010/
eu_sweden_ifk-goteborg	Nicklas Carlsson	nicklascarlsson	DEF	13.11.1979	12	https://www.eurofotbal.cz/kluby/svedsko/ifk-goteborg/soupiska/2010/
eu_sweden_ifk-goteborg	Mikael Dyrestam	mikaeldyrestam	DEF	10.12.1991	0	https://www.eurofotbal.cz/kluby/svedsko/ifk-goteborg/soupiska/2010/
eu_sweden_ifk-goteborg	Sebastian Eriksson	sebastianeriksson	DEF	31.01.1989	26	https://www.eurofotbal.cz/kluby/svedsko/ifk-goteborg/soupiska/2010/
eu_sweden_ifk-goteborg	Adam Johansson	adamjohansson	DEF	21.02.1983	28	https://www.eurofotbal.cz/kluby/svedsko/ifk-goteborg/soupiska/2010/
eu_sweden_ifk-goteborg	Hjálmar Jónsson	hjalmarjonsson	DEF	29.07.1980	26	https://www.eurofotbal.cz/kluby/svedsko/ifk-goteborg/soupiska/2010/
eu_sweden_ifk-goteborg	Erik Lund	eriklund	DEF	06.11.1988	23	https://www.eurofotbal.cz/kluby/svedsko/ifk-goteborg/soupiska/2010/
eu_sweden_ifk-goteborg	Fredrik Risp	fredrikrisp	DEF	15.12.1980	3	https://www.eurofotbal.cz/kluby/svedsko/ifk-goteborg/soupiska/2010/
eu_sweden_ifk-goteborg	Ragnar Sigurdsson	ragnarsigurdsson	DEF	19.06.1986	29	https://www.eurofotbal.cz/kluby/svedsko/ifk-goteborg/soupiska/2010/
eu_sweden_ifk-goteborg	Karl Svensson	karlsvensson	DEF	21.03.1984	6	https://www.eurofotbal.cz/kluby/svedsko/ifk-goteborg/soupiska/2010/
eu_sweden_ifk-goteborg	Tuomo Turunen	tuomoturunen	DEF	30.08.1987	1	https://www.eurofotbal.cz/kluby/svedsko/ifk-goteborg/soupiska/2010/
eu_sweden_ifk-goteborg	Joel Allansson	joelallansson	MID	03.11.1992	0	https://www.eurofotbal.cz/kluby/svedsko/ifk-goteborg/soupiska/2010/
eu_sweden_ifk-goteborg	Elmar Bjarnason	elmarbjarnason	MID	04.03.1987	23	https://www.eurofotbal.cz/kluby/svedsko/ifk-goteborg/soupiska/2010/
eu_sweden_ifk-goteborg	Alexander Faltsetas	alexanderfaltsetas	MID	04.07.1987	19	https://www.eurofotbal.cz/kluby/svedsko/ifk-goteborg/soupiska/2010/
eu_sweden_ifk-goteborg	Jakob Johansson	jakobjohansson	MID	21.06.1990	27	https://www.eurofotbal.cz/kluby/svedsko/ifk-goteborg/soupiska/2010/
eu_sweden_ifk-goteborg	Thomas Olsson	thomasolsson	MID	15.02.1976	26	https://www.eurofotbal.cz/kluby/svedsko/ifk-goteborg/soupiska/2010/
eu_sweden_ifk-goteborg	Tobias Sana	tobiassana	MID	11.07.1989	12	https://www.eurofotbal.cz/kluby/svedsko/ifk-goteborg/soupiska/2010/
eu_sweden_ifk-goteborg	Stefan Selakovic	stefanselakovic	MID	09.01.1977	28	https://www.eurofotbal.cz/kluby/svedsko/ifk-goteborg/soupiska/2010/
eu_sweden_ifk-goteborg	Gustav Svensson	gustavsvensson	MID	07.02.1987	19	https://www.eurofotbal.cz/kluby/svedsko/ifk-goteborg/soupiska/2010/
eu_sweden_ifk-goteborg	William Atashkadeh	williamatashkadeh	ATT	12.04.1992	5	https://www.eurofotbal.cz/kluby/svedsko/ifk-goteborg/soupiska/2010/
eu_sweden_ifk-goteborg	Nicklas Bärkroth	nicklasbarkroth	ATT	19.01.1992	16	https://www.eurofotbal.cz/kluby/svedsko/ifk-goteborg/soupiska/2010/
eu_sweden_ifk-goteborg	Pär Ericsson	parericsson	ATT	21.07.1988	12	https://www.eurofotbal.cz/kluby/svedsko/ifk-goteborg/soupiska/2010/
eu_sweden_ifk-goteborg	Tobias Hysén	tobiashysen	ATT	09.03.1982	23	https://www.eurofotbal.cz/kluby/svedsko/ifk-goteborg/soupiska/2010/
eu_sweden_ifk-goteborg	Lawal Ismail	lawalismail	ATT	05.09.1991	2	https://www.eurofotbal.cz/kluby/svedsko/ifk-goteborg/soupiska/2010/
eu_sweden_ifk-goteborg	Robin Söder	robinsoder	ATT	01.04.1991	14	https://www.eurofotbal.cz/kluby/svedsko/ifk-goteborg/soupiska/2010/
eu_sweden_ifk-goteborg	Hannes Stiller	hannesstiller	ATT	03.07.1978	12	https://www.eurofotbal.cz/kluby/svedsko/ifk-goteborg/soupiska/2010/
eu_switzerland_bsc-young-boys	Ivan Benito	ivanbenito	GK	27.08.1976	0	https://www.eurofotbal.cz/kluby/svycarsko/bsc-young-boys/soupiska/2010-2011/
eu_switzerland_bsc-young-boys	Hrvoje Bukovski	hrvojebukovski	GK	05.11.1991	0	https://www.eurofotbal.cz/kluby/svycarsko/bsc-young-boys/soupiska/2010-2011/
eu_switzerland_bsc-young-boys	Roman Bürki	romanburki	GK	14.11.1990	4	https://www.eurofotbal.cz/kluby/svycarsko/bsc-young-boys/soupiska/2010-2011/
eu_switzerland_bsc-young-boys	Marco Wölfli	marcowolfli	GK	22.08.1982	46	https://www.eurofotbal.cz/kluby/svycarsko/bsc-young-boys/soupiska/2010-2011/
eu_switzerland_bsc-young-boys	François Affolter	francoisaffolter	DEF	13.03.1991	46	https://www.eurofotbal.cz/kluby/svycarsko/bsc-young-boys/soupiska/2010-2011/
eu_switzerland_bsc-young-boys	Adriano De Pierro	adrianodepierro	DEF	11.01.1991	2	https://www.eurofotbal.cz/kluby/svycarsko/bsc-young-boys/soupiska/2010-2011/
eu_switzerland_bsc-young-boys	Emiliano Dudar	emilianodudar	DEF	17.01.1982	22	https://www.eurofotbal.cz/kluby/svycarsko/bsc-young-boys/soupiska/2010-2011/
eu_switzerland_bsc-young-boys	Ammar Jemal	ammarjemal	DEF	20.04.1987	37	https://www.eurofotbal.cz/kluby/svycarsko/bsc-young-boys/soupiska/2010-2011/
eu_switzerland_bsc-young-boys	Hassan Lingani	hassanlingani	DEF	30.12.1987	2	https://www.eurofotbal.cz/kluby/svycarsko/bsc-young-boys/soupiska/2010-2011/
eu_switzerland_bsc-young-boys	Alain Nef	alainnef	DEF	06.02.1982	35	https://www.eurofotbal.cz/kluby/svycarsko/bsc-young-boys/soupiska/2010-2011/
eu_switzerland_bsc-young-boys	Christoph Spycher	christophspycher	DEF	30.03.1978	38	https://www.eurofotbal.cz/kluby/svycarsko/bsc-young-boys/soupiska/2010-2011/
eu_switzerland_bsc-young-boys	Sven Zimmermann	svenzimmermann	DEF	03.12.1990	0	https://www.eurofotbal.cz/kluby/svycarsko/bsc-young-boys/soupiska/2010-2011/
eu_switzerland_bsc-young-boys	David Degen	daviddegen	MID	15.02.1983	44	https://www.eurofotbal.cz/kluby/svycarsko/bsc-young-boys/soupiska/2010-2011/
eu_switzerland_bsc-young-boys	Pascal Doubaï	pascaldoubai	MID	21.05.1992	5	https://www.eurofotbal.cz/kluby/svycarsko/bsc-young-boys/soupiska/2010-2011/
eu_switzerland_bsc-young-boys	Thierry Doubaï	thierrydoubai	MID	01.07.1988	43	https://www.eurofotbal.cz/kluby/svycarsko/bsc-young-boys/soupiska/2010-2011/
eu_switzerland_bsc-young-boys	Dario Dussin	dariodussin	MID	13.04.1989	0	https://www.eurofotbal.cz/kluby/svycarsko/bsc-young-boys/soupiska/2010-2011/
eu_switzerland_bsc-young-boys	Alexander Farnerud	alexanderfarnerud	MID	01.05.1984	18	https://www.eurofotbal.cz/kluby/svycarsko/bsc-young-boys/soupiska/2010-2011/
eu_switzerland_bsc-young-boys	Xavier Hochstrasser	xavierhochstrasser	MID	01.07.1988	20	https://www.eurofotbal.cz/kluby/svycarsko/bsc-young-boys/soupiska/2010-2011/
eu_switzerland_bsc-young-boys	Senad Lulić	senadlulic	MID	18.01.1986	43	https://www.eurofotbal.cz/kluby/svycarsko/bsc-young-boys/soupiska/2010-2011/
eu_switzerland_bsc-young-boys	Mario Raimondi	marioraimondi	MID	10.07.1980	35	https://www.eurofotbal.cz/kluby/svycarsko/bsc-young-boys/soupiska/2010-2011/
eu_switzerland_bsc-young-boys	Alberto Regazzoni	albertoregazzoni	MID	04.05.1983	19	https://www.eurofotbal.cz/kluby/svycarsko/bsc-young-boys/soupiska/2010-2011/
eu_switzerland_bsc-young-boys	Christian Schneuwly	christianschneuwly	MID	07.02.1988	23	https://www.eurofotbal.cz/kluby/svycarsko/bsc-young-boys/soupiska/2010-2011/
eu_switzerland_bsc-young-boys	Scott Sutter	scottsutter	MID	13.05.1986	45	https://www.eurofotbal.cz/kluby/svycarsko/bsc-young-boys/soupiska/2010-2011/
eu_switzerland_bsc-young-boys	Matteo Tosetti	matteotosetti	MID	15.02.1992	6	https://www.eurofotbal.cz/kluby/svycarsko/bsc-young-boys/soupiska/2010-2011/
eu_switzerland_bsc-young-boys	Henri Bienvenu	henribienvenu	ATT	05.07.1988	45	https://www.eurofotbal.cz/kluby/svycarsko/bsc-young-boys/soupiska/2010-2011/
eu_switzerland_bsc-young-boys	Moreno Costanzo	morenocostanzo	ATT	20.02.1988	43	https://www.eurofotbal.cz/kluby/svycarsko/bsc-young-boys/soupiska/2010-2011/
eu_switzerland_bsc-young-boys	Emmanuel Mayuka	emmanuelmayuka	ATT	21.11.1990	36	https://www.eurofotbal.cz/kluby/svycarsko/bsc-young-boys/soupiska/2010-2011/
eu_switzerland_bsc-young-boys	Marco Schneuwly	marcoschneuwly	ATT	27.03.1985	24	https://www.eurofotbal.cz/kluby/svycarsko/bsc-young-boys/soupiska/2010-2011/
eu_switzerland_bsc-young-boys	Albert Spahiu	albertspahiu	ATT	03.08.1990	1	https://www.eurofotbal.cz/kluby/svycarsko/bsc-young-boys/soupiska/2010-2011/
eu_switzerland_fc-basel	Massimo Colomba	massimocolomba	GK	24.08.1977	1	https://www.eurofotbal.cz/kluby/svycarsko/fc-basilej/soupiska/2010-2011/
eu_switzerland_fc-basel	Franco Costanzo	francocostanzo	GK	05.09.1980	44	https://www.eurofotbal.cz/kluby/svycarsko/fc-basilej/soupiska/2010-2011/
eu_switzerland_fc-basel	Jayson Leutwiler	jaysonleutwiler	GK	25.04.1989	0	https://www.eurofotbal.cz/kluby/svycarsko/fc-basilej/soupiska/2010-2011/
eu_switzerland_fc-basel	Yann Sommer	yannsommer	GK	17.12.1988	5	https://www.eurofotbal.cz/kluby/svycarsko/fc-basilej/soupiska/2010-2011/
eu_switzerland_fc-basel	David Abraham	davidabraham	DEF	15.07.1986	40	https://www.eurofotbal.cz/kluby/svycarsko/fc-basilej/soupiska/2010-2011/
eu_switzerland_fc-basel	Cagdas Atan	cagdasatan	DEF	29.02.1980	16	https://www.eurofotbal.cz/kluby/svycarsko/fc-basilej/soupiska/2010-2011/
eu_switzerland_fc-basel	Aleksandar Dragović	aleksandardragovic	DEF	06.03.1991	16	https://www.eurofotbal.cz/kluby/svycarsko/fc-basilej/soupiska/2010-2011/
eu_switzerland_fc-basel	Beg Ferati	begferati	DEF	10.11.1986	22	https://www.eurofotbal.cz/kluby/svycarsko/fc-basilej/soupiska/2010-2011/
eu_switzerland_fc-basel	Samuel Inkoom	samuelinkoom	DEF	01.06.1989	26	https://www.eurofotbal.cz/kluby/svycarsko/fc-basilej/soupiska/2010-2011/
eu_switzerland_fc-basel	Gensérix Kusunga	genserixkusunga	DEF	12.03.1988	9	https://www.eurofotbal.cz/kluby/svycarsko/fc-basilej/soupiska/2010-2011/
eu_switzerland_fc-basel	Behrang Safari	behrangsafari	DEF	09.02.1985	40	https://www.eurofotbal.cz/kluby/svycarsko/fc-basilej/soupiska/2010-2011/
eu_switzerland_fc-basel	Markus Steinhöfer	markussteinhofer	DEF	07.03.1986	20	https://www.eurofotbal.cz/kluby/svycarsko/fc-basilej/soupiska/2010-2011/
eu_switzerland_fc-basel	Taulant Xhaka	taulantxhaka	DEF	28.03.1991	5	https://www.eurofotbal.cz/kluby/svycarsko/fc-basilej/soupiska/2010-2011/
eu_switzerland_fc-basel	Reto Zanni	retozanni	DEF	09.02.1980	6	https://www.eurofotbal.cz/kluby/svycarsko/fc-basilej/soupiska/2010-2011/
eu_switzerland_fc-basel	Cabral	cabral	MID	22.10.1988	29	https://www.eurofotbal.cz/kluby/svycarsko/fc-basilej/soupiska/2010-2011/
eu_switzerland_fc-basel	Marcos Gelabert	marcosgelabert	MID	19.09.1981	0	https://www.eurofotbal.cz/kluby/svycarsko/fc-basilej/soupiska/2010-2011/
eu_switzerland_fc-basel	Benjamin Huggel	benjaminhuggel	MID	07.07.1977	34	https://www.eurofotbal.cz/kluby/svycarsko/fc-basilej/soupiska/2010-2011/
eu_switzerland_fc-basel	Scott Chipperfield	scottchipperfield	MID	30.12.1975	29	https://www.eurofotbal.cz/kluby/svycarsko/fc-basilej/soupiska/2010-2011/
eu_switzerland_fc-basel	Janick Kamber	janickkamber	MID	26.02.1992	0	https://www.eurofotbal.cz/kluby/svycarsko/fc-basilej/soupiska/2010-2011/
eu_switzerland_fc-basel	Xherdan Shaqiri	xherdanshaqiri	MID	10.10.1991	40	https://www.eurofotbal.cz/kluby/svycarsko/fc-basilej/soupiska/2010-2011/
eu_switzerland_fc-basel	Pascal Schürpf	pascalschurpf	MID	15.07.1989	5	https://www.eurofotbal.cz/kluby/svycarsko/fc-basilej/soupiska/2010-2011/
eu_switzerland_fc-basel	Valentin Stocker	valentinstocker	MID	12.04.1989	36	https://www.eurofotbal.cz/kluby/svycarsko/fc-basilej/soupiska/2010-2011/
eu_switzerland_fc-basel	Fwayo Tembo	fwayotembo	MID	02.05.1989	32	https://www.eurofotbal.cz/kluby/svycarsko/fc-basilej/soupiska/2010-2011/
eu_switzerland_fc-basel	Daniel Unal	danielunal	MID	18.01.1990	4	https://www.eurofotbal.cz/kluby/svycarsko/fc-basilej/soupiska/2010-2011/
eu_switzerland_fc-basel	Sandro Wieser	sandrowieser	MID	03.02.1993	1	https://www.eurofotbal.cz/kluby/svycarsko/fc-basilej/soupiska/2010-2011/
eu_switzerland_fc-basel	Granit Xhaka	granitxhaka	MID	27.09.1992	26	https://www.eurofotbal.cz/kluby/svycarsko/fc-basilej/soupiska/2010-2011/
eu_switzerland_fc-basel	Gilles Yapi-Yapo	gillesyapiyapo	MID	30.01.1982	42	https://www.eurofotbal.cz/kluby/svycarsko/fc-basilej/soupiska/2010-2011/
eu_switzerland_fc-basel	Federico Almerares	federicoalmerares	ATT	02.05.1985	21	https://www.eurofotbal.cz/kluby/svycarsko/fc-basilej/soupiska/2010-2011/
eu_switzerland_fc-basel	Matthias Baron	matthiasbaron	ATT	17.08.1988	4	https://www.eurofotbal.cz/kluby/svycarsko/fc-basilej/soupiska/2010-2011/
eu_switzerland_fc-basel	Alexander Frei	alexanderfrei	ATT	15.07.1979	46	https://www.eurofotbal.cz/kluby/svycarsko/fc-basilej/soupiska/2010-2011/
eu_switzerland_fc-basel	Marco Streller	marcostreller	ATT	18.06.1981	34	https://www.eurofotbal.cz/kluby/svycarsko/fc-basilej/soupiska/2010-2011/
eu_switzerland_fc-basel	Jacques Zoua	jacqueszoua	ATT	06.09.1991	28	https://www.eurofotbal.cz/kluby/svycarsko/fc-basilej/soupiska/2010-2011/
eu_switzerland_fc-st-gallen	Reto Bolli	retobolli	GK	02.03.1979	0	https://www.eurofotbal.cz/kluby/svycarsko/fc-st-gallen/soupiska/2010-2011/
eu_switzerland_fc-st-gallen	Daniel Lopar	daniellopar	GK	19.04.1985	10	https://www.eurofotbal.cz/kluby/svycarsko/fc-st-gallen/soupiska/2010-2011/
eu_switzerland_fc-st-gallen	Germano Vailati	germanovailati	GK	30.08.1980	27	https://www.eurofotbal.cz/kluby/svycarsko/fc-st-gallen/soupiska/2010-2011/
eu_switzerland_fc-st-gallen	Tim Bakens	timbakens	DEF	02.11.1982	17	https://www.eurofotbal.cz/kluby/svycarsko/fc-st-gallen/soupiska/2010-2011/
eu_switzerland_fc-st-gallen	Fernando de Souza	fernandodesouza	DEF	12.09.1980	17	https://www.eurofotbal.cz/kluby/svycarsko/fc-st-gallen/soupiska/2010-2011/
eu_switzerland_fc-st-gallen	Daniel Dunst	danieldunst	DEF	12.04.1984	11	https://www.eurofotbal.cz/kluby/svycarsko/fc-st-gallen/soupiska/2010-2011/
eu_switzerland_fc-st-gallen	José Gonçalves	josegoncalves	DEF	17.09.1985	17	https://www.eurofotbal.cz/kluby/svycarsko/fc-st-gallen/soupiska/2010-2011/
eu_switzerland_fc-st-gallen	Marco Hämmerli	marcohammerli	DEF	07.05.1985	20	https://www.eurofotbal.cz/kluby/svycarsko/fc-st-gallen/soupiska/2010-2011/
eu_switzerland_fc-st-gallen	Michael Lang	michaellang	DEF	08.02.1991	32	https://www.eurofotbal.cz/kluby/svycarsko/fc-st-gallen/soupiska/2010-2011/
eu_switzerland_fc-st-gallen	Ivan Martić	ivanmartic	DEF	02.10.1990	13	https://www.eurofotbal.cz/kluby/svycarsko/fc-st-gallen/soupiska/2010-2011/
eu_switzerland_fc-st-gallen	Lukas Schenkel	lukasschenkel	DEF	01.04.1984	36	https://www.eurofotbal.cz/kluby/svycarsko/fc-st-gallen/soupiska/2010-2011/
eu_switzerland_fc-st-gallen	Daniel Beichler	danielbeichler	MID	13.10.1988	7	https://www.eurofotbal.cz/kluby/svycarsko/fc-st-gallen/soupiska/2010-2011/
eu_switzerland_fc-st-gallen	Tunahan Çiçek	tunahancicek	MID	12.05.1992	4	https://www.eurofotbal.cz/kluby/svycarsko/fc-st-gallen/soupiska/2010-2011/
eu_switzerland_fc-st-gallen	Fabian Frei	fabianfrei	MID	08.01.1989	35	https://www.eurofotbal.cz/kluby/svycarsko/fc-st-gallen/soupiska/2010-2011/
eu_switzerland_fc-st-gallen	Daniel Imhof	danielimhof	MID	22.11.1977	29	https://www.eurofotbal.cz/kluby/svycarsko/fc-st-gallen/soupiska/2010-2011/
eu_switzerland_fc-st-gallen	Pa Modou Jagne	pamodoujagne	MID	26.12.1989	24	https://www.eurofotbal.cz/kluby/svycarsko/fc-st-gallen/soupiska/2010-2011/
eu_switzerland_fc-st-gallen	Thomas Knöpfel	thomasknopfel	MID	09.11.1983	1	https://www.eurofotbal.cz/kluby/svycarsko/fc-st-gallen/soupiska/2010-2011/
eu_switzerland_fc-st-gallen	Philipp Muntwiler	philippmuntwiler	MID	25.02.1987	34	https://www.eurofotbal.cz/kluby/svycarsko/fc-st-gallen/soupiska/2010-2011/
eu_switzerland_fc-st-gallen	Kristian Nushi	kristiannushi	MID	21.07.1982	29	https://www.eurofotbal.cz/kluby/svycarsko/fc-st-gallen/soupiska/2010-2011/
eu_switzerland_fc-st-gallen	Alberto Regazzoni	albertoregazzoni	MID	04.05.1983	16	https://www.eurofotbal.cz/kluby/svycarsko/fc-st-gallen/soupiska/2010-2011/
eu_switzerland_fc-st-gallen	Ezequiel Scarione	ezequielscarione	MID	14.07.1985	15	https://www.eurofotbal.cz/kluby/svycarsko/fc-st-gallen/soupiska/2010-2011/
eu_switzerland_fc-st-gallen	Manuel Sutter	manuelsutter	MID	08.03.1991	13	https://www.eurofotbal.cz/kluby/svycarsko/fc-st-gallen/soupiska/2010-2011/
eu_switzerland_fc-st-gallen	Adrian Winter	adrianwinter	MID	08.07.1986	29	https://www.eurofotbal.cz/kluby/svycarsko/fc-st-gallen/soupiska/2010-2011/
eu_switzerland_fc-st-gallen	Nico Abegglen	nicoabegglen	ATT	16.02.1990	27	https://www.eurofotbal.cz/kluby/svycarsko/fc-st-gallen/soupiska/2010-2011/
eu_switzerland_fc-st-gallen	Sandro Calabro	sandrocalabro	ATT	11.04.1983	16	https://www.eurofotbal.cz/kluby/svycarsko/fc-st-gallen/soupiska/2010-2011/
eu_switzerland_fc-st-gallen	Mario Frick	mariofrick	ATT	07.09.1974	15	https://www.eurofotbal.cz/kluby/svycarsko/fc-st-gallen/soupiska/2010-2011/
eu_switzerland_fc-st-gallen	Klemen Lavrič	klemenlavric	ATT	12.06.1981	13	https://www.eurofotbal.cz/kluby/svycarsko/fc-st-gallen/soupiska/2010-2011/
eu_switzerland_fc-st-gallen	Sven Lehmann	svenlehmann	ATT	18.12.1991	1	https://www.eurofotbal.cz/kluby/svycarsko/fc-st-gallen/soupiska/2010-2011/
eu_switzerland_fc-st-gallen	Brice Owona	briceowona	ATT	04.03.1989	7	https://www.eurofotbal.cz/kluby/svycarsko/fc-st-gallen/soupiska/2010-2011/
eu_switzerland_fc-thun	Remo Burri	remoburri	GK	22.02.1991	0	https://www.eurofotbal.cz/kluby/svycarsko/fc-thun/soupiska/2010-2011/
eu_switzerland_fc-thun	David da Costa	daviddacosta	GK	19.04.1986	37	https://www.eurofotbal.cz/kluby/svycarsko/fc-thun/soupiska/2010-2011/
eu_switzerland_fc-thun	Dragan Djukic	dragandjukic	GK	15.07.1987	1	https://www.eurofotbal.cz/kluby/svycarsko/fc-thun/soupiska/2010-2011/
eu_switzerland_fc-thun	Sascha Stulz	saschastulz	GK	03.06.1988	0	https://www.eurofotbal.cz/kluby/svycarsko/fc-thun/soupiska/2010-2011/
eu_switzerland_fc-thun	Ervin Gashi	ervingashi	DEF	27.08.1990	1	https://www.eurofotbal.cz/kluby/svycarsko/fc-thun/soupiska/2010-2011/
eu_switzerland_fc-thun	Timm Klose	timmklose	DEF	09.05.1988	32	https://www.eurofotbal.cz/kluby/svycarsko/fc-thun/soupiska/2010-2011/
eu_switzerland_fc-thun	Stipe Matić	stipematic	DEF	06.02.1979	35	https://www.eurofotbal.cz/kluby/svycarsko/fc-thun/soupiska/2010-2011/
eu_switzerland_fc-thun	Thomas Reinmann	thomasreinmann	DEF	09.04.1983	18	https://www.eurofotbal.cz/kluby/svycarsko/fc-thun/soupiska/2010-2011/
eu_switzerland_fc-thun	Nicolas Schindelholz	nicolasschindelholz	DEF	12.02.1988	15	https://www.eurofotbal.cz/kluby/svycarsko/fc-thun/soupiska/2010-2011/
eu_switzerland_fc-thun	Marc Schneider	marcschneider	DEF	23.07.1980	23	https://www.eurofotbal.cz/kluby/svycarsko/fc-thun/soupiska/2010-2011/
eu_switzerland_fc-thun	Michael Siegfried	michaelsiegfried	DEF	18.02.1988	3	https://www.eurofotbal.cz/kluby/svycarsko/fc-thun/soupiska/2010-2011/
eu_switzerland_fc-thun	Andreas Wittwer	andreaswittwer	DEF	05.10.1990	28	https://www.eurofotbal.cz/kluby/svycarsko/fc-thun/soupiska/2010-2011/
eu_switzerland_fc-thun	Stephan Andrist	stephanandrist	MID	12.12.1987	23	https://www.eurofotbal.cz/kluby/svycarsko/fc-thun/soupiska/2010-2011/
eu_switzerland_fc-thun	Roland Bättig	rolandbattig	MID	28.07.1979	36	https://www.eurofotbal.cz/kluby/svycarsko/fc-thun/soupiska/2010-2011/
eu_switzerland_fc-thun	Muhamed Demiri	muhameddemiri	MID	20.11.1985	33	https://www.eurofotbal.cz/kluby/svycarsko/fc-thun/soupiska/2010-2011/
eu_switzerland_fc-thun	Stefan Glarner	stefanglarner	MID	21.11.1987	30	https://www.eurofotbal.cz/kluby/svycarsko/fc-thun/soupiska/2010-2011/
eu_switzerland_fc-thun	Dennis Hediger	dennishediger	MID	22.09.1986	20	https://www.eurofotbal.cz/kluby/svycarsko/fc-thun/soupiska/2010-2011/
eu_switzerland_fc-thun	Dario Lezcano	dariolezcano	MID	30.06.1990	18	https://www.eurofotbal.cz/kluby/svycarsko/fc-thun/soupiska/2010-2011/
eu_switzerland_fc-thun	Benjamin Lüthi	benjaminluthi	MID	30.11.1988	33	https://www.eurofotbal.cz/kluby/svycarsko/fc-thun/soupiska/2010-2011/
eu_switzerland_fc-thun	Markus Neumayr	markusneumayr	MID	26.03.1986	13	https://www.eurofotbal.cz/kluby/svycarsko/fc-thun/soupiska/2010-2011/
eu_switzerland_fc-thun	Steven Rüegg	stevenruegg	MID	25.01.1990	0	https://www.eurofotbal.cz/kluby/svycarsko/fc-thun/soupiska/2010-2011/
eu_switzerland_fc-thun	Mathieu Salamand	mathieusalamand	MID	17.04.1991	1	https://www.eurofotbal.cz/kluby/svycarsko/fc-thun/soupiska/2010-2011/
eu_switzerland_fc-thun	Sekou Sanogo Junior	sekousanogojunior	MID	05.05.1989	15	https://www.eurofotbal.cz/kluby/svycarsko/fc-thun/soupiska/2010-2011/
eu_switzerland_fc-thun	Ezequiel Scarione	ezequielscarione	MID	14.07.1985	19	https://www.eurofotbal.cz/kluby/svycarsko/fc-thun/soupiska/2010-2011/
eu_switzerland_fc-thun	Enrico Schirinzi	enricoschirinzi	MID	14.11.1984	11	https://www.eurofotbal.cz/kluby/svycarsko/fc-thun/soupiska/2010-2011/
eu_switzerland_fc-thun	Ifet Taljević	ifettaljevic	MID	12.06.1980	16	https://www.eurofotbal.cz/kluby/svycarsko/fc-thun/soupiska/2010-2011/
eu_switzerland_fc-thun	Mirson Volina	mirsonvolina	MID	08.01.1990	2	https://www.eurofotbal.cz/kluby/svycarsko/fc-thun/soupiska/2010-2011/
eu_switzerland_fc-thun	Dudu	dudu	ATT	30.06.1985	0	https://www.eurofotbal.cz/kluby/svycarsko/fc-thun/soupiska/2010-2011/
eu_switzerland_fc-thun	Giuseppe Morello	giuseppemorello	ATT	12.10.1985	15	https://www.eurofotbal.cz/kluby/svycarsko/fc-thun/soupiska/2010-2011/
eu_switzerland_fc-thun	Nick Proschwitz	nickproschwitz	ATT	28.11.1986	33	https://www.eurofotbal.cz/kluby/svycarsko/fc-thun/soupiska/2010-2011/
eu_switzerland_fc-thun	Milaim Rama	milaimrama	ATT	29.02.1976	15	https://www.eurofotbal.cz/kluby/svycarsko/fc-thun/soupiska/2010-2011/
eu_switzerland_fc-zurich	René Borkovic	reneborkovic	GK	21.04.1991	0	https://www.eurofotbal.cz/kluby/svycarsko/fc-curych/soupiska/2010-2011/
eu_switzerland_fc-zurich	Andrea Guatelli	andreaguatelli	GK	05.05.1984	23	https://www.eurofotbal.cz/kluby/svycarsko/fc-curych/soupiska/2010-2011/
eu_switzerland_fc-zurich	Orlando Lattmann	orlandolattmann	GK	25.08.1989	0	https://www.eurofotbal.cz/kluby/svycarsko/fc-curych/soupiska/2010-2011/
eu_switzerland_fc-zurich	Johnny Leoni	johnnyleoni	GK	30.06.1984	15	https://www.eurofotbal.cz/kluby/svycarsko/fc-curych/soupiska/2010-2011/
eu_switzerland_fc-zurich	Heinz Barmettler	heinzbarmettler	DEF	21.07.1987	3	https://www.eurofotbal.cz/kluby/svycarsko/fc-curych/soupiska/2010-2011/
eu_switzerland_fc-zurich	Mathieu Béda	mathieubeda	DEF	28.07.1981	17	https://www.eurofotbal.cz/kluby/svycarsko/fc-curych/soupiska/2010-2011/
eu_switzerland_fc-zurich	Dugagjin Dedaj	dugagjindedaj	DEF	15.09.1989	1	https://www.eurofotbal.cz/kluby/svycarsko/fc-curych/soupiska/2010-2011/
eu_switzerland_fc-zurich	Philippe Koch	philippekoch	DEF	08.02.1991	28	https://www.eurofotbal.cz/kluby/svycarsko/fc-curych/soupiska/2010-2011/
eu_switzerland_fc-zurich	Raphael Koch	raphaelkoch	DEF	20.01.1990	12	https://www.eurofotbal.cz/kluby/svycarsko/fc-curych/soupiska/2010-2011/
eu_switzerland_fc-zurich	Ludovic Magnin	ludovicmagnin	DEF	20.04.1979	26	https://www.eurofotbal.cz/kluby/svycarsko/fc-curych/soupiska/2010-2011/
eu_switzerland_fc-zurich	Ricardo Rodríguez	ricardorodriguez	DEF	25.08.1992	14	https://www.eurofotbal.cz/kluby/svycarsko/fc-curych/soupiska/2010-2011/
eu_switzerland_fc-zurich	Alain Rochat	alainrochat	DEF	01.02.1983	11	https://www.eurofotbal.cz/kluby/svycarsko/fc-curych/soupiska/2010-2011/
eu_switzerland_fc-zurich	Florian Stahel	florianstahel	DEF	10.03.1985	12	https://www.eurofotbal.cz/kluby/svycarsko/fc-curych/soupiska/2010-2011/
eu_switzerland_fc-zurich	Remo Staubli	remostaubli	DEF	07.10.1988	0	https://www.eurofotbal.cz/kluby/svycarsko/fc-curych/soupiska/2010-2011/
eu_switzerland_fc-zurich	Jorge Teixeira	jorgeteixeira	DEF	27.08.1986	28	https://www.eurofotbal.cz/kluby/svycarsko/fc-curych/soupiska/2010-2011/
eu_switzerland_fc-zurich	Silvan Aegerter	silvanaegerter	MID	05.05.1980	33	https://www.eurofotbal.cz/kluby/svycarsko/fc-curych/soupiska/2010-2011/
eu_switzerland_fc-zurich	Oliver Buff	oliverbuff	MID	03.08.1992	11	https://www.eurofotbal.cz/kluby/svycarsko/fc-curych/soupiska/2010-2011/
eu_switzerland_fc-zurich	Martin Büchel	martinbuchel	MID	19.02.1987	0	https://www.eurofotbal.cz/kluby/svycarsko/fc-curych/soupiska/2010-2011/
eu_switzerland_fc-zurich	Dusan Djuric	dusandjuric	MID	16.09.1984	35	https://www.eurofotbal.cz/kluby/svycarsko/fc-curych/soupiska/2010-2011/
eu_switzerland_fc-zurich	Milan Gajić	milangajic	MID	17.11.1986	5	https://www.eurofotbal.cz/kluby/svycarsko/fc-curych/soupiska/2010-2011/
eu_switzerland_fc-zurich	Yassine Chikhaoui	yassinechikhaoui	MID	22.09.1986	5	https://www.eurofotbal.cz/kluby/svycarsko/fc-curych/soupiska/2010-2011/
eu_switzerland_fc-zurich	Stjepan Kukuruzović	stjepankukuruzovic	MID	07.06.1989	28	https://www.eurofotbal.cz/kluby/svycarsko/fc-curych/soupiska/2010-2011/
eu_switzerland_fc-zurich	Xavier Margairaz	xaviermargairaz	MID	07.01.1984	28	https://www.eurofotbal.cz/kluby/svycarsko/fc-curych/soupiska/2010-2011/
eu_switzerland_fc-zurich	Tito Tarchini	titotarchini	MID	05.11.1989	0	https://www.eurofotbal.cz/kluby/svycarsko/fc-curych/soupiska/2010-2011/
eu_switzerland_fc-zurich	Andrés Vasquez	andresvasquez	MID	16.07.1987	0	https://www.eurofotbal.cz/kluby/svycarsko/fc-curych/soupiska/2010-2011/
eu_switzerland_fc-zurich	Chaker Zouaghi	chakerzouaghi	MID	10.01.1985	30	https://www.eurofotbal.cz/kluby/svycarsko/fc-curych/soupiska/2010-2011/
eu_switzerland_fc-zurich	Alexandre Alphonse	alexandrealphonse	ATT	17.06.1982	28	https://www.eurofotbal.cz/kluby/svycarsko/fc-curych/soupiska/2010-2011/
eu_switzerland_fc-zurich	Josip Drmić	josipdrmic	ATT	08.08.1992	7	https://www.eurofotbal.cz/kluby/svycarsko/fc-curych/soupiska/2010-2011/
eu_switzerland_fc-zurich	Eric Hassli	erichassli	ATT	03.05.1981	17	https://www.eurofotbal.cz/kluby/svycarsko/fc-curych/soupiska/2010-2011/
eu_switzerland_fc-zurich	Amine Chermiti	aminechermiti	ATT	26.12.1987	19	https://www.eurofotbal.cz/kluby/svycarsko/fc-curych/soupiska/2010-2011/
eu_switzerland_fc-zurich	Admir Mehmedi	admirmehmedi	ATT	16.03.1991	35	https://www.eurofotbal.cz/kluby/svycarsko/fc-curych/soupiska/2010-2011/
eu_switzerland_fc-zurich	Adrian Nikci	adriannikci	ATT	10.11.1989	27	https://www.eurofotbal.cz/kluby/svycarsko/fc-curych/soupiska/2010-2011/
eu_switzerland_fc-zurich	Marco Schönbächler	marcoschonbachler	ATT	11.01.1990	31	https://www.eurofotbal.cz/kluby/svycarsko/fc-curych/soupiska/2010-2011/
eu_switzerland_fc-zurich	Emra Tahirovic	emratahirovic	ATT	31.07.1988	0	https://www.eurofotbal.cz/kluby/svycarsko/fc-curych/soupiska/2010-2011/
eu_switzerland_lausanne-sport	Mickael Castejon	mickaelcastejon	GK	21.03.1985	2	https://www.eurofotbal.cz/kluby/svycarsko/lausanne-sport/soupiska/2010-2011/
eu_switzerland_lausanne-sport	Anthony Favre	anthonyfavre	GK	01.02.1984	10	https://www.eurofotbal.cz/kluby/svycarsko/lausanne-sport/soupiska/2010-2011/
eu_switzerland_lausanne-sport	Baptiste Buntschu	baptistebuntschu	DEF	26.02.1990	3	https://www.eurofotbal.cz/kluby/svycarsko/lausanne-sport/soupiska/2010-2011/
eu_switzerland_lausanne-sport	Nicolas Gétaz	nicolasgetaz	DEF	11.06.1991	1	https://www.eurofotbal.cz/kluby/svycarsko/lausanne-sport/soupiska/2010-2011/
eu_switzerland_lausanne-sport	Guillaume Katz	guillaumekatz	DEF	14.02.1989	10	https://www.eurofotbal.cz/kluby/svycarsko/lausanne-sport/soupiska/2010-2011/
eu_switzerland_lausanne-sport	David Kilinc	davidkilinc	DEF	19.01.1992	2	https://www.eurofotbal.cz/kluby/svycarsko/lausanne-sport/soupiska/2010-2011/
eu_switzerland_lausanne-sport	Sébastien Meoli	sebastienmeoli	DEF	02.08.1980	10	https://www.eurofotbal.cz/kluby/svycarsko/lausanne-sport/soupiska/2010-2011/
eu_switzerland_lausanne-sport	Bigambo Rochat	bigamborochat	DEF	29.05.1991	6	https://www.eurofotbal.cz/kluby/svycarsko/lausanne-sport/soupiska/2010-2011/
eu_switzerland_lausanne-sport	Jerome Sonnerat	jeromesonnerat	DEF	19.02.1985	11	https://www.eurofotbal.cz/kluby/svycarsko/lausanne-sport/soupiska/2010-2011/
eu_switzerland_lausanne-sport	Michel Avanzini	michelavanzini	MID	28.03.1989	11	https://www.eurofotbal.cz/kluby/svycarsko/lausanne-sport/soupiska/2010-2011/
eu_switzerland_lausanne-sport	Thierno Bah	thiernobah	MID	05.10.1982	0	https://www.eurofotbal.cz/kluby/svycarsko/lausanne-sport/soupiska/2010-2011/
eu_switzerland_lausanne-sport	Vullnet Basha	vullnetbasha	MID	11.07.1990	1	https://www.eurofotbal.cz/kluby/svycarsko/lausanne-sport/soupiska/2010-2011/
eu_switzerland_lausanne-sport	Nelson Borges da Costa	nelsonborgesdacosta	MID	17.10.1992	1	https://www.eurofotbal.cz/kluby/svycarsko/lausanne-sport/soupiska/2010-2011/
eu_switzerland_lausanne-sport	Abduel Carrupt	abduelcarrupt	MID	28.12.1985	6	https://www.eurofotbal.cz/kluby/svycarsko/lausanne-sport/soupiska/2010-2011/
eu_switzerland_lausanne-sport	Fabio Celestini	fabiocelestini	MID	31.10.1975	11	https://www.eurofotbal.cz/kluby/svycarsko/lausanne-sport/soupiska/2010-2011/
eu_switzerland_lausanne-sport	Numa Lavanchy	numalavanchy	MID	25.08.1993	0	https://www.eurofotbal.cz/kluby/svycarsko/lausanne-sport/soupiska/2010-2011/
eu_switzerland_lausanne-sport	Nicolas Marazzi	nicolasmarazzi	MID	13.07.1981	10	https://www.eurofotbal.cz/kluby/svycarsko/lausanne-sport/soupiska/2010-2011/
eu_switzerland_lausanne-sport	Dadie Mayila	dadiemayila	MID	11.01.1990	0	https://www.eurofotbal.cz/kluby/svycarsko/lausanne-sport/soupiska/2010-2011/
eu_switzerland_lausanne-sport	Alexandre Pasche	alexandrepasche	MID	31.05.1991	6	https://www.eurofotbal.cz/kluby/svycarsko/lausanne-sport/soupiska/2010-2011/
eu_switzerland_lausanne-sport	Dylan Stadelmann	dylanstadelmann	MID	30.01.1989	3	https://www.eurofotbal.cz/kluby/svycarsko/lausanne-sport/soupiska/2010-2011/
eu_switzerland_lausanne-sport	Rodrigo Tosi	rodrigotosi	MID	06.01.1983	10	https://www.eurofotbal.cz/kluby/svycarsko/lausanne-sport/soupiska/2010-2011/
eu_switzerland_lausanne-sport	Youssouf Traoré	youssouftraore	MID	29.01.1991	3	https://www.eurofotbal.cz/kluby/svycarsko/lausanne-sport/soupiska/2010-2011/
eu_switzerland_lausanne-sport	Franck Madou	franckmadou	ATT	15.09.1987	0	https://www.eurofotbal.cz/kluby/svycarsko/lausanne-sport/soupiska/2010-2011/
eu_switzerland_lausanne-sport	Matt Moussilou	mattmoussilou	ATT	01.06.1982	0	https://www.eurofotbal.cz/kluby/svycarsko/lausanne-sport/soupiska/2010-2011/
eu_switzerland_lausanne-sport	Ridge Munsy	ridgemunsy	ATT	09.07.1989	8	https://www.eurofotbal.cz/kluby/svycarsko/lausanne-sport/soupiska/2010-2011/
eu_switzerland_lausanne-sport	Jocelyn Roux	jocelynroux	ATT	28.08.1986	10	https://www.eurofotbal.cz/kluby/svycarsko/lausanne-sport/soupiska/2010-2011/
eu_switzerland_lausanne-sport	Silvio	silvio	ATT	01.02.1985	11	https://www.eurofotbal.cz/kluby/svycarsko/lausanne-sport/soupiska/2010-2011/
eu_switzerland_lausanne-sport	Martin Steuble	martinsteuble	ATT	09.06.1988	8	https://www.eurofotbal.cz/kluby/svycarsko/lausanne-sport/soupiska/2010-2011/
eu_switzerland_lausanne-sport	Bashkim Sukaj	bashkimsukaj	ATT	20.03.1992	0	https://www.eurofotbal.cz/kluby/svycarsko/lausanne-sport/soupiska/2010-2011/
eu_switzerland_grasshopper-club-zurich	Ivan Benito	ivanbenito	GK	27.08.1976	12	https://www.eurofotbal.cz/kluby/svycarsko/grasshopper-curych/soupiska/2010-2011/
eu_switzerland_grasshopper-club-zurich	Roman Bürki	romanburki	GK	14.11.1990	11	https://www.eurofotbal.cz/kluby/svycarsko/grasshopper-curych/soupiska/2010-2011/
eu_switzerland_grasshopper-club-zurich	Swen König	swenkonig	GK	03.09.1985	17	https://www.eurofotbal.cz/kluby/svycarsko/grasshopper-curych/soupiska/2010-2011/
eu_switzerland_grasshopper-club-zurich	Raphael Spiegel	raphaelspiegel	GK	19.12.1992	0	https://www.eurofotbal.cz/kluby/svycarsko/grasshopper-curych/soupiska/2010-2011/
eu_switzerland_grasshopper-club-zurich	Josip Colina	josipcolina	DEF	08.11.1980	28	https://www.eurofotbal.cz/kluby/svycarsko/grasshopper-curych/soupiska/2010-2011/
eu_switzerland_grasshopper-club-zurich	Dušan Cvetinović	dusancvetinovic	DEF	24.12.1988	7	https://www.eurofotbal.cz/kluby/svycarsko/grasshopper-curych/soupiska/2010-2011/
eu_switzerland_grasshopper-club-zurich	Gianluca D'Angelo	gianlucadangelo	DEF	13.03.1991	0	https://www.eurofotbal.cz/kluby/svycarsko/grasshopper-curych/soupiska/2010-2011/
eu_switzerland_grasshopper-club-zurich	Gianluca Hossmann	gianlucahossmann	DEF	25.03.1991	1	https://www.eurofotbal.cz/kluby/svycarsko/grasshopper-curych/soupiska/2010-2011/
eu_switzerland_grasshopper-club-zurich	Paulo Menezes	paulomenezes	DEF	14.07.1982	35	https://www.eurofotbal.cz/kluby/svycarsko/grasshopper-curych/soupiska/2010-2011/
eu_switzerland_grasshopper-club-zurich	Daniel Pavlović	danielpavlovic	DEF	22.04.1988	28	https://www.eurofotbal.cz/kluby/svycarsko/grasshopper-curych/soupiska/2010-2011/
eu_switzerland_grasshopper-club-zurich	Enzo Ruiz	enzoruiz	DEF	31.08.1988	6	https://www.eurofotbal.cz/kluby/svycarsko/grasshopper-curych/soupiska/2010-2011/
eu_switzerland_grasshopper-club-zurich	Boris Smiljanic	borissmiljanic	DEF	28.09.1976	21	https://www.eurofotbal.cz/kluby/svycarsko/grasshopper-curych/soupiska/2010-2011/
eu_switzerland_grasshopper-club-zurich	Guillermo Vallori	guillermovallori	DEF	24.06.1982	38	https://www.eurofotbal.cz/kluby/svycarsko/grasshopper-curych/soupiska/2010-2011/
eu_switzerland_grasshopper-club-zurich	Kay Voser	kayvoser	DEF	04.01.1987	15	https://www.eurofotbal.cz/kluby/svycarsko/grasshopper-curych/soupiska/2010-2011/
eu_switzerland_grasshopper-club-zurich	Amir Abrashi	amirabrashi	MID	27.03.1990	30	https://www.eurofotbal.cz/kluby/svycarsko/grasshopper-curych/soupiska/2010-2011/
eu_switzerland_grasshopper-club-zurich	Vullnet Basha	vullnetbasha	MID	11.07.1990	7	https://www.eurofotbal.cz/kluby/svycarsko/grasshopper-curych/soupiska/2010-2011/
eu_switzerland_grasshopper-club-zurich	Ricardo Cabanas	ricardocabanas	MID	17.01.1979	6	https://www.eurofotbal.cz/kluby/svycarsko/grasshopper-curych/soupiska/2010-2011/
eu_switzerland_grasshopper-club-zurich	Davide Callà	davidecalla	MID	06.10.1984	10	https://www.eurofotbal.cz/kluby/svycarsko/grasshopper-curych/soupiska/2010-2011/
eu_switzerland_grasshopper-club-zurich	Remo Freuler	remofreuler	MID	15.04.1992	5	https://www.eurofotbal.cz/kluby/svycarsko/grasshopper-curych/soupiska/2010-2011/
eu_switzerland_grasshopper-club-zurich	Milan Gajić	milangajic	MID	17.11.1986	8	https://www.eurofotbal.cz/kluby/svycarsko/grasshopper-curych/soupiska/2010-2011/
eu_switzerland_grasshopper-club-zurich	Izet Hajrović	izethajrovic	MID	04.08.1991	22	https://www.eurofotbal.cz/kluby/svycarsko/grasshopper-curych/soupiska/2010-2011/
eu_switzerland_grasshopper-club-zurich	Charyl Chappuis	charylchappuis	MID	12.01.1992	0	https://www.eurofotbal.cz/kluby/svycarsko/grasshopper-curych/soupiska/2010-2011/
eu_switzerland_grasshopper-club-zurich	Steven Lang	stevenlang	MID	03.09.1987	25	https://www.eurofotbal.cz/kluby/svycarsko/grasshopper-curych/soupiska/2010-2011/
eu_switzerland_grasshopper-club-zurich	Ermir Lenjani	ermirlenjani	MID	05.08.1989	6	https://www.eurofotbal.cz/kluby/svycarsko/grasshopper-curych/soupiska/2010-2011/
eu_switzerland_grasshopper-club-zurich	Veroljub Salatić	veroljubsalatic	MID	14.11.1985	33	https://www.eurofotbal.cz/kluby/svycarsko/grasshopper-curych/soupiska/2010-2011/
eu_switzerland_grasshopper-club-zurich	Silas	silas	MID	14.07.1987	3	https://www.eurofotbal.cz/kluby/svycarsko/grasshopper-curych/soupiska/2010-2011/
eu_switzerland_grasshopper-club-zurich	Nzuzi Toko	nzuzitoko	MID	20.11.1990	31	https://www.eurofotbal.cz/kluby/svycarsko/grasshopper-curych/soupiska/2010-2011/
eu_switzerland_grasshopper-club-zurich	Andrés Vasquez	andresvasquez	MID	16.07.1987	1	https://www.eurofotbal.cz/kluby/svycarsko/grasshopper-curych/soupiska/2010-2011/
eu_switzerland_grasshopper-club-zurich	Steven Zuber	stevenzuber	MID	17.08.1991	36	https://www.eurofotbal.cz/kluby/svycarsko/grasshopper-curych/soupiska/2010-2011/
eu_switzerland_grasshopper-club-zurich	Endogan Adili	endoganadili	ATT	03.08.1994	16	https://www.eurofotbal.cz/kluby/svycarsko/grasshopper-curych/soupiska/2010-2011/
eu_switzerland_grasshopper-club-zurich	Innocent Emeghara	innocentemeghara	ATT	27.05.1989	36	https://www.eurofotbal.cz/kluby/svycarsko/grasshopper-curych/soupiska/2010-2011/
eu_switzerland_grasshopper-club-zurich	Mario Frick	mariofrick	ATT	07.09.1974	9	https://www.eurofotbal.cz/kluby/svycarsko/grasshopper-curych/soupiska/2010-2011/
eu_switzerland_grasshopper-club-zurich	Mirco Graf	mircograf	ATT	01.06.1988	8	https://www.eurofotbal.cz/kluby/svycarsko/grasshopper-curych/soupiska/2010-2011/
eu_switzerland_grasshopper-club-zurich	Vincenzo Rennella	vincenzorennella	ATT	08.10.1988	22	https://www.eurofotbal.cz/kluby/svycarsko/grasshopper-curych/soupiska/2010-2011/
eu_switzerland_grasshopper-club-zurich	Alessandro Riedle	alessandroriedle	ATT	14.08.1991	8	https://www.eurofotbal.cz/kluby/svycarsko/grasshopper-curych/soupiska/2010-2011/
eu_switzerland_fc-sion	Steven Deana	stevendeana	GK	04.03.1990	0	https://www.eurofotbal.cz/kluby/svycarsko/fc-sion/soupiska/2010-2011/
eu_switzerland_fc-sion	Kevin Fickentscher	kevinfickentscher	GK	06.07.1988	4	https://www.eurofotbal.cz/kluby/svycarsko/fc-sion/soupiska/2010-2011/
eu_switzerland_fc-sion	Andris Vaņins	andrisvanins	GK	30.04.1980	35	https://www.eurofotbal.cz/kluby/svycarsko/fc-sion/soupiska/2010-2011/
eu_switzerland_fc-sion	Adaílton	adailton	DEF	14.04.1983	32	https://www.eurofotbal.cz/kluby/svycarsko/fc-sion/soupiska/2010-2011/
eu_switzerland_fc-sion	Arnaud Bühler	arnaudbuhler	DEF	17.01.1985	37	https://www.eurofotbal.cz/kluby/svycarsko/fc-sion/soupiska/2010-2011/
eu_switzerland_fc-sion	Michael Dingsdag	michaeldingsdag	DEF	18.10.1982	36	https://www.eurofotbal.cz/kluby/svycarsko/fc-sion/soupiska/2010-2011/
eu_switzerland_fc-sion	Jonas Elmer	jonaselmer	DEF	28.02.1988	22	https://www.eurofotbal.cz/kluby/svycarsko/fc-sion/soupiska/2010-2011/
eu_switzerland_fc-sion	Guillermo Imhoff	guillermoimhoff	DEF	11.10.1982	0	https://www.eurofotbal.cz/kluby/svycarsko/fc-sion/soupiska/2010-2011/
eu_switzerland_fc-sion	Léo Lacroix	leolacroix	DEF	27.02.1992	0	https://www.eurofotbal.cz/kluby/svycarsko/fc-sion/soupiska/2010-2011/
eu_switzerland_fc-sion	Branislav Mićić	branislavmicic	DEF	17.04.1990	0	https://www.eurofotbal.cz/kluby/svycarsko/fc-sion/soupiska/2010-2011/
eu_switzerland_fc-sion	George Ogăraru	georgeogararu	DEF	03.02.1980	28	https://www.eurofotbal.cz/kluby/svycarsko/fc-sion/soupiska/2010-2011/
eu_switzerland_fc-sion	Bigambo Rochat	bigamborochat	DEF	29.05.1991	0	https://www.eurofotbal.cz/kluby/svycarsko/fc-sion/soupiska/2010-2011/
eu_switzerland_fc-sion	Vilmos Vanczák	vilmosvanczak	DEF	20.06.1983	34	https://www.eurofotbal.cz/kluby/svycarsko/fc-sion/soupiska/2010-2011/
eu_switzerland_fc-sion	Joaquim Adăo	joaquimadao	MID	14.07.1992	0	https://www.eurofotbal.cz/kluby/svycarsko/fc-sion/soupiska/2010-2011/
eu_switzerland_fc-sion	Jocelyn Ahouéya	jocelynahoueya	MID	19.12.1985	0	https://www.eurofotbal.cz/kluby/svycarsko/fc-sion/soupiska/2010-2011/
eu_switzerland_fc-sion	Florian Berisha	florianberisha	MID	18.01.1990	2	https://www.eurofotbal.cz/kluby/svycarsko/fc-sion/soupiska/2010-2011/
eu_switzerland_fc-sion	Didier Crettenand	didiercrettenand	MID	24.02.1986	2	https://www.eurofotbal.cz/kluby/svycarsko/fc-sion/soupiska/2010-2011/
eu_switzerland_fc-sion	Álvaro Domínguez	alvarodominguez	MID	10.06.1981	25	https://www.eurofotbal.cz/kluby/svycarsko/fc-sion/soupiska/2010-2011/
eu_switzerland_fc-sion	Enes Femino	enesfemino	MID	29.05.1987	1	https://www.eurofotbal.cz/kluby/svycarsko/fc-sion/soupiska/2010-2011/
eu_switzerland_fc-sion	Damien Germanier	damiengermanier	MID	30.03.1988	0	https://www.eurofotbal.cz/kluby/svycarsko/fc-sion/soupiska/2010-2011/
eu_switzerland_fc-sion	Yancoub Meïté	yancoubmeite	MID	10.02.1990	1	https://www.eurofotbal.cz/kluby/svycarsko/fc-sion/soupiska/2010-2011/
eu_switzerland_fc-sion	Kevin Neurohr	kevinneurohr	MID	20.09.1991	0	https://www.eurofotbal.cz/kluby/svycarsko/fc-sion/soupiska/2010-2011/
eu_switzerland_fc-sion	Goran Obradović	goranobradovic	MID	01.03.1976	35	https://www.eurofotbal.cz/kluby/svycarsko/fc-sion/soupiska/2010-2011/
eu_switzerland_fc-sion	Rodrigo	rodrigo	MID	06.10.1980	32	https://www.eurofotbal.cz/kluby/svycarsko/fc-sion/soupiska/2010-2011/
eu_switzerland_fc-sion	Anthony Sauthier	anthonysauthier	MID	05.02.1991	29	https://www.eurofotbal.cz/kluby/svycarsko/fc-sion/soupiska/2010-2011/
eu_switzerland_fc-sion	Geoffroy Serey Dié	geoffroysereydie	MID	07.11.1984	15	https://www.eurofotbal.cz/kluby/svycarsko/fc-sion/soupiska/2010-2011/
eu_switzerland_fc-sion	Giovanni Sio	giovannisio	MID	31.03.1989	32	https://www.eurofotbal.cz/kluby/svycarsko/fc-sion/soupiska/2010-2011/
eu_switzerland_fc-sion	Abdoul Yoda	abdoulyoda	MID	25.10.1988	21	https://www.eurofotbal.cz/kluby/svycarsko/fc-sion/soupiska/2010-2011/
eu_switzerland_fc-sion	Fabrizio Zambrella	fabriziozambrella	MID	01.03.1986	28	https://www.eurofotbal.cz/kluby/svycarsko/fc-sion/soupiska/2010-2011/
eu_switzerland_fc-sion	Saidu Alade Adeshina	saidualadeadeshina	ATT	14.04.1983	1	https://www.eurofotbal.cz/kluby/svycarsko/fc-sion/soupiska/2010-2011/
eu_switzerland_fc-sion	Guilherme	guilherme	ATT	15.11.1985	0	https://www.eurofotbal.cz/kluby/svycarsko/fc-sion/soupiska/2010-2011/
eu_switzerland_fc-sion	Loic Chatton	loicchatton	ATT	26.02.1991	15	https://www.eurofotbal.cz/kluby/svycarsko/fc-sion/soupiska/2010-2011/
eu_switzerland_fc-sion	Nicolas Marin	nicolasmarin	ATT	29.08.1980	17	https://www.eurofotbal.cz/kluby/svycarsko/fc-sion/soupiska/2010-2011/
eu_switzerland_fc-sion	Christ Mbondi	christmbondi	ATT	02.02.1992	1	https://www.eurofotbal.cz/kluby/svycarsko/fc-sion/soupiska/2010-2011/
eu_switzerland_fc-sion	Émile Mpenza	emilempenza	ATT	04.07.1978	0	https://www.eurofotbal.cz/kluby/svycarsko/fc-sion/soupiska/2010-2011/
eu_switzerland_fc-sion	Dragan Mrđa	draganmra	ATT	23.01.1984	19	https://www.eurofotbal.cz/kluby/svycarsko/fc-sion/soupiska/2010-2011/
eu_switzerland_fc-sion	Aleksandar Prijović	aleksandarprijovic	ATT	21.04.1990	26	https://www.eurofotbal.cz/kluby/svycarsko/fc-sion/soupiska/2010-2011/
eu_switzerland_fc-sion	Álvaro Saborío	alvarosaborio	ATT	25.03.1982	0	https://www.eurofotbal.cz/kluby/svycarsko/fc-sion/soupiska/2010-2011/
eu_turkey_besiktas	Hakan Arikan	hakanarikan	GK	17.08.1982	16	https://www.eurofotbal.cz/kluby/turecko/besiktas-jk/soupiska/2010-2011/
eu_turkey_besiktas	Cenk Gönen	cenkgonen	GK	21.02.1988	21	https://www.eurofotbal.cz/kluby/turecko/besiktas-jk/soupiska/2010-2011/
eu_turkey_besiktas	Rüştü Reçber	rusturecber	GK	10.05.1973	15	https://www.eurofotbal.cz/kluby/turecko/besiktas-jk/soupiska/2010-2011/
eu_turkey_besiktas	Ekrem Dağ	ekremdag	DEF	05.12.1980	22	https://www.eurofotbal.cz/kluby/turecko/besiktas-jk/soupiska/2010-2011/
eu_turkey_besiktas	Matteo Ferrari	matteoferrari	DEF	05.12.1979	15	https://www.eurofotbal.cz/kluby/turecko/besiktas-jk/soupiska/2010-2011/
eu_turkey_besiktas	Ersan Gülüm	ersangulum	DEF	17.05.1987	16	https://www.eurofotbal.cz/kluby/turecko/besiktas-jk/soupiska/2010-2011/
eu_turkey_besiktas	Ismail Köybaşi	ismailkoybasi	DEF	10.07.1989	31	https://www.eurofotbal.cz/kluby/turecko/besiktas-jk/soupiska/2010-2011/
eu_turkey_besiktas	Atinç Nukan	atincnukan	DEF	20.07.1993	2	https://www.eurofotbal.cz/kluby/turecko/besiktas-jk/soupiska/2010-2011/
eu_turkey_besiktas	Tevfik Pala	tevfikpala	DEF	10.07.1992	1	https://www.eurofotbal.cz/kluby/turecko/besiktas-jk/soupiska/2010-2011/
eu_turkey_besiktas	Mehmet Sedef	mehmetsedef	DEF	05.08.1987	0	https://www.eurofotbal.cz/kluby/turecko/besiktas-jk/soupiska/2010-2011/
eu_turkey_besiktas	Ridvan Şimşek	ridvansimsek	DEF	17.01.1991	3	https://www.eurofotbal.cz/kluby/turecko/besiktas-jk/soupiska/2010-2011/
eu_turkey_besiktas	Tomáš Sivok	tomassivok	DEF	15.09.1983	17	https://www.eurofotbal.cz/kluby/turecko/besiktas-jk/soupiska/2010-2011/
eu_turkey_besiktas	Ibrahim Toraman	ibrahimtoraman	DEF	20.11.1981	40	https://www.eurofotbal.cz/kluby/turecko/besiktas-jk/soupiska/2010-2011/
eu_turkey_besiktas	Ibrahim Üzülmez	ibrahimuzulmez	DEF	10.03.1974	21	https://www.eurofotbal.cz/kluby/turecko/besiktas-jk/soupiska/2010-2011/
eu_turkey_besiktas	Tomáš Zápotočný	tomaszapotocny	DEF	13.09.1980	14	https://www.eurofotbal.cz/kluby/turecko/besiktas-jk/soupiska/2010-2011/
eu_turkey_besiktas	Mehmet Aurélio	mehmetaurelio	MID	15.12.1977	33	https://www.eurofotbal.cz/kluby/turecko/besiktas-jk/soupiska/2010-2011/
eu_turkey_besiktas	Onur Bayramoğlu	onurbayramoglu	MID	04.01.1990	8	https://www.eurofotbal.cz/kluby/turecko/besiktas-jk/soupiska/2010-2011/
eu_turkey_besiktas	Cumali Bişi	cumalibisi	MID	15.06.1993	1	https://www.eurofotbal.cz/kluby/turecko/besiktas-jk/soupiska/2010-2011/
eu_turkey_besiktas	Samet Bülbül	sametbulbul	MID	13.03.1991	0	https://www.eurofotbal.cz/kluby/turecko/besiktas-jk/soupiska/2010-2011/
eu_turkey_besiktas	Matías Delgado	matiasdelgado	MID	15.12.1982	4	https://www.eurofotbal.cz/kluby/turecko/besiktas-jk/soupiska/2010-2011/
eu_turkey_besiktas	Mertcan Demirer	mertcandemirer	MID	14.03.1993	1	https://www.eurofotbal.cz/kluby/turecko/besiktas-jk/soupiska/2010-2011/
eu_turkey_besiktas	Fabian Ernst	fabianernst	MID	30.05.1979	43	https://www.eurofotbal.cz/kluby/turecko/besiktas-jk/soupiska/2010-2011/
eu_turkey_besiktas	Manuel Fernandes	manuelfernandes	MID	05.02.1986	18	https://www.eurofotbal.cz/kluby/turecko/besiktas-jk/soupiska/2010-2011/
eu_turkey_besiktas	Michael Fink	michaelfink	MID	01.02.1982	5	https://www.eurofotbal.cz/kluby/turecko/besiktas-jk/soupiska/2010-2011/
eu_turkey_besiktas	Guti	guti	MID	31.10.1976	35	https://www.eurofotbal.cz/kluby/turecko/besiktas-jk/soupiska/2010-2011/
eu_turkey_besiktas	Erhan Güven	erhanguven	MID	15.05.1982	13	https://www.eurofotbal.cz/kluby/turecko/besiktas-jk/soupiska/2010-2011/
eu_turkey_besiktas	Roberto Hilbert	robertohilbert	MID	16.10.1984	41	https://www.eurofotbal.cz/kluby/turecko/besiktas-jk/soupiska/2010-2011/
eu_turkey_besiktas	Uğur Inceman	ugurinceman	MID	25.05.1981	0	https://www.eurofotbal.cz/kluby/turecko/besiktas-jk/soupiska/2010-2011/
eu_turkey_besiktas	Ricardo Quaresma	ricardoquaresma	MID	26.09.1983	34	https://www.eurofotbal.cz/kluby/turecko/besiktas-jk/soupiska/2010-2011/
eu_turkey_besiktas	Simão	simao	MID	31.10.1979	20	https://www.eurofotbal.cz/kluby/turecko/besiktas-jk/soupiska/2010-2011/
eu_turkey_besiktas	Yusuf Şimşek	yusufsimsek	MID	20.07.1975	1	https://www.eurofotbal.cz/kluby/turecko/besiktas-jk/soupiska/2010-2011/
eu_turkey_besiktas	Rodrigo Tabata	rodrigotabata	MID	19.11.1980	23	https://www.eurofotbal.cz/kluby/turecko/besiktas-jk/soupiska/2010-2011/
eu_turkey_besiktas	Necip Uysal	necipuysal	MID	24.01.1991	37	https://www.eurofotbal.cz/kluby/turecko/besiktas-jk/soupiska/2010-2011/
eu_turkey_besiktas	Hugo Almeida	hugoalmeida	ATT	23.05.1984	19	https://www.eurofotbal.cz/kluby/turecko/besiktas-jk/soupiska/2010-2011/
eu_turkey_besiktas	Bobô	bobo	ATT	09.01.1985	36	https://www.eurofotbal.cz/kluby/turecko/besiktas-jk/soupiska/2010-2011/
eu_turkey_besiktas	Volkan Ekici	volkanekici	ATT	23.03.1991	1	https://www.eurofotbal.cz/kluby/turecko/besiktas-jk/soupiska/2010-2011/
eu_turkey_besiktas	Can Erdem	canerdem	ATT	08.06.1987	0	https://www.eurofotbal.cz/kluby/turecko/besiktas-jk/soupiska/2010-2011/
eu_turkey_besiktas	Filip Hološko	filipholosko	ATT	17.01.1984	21	https://www.eurofotbal.cz/kluby/turecko/besiktas-jk/soupiska/2010-2011/
eu_turkey_besiktas	Nihat Kahveci	nihatkahveci	ATT	23.11.1979	18	https://www.eurofotbal.cz/kluby/turecko/besiktas-jk/soupiska/2010-2011/
eu_turkey_besiktas	Márcio Nobre	marcionobre	ATT	06.11.1980	32	https://www.eurofotbal.cz/kluby/turecko/besiktas-jk/soupiska/2010-2011/
eu_turkey_besiktas	Fatih Tekke	fatihtekke	ATT	09.09.1977	2	https://www.eurofotbal.cz/kluby/turecko/besiktas-jk/soupiska/2010-2011/
eu_turkey_bursaspor	Dimitar Ivankov	dimitarivankov	GK	30.10.1975	33	https://www.eurofotbal.cz/kluby/turecko/bursaspor/soupiska/2010-2011/
eu_turkey_bursaspor	Yavuz Özkan	yavuzozkan	GK	19.05.1985	10	https://www.eurofotbal.cz/kluby/turecko/bursaspor/soupiska/2010-2011/
eu_turkey_bursaspor	Harun Tekin	haruntekin	GK	17.06.1989	0	https://www.eurofotbal.cz/kluby/turecko/bursaspor/soupiska/2010-2011/
eu_turkey_bursaspor	Serdar Aziz	serdaraziz	DEF	23.10.1990	20	https://www.eurofotbal.cz/kluby/turecko/bursaspor/soupiska/2010-2011/
eu_turkey_bursaspor	Ömer Erdogan	omererdogan	DEF	03.05.1977	32	https://www.eurofotbal.cz/kluby/turecko/bursaspor/soupiska/2010-2011/
eu_turkey_bursaspor	Mustafa Keceli	mustafakeceli	DEF	15.09.1978	20	https://www.eurofotbal.cz/kluby/turecko/bursaspor/soupiska/2010-2011/
eu_turkey_bursaspor	Emrah Kiraz	emrahkiraz	DEF	30.10.1987	0	https://www.eurofotbal.cz/kluby/turecko/bursaspor/soupiska/2010-2011/
eu_turkey_bursaspor	Ibrahim Özturk	ibrahimozturk	DEF	21.06.1981	24	https://www.eurofotbal.cz/kluby/turecko/bursaspor/soupiska/2010-2011/
eu_turkey_bursaspor	Ramazan Sal	ramazansal	DEF	27.06.1985	1	https://www.eurofotbal.cz/kluby/turecko/bursaspor/soupiska/2010-2011/
eu_turkey_bursaspor	Milan Stepanov	milanstepanov	DEF	02.04.1983	15	https://www.eurofotbal.cz/kluby/turecko/bursaspor/soupiska/2010-2011/
eu_turkey_bursaspor	Taha Can Velioglu	tahacanvelioglu	DEF	21.02.1994	1	https://www.eurofotbal.cz/kluby/turecko/bursaspor/soupiska/2010-2011/
eu_turkey_bursaspor	Wederson	wederson	DEF	22.07.1981	36	https://www.eurofotbal.cz/kluby/turecko/bursaspor/soupiska/2010-2011/
eu_turkey_bursaspor	Eren Albayrak	erenalbayrak	MID	23.04.1991	0	https://www.eurofotbal.cz/kluby/turecko/bursaspor/soupiska/2010-2011/
eu_turkey_bursaspor	Ahmet Arit	ahmetarit	MID	13.01.1989	1	https://www.eurofotbal.cz/kluby/turecko/bursaspor/soupiska/2010-2011/
eu_turkey_bursaspor	Pablo Batalla	pablobatalla	MID	16.01.1984	36	https://www.eurofotbal.cz/kluby/turecko/bursaspor/soupiska/2010-2011/
eu_turkey_bursaspor	Hüseyin Cimsir	huseyincimsir	MID	26.05.1979	19	https://www.eurofotbal.cz/kluby/turecko/bursaspor/soupiska/2010-2011/
eu_turkey_bursaspor	Ivan Ergić	ivanergic	MID	21.01.1981	33	https://www.eurofotbal.cz/kluby/turecko/bursaspor/soupiska/2010-2011/
eu_turkey_bursaspor	Bekir Ozan Has	bekirozanhas	MID	08.02.1985	24	https://www.eurofotbal.cz/kluby/turecko/bursaspor/soupiska/2010-2011/
eu_turkey_bursaspor	Federico Insúa	federicoinsua	MID	03.01.1980	24	https://www.eurofotbal.cz/kluby/turecko/bursaspor/soupiska/2010-2011/
eu_turkey_bursaspor	Ozan Ipek	ozanipek	MID	10.10.1986	36	https://www.eurofotbal.cz/kluby/turecko/bursaspor/soupiska/2010-2011/
eu_turkey_bursaspor	Giani Stelian Kirita	gianisteliankirita	MID	03.03.1977	8	https://www.eurofotbal.cz/kluby/turecko/bursaspor/soupiska/2010-2011/
eu_turkey_bursaspor	Ismail Haktan Odabasi	ismailhaktanodabasi	MID	07.08.1991	7	https://www.eurofotbal.cz/kluby/turecko/bursaspor/soupiska/2010-2011/
eu_turkey_bursaspor	Mehmet Sak	mehmetsak	MID	04.04.1990	1	https://www.eurofotbal.cz/kluby/turecko/bursaspor/soupiska/2010-2011/
eu_turkey_bursaspor	Volkan Şen	volkansen	MID	07.07.1987	33	https://www.eurofotbal.cz/kluby/turecko/bursaspor/soupiska/2010-2011/
eu_turkey_bursaspor	Gustav Svensson	gustavsvensson	MID	07.02.1987	21	https://www.eurofotbal.cz/kluby/turecko/bursaspor/soupiska/2010-2011/
eu_turkey_bursaspor	Ali Tandogan	alitandogan	MID	25.12.1977	28	https://www.eurofotbal.cz/kluby/turecko/bursaspor/soupiska/2010-2011/
eu_turkey_bursaspor	Jozy Altidore	jozyaltidore	ATT	06.11.1989	12	https://www.eurofotbal.cz/kluby/turecko/bursaspor/soupiska/2010-2011/
eu_turkey_bursaspor	Turgay Bahadir	turgaybahadir	ATT	15.01.1984	32	https://www.eurofotbal.cz/kluby/turecko/bursaspor/soupiska/2010-2011/
eu_turkey_bursaspor	Muhammet Demir	muhammetdemir	ATT	10.01.1992	0	https://www.eurofotbal.cz/kluby/turecko/bursaspor/soupiska/2010-2011/
eu_turkey_bursaspor	Kenny Miller	kennymiller	ATT	23.12.1979	15	https://www.eurofotbal.cz/kluby/turecko/bursaspor/soupiska/2010-2011/
eu_turkey_bursaspor	Leonel Núňez	leonelnunez	ATT	13.10.1984	19	https://www.eurofotbal.cz/kluby/turecko/bursaspor/soupiska/2010-2011/
eu_turkey_bursaspor	Héctor Damián Steinert	hectordamiansteinert	ATT	25.02.1986	4	https://www.eurofotbal.cz/kluby/turecko/bursaspor/soupiska/2010-2011/
eu_turkey_bursaspor	Sercan Yildirim	sercanyildirim	ATT	05.04.1990	29	https://www.eurofotbal.cz/kluby/turecko/bursaspor/soupiska/2010-2011/
eu_turkey_bursaspor	Halil Zeybek	halilzeybek	ATT	23.08.1985	0	https://www.eurofotbal.cz/kluby/turecko/bursaspor/soupiska/2010-2011/
eu_turkey_fenerbahce	Volkan Babacan	volkanbabacan	GK	11.08.1988	0	https://www.eurofotbal.cz/kluby/turecko/fenerbahce-sk/soupiska/2010-2011/
eu_turkey_fenerbahce	Volkan Demirel	volkandemirel	GK	27.10.1981	36	https://www.eurofotbal.cz/kluby/turecko/fenerbahce-sk/soupiska/2010-2011/
eu_turkey_fenerbahce	Mert Günok	mertgunok	GK	01.03.1989	5	https://www.eurofotbal.cz/kluby/turecko/fenerbahce-sk/soupiska/2010-2011/
eu_turkey_fenerbahce	Serkan Kirintili	serkankirintili	GK	15.02.1985	2	https://www.eurofotbal.cz/kluby/turecko/fenerbahce-sk/soupiska/2010-2011/
eu_turkey_fenerbahce	Ertuğrul Taşkiran	ertugrultaskiran	GK	05.11.1989	0	https://www.eurofotbal.cz/kluby/turecko/fenerbahce-sk/soupiska/2010-2011/
eu_turkey_fenerbahce	Okan Alkan	okanalkan	DEF	01.10.1992	2	https://www.eurofotbal.cz/kluby/turecko/fenerbahce-sk/soupiska/2010-2011/
eu_turkey_fenerbahce	Uğur Boral	ugurboral	DEF	14.04.1982	1	https://www.eurofotbal.cz/kluby/turecko/fenerbahce-sk/soupiska/2010-2011/
eu_turkey_fenerbahce	İlhan Eker	ilhaneker	DEF	01.01.1983	4	https://www.eurofotbal.cz/kluby/turecko/fenerbahce-sk/soupiska/2010-2011/
eu_turkey_fenerbahce	Fábio Bilica	fabiobilica	DEF	04.01.1979	12	https://www.eurofotbal.cz/kluby/turecko/fenerbahce-sk/soupiska/2010-2011/
eu_turkey_fenerbahce	Gökhan Gönül	gokhangonul	DEF	04.01.1985	35	https://www.eurofotbal.cz/kluby/turecko/fenerbahce-sk/soupiska/2010-2011/
eu_turkey_fenerbahce	Bekir İrtegün	bekirirtegun	DEF	20.04.1984	18	https://www.eurofotbal.cz/kluby/turecko/fenerbahce-sk/soupiska/2010-2011/
eu_turkey_fenerbahce	Diego Lugano	diegolugano	DEF	02.11.1980	31	https://www.eurofotbal.cz/kluby/turecko/fenerbahce-sk/soupiska/2010-2011/
eu_turkey_fenerbahce	André Santos	andresantos	DEF	08.03.1983	32	https://www.eurofotbal.cz/kluby/turecko/fenerbahce-sk/soupiska/2010-2011/
eu_turkey_fenerbahce	Önder Turaci	onderturaci	DEF	14.07.1981	1	https://www.eurofotbal.cz/kluby/turecko/fenerbahce-sk/soupiska/2010-2011/
eu_turkey_fenerbahce	Joseph Yobo	josephyobo	DEF	06.09.1980	32	https://www.eurofotbal.cz/kluby/turecko/fenerbahce-sk/soupiska/2010-2011/
eu_turkey_fenerbahce	Alex	alex	MID	14.09.1977	38	https://www.eurofotbal.cz/kluby/turecko/fenerbahce-sk/soupiska/2010-2011/
eu_turkey_fenerbahce	Emre Belözoğlu	emrebelozoglu	MID	07.09.1980	30	https://www.eurofotbal.cz/kluby/turecko/fenerbahce-sk/soupiska/2010-2011/
eu_turkey_fenerbahce	Cristian	cristian	MID	25.06.1983	35	https://www.eurofotbal.cz/kluby/turecko/fenerbahce-sk/soupiska/2010-2011/
eu_turkey_fenerbahce	Caner Erkin	canererkin	MID	04.10.1988	24	https://www.eurofotbal.cz/kluby/turecko/fenerbahce-sk/soupiska/2010-2011/
eu_turkey_fenerbahce	Gürhan Gürsoy	gurhangursoy	MID	24.09.1987	0	https://www.eurofotbal.cz/kluby/turecko/fenerbahce-sk/soupiska/2010-2011/
eu_turkey_fenerbahce	Özer Hurmaci	ozerhurmaci	MID	20.11.1986	17	https://www.eurofotbal.cz/kluby/turecko/fenerbahce-sk/soupiska/2010-2011/
eu_turkey_fenerbahce	Gokay Iravul	gokayiravul	MID	18.10.1992	14	https://www.eurofotbal.cz/kluby/turecko/fenerbahce-sk/soupiska/2010-2011/
eu_turkey_fenerbahce	Colin Kâzım-Richards	colinkazmrichards	MID	26.08.1986	7	https://www.eurofotbal.cz/kluby/turecko/fenerbahce-sk/soupiska/2010-2011/
eu_turkey_fenerbahce	Selçuk Şahin	selcuksahin	MID	31.01.1981	23	https://www.eurofotbal.cz/kluby/turecko/fenerbahce-sk/soupiska/2010-2011/
eu_turkey_fenerbahce	Miroslav Stoch	miroslavstoch	MID	19.10.1989	29	https://www.eurofotbal.cz/kluby/turecko/fenerbahce-sk/soupiska/2010-2011/
eu_turkey_fenerbahce	Mehmet Topuz	mehmettopuz	MID	07.09.1983	36	https://www.eurofotbal.cz/kluby/turecko/fenerbahce-sk/soupiska/2010-2011/
eu_turkey_fenerbahce	Deivid	deivid	ATT	22.10.1979	1	https://www.eurofotbal.cz/kluby/turecko/fenerbahce-sk/soupiska/2010-2011/
eu_turkey_fenerbahce	Issiar Dia	issiardia	ATT	08.06.1987	29	https://www.eurofotbal.cz/kluby/turecko/fenerbahce-sk/soupiska/2010-2011/
eu_turkey_fenerbahce	Daniel Güiza	danielguiza	ATT	17.08.1980	4	https://www.eurofotbal.cz/kluby/turecko/fenerbahce-sk/soupiska/2010-2011/
eu_turkey_fenerbahce	Mamadou Niang	mamadouniang	ATT	13.10.1979	32	https://www.eurofotbal.cz/kluby/turecko/fenerbahce-sk/soupiska/2010-2011/
eu_turkey_fenerbahce	Semih Şentürk	semihsenturk	ATT	29.04.1983	31	https://www.eurofotbal.cz/kluby/turecko/fenerbahce-sk/soupiska/2010-2011/
eu_turkey_fenerbahce	Gökhan Ünal	gokhanunal	ATT	23.07.1982	8	https://www.eurofotbal.cz/kluby/turecko/fenerbahce-sk/soupiska/2010-2011/
eu_turkey_galatasaray	Ufuk Ceylan	ufukceylan	GK	23.06.1986	21	https://www.eurofotbal.cz/kluby/turecko/galatasaray-sk/soupiska/2010-2011/
eu_turkey_galatasaray	Aykut Erçetin	aykutercetin	GK	14.09.1982	10	https://www.eurofotbal.cz/kluby/turecko/galatasaray-sk/soupiska/2010-2011/
eu_turkey_galatasaray	Róbinson Zapata	robinsonzapata	GK	30.09.1978	12	https://www.eurofotbal.cz/kluby/turecko/galatasaray-sk/soupiska/2010-2011/
eu_turkey_galatasaray	Hakan Balta	hakanbalta	DEF	23.03.1983	27	https://www.eurofotbal.cz/kluby/turecko/galatasaray-sk/soupiska/2010-2011/
eu_turkey_galatasaray	Çağlar Birinci	caglarbirinci	DEF	02.10.1985	12	https://www.eurofotbal.cz/kluby/turecko/galatasaray-sk/soupiska/2010-2011/
eu_turkey_galatasaray	Servet Çetin	servetcetin	DEF	17.03.1981	39	https://www.eurofotbal.cz/kluby/turecko/galatasaray-sk/soupiska/2010-2011/
eu_turkey_galatasaray	Emiliano Insúa	emilianoinsua	DEF	07.01.1989	17	https://www.eurofotbal.cz/kluby/turecko/galatasaray-sk/soupiska/2010-2011/
eu_turkey_galatasaray	Lucas Neill	lucasneill	DEF	09.03.1978	32	https://www.eurofotbal.cz/kluby/turecko/galatasaray-sk/soupiska/2010-2011/
eu_turkey_galatasaray	Sabri Sarioğlu	sabrisarioglu	DEF	26.07.1984	28	https://www.eurofotbal.cz/kluby/turecko/galatasaray-sk/soupiska/2010-2011/
eu_turkey_galatasaray	Ali Turan	alituran	DEF	06.09.1983	11	https://www.eurofotbal.cz/kluby/turecko/galatasaray-sk/soupiska/2010-2011/
eu_turkey_galatasaray	Gökhan Zan	gokhanzan	DEF	07.09.1981	16	https://www.eurofotbal.cz/kluby/turecko/galatasaray-sk/soupiska/2010-2011/
eu_turkey_galatasaray	Ayhan Akman	ayhanakman	MID	23.02.1977	33	https://www.eurofotbal.cz/kluby/turecko/galatasaray-sk/soupiska/2010-2011/
eu_turkey_galatasaray	Musa Çağıran	musacagran	MID	17.11.1992	1	https://www.eurofotbal.cz/kluby/turecko/galatasaray-sk/soupiska/2010-2011/
eu_turkey_galatasaray	Lorik Cana	lorikcana	MID	27.07.1983	30	https://www.eurofotbal.cz/kluby/turecko/galatasaray-sk/soupiska/2010-2011/
eu_turkey_galatasaray	Emre Çolak	emrecolak	MID	20.05.1991	15	https://www.eurofotbal.cz/kluby/turecko/galatasaray-sk/soupiska/2010-2011/
eu_turkey_galatasaray	Emmanuel Culio	emmanuelculio	MID	30.08.1983	18	https://www.eurofotbal.cz/kluby/turecko/galatasaray-sk/soupiska/2010-2011/
eu_turkey_galatasaray	Elano	elano	MID	14.06.1981	8	https://www.eurofotbal.cz/kluby/turecko/galatasaray-sk/soupiska/2010-2011/
eu_turkey_galatasaray	Colin Kâzım-Richards	colinkazmrichards	MID	26.08.1986	16	https://www.eurofotbal.cz/kluby/turecko/galatasaray-sk/soupiska/2010-2011/
eu_turkey_galatasaray	Harry Kewell	harrykewell	MID	22.09.1978	25	https://www.eurofotbal.cz/kluby/turecko/galatasaray-sk/soupiska/2010-2011/
eu_turkey_galatasaray	Serkan Kurtuluş	serkankurtulus	MID	01.01.1990	18	https://www.eurofotbal.cz/kluby/turecko/galatasaray-sk/soupiska/2010-2011/
eu_turkey_galatasaray	Yekta Kurtulus	yektakurtulus	MID	11.12.1985	15	https://www.eurofotbal.cz/kluby/turecko/galatasaray-sk/soupiska/2010-2011/
eu_turkey_galatasaray	Zvjezdan Misimović	zvjezdanmisimovic	MID	05.06.1982	9	https://www.eurofotbal.cz/kluby/turecko/galatasaray-sk/soupiska/2010-2011/
eu_turkey_galatasaray	Bariş Özbek	barisozbek	MID	14.09.1986	20	https://www.eurofotbal.cz/kluby/turecko/galatasaray-sk/soupiska/2010-2011/
eu_turkey_galatasaray	Serdar Özkan	serdarozkan	MID	01.01.1987	7	https://www.eurofotbal.cz/kluby/turecko/galatasaray-sk/soupiska/2010-2011/
eu_turkey_galatasaray	Mustafa Sarp	mustafasarp	MID	05.11.1980	27	https://www.eurofotbal.cz/kluby/turecko/galatasaray-sk/soupiska/2010-2011/
eu_turkey_galatasaray	Arda Turan	ardaturan	MID	30.01.1987	19	https://www.eurofotbal.cz/kluby/turecko/galatasaray-sk/soupiska/2010-2011/
eu_turkey_galatasaray	Milan Baroš	milanbaros	ATT	28.10.1981	21	https://www.eurofotbal.cz/kluby/turecko/galatasaray-sk/soupiska/2010-2011/
eu_turkey_galatasaray	Mehmet Batdal	mehmetbatdal	ATT	24.02.1986	9	https://www.eurofotbal.cz/kluby/turecko/galatasaray-sk/soupiska/2010-2011/
eu_turkey_galatasaray	Anil Dilaver	anildilaver	ATT	20.11.1990	3	https://www.eurofotbal.cz/kluby/turecko/galatasaray-sk/soupiska/2010-2011/
eu_turkey_galatasaray	Juan Pablo Pino	juanpablopino	ATT	30.03.1987	23	https://www.eurofotbal.cz/kluby/turecko/galatasaray-sk/soupiska/2010-2011/
eu_turkey_galatasaray	Bogdan Stancu	bogdanstancu	ATT	28.06.1987	16	https://www.eurofotbal.cz/kluby/turecko/galatasaray-sk/soupiska/2010-2011/
eu_turkey_galatasaray	Cem Sultan	cemsultan	ATT	27.02.1991	1	https://www.eurofotbal.cz/kluby/turecko/galatasaray-sk/soupiska/2010-2011/
eu_turkey_trabzonspor	Onur Kivrak	onurkivrak	GK	01.01.1988	29	https://www.eurofotbal.cz/kluby/turecko/trabzonspor/soupiska/2010-2011/
eu_turkey_trabzonspor	Bora Sevim	borasevim	GK	17.02.1984	1	https://www.eurofotbal.cz/kluby/turecko/trabzonspor/soupiska/2010-2011/
eu_turkey_trabzonspor	Tolga Zengin	tolgazengin	GK	10.10.1983	10	https://www.eurofotbal.cz/kluby/turecko/trabzonspor/soupiska/2010-2011/
eu_turkey_trabzonspor	Serkan Balci	serkanbalci	DEF	22.08.1983	35	https://www.eurofotbal.cz/kluby/turecko/trabzonspor/soupiska/2010-2011/
eu_turkey_trabzonspor	Piotr Brożek	piotrbrozek	DEF	21.04.1983	8	https://www.eurofotbal.cz/kluby/turecko/trabzonspor/soupiska/2010-2011/
eu_turkey_trabzonspor	Tayfun Cora	tayfuncora	DEF	05.12.1983	4	https://www.eurofotbal.cz/kluby/turecko/trabzonspor/soupiska/2010-2011/
eu_turkey_trabzonspor	Hrvoje Čale	hrvojecale	DEF	04.03.1985	27	https://www.eurofotbal.cz/kluby/turecko/trabzonspor/soupiska/2010-2011/
eu_turkey_trabzonspor	Arkadiusz Głowacki	arkadiuszgowacki	DEF	13.03.1979	19	https://www.eurofotbal.cz/kluby/turecko/trabzonspor/soupiska/2010-2011/
eu_turkey_trabzonspor	Giray Kaçar	giraykacar	DEF	15.03.1985	33	https://www.eurofotbal.cz/kluby/turecko/trabzonspor/soupiska/2010-2011/
eu_turkey_trabzonspor	Egemen Korkmaz	egemenkorkmaz	DEF	03.11.1982	27	https://www.eurofotbal.cz/kluby/turecko/trabzonspor/soupiska/2010-2011/
eu_turkey_trabzonspor	Ferhat Öztorun	ferhatoztorun	DEF	08.05.1987	10	https://www.eurofotbal.cz/kluby/turecko/trabzonspor/soupiska/2010-2011/
eu_turkey_trabzonspor	Mustafa Yumlu	mustafayumlu	DEF	25.09.1987	14	https://www.eurofotbal.cz/kluby/turecko/trabzonspor/soupiska/2010-2011/
eu_turkey_trabzonspor	Alanzinho	alanzinho	MID	22.02.1983	34	https://www.eurofotbal.cz/kluby/turecko/trabzonspor/soupiska/2010-2011/
eu_turkey_trabzonspor	Göksu Alhas	goksualhas	MID	21.03.1990	0	https://www.eurofotbal.cz/kluby/turecko/trabzonspor/soupiska/2010-2011/
eu_turkey_trabzonspor	Barış Ataş	barsatas	MID	01.02.1987	19	https://www.eurofotbal.cz/kluby/turecko/trabzonspor/soupiska/2010-2011/
eu_turkey_trabzonspor	Sezer Badur	sezerbadur	MID	20.06.1984	4	https://www.eurofotbal.cz/kluby/turecko/trabzonspor/soupiska/2010-2011/
eu_turkey_trabzonspor	Engin Baytar	enginbaytar	MID	11.07.1983	19	https://www.eurofotbal.cz/kluby/turecko/trabzonspor/soupiska/2010-2011/
eu_turkey_trabzonspor	Mehmet Çakir	mehmetcakir	MID	04.01.1984	2	https://www.eurofotbal.cz/kluby/turecko/trabzonspor/soupiska/2010-2011/
eu_turkey_trabzonspor	Gustavo Colman	gustavocolman	MID	18.04.1985	35	https://www.eurofotbal.cz/kluby/turecko/trabzonspor/soupiska/2010-2011/
eu_turkey_trabzonspor	Drago Gabrić	dragogabric	MID	27.09.1986	0	https://www.eurofotbal.cz/kluby/turecko/trabzonspor/soupiska/2010-2011/
eu_turkey_trabzonspor	Ceyhun Gülselam	ceyhungulselam	MID	25.12.1987	29	https://www.eurofotbal.cz/kluby/turecko/trabzonspor/soupiska/2010-2011/
eu_turkey_trabzonspor	Selçuk Inan	selcukinan	MID	10.02.1985	37	https://www.eurofotbal.cz/kluby/turecko/trabzonspor/soupiska/2010-2011/
eu_turkey_trabzonspor	Barış Memiş	barsmemis	MID	05.01.1990	0	https://www.eurofotbal.cz/kluby/turecko/trabzonspor/soupiska/2010-2011/
eu_turkey_trabzonspor	Faty Papy	fatypapy	MID	18.09.1990	0	https://www.eurofotbal.cz/kluby/turecko/trabzonspor/soupiska/2010-2011/
eu_turkey_trabzonspor	Ibrahima Yattara	ibrahimayattara	MID	03.06.1980	26	https://www.eurofotbal.cz/kluby/turecko/trabzonspor/soupiska/2010-2011/
eu_turkey_trabzonspor	Zeki Yavru	zekiyavru	MID	05.09.1991	0	https://www.eurofotbal.cz/kluby/turecko/trabzonspor/soupiska/2010-2011/
eu_turkey_trabzonspor	Zafer Yelen	zaferyelen	MID	30.08.1986	0	https://www.eurofotbal.cz/kluby/turecko/trabzonspor/soupiska/2010-2011/
eu_turkey_trabzonspor	Paweł Brożek	pawebrozek	ATT	21.04.1983	13	https://www.eurofotbal.cz/kluby/turecko/trabzonspor/soupiska/2010-2011/
eu_turkey_trabzonspor	Umut Bulut	umutbulut	ATT	15.03.1983	36	https://www.eurofotbal.cz/kluby/turecko/trabzonspor/soupiska/2010-2011/
eu_turkey_trabzonspor	Teófilo Gutiérrez	teofilogutierrez	ATT	17.05.1985	9	https://www.eurofotbal.cz/kluby/turecko/trabzonspor/soupiska/2010-2011/
eu_turkey_trabzonspor	Jajá	jaja	ATT	28.02.1986	31	https://www.eurofotbal.cz/kluby/turecko/trabzonspor/soupiska/2010-2011/
eu_turkey_trabzonspor	Murat Tosun	murattosun	ATT	26.02.1984	0	https://www.eurofotbal.cz/kluby/turecko/trabzonspor/soupiska/2010-2011/
eu_turkey_trabzonspor	Burak Yilmaz	burakyilmaz	ATT	15.07.1985	34	https://www.eurofotbal.cz/kluby/turecko/trabzonspor/soupiska/2010-2011/
eu_ukraine_dynamo-kyiv	Stanislav Bohuš	stanislavbohus	GK	25.10.1983	0	https://www.eurofotbal.cz/kluby/ukrajina/dynamo-kyjev/soupiska/2010-2011/
eu_ukraine_dynamo-kyiv	Denys Bojko	denysbojko	GK	29.01.1988	11	https://www.eurofotbal.cz/kluby/ukrajina/dynamo-kyjev/soupiska/2010-2011/
eu_ukraine_dynamo-kyiv	Maksym Koval	maksymkoval	GK	09.12.1992	17	https://www.eurofotbal.cz/kluby/ukrajina/dynamo-kyjev/soupiska/2010-2011/
eu_ukraine_dynamo-kyiv	Oleksandr Šovkovskyj	oleksandrsovkovskyj	GK	02.01.1975	20	https://www.eurofotbal.cz/kluby/ukrajina/dynamo-kyjev/soupiska/2010-2011/
eu_ukraine_dynamo-kyiv	Leandro Almeida	leandroalmeida	DEF	14.03.1987	29	https://www.eurofotbal.cz/kluby/ukrajina/dynamo-kyjev/soupiska/2010-2011/
eu_ukraine_dynamo-kyiv	Betão	betao	DEF	11.11.1983	36	https://www.eurofotbal.cz/kluby/ukrajina/dynamo-kyjev/soupiska/2010-2011/
eu_ukraine_dynamo-kyiv	Danilo Silva	danilosilva	DEF	24.10.1986	39	https://www.eurofotbal.cz/kluby/ukrajina/dynamo-kyjev/soupiska/2010-2011/
eu_ukraine_dynamo-kyiv	Pape Diakhaté	papediakhate	DEF	21.06.1984	0	https://www.eurofotbal.cz/kluby/ukrajina/dynamo-kyjev/soupiska/2010-2011/
eu_ukraine_dynamo-kyiv	Badr El Kaddouri	badrelkaddouri	DEF	31.01.1981	25	https://www.eurofotbal.cz/kluby/ukrajina/dynamo-kyjev/soupiska/2010-2011/
eu_ukraine_dynamo-kyiv	Jevhen Chačeridi	jevhenchaceridi	DEF	28.07.1987	27	https://www.eurofotbal.cz/kluby/ukrajina/dynamo-kyjev/soupiska/2010-2011/
eu_ukraine_dynamo-kyiv	Andrej Ješčenko	andrejjescenko	DEF	09.02.1984	0	https://www.eurofotbal.cz/kluby/ukrajina/dynamo-kyjev/soupiska/2010-2011/
eu_ukraine_dynamo-kyiv	Taras Mychalyk	tarasmychalyk	DEF	28.10.1983	29	https://www.eurofotbal.cz/kluby/ukrajina/dynamo-kyjev/soupiska/2010-2011/
eu_ukraine_dynamo-kyiv	Andrij Nesmačnyj	andrijnesmacnyj	DEF	28.02.1979	4	https://www.eurofotbal.cz/kluby/ukrajina/dynamo-kyjev/soupiska/2010-2011/
eu_ukraine_dynamo-kyiv	Goran Popov	goranpopov	DEF	02.10.1984	28	https://www.eurofotbal.cz/kluby/ukrajina/dynamo-kyjev/soupiska/2010-2011/
eu_ukraine_dynamo-kyiv	Rodrigo	rodrigo	DEF	27.08.1980	0	https://www.eurofotbal.cz/kluby/ukrajina/dynamo-kyjev/soupiska/2010-2011/
eu_ukraine_dynamo-kyiv	Oleksandr Alijev	oleksandralijev	MID	03.02.1985	8	https://www.eurofotbal.cz/kluby/ukrajina/dynamo-kyjev/soupiska/2010-2011/
eu_ukraine_dynamo-kyiv	Facundo Bertoglio	facundobertoglio	MID	30.06.1990	6	https://www.eurofotbal.cz/kluby/ukrajina/dynamo-kyjev/soupiska/2010-2011/
eu_ukraine_dynamo-kyiv	Roman Eremenko	romaneremenko	MID	19.03.1987	44	https://www.eurofotbal.cz/kluby/ukrajina/dynamo-kyjev/soupiska/2010-2011/
eu_ukraine_dynamo-kyiv	Tiberiu Ghioane	tiberiughioane	MID	18.06.1981	4	https://www.eurofotbal.cz/kluby/ukrajina/dynamo-kyjev/soupiska/2010-2011/
eu_ukraine_dynamo-kyiv	Denys Harmaš	denysharmas	MID	19.04.1990	31	https://www.eurofotbal.cz/kluby/ukrajina/dynamo-kyjev/soupiska/2010-2011/
eu_ukraine_dynamo-kyiv	Oleh Husjev	olehhusjev	MID	25.04.1983	39	https://www.eurofotbal.cz/kluby/ukrajina/dynamo-kyjev/soupiska/2010-2011/
eu_ukraine_dynamo-kyiv	Vladyslav Kalytvyncev	vladyslavkalytvyncev	MID	04.01.1993	1	https://www.eurofotbal.cz/kluby/ukrajina/dynamo-kyjev/soupiska/2010-2011/
eu_ukraine_dynamo-kyiv	Gérson Magrão	gersonmagrao	MID	13.06.1985	9	https://www.eurofotbal.cz/kluby/ukrajina/dynamo-kyjev/soupiska/2010-2011/
eu_ukraine_dynamo-kyiv	Michael	michael	MID	16.02.1983	0	https://www.eurofotbal.cz/kluby/ukrajina/dynamo-kyjev/soupiska/2010-2011/
eu_ukraine_dynamo-kyiv	Miloš Ninković	milosninkovic	MID	25.12.1984	20	https://www.eurofotbal.cz/kluby/ukrajina/dynamo-kyjev/soupiska/2010-2011/
eu_ukraine_dynamo-kyiv	Ognjen Vukojević	ognjenvukojevic	MID	20.12.1983	46	https://www.eurofotbal.cz/kluby/ukrajina/dynamo-kyjev/soupiska/2010-2011/
eu_ukraine_dynamo-kyiv	Ayila Yussuf	ayilayussuf	MID	04.11.1984	23	https://www.eurofotbal.cz/kluby/ukrajina/dynamo-kyjev/soupiska/2010-2011/
eu_ukraine_dynamo-kyiv	André	andre	ATT	27.09.1990	7	https://www.eurofotbal.cz/kluby/ukrajina/dynamo-kyjev/soupiska/2010-2011/
eu_ukraine_dynamo-kyiv	Guilherme	guilherme	ATT	22.10.1988	6	https://www.eurofotbal.cz/kluby/ukrajina/dynamo-kyjev/soupiska/2010-2011/
eu_ukraine_dynamo-kyiv	Andrij Jarmolenko	andrijjarmolenko	ATT	23.10.1989	45	https://www.eurofotbal.cz/kluby/ukrajina/dynamo-kyjev/soupiska/2010-2011/
eu_ukraine_dynamo-kyiv	Artem Kravec	artemkravec	ATT	03.06.1989	17	https://www.eurofotbal.cz/kluby/ukrajina/dynamo-kyjev/soupiska/2010-2011/
eu_ukraine_dynamo-kyiv	Artem Milevskyj	artemmilevskyj	ATT	12.01.1985	42	https://www.eurofotbal.cz/kluby/ukrajina/dynamo-kyjev/soupiska/2010-2011/
eu_ukraine_dynamo-kyiv	Andrij Ševčenko	andrijsevcenko	ATT	29.09.1976	32	https://www.eurofotbal.cz/kluby/ukrajina/dynamo-kyjev/soupiska/2010-2011/
eu_ukraine_dynamo-kyiv	Frank Temile	franktemile	ATT	15.07.1990	1	https://www.eurofotbal.cz/kluby/ukrajina/dynamo-kyjev/soupiska/2010-2011/
eu_ukraine_dynamo-kyiv	Roman Zozulja	romanzozulja	ATT	17.11.1989	21	https://www.eurofotbal.cz/kluby/ukrajina/dynamo-kyjev/soupiska/2010-2011/
eu_ukraine_karpaty-lviv	Jurij-Volodymyr Gereta	jurijvolodymyrgereta	GK	30.01.2004	0	https://www.eurofotbal.cz/kluby/ukrajina/karpaty-lvov/soupiska/2010-2011/
eu_ukraine_karpaty-lviv	Denys Marčenko	denysmarcenko	GK	05.02.2007	5	https://www.eurofotbal.cz/kluby/ukrajina/karpaty-lvov/soupiska/2010-2011/
eu_ukraine_karpaty-lviv	Roman Mysak	romanmysak	GK	09.09.1991	2	https://www.eurofotbal.cz/kluby/ukrajina/karpaty-lvov/soupiska/2010-2011/
eu_ukraine_karpaty-lviv	Anton Žylkin	antonzylkin	GK	14.04.2003	0	https://www.eurofotbal.cz/kluby/ukrajina/karpaty-lvov/soupiska/2010-2011/
eu_ukraine_karpaty-lviv	Vladyslav Babohlo	vladyslavbabohlo	DEF	14.11.1998	7	https://www.eurofotbal.cz/kluby/ukrajina/karpaty-lvov/soupiska/2010-2011/
eu_ukraine_karpaty-lviv	Andrij Buleza	andrijbuleza	DEF	25.01.2004	0	https://www.eurofotbal.cz/kluby/ukrajina/karpaty-lvov/soupiska/2010-2011/
eu_ukraine_karpaty-lviv	Iván Calero	ivancalero	DEF	21.04.1995	6	https://www.eurofotbal.cz/kluby/ukrajina/karpaty-lvov/soupiska/2010-2011/
eu_ukraine_karpaty-lviv	Vitalij Kholod	vitalijkholod	DEF	15.01.2004	1	https://www.eurofotbal.cz/kluby/ukrajina/karpaty-lvov/soupiska/2010-2011/
eu_ukraine_karpaty-lviv	Mykola Kiričok	mykolakiricok	DEF	16.05.2006	0	https://www.eurofotbal.cz/kluby/ukrajina/karpaty-lvov/soupiska/2010-2011/
eu_ukraine_karpaty-lviv	Rostyslav Ljach	rostyslavljach	DEF	12.10.2000	6	https://www.eurofotbal.cz/kluby/ukrajina/karpaty-lvov/soupiska/2010-2011/
eu_ukraine_karpaty-lviv	Denys Mirošničenko	denysmirosnicenko	DEF	11.10.1994	6	https://www.eurofotbal.cz/kluby/ukrajina/karpaty-lvov/soupiska/2010-2011/
eu_ukraine_karpaty-lviv	Jean Pedroso	jeanpedroso	DEF	28.01.2004	7	https://www.eurofotbal.cz/kluby/ukrajina/karpaty-lvov/soupiska/2010-2011/
eu_ukraine_karpaty-lviv	Tymur Steckov	tymursteckov	DEF	27.01.1998	4	https://www.eurofotbal.cz/kluby/ukrajina/karpaty-lvov/soupiska/2010-2011/
eu_ukraine_karpaty-lviv	Roman Vantuch	romanvantuch	DEF	04.07.1998	7	https://www.eurofotbal.cz/kluby/ukrajina/karpaty-lvov/soupiska/2010-2011/
eu_ukraine_karpaty-lviv	Eriki Bento	erikibento	MID	06.08.2005	2	https://www.eurofotbal.cz/kluby/ukrajina/karpaty-lvov/soupiska/2010-2011/
eu_ukraine_karpaty-lviv	Ivan Čaban	ivancaban	MID	24.07.2006	0	https://www.eurofotbal.cz/kluby/ukrajina/karpaty-lvov/soupiska/2010-2011/
eu_ukraine_karpaty-lviv	Ambrosij Čačua	ambrosijcacua	MID	02.03.1994	7	https://www.eurofotbal.cz/kluby/ukrajina/karpaty-lvov/soupiska/2010-2011/
eu_ukraine_karpaty-lviv	Bruno Iglesias	brunoiglesias	MID	01.05.2003	4	https://www.eurofotbal.cz/kluby/ukrajina/karpaty-lvov/soupiska/2010-2011/
eu_ukraine_karpaty-lviv	Jan Kostenko	jankostenko	MID	04.07.2003	4	https://www.eurofotbal.cz/kluby/ukrajina/karpaty-lvov/soupiska/2010-2011/
eu_ukraine_karpaty-lviv	Moha Moukhliss	mohamoukhliss	MID	06.02.2000	7	https://www.eurofotbal.cz/kluby/ukrajina/karpaty-lvov/soupiska/2010-2011/
eu_ukraine_karpaty-lviv	Marko Sapuha	markosapuha	MID	29.05.2003	3	https://www.eurofotbal.cz/kluby/ukrajina/karpaty-lvov/soupiska/2010-2011/
eu_ukraine_karpaty-lviv	Artur Šach	artursach	MID	11.05.2005	1	https://www.eurofotbal.cz/kluby/ukrajina/karpaty-lvov/soupiska/2010-2011/
eu_ukraine_karpaty-lviv	Fellipe Vieira	fellipevieira	MID	31.05.2005	7	https://www.eurofotbal.cz/kluby/ukrajina/karpaty-lvov/soupiska/2010-2011/
eu_ukraine_karpaty-lviv	Xeber Alkain	xeberalkain	ATT	26.06.1997	7	https://www.eurofotbal.cz/kluby/ukrajina/karpaty-lvov/soupiska/2010-2011/
eu_ukraine_karpaty-lviv	Joaquinete	joaquinete	ATT	30.07.1997	3	https://www.eurofotbal.cz/kluby/ukrajina/karpaty-lvov/soupiska/2010-2011/
eu_ukraine_karpaty-lviv	Jaroslav Karabin	jaroslavkarabin	ATT	19.11.2002	4	https://www.eurofotbal.cz/kluby/ukrajina/karpaty-lvov/soupiska/2010-2011/
eu_ukraine_karpaty-lviv	Nazarij Rusyn	nazarijrusyn	ATT	25.10.1998	7	https://www.eurofotbal.cz/kluby/ukrajina/karpaty-lvov/soupiska/2010-2011/
eu_ukraine_karpaty-lviv	Joseph Séry	josephsery	ATT	05.08.2000	4	https://www.eurofotbal.cz/kluby/ukrajina/karpaty-lvov/soupiska/2010-2011/
eu_ukraine_metalist-kharkiv	Vladimir Dišljenković	vladimirdisljenkovic	GK	02.07.1981	24	https://www.eurofotbal.cz/kluby/ukrajina/metalist-charkov/soupiska/2010-2011/
eu_ukraine_metalist-kharkiv	Oleksandr Horjajinov	oleksandrhorjajinov	GK	29.06.1975	5	https://www.eurofotbal.cz/kluby/ukrajina/metalist-charkov/soupiska/2010-2011/
eu_ukraine_metalist-kharkiv	Maksym Starcev	maksymstarcev	GK	20.01.1980	13	https://www.eurofotbal.cz/kluby/ukrajina/metalist-charkov/soupiska/2010-2011/
eu_ukraine_metalist-kharkiv	Dmytro Ždankov	dmytrozdankov	GK	18.11.1984	1	https://www.eurofotbal.cz/kluby/ukrajina/metalist-charkov/soupiska/2010-2011/
eu_ukraine_metalist-kharkiv	Andrij Berezovčuk	andrijberezovcuk	DEF	16.04.1981	14	https://www.eurofotbal.cz/kluby/ukrajina/metalist-charkov/soupiska/2010-2011/
eu_ukraine_metalist-kharkiv	Vitalie Bordian	vitaliebordian	DEF	11.08.1984	22	https://www.eurofotbal.cz/kluby/ukrajina/metalist-charkov/soupiska/2010-2011/
eu_ukraine_metalist-kharkiv	Papa Gueye	papagueye	DEF	07.06.1984	29	https://www.eurofotbal.cz/kluby/ukrajina/metalist-charkov/soupiska/2010-2011/
eu_ukraine_metalist-kharkiv	Milan Obradović	milanobradovic	DEF	03.08.1977	36	https://www.eurofotbal.cz/kluby/ukrajina/metalist-charkov/soupiska/2010-2011/
eu_ukraine_metalist-kharkiv	Serhij Pšeničnych	serhijpsenicnych	DEF	09.11.1981	21	https://www.eurofotbal.cz/kluby/ukrajina/metalist-charkov/soupiska/2010-2011/
eu_ukraine_metalist-kharkiv	Oleksandr Romančuk	oleksandrromancuk	DEF	21.10.1984	26	https://www.eurofotbal.cz/kluby/ukrajina/metalist-charkov/soupiska/2010-2011/
eu_ukraine_metalist-kharkiv	Lukáš Štetina	lukasstetina	DEF	28.07.1991	2	https://www.eurofotbal.cz/kluby/ukrajina/metalist-charkov/soupiska/2010-2011/
eu_ukraine_metalist-kharkiv	Cristian Villagra	cristianvillagra	DEF	27.12.1985	31	https://www.eurofotbal.cz/kluby/ukrajina/metalist-charkov/soupiska/2010-2011/
eu_ukraine_metalist-kharkiv	Serhij Barylko	serhijbarylko	MID	05.01.1987	4	https://www.eurofotbal.cz/kluby/ukrajina/metalist-charkov/soupiska/2010-2011/
eu_ukraine_metalist-kharkiv	Sebastián Blanco	sebastianblanco	MID	15.03.1988	2	https://www.eurofotbal.cz/kluby/ukrajina/metalist-charkov/soupiska/2010-2011/
eu_ukraine_metalist-kharkiv	Cleiton Xavier	cleitonxavier	MID	23.03.1983	35	https://www.eurofotbal.cz/kluby/ukrajina/metalist-charkov/soupiska/2010-2011/
eu_ukraine_metalist-kharkiv	Edmar	edmar	MID	16.06.1980	35	https://www.eurofotbal.cz/kluby/ukrajina/metalist-charkov/soupiska/2010-2011/
eu_ukraine_metalist-kharkiv	Fininho	fininho	MID	03.11.1983	30	https://www.eurofotbal.cz/kluby/ukrajina/metalist-charkov/soupiska/2010-2011/
eu_ukraine_metalist-kharkiv	Sani Kaita	sanikaita	MID	02.05.1986	9	https://www.eurofotbal.cz/kluby/ukrajina/metalist-charkov/soupiska/2010-2011/
eu_ukraine_metalist-kharkiv	Jevhen Lozovyj	jevhenlozovyj	MID	25.03.1988	1	https://www.eurofotbal.cz/kluby/ukrajina/metalist-charkov/soupiska/2010-2011/
eu_ukraine_metalist-kharkiv	Denys Olijnyk	denysolijnyk	MID	16.06.1987	37	https://www.eurofotbal.cz/kluby/ukrajina/metalist-charkov/soupiska/2010-2011/
eu_ukraine_metalist-kharkiv	Anton Postupalenko	antonpostupalenko	MID	28.08.1988	2	https://www.eurofotbal.cz/kluby/ukrajina/metalist-charkov/soupiska/2010-2011/
eu_ukraine_metalist-kharkiv	Oleksandr Rykun	oleksandrrykun	MID	06.05.1978	0	https://www.eurofotbal.cz/kluby/ukrajina/metalist-charkov/soupiska/2010-2011/
eu_ukraine_metalist-kharkiv	Vjačeslav Šarpar	vjaceslavsarpar	MID	02.06.1987	7	https://www.eurofotbal.cz/kluby/ukrajina/metalist-charkov/soupiska/2010-2011/
eu_ukraine_metalist-kharkiv	Oleh Šelajev	olehselajev	MID	05.11.1976	31	https://www.eurofotbal.cz/kluby/ukrajina/metalist-charkov/soupiska/2010-2011/
eu_ukraine_metalist-kharkiv	Sergej Tkačev	sergejtkacev	MID	19.05.1989	7	https://www.eurofotbal.cz/kluby/ukrajina/metalist-charkov/soupiska/2010-2011/
eu_ukraine_metalist-kharkiv	Aleksandar Trišović	aleksandartrisovic	MID	25.11.1983	1	https://www.eurofotbal.cz/kluby/ukrajina/metalist-charkov/soupiska/2010-2011/
eu_ukraine_metalist-kharkiv	Serhij Valjajev	serhijvaljajev	MID	16.09.1978	34	https://www.eurofotbal.cz/kluby/ukrajina/metalist-charkov/soupiska/2010-2011/
eu_ukraine_metalist-kharkiv	Jonathan Cristaldo	jonathancristaldo	ATT	05.03.1989	11	https://www.eurofotbal.cz/kluby/ukrajina/metalist-charkov/soupiska/2010-2011/
eu_ukraine_metalist-kharkiv	Serhij Davydov	serhijdavydov	ATT	16.12.1984	4	https://www.eurofotbal.cz/kluby/ukrajina/metalist-charkov/soupiska/2010-2011/
eu_ukraine_metalist-kharkiv	Marko Dević	markodevic	ATT	27.10.1983	30	https://www.eurofotbal.cz/kluby/ukrajina/metalist-charkov/soupiska/2010-2011/
eu_ukraine_metalist-kharkiv	Jajá	jaja	ATT	28.02.1986	2	https://www.eurofotbal.cz/kluby/ukrajina/metalist-charkov/soupiska/2010-2011/
eu_ukraine_metalist-kharkiv	Volodymyr Lysenko	volodymyrlysenko	ATT	20.04.1988	4	https://www.eurofotbal.cz/kluby/ukrajina/metalist-charkov/soupiska/2010-2011/
eu_ukraine_metalist-kharkiv	Taison	taison	ATT	13.01.1988	27	https://www.eurofotbal.cz/kluby/ukrajina/metalist-charkov/soupiska/2010-2011/
eu_ukraine_metalist-kharkiv	Andrij Vorobej	andrijvorobej	ATT	29.11.1978	29	https://www.eurofotbal.cz/kluby/ukrajina/metalist-charkov/soupiska/2010-2011/
eu_ukraine_shakhtar-donetsk	Rustam Chudžamov	rustamchudzamov	GK	05.10.1982	3	https://www.eurofotbal.cz/kluby/ukrajina/sachtar-doneck/soupiska/2010-2011/
eu_ukraine_shakhtar-donetsk	Andrij Pjatov	andrijpjatov	GK	28.06.1984	42	https://www.eurofotbal.cz/kluby/ukrajina/sachtar-doneck/soupiska/2010-2011/
eu_ukraine_shakhtar-donetsk	Jurij Virt	jurijvirt	GK	04.05.1974	0	https://www.eurofotbal.cz/kluby/ukrajina/sachtar-doneck/soupiska/2010-2011/
eu_ukraine_shakhtar-donetsk	Oleksandr Čižov	oleksandrcizov	DEF	10.08.1986	9	https://www.eurofotbal.cz/kluby/ukrajina/sachtar-doneck/soupiska/2010-2011/
eu_ukraine_shakhtar-donetsk	Dmytro Čyhrynskyj	dmytrocyhrynskyj	DEF	07.11.1986	21	https://www.eurofotbal.cz/kluby/ukrajina/sachtar-doneck/soupiska/2010-2011/
eu_ukraine_shakhtar-donetsk	Mykola Iščenko	mykolaiscenko	DEF	09.03.1983	13	https://www.eurofotbal.cz/kluby/ukrajina/sachtar-doneck/soupiska/2010-2011/
eu_ukraine_shakhtar-donetsk	Vasyl Kobin	vasylkobin	DEF	24.05.1985	13	https://www.eurofotbal.cz/kluby/ukrajina/sachtar-doneck/soupiska/2010-2011/
eu_ukraine_shakhtar-donetsk	Serhij Kryvcov	serhijkryvcov	DEF	15.03.1991	3	https://www.eurofotbal.cz/kluby/ukrajina/sachtar-doneck/soupiska/2010-2011/
eu_ukraine_shakhtar-donetsk	Oleksandr Kučer	oleksandrkucer	DEF	22.10.1982	17	https://www.eurofotbal.cz/kluby/ukrajina/sachtar-doneck/soupiska/2010-2011/
eu_ukraine_shakhtar-donetsk	Jaroslav Rakickyj	jaroslavrakickyj	DEF	03.08.1989	34	https://www.eurofotbal.cz/kluby/ukrajina/sachtar-doneck/soupiska/2010-2011/
eu_ukraine_shakhtar-donetsk	Răzvan Raţ	razvanrat	DEF	26.05.1981	27	https://www.eurofotbal.cz/kluby/ukrajina/sachtar-doneck/soupiska/2010-2011/
eu_ukraine_shakhtar-donetsk	Darijo Srna	darijosrna	DEF	01.05.1982	39	https://www.eurofotbal.cz/kluby/ukrajina/sachtar-doneck/soupiska/2010-2011/
eu_ukraine_shakhtar-donetsk	Vjačeslav Ševčuk	vjaceslavsevcuk	DEF	13.05.1979	15	https://www.eurofotbal.cz/kluby/ukrajina/sachtar-doneck/soupiska/2010-2011/
eu_ukraine_shakhtar-donetsk	Alex Teixeira	alexteixeira	MID	06.01.1990	39	https://www.eurofotbal.cz/kluby/ukrajina/sachtar-doneck/soupiska/2010-2011/
eu_ukraine_shakhtar-donetsk	Douglas Costa	douglascosta	MID	14.09.1990	42	https://www.eurofotbal.cz/kluby/ukrajina/sachtar-doneck/soupiska/2010-2011/
eu_ukraine_shakhtar-donetsk	Vitalij Fedotov	vitalijfedotov	MID	16.07.1991	0	https://www.eurofotbal.cz/kluby/ukrajina/sachtar-doneck/soupiska/2010-2011/
eu_ukraine_shakhtar-donetsk	Fernandinho	fernandinho	MID	04.05.1985	20	https://www.eurofotbal.cz/kluby/ukrajina/sachtar-doneck/soupiska/2010-2011/
eu_ukraine_shakhtar-donetsk	Oleksij Haj	oleksijhaj	MID	06.11.1982	18	https://www.eurofotbal.cz/kluby/ukrajina/sachtar-doneck/soupiska/2010-2011/
eu_ukraine_shakhtar-donetsk	Dmytro Hrečyškin	dmytrohrecyskin	MID	22.09.1991	0	https://www.eurofotbal.cz/kluby/ukrajina/sachtar-doneck/soupiska/2010-2011/
eu_ukraine_shakhtar-donetsk	Tomáš Hübschman	tomashubschman	MID	04.09.1981	27	https://www.eurofotbal.cz/kluby/ukrajina/sachtar-doneck/soupiska/2010-2011/
eu_ukraine_shakhtar-donetsk	Jádson	jadson	MID	05.10.1983	38	https://www.eurofotbal.cz/kluby/ukrajina/sachtar-doneck/soupiska/2010-2011/
eu_ukraine_shakhtar-donetsk	Roman Jemeljanov	romanjemeljanov	MID	08.05.1992	0	https://www.eurofotbal.cz/kluby/ukrajina/sachtar-doneck/soupiska/2010-2011/
eu_ukraine_shakhtar-donetsk	Jehor Kartušov	jehorkartusov	MID	05.01.1991	0	https://www.eurofotbal.cz/kluby/ukrajina/sachtar-doneck/soupiska/2010-2011/
eu_ukraine_shakhtar-donetsk	Kostjantyn Kravčenko	kostjantynkravcenko	MID	24.09.1986	2	https://www.eurofotbal.cz/kluby/ukrajina/sachtar-doneck/soupiska/2010-2011/
eu_ukraine_shakhtar-donetsk	Henrich Mchitarjan	henrichmchitarjan	MID	21.01.1989	27	https://www.eurofotbal.cz/kluby/ukrajina/sachtar-doneck/soupiska/2010-2011/
eu_ukraine_shakhtar-donetsk	Tornike Okriašvili	tornikeokriasvili	MID	12.02.1992	0	https://www.eurofotbal.cz/kluby/ukrajina/sachtar-doneck/soupiska/2010-2011/
eu_ukraine_shakhtar-donetsk	Bruno Renan	brunorenan	MID	19.04.1991	1	https://www.eurofotbal.cz/kluby/ukrajina/sachtar-doneck/soupiska/2010-2011/
eu_ukraine_shakhtar-donetsk	Taras Stepanenko	tarasstepanenko	MID	08.08.1989	19	https://www.eurofotbal.cz/kluby/ukrajina/sachtar-doneck/soupiska/2010-2011/
eu_ukraine_shakhtar-donetsk	Vitalij Vicenec	vitalijvicenec	MID	03.08.1990	20	https://www.eurofotbal.cz/kluby/ukrajina/sachtar-doneck/soupiska/2010-2011/
eu_ukraine_shakhtar-donetsk	Willian	willian	MID	09.08.1988	42	https://www.eurofotbal.cz/kluby/ukrajina/sachtar-doneck/soupiska/2010-2011/
eu_ukraine_shakhtar-donetsk	Julius Aghahowa	juliusaghahowa	ATT	12.02.1982	1	https://www.eurofotbal.cz/kluby/ukrajina/sachtar-doneck/soupiska/2010-2011/
eu_ukraine_shakhtar-donetsk	Eduardo	eduardo	ATT	25.02.1983	33	https://www.eurofotbal.cz/kluby/ukrajina/sachtar-doneck/soupiska/2010-2011/
eu_ukraine_shakhtar-donetsk	Oleksandr Hladkyj	oleksandrhladkyj	ATT	24.08.1987	5	https://www.eurofotbal.cz/kluby/ukrajina/sachtar-doneck/soupiska/2010-2011/
eu_ukraine_shakhtar-donetsk	Luiz Adriano	luizadriano	ATT	12.04.1987	36	https://www.eurofotbal.cz/kluby/ukrajina/sachtar-doneck/soupiska/2010-2011/
eu_ukraine_shakhtar-donetsk	Marcelo Moreno	marcelomoreno	ATT	18.06.1987	22	https://www.eurofotbal.cz/kluby/ukrajina/sachtar-doneck/soupiska/2010-2011/
eu_ukraine_vorskla-poltava	Oleh Čuvajev	olehcuvajev	GK	25.10.1987	0	https://www.eurofotbal.cz/kluby/ukrajina/vorskla-poltava/soupiska/2010-2011/
eu_ukraine_vorskla-poltava	Sergej Dolganskij	sergejdolganskij	GK	15.09.1975	24	https://www.eurofotbal.cz/kluby/ukrajina/vorskla-poltava/soupiska/2010-2011/
eu_ukraine_vorskla-poltava	Serhij Velyčko	serhijvelycko	GK	09.08.1976	7	https://www.eurofotbal.cz/kluby/ukrajina/vorskla-poltava/soupiska/2010-2011/
eu_ukraine_vorskla-poltava	Volodymyr Česnakov	volodymyrcesnakov	DEF	12.01.1988	22	https://www.eurofotbal.cz/kluby/ukrajina/vorskla-poltava/soupiska/2010-2011/
eu_ukraine_vorskla-poltava	Armend Dallku	armenddallku	DEF	16.06.1984	30	https://www.eurofotbal.cz/kluby/ukrajina/vorskla-poltava/soupiska/2010-2011/
eu_ukraine_vorskla-poltava	Hryhorij Jarmaš	hryhorijjarmas	DEF	04.01.1985	14	https://www.eurofotbal.cz/kluby/ukrajina/vorskla-poltava/soupiska/2010-2011/
eu_ukraine_vorskla-poltava	Oleh Krasnoperov	olehkrasnoperov	DEF	25.07.1980	29	https://www.eurofotbal.cz/kluby/ukrajina/vorskla-poltava/soupiska/2010-2011/
eu_ukraine_vorskla-poltava	Oleksij Kurylov	oleksijkurylov	DEF	24.04.1988	4	https://www.eurofotbal.cz/kluby/ukrajina/vorskla-poltava/soupiska/2010-2011/
eu_ukraine_vorskla-poltava	Pavlo Leško	pavlolesko	DEF	08.11.1987	6	https://www.eurofotbal.cz/kluby/ukrajina/vorskla-poltava/soupiska/2010-2011/
eu_ukraine_vorskla-poltava	Oleksandr Matvějev	oleksandrmatvejev	DEF	11.02.1989	1	https://www.eurofotbal.cz/kluby/ukrajina/vorskla-poltava/soupiska/2010-2011/
eu_ukraine_vorskla-poltava	Hennadij Medvěděv	hennadijmedvedev	DEF	07.02.1975	11	https://www.eurofotbal.cz/kluby/ukrajina/vorskla-poltava/soupiska/2010-2011/
eu_ukraine_vorskla-poltava	Vitalij Momot	vitalijmomot	DEF	02.04.1990	0	https://www.eurofotbal.cz/kluby/ukrajina/vorskla-poltava/soupiska/2010-2011/
eu_ukraine_vorskla-poltava	Jevhen Peskov	jevhenpeskov	DEF	22.09.1981	16	https://www.eurofotbal.cz/kluby/ukrajina/vorskla-poltava/soupiska/2010-2011/
eu_ukraine_vorskla-poltava	Jevhen Selin	jevhenselin	DEF	09.05.1988	29	https://www.eurofotbal.cz/kluby/ukrajina/vorskla-poltava/soupiska/2010-2011/
eu_ukraine_vorskla-poltava	Jevhen Tkačuk	jevhentkacuk	DEF	27.06.1991	1	https://www.eurofotbal.cz/kluby/ukrajina/vorskla-poltava/soupiska/2010-2011/
eu_ukraine_vorskla-poltava	Serhij Vovkodav	serhijvovkodav	DEF	02.07.1988	6	https://www.eurofotbal.cz/kluby/ukrajina/vorskla-poltava/soupiska/2010-2011/
eu_ukraine_vorskla-poltava	Roman Bezus	romanbezus	MID	26.09.1990	27	https://www.eurofotbal.cz/kluby/ukrajina/vorskla-poltava/soupiska/2010-2011/
eu_ukraine_vorskla-poltava	Artem Hromov	artemhromov	MID	14.01.1990	26	https://www.eurofotbal.cz/kluby/ukrajina/vorskla-poltava/soupiska/2010-2011/
eu_ukraine_vorskla-poltava	Dmytro Jesin	dmytrojesin	MID	15.04.1980	22	https://www.eurofotbal.cz/kluby/ukrajina/vorskla-poltava/soupiska/2010-2011/
eu_ukraine_vorskla-poltava	Maksim Karpovič	maksimkarpovic	MID	27.02.1986	3	https://www.eurofotbal.cz/kluby/ukrajina/vorskla-poltava/soupiska/2010-2011/
eu_ukraine_vorskla-poltava	Denys Kulakov	denyskulakov	MID	01.05.1986	30	https://www.eurofotbal.cz/kluby/ukrajina/vorskla-poltava/soupiska/2010-2011/
eu_ukraine_vorskla-poltava	Jovan Markoski	jovanmarkoski	MID	23.06.1980	30	https://www.eurofotbal.cz/kluby/ukrajina/vorskla-poltava/soupiska/2010-2011/
eu_ukraine_vorskla-poltava	Andrij Oberemko	andrijoberemko	MID	18.03.1984	4	https://www.eurofotbal.cz/kluby/ukrajina/vorskla-poltava/soupiska/2010-2011/
eu_ukraine_vorskla-poltava	Alexandru Onica	alexandruonica	MID	25.07.1984	5	https://www.eurofotbal.cz/kluby/ukrajina/vorskla-poltava/soupiska/2010-2011/
eu_ukraine_vorskla-poltava	Oleksandr Rykun	oleksandrrykun	MID	06.05.1978	4	https://www.eurofotbal.cz/kluby/ukrajina/vorskla-poltava/soupiska/2010-2011/
eu_ukraine_vorskla-poltava	Dzmitryj Asipenka	dzmitryjasipenka	ATT	12.12.1982	11	https://www.eurofotbal.cz/kluby/ukrajina/vorskla-poltava/soupiska/2010-2011/
eu_ukraine_vorskla-poltava	Oleh Barannik	olehbarannik	ATT	20.03.1992	1	https://www.eurofotbal.cz/kluby/ukrajina/vorskla-poltava/soupiska/2010-2011/
eu_ukraine_vorskla-poltava	Oleksij Čyčykov	oleksijcycykov	ATT	30.09.1987	6	https://www.eurofotbal.cz/kluby/ukrajina/vorskla-poltava/soupiska/2010-2011/
eu_ukraine_vorskla-poltava	Ahmed Januzi	ahmedjanuzi	ATT	08.07.1988	22	https://www.eurofotbal.cz/kluby/ukrajina/vorskla-poltava/soupiska/2010-2011/
eu_ukraine_vorskla-poltava	Roman Kuněv	romankunev	ATT	20.09.1990	0	https://www.eurofotbal.cz/kluby/ukrajina/vorskla-poltava/soupiska/2010-2011/
eu_ukraine_vorskla-poltava	Vasyl Sačko	vasylsacko	ATT	03.05.1975	26	https://www.eurofotbal.cz/kluby/ukrajina/vorskla-poltava/soupiska/2010-2011/
eu_ukraine_vorskla-poltava	Ihor Tymčenko	ihortymcenko	ATT	16.01.1986	1	https://www.eurofotbal.cz/kluby/ukrajina/vorskla-poltava/soupiska/2010-2011/
eu_ukraine_dnipro-dnipropetrovsk	Anton Kanibolockyj	antonkanibolockyj	GK	16.05.1988	14	https://www.eurofotbal.cz/kluby/ukrajina/dnepr-dnepropetrovsk/soupiska/2010-2011/
eu_ukraine_dnipro-dnipropetrovsk	Jan Laštůvka	janlastuvka	GK	07.07.1982	23	https://www.eurofotbal.cz/kluby/ukrajina/dnepr-dnepropetrovsk/soupiska/2010-2011/
eu_ukraine_dnipro-dnipropetrovsk	Alcides	alcides	DEF	13.03.1985	2	https://www.eurofotbal.cz/kluby/ukrajina/dnepr-dnepropetrovsk/soupiska/2010-2011/
eu_ukraine_dnipro-dnipropetrovsk	Jevhen Čeberjačko	jevhenceberjacko	DEF	19.06.1983	33	https://www.eurofotbal.cz/kluby/ukrajina/dnepr-dnepropetrovsk/soupiska/2010-2011/
eu_ukraine_dnipro-dnipropetrovsk	Vitalij Denisov	vitalijdenisov	DEF	23.02.1987	30	https://www.eurofotbal.cz/kluby/ukrajina/dnepr-dnepropetrovsk/soupiska/2010-2011/
eu_ukraine_dnipro-dnipropetrovsk	Samuel Inkoom	samuelinkoom	DEF	01.06.1989	12	https://www.eurofotbal.cz/kluby/ukrajina/dnepr-dnepropetrovsk/soupiska/2010-2011/
eu_ukraine_dnipro-dnipropetrovsk	Uča Lobžanidze	ucalobzanidze	DEF	23.02.1987	21	https://www.eurofotbal.cz/kluby/ukrajina/dnepr-dnepropetrovsk/soupiska/2010-2011/
eu_ukraine_dnipro-dnipropetrovsk	Vitalij Mandzjuk	vitalijmandzjuk	DEF	24.01.1986	28	https://www.eurofotbal.cz/kluby/ukrajina/dnepr-dnepropetrovsk/soupiska/2010-2011/
eu_ukraine_dnipro-dnipropetrovsk	Pavlo Pašajev	pavlopasajev	DEF	04.01.1988	4	https://www.eurofotbal.cz/kluby/ukrajina/dnepr-dnepropetrovsk/soupiska/2010-2011/
eu_ukraine_dnipro-dnipropetrovsk	Nelson Rivas	nelsonrivas	DEF	25.03.1983	1	https://www.eurofotbal.cz/kluby/ukrajina/dnepr-dnepropetrovsk/soupiska/2010-2011/
eu_ukraine_dnipro-dnipropetrovsk	Andrij Rusol	andrijrusol	DEF	16.01.1983	26	https://www.eurofotbal.cz/kluby/ukrajina/dnepr-dnepropetrovsk/soupiska/2010-2011/
eu_ukraine_dnipro-dnipropetrovsk	Ruslan Babenko	ruslanbabenko	MID	08.07.1992	4	https://www.eurofotbal.cz/kluby/ukrajina/dnepr-dnepropetrovsk/soupiska/2010-2011/
eu_ukraine_dnipro-dnipropetrovsk	Valerij Fedorčuk	valerijfedorcuk	MID	05.10.1988	10	https://www.eurofotbal.cz/kluby/ukrajina/dnepr-dnepropetrovsk/soupiska/2010-2011/
eu_ukraine_dnipro-dnipropetrovsk	Osmar Ferreyra	osmarferreyra	MID	09.01.1983	22	https://www.eurofotbal.cz/kluby/ukrajina/dnepr-dnepropetrovsk/soupiska/2010-2011/
eu_ukraine_dnipro-dnipropetrovsk	Giuliano	giuliano	MID	31.05.1990	11	https://www.eurofotbal.cz/kluby/ukrajina/dnepr-dnepropetrovsk/soupiska/2010-2011/
eu_ukraine_dnipro-dnipropetrovsk	Mario Holek	marioholek	MID	28.10.1986	12	https://www.eurofotbal.cz/kluby/ukrajina/dnepr-dnepropetrovsk/soupiska/2010-2011/
eu_ukraine_dnipro-dnipropetrovsk	Maksym Kalynyčenko	maksymkalynycenko	MID	26.01.1979	18	https://www.eurofotbal.cz/kluby/ukrajina/dnepr-dnepropetrovsk/soupiska/2010-2011/
eu_ukraine_dnipro-dnipropetrovsk	Jaba Kankava	jabakankava	MID	18.03.1986	0	https://www.eurofotbal.cz/kluby/ukrajina/dnepr-dnepropetrovsk/soupiska/2010-2011/
eu_ukraine_dnipro-dnipropetrovsk	Serhij Kravčenko	serhijkravcenko	MID	24.04.1983	33	https://www.eurofotbal.cz/kluby/ukrajina/dnepr-dnepropetrovsk/soupiska/2010-2011/
eu_ukraine_dnipro-dnipropetrovsk	Dmytro Lepa	dmytrolepa	MID	23.11.1988	16	https://www.eurofotbal.cz/kluby/ukrajina/dnepr-dnepropetrovsk/soupiska/2010-2011/
eu_ukraine_dnipro-dnipropetrovsk	Serhij Nazarenko	serhijnazarenko	MID	16.02.1980	29	https://www.eurofotbal.cz/kluby/ukrajina/dnepr-dnepropetrovsk/soupiska/2010-2011/
eu_ukraine_dnipro-dnipropetrovsk	Ruslan Rotaň	ruslanrotan	MID	29.10.1981	26	https://www.eurofotbal.cz/kluby/ukrajina/dnepr-dnepropetrovsk/soupiska/2010-2011/
eu_ukraine_dnipro-dnipropetrovsk	Ivan Strinić	ivanstrinic	MID	17.07.1987	6	https://www.eurofotbal.cz/kluby/ukrajina/dnepr-dnepropetrovsk/soupiska/2010-2011/
eu_ukraine_dnipro-dnipropetrovsk	Jevhen Šachov	jevhensachov	MID	30.11.1990	23	https://www.eurofotbal.cz/kluby/ukrajina/dnepr-dnepropetrovsk/soupiska/2010-2011/
eu_ukraine_dnipro-dnipropetrovsk	Oleksij Bjelik	oleksijbjelik	ATT	15.02.1981	0	https://www.eurofotbal.cz/kluby/ukrajina/dnepr-dnepropetrovsk/soupiska/2010-2011/
eu_ukraine_dnipro-dnipropetrovsk	Oleksandr Hladkyj	oleksandrhladkyj	ATT	24.08.1987	24	https://www.eurofotbal.cz/kluby/ukrajina/dnepr-dnepropetrovsk/soupiska/2010-2011/
eu_ukraine_dnipro-dnipropetrovsk	Volodymyr Homeňuk	volodymyrhomenuk	ATT	19.07.1985	19	https://www.eurofotbal.cz/kluby/ukrajina/dnepr-dnepropetrovsk/soupiska/2010-2011/
eu_ukraine_dnipro-dnipropetrovsk	Vitalij Kaverin	vitalijkaverin	ATT	04.09.1990	0	https://www.eurofotbal.cz/kluby/ukrajina/dnepr-dnepropetrovsk/soupiska/2010-2011/
eu_ukraine_dnipro-dnipropetrovsk	Jevhen Konopljanka	jevhenkonopljanka	ATT	29.09.1989	31	https://www.eurofotbal.cz/kluby/ukrajina/dnepr-dnepropetrovsk/soupiska/2010-2011/
eu_ukraine_dnipro-dnipropetrovsk	Matheus	matheus	ATT	15.01.1983	3	https://www.eurofotbal.cz/kluby/ukrajina/dnepr-dnepropetrovsk/soupiska/2010-2011/
eu_ukraine_dnipro-dnipropetrovsk	Jevhen Selezňov	jevhenseleznov	ATT	20.07.1985	31	https://www.eurofotbal.cz/kluby/ukrajina/dnepr-dnepropetrovsk/soupiska/2010-2011/
eu_ireland_shamrock-rovers	Alan Mannus	alanmannus	GK	19.05.1982	0	https://www.shamrockrovers.ie/news/alan-mannus-retirement/
eu_romania_fc-timisoara	Costel Pantilimon	costelpantilimon	GK	01.02.1987	0	https://www.uefa.com/uefachampionsleague/news/025a-0ea66cdeff68-f71fb5433f56-1000--city-sign-romania-goalkeeper-pantilimon/
eu_azerbaijan_neftci-pfk	Rauf Mehdiyev	raufmehdiyev	GK	17.10.1976	20	https://www.national-football-teams.com/club/168/2010/Neftci_Baki.html
eu_azerbaijan_neftci-pfk	Paulius Grybauskas	pauliusgrybauskas	GK	02.06.1984	11	https://www.national-football-teams.com/club/168/2010/Neftci_Baki.html
eu_azerbaijan_neftci-pfk	Emil Balayev	emilbalayev	GK	17.04.1994	0	https://www.national-football-teams.com/club/168/2010/Neftci_Baki.html
eu_azerbaijan_neftci-pfk	Ruslan Abışov	ruslanabsov	DEF	10.10.1987	25	https://www.national-football-teams.com/club/168/2010/Neftci_Baki.html
eu_azerbaijan_neftci-pfk	Rail Məlikov	railmlikov	DEF	18.12.1985	20	https://www.national-football-teams.com/club/168/2010/Neftci_Baki.html
eu_azerbaijan_neftci-pfk	Ruslan Əmircanov	ruslanmircanov	DEF	01.02.1985	12	https://www.national-football-teams.com/club/168/2010/Neftci_Baki.html
eu_azerbaijan_neftci-pfk	Tərlan Quliyev	trlanquliyev	DEF	19.04.1992	5	https://www.national-football-teams.com/club/168/2010/Neftci_Baki.html
eu_azerbaijan_neftci-pfk	Slavčo Georgievski	slavcogeorgievski	MID	30.03.1980	29	https://www.national-football-teams.com/club/168/2010/Neftci_Baki.html
eu_azerbaijan_neftci-pfk	Çavid Hüseynov	cavidhuseynov	MID	09.03.1988	27	https://www.national-football-teams.com/club/168/2010/Neftci_Baki.html
eu_azerbaijan_neftci-pfk	Rəşad Abdullayev	rsadabdullayev	MID	01.10.1981	26	https://www.national-football-teams.com/club/168/2010/Neftci_Baki.html
eu_azerbaijan_neftci-pfk	Cavid İmamverdiyev	cavidimamverdiyev	MID	01.08.1990	23	https://www.national-football-teams.com/club/168/2010/Neftci_Baki.html
eu_azerbaijan_neftci-pfk	Elmar Baxşıyev	elmarbaxsyev	MID	03.08.1980	9	https://www.national-football-teams.com/club/168/2010/Neftci_Baki.html
eu_azerbaijan_neftci-pfk	Amit Quluzadə	amitquluzad	MID	20.11.1992	9	https://www.national-football-teams.com/club/168/2010/Neftci_Baki.html
eu_azerbaijan_neftci-pfk	Yacine Hima	yacinehima	MID	23.03.1984	7	https://www.national-football-teams.com/club/168/2010/Neftci_Baki.html
eu_azerbaijan_neftci-pfk	Vladimer Burduli	vladimerburduli	MID	26.10.1980	1	https://www.national-football-teams.com/club/168/2010/Neftci_Baki.html
eu_azerbaijan_neftci-pfk	Bahodir Nasimov	bahodirnasimov	ATT	02.05.1987	28	https://www.national-football-teams.com/club/168/2010/Neftci_Baki.html
eu_azerbaijan_neftci-pfk	Fərid Quliyev	fridquliyev	ATT	06.01.1986	10	https://www.national-football-teams.com/club/168/2010/Neftci_Baki.html
eu_azerbaijan_neftci-pfk	Ruslan Qurbanov	ruslanqurbanov	ATT	12.09.1991	6	https://www.national-football-teams.com/club/168/2010/Neftci_Baki.html
eu_ukraine_karpaty-lviv	Martin Bogatinov	martinbogatinov	GK	26.04.1986	8	https://www.national-football-teams.com/old/club/2623/2010_1/Karpaty_Lviv.html
eu_ukraine_karpaty-lviv	Artem Fedetskyi	artemfedetskyi	DEF	26.04.1985	23	https://www.national-football-teams.com/old/club/2623/2010_1/Karpaty_Lviv.html
eu_ukraine_karpaty-lviv	Ihor Oshchypko	ihoroshchypko	DEF	25.10.1985	10	https://www.national-football-teams.com/old/club/2623/2010_1/Karpaty_Lviv.html
eu_ukraine_karpaty-lviv	Vyacheslav Checher	vyacheslavchecher	DEF	15.12.1980	9	https://www.national-football-teams.com/old/club/2623/2010_1/Karpaty_Lviv.html
eu_ukraine_karpaty-lviv	Gregor Balažic	gregorbalazic	DEF	12.02.1988	5	https://www.national-football-teams.com/old/club/2623/2010_1/Karpaty_Lviv.html
eu_ukraine_karpaty-lviv	Ihor Khudobyak	ihorkhudobyak	MID	20.02.1985	26	https://www.national-football-teams.com/old/club/2623/2010_1/Karpaty_Lviv.html
eu_ukraine_karpaty-lviv	Samson Godwin	samsongodwin	MID	11.11.1983	25	https://www.national-football-teams.com/old/club/2623/2010_1/Karpaty_Lviv.html
eu_ukraine_karpaty-lviv	Răzvan Cociş	razvancocis	MID	19.02.1983	11	https://www.national-football-teams.com/old/club/2623/2010_1/Karpaty_Lviv.html
eu_ukraine_karpaty-lviv	Denys Kozhanov	denyskozhanov	ATT	13.06.1987	27	https://www.national-football-teams.com/old/club/2623/2010_1/Karpaty_Lviv.html
eu_ukraine_karpaty-lviv	Sergei Zenjov	sergeizenjov	ATT	20.04.1989	18	https://www.national-football-teams.com/old/club/2623/2010_1/Karpaty_Lviv.html
eu_ukraine_karpaty-lviv	Aleksandre Guruli	aleksandreguruli	ATT	09.11.1985	18	https://www.national-football-teams.com/old/club/2623/2010_1/Karpaty_Lviv.html
eu_belarus_dinamo-minsk	Andrey Harbunow	andreyharbunow	GK	25.05.1983	25	https://www.national-football-teams.com/club/196/2010_2/Dynama_Minsk.html
eu_belarus_dinamo-minsk	Alyaksandr Sulima	alyaksandrsulima	GK	01.08.1979	8	https://www.national-football-teams.com/club/196/2010_2/Dynama_Minsk.html
eu_belarus_dinamo-minsk	Syarhey Ihnatovich	syarheyihnatovich	GK	26.06.1992	0	https://www.national-football-teams.com/club/196/2010_2/Dynama_Minsk.html
eu_belarus_dinamo-minsk	Aleh Veratsila	alehveratsila	DEF	10.07.1988	29	https://www.national-football-teams.com/club/196/2010_2/Dynama_Minsk.html
eu_belarus_dinamo-minsk	Alyaksandr Martynovich	alyaksandrmartynovich	DEF	26.08.1987	18	https://www.national-football-teams.com/club/196/2010_2/Dynama_Minsk.html
eu_belarus_dinamo-minsk	Yanko Valkanov	yankovalkanov	DEF	25.07.1982	11	https://www.national-football-teams.com/club/196/2010_2/Dynama_Minsk.html
eu_belarus_dinamo-minsk	Alyaksey Hawrylovich	alyakseyhawrylovich	DEF	05.01.1990	7	https://www.national-football-teams.com/club/196/2010_2/Dynama_Minsk.html
eu_belarus_dinamo-minsk	Aleh Strakhanovich	alehstrakhanovich	MID	13.10.1979	32	https://www.national-football-teams.com/club/196/2010_2/Dynama_Minsk.html
eu_belarus_dinamo-minsk	Stanislaw Drahun	stanislawdrahun	MID	04.06.1988	31	https://www.national-football-teams.com/club/196/2010_2/Dynama_Minsk.html
eu_belarus_dinamo-minsk	Syarhey Kislyak	syarheykislyak	MID	06.08.1987	28	https://www.national-football-teams.com/club/196/2010_2/Dynama_Minsk.html
eu_belarus_dinamo-minsk	Andrey Chukhley	andreychukhley	MID	02.10.1987	25	https://www.national-football-teams.com/club/196/2010_2/Dynama_Minsk.html
eu_belarus_dinamo-minsk	Anton Putsila	antonputsila	MID	10.06.1987	19	https://www.national-football-teams.com/club/196/2010_2/Dynama_Minsk.html
eu_belarus_dinamo-minsk	Aleh Shkabara	alehshkabara	MID	15.02.1983	7	https://www.national-football-teams.com/club/196/2010_2/Dynama_Minsk.html
eu_finland_hjk-helsinki	Juhani Ojala	juhaniojala	DEF	19.06.1989	24	https://www.national-football-teams.com/club/818/2010_2/Hjk_Helsinki.html
eu_finland_hjk-helsinki	Mikko Sumusalo	mikkosumusalo	DEF	12.03.1990	14	https://www.national-football-teams.com/club/818/2010_2/Hjk_Helsinki.html
eu_finland_hjk-helsinki	Janne Saarinen	jannesaarinen	DEF	28.02.1977	5	https://www.national-football-teams.com/club/818/2010_2/Hjk_Helsinki.html
eu_finland_hjk-helsinki	Valtteri Moren	valtterimoren	DEF	15.06.1991	2	https://www.national-football-teams.com/club/818/2010_2/Hjk_Helsinki.html
eu_finland_hjk-helsinki	Dawda Bah	dawdabah	MID	12.11.1983	24	https://www.national-football-teams.com/club/818/2010_2/Hjk_Helsinki.html
eu_finland_hjk-helsinki	Erfan Zeneli	erfanzeneli	MID	28.12.1986	18	https://www.national-football-teams.com/club/818/2010_2/Hjk_Helsinki.html
eu_finland_hjk-helsinki	Mohamed 'Medo' Kamara	mohamedmedokamara	MID	16.11.1987	16	https://www.national-football-teams.com/club/818/2010_2/Hjk_Helsinki.html
eu_finland_hjk-helsinki	Alexander Ring	alexanderring	MID	09.04.1991	3	https://www.national-football-teams.com/club/818/2010_2/Hjk_Helsinki.html
eu_finland_hjk-helsinki	David Ramadingaye	davidramadingaye	MID	14.09.1989	1	https://www.national-football-teams.com/club/818/2010_2/Hjk_Helsinki.html
eu_finland_hjk-helsinki	Jarno Parikka	jarnoparikka	ATT	21.07.1986	15	https://www.national-football-teams.com/club/818/2010_2/Hjk_Helsinki.html
eu_finland_hjk-helsinki	Akseli Pelvas	akselipelvas	ATT	08.02.1989	13	https://www.national-football-teams.com/club/818/2010_2/Hjk_Helsinki.html
eu_portugal_estoril-praia	Steven Vitória	stevenvitoria	DEF	11.01.1987	25	https://www.national-football-teams.com/club/1923/2010_1/Estoril_Praia.html
eu_portugal_estoril-praia	Greg Garza	greggarza	DEF	16.08.1991	3	https://www.national-football-teams.com/club/1923/2010_1/Estoril_Praia.html
eu_portugal_estoril-praia	Gale Agbossoumonde	galeagbossoumonde	DEF	17.11.1991	0	https://www.national-football-teams.com/club/1923/2010_1/Estoril_Praia.html
eu_portugal_estoril-praia	Luís Leal	luisleal	ATT	29.05.1987	23	https://www.national-football-teams.com/club/1923/2010_1/Estoril_Praia.html
eu_portugal_estoril-praia	Tony Taylor	tonytaylor	ATT	13.07.1989	13	https://www.national-football-teams.com/club/1923/2010_1/Estoril_Praia.html
